Copyright 1986-2022 Xilinx, Inc. All Rights Reserved. Copyright 2022-2023 Advanced Micro Devices, Inc. All Rights Reserved.
--------------------------------------------------------------------------------------------------------------------------------------------------------------------------------
| Tool Version : Vivado v.2023.2 (win64) Build 4029153 Fri Oct 13 20:14:34 MDT 2023
| Date         : Fri Jul 17 22:27:45 2026
| Host         : hzcao running 64-bit major release  (build 9200)
| Command      : report_timing_summary -delay_type min_max -report_unconstrained -file D:/version-2/fpga/nscscc-team/run_vivado/build/func/reports/timing_summary_postroute.rpt
| Design       : soc_top
| Device       : 7a200t-fbg676
| Speed File   : -2  PRODUCTION 1.23 2018-06-13
| Design State : Routed
--------------------------------------------------------------------------------------------------------------------------------------------------------------------------------

Timing Summary Report

------------------------------------------------------------------------------------------------
| Timer Settings
| --------------
------------------------------------------------------------------------------------------------

  Enable Multi Corner Analysis               :  Yes
  Enable Pessimism Removal                   :  Yes
  Pessimism Removal Resolution               :  Nearest Common Node
  Enable Input Delay Default Clock           :  No
  Enable Preset / Clear Arcs                 :  No
  Disable Flight Delays                      :  No
  Ignore I/O Paths                           :  No
  Timing Early Launch at Borrowing Latches   :  No
  Borrow Time for Max Delay Exceptions       :  Yes
  Merge Timing Exceptions                    :  Yes
  Inter-SLR Compensation                     :  Conservative

  Corner  Analyze    Analyze    
  Name    Max Paths  Min Paths  
  ------  ---------  ---------  
  Slow    Yes        Yes        
  Fast    Yes        Yes        


------------------------------------------------------------------------------------------------
| Report Methodology
| ------------------
------------------------------------------------------------------------------------------------

No report available as report_methodology has not been run prior. Run report_methodology on the current design for the summary of methodology violations.



check_timing report

Table of Contents
-----------------
1. checking no_clock (0)
2. checking constant_clock (0)
3. checking pulse_width_clock (0)
4. checking unconstrained_internal_endpoints (0)
5. checking no_input_delay (17)
6. checking no_output_delay (42)
7. checking multiple_clock (0)
8. checking generated_clocks (0)
9. checking loops (0)
10. checking partial_input_delay (0)
11. checking partial_output_delay (0)
12. checking latch_loops (0)

1. checking no_clock (0)
------------------------
 There are 0 register/latch pins with no clock.


2. checking constant_clock (0)
------------------------------
 There are 0 register/latch pins with constant_clock.


3. checking pulse_width_clock (0)
---------------------------------
 There are 0 register/latch pins which need pulse_width check


4. checking unconstrained_internal_endpoints (0)
------------------------------------------------
 There are 0 pins that are not constrained for maximum delay.

 There are 0 pins that are not constrained for maximum delay due to constant clock.


5. checking no_input_delay (17)
-------------------------------
 There are 17 input ports with no input delay specified. (HIGH)

 There are 0 input ports with no input delay but user has a false path constraint.


6. checking no_output_delay (42)
--------------------------------
 There are 42 ports with no output delay specified. (HIGH)

 There are 0 ports with no output delay but user has a false path constraint

 There are 0 ports with no output delay but with a timing clock defined on it or propagating through it


7. checking multiple_clock (0)
------------------------------
 There are 0 register/latch pins with multiple clocks.


8. checking generated_clocks (0)
--------------------------------
 There are 0 generated clocks that are not connected to a clock source.


9. checking loops (0)
---------------------
 There are 0 combinational loops in the design.


10. checking partial_input_delay (0)
------------------------------------
 There are 0 input ports with partial input delay specified.


11. checking partial_output_delay (0)
-------------------------------------
 There are 0 ports with partial output delay specified.


12. checking latch_loops (0)
----------------------------
 There are 0 combinational latch loops in the design through latch input



------------------------------------------------------------------------------------------------
| Design Timing Summary
| ---------------------
------------------------------------------------------------------------------------------------

    WNS(ns)      TNS(ns)  TNS Failing Endpoints  TNS Total Endpoints      WHS(ns)      THS(ns)  THS Failing Endpoints  THS Total Endpoints     WPWS(ns)     TPWS(ns)  TPWS Failing Endpoints  TPWS Total Endpoints  
    -------      -------  ---------------------  -------------------      -------      -------  ---------------------  -------------------     --------     --------  ----------------------  --------------------  
      0.067        0.000                      0                93542        0.052        0.000                      0                93524        0.000        0.000                       0                 39147  


All user specified timing constraints are met.


------------------------------------------------------------------------------------------------
| Clock Summary
| -------------
------------------------------------------------------------------------------------------------

Clock                                                                                                                                                          Waveform(ns)         Period(ns)      Frequency(MHz)
-----                                                                                                                                                          ------------         ----------      --------------
clk                                                                                                                                                            {0.000 5.000}        10.000          100.000         
  clkfbout_clk_pll                                                                                                                                             {0.000 5.000}        10.000          100.000         
  clkfbout_clk_pll_ddr                                                                                                                                         {0.000 5.000}        10.000          100.000         
  cpu_clk                                                                                                                                                      {0.000 15.625}       31.250          32.000          
  ddr_clk                                                                                                                                                      {0.000 2.500}        5.000           200.000         
  freq_refclk                                                                                                                                                  {0.000 0.625}        1.250           800.000         
    u_memc_ui_top_axi/mem_intfc0/ddr_phy_top0/u_ddr_mc_phy_wrapper/u_ddr_mc_phy/ddr_phy_4lanes_0.u_ddr_phy_4lanes/ddr_byte_lane_A.ddr_byte_lane_A/iserdes_clk  {0.000 1.250}        2.500           400.000         
      iserdes_clkdiv                                                                                                                                           {0.000 5.000}        10.000          100.000         
    u_memc_ui_top_axi/mem_intfc0/ddr_phy_top0/u_ddr_mc_phy_wrapper/u_ddr_mc_phy/ddr_phy_4lanes_0.u_ddr_phy_4lanes/ddr_byte_lane_B.ddr_byte_lane_B/iserdes_clk  {0.000 1.250}        2.500           400.000         
      iserdes_clkdiv_1                                                                                                                                         {0.000 5.000}        10.000          100.000         
  mem_refclk                                                                                                                                                   {0.000 1.250}        2.500           400.000         
    oserdes_clk                                                                                                                                                {0.000 1.250}        2.500           400.000         
      oserdes_clkdiv                                                                                                                                           {0.000 2.500}        5.000           200.000         
    oserdes_clk_1                                                                                                                                              {0.000 1.250}        2.500           400.000         
      oserdes_clkdiv_1                                                                                                                                         {0.000 2.500}        5.000           200.000         
    oserdes_clk_2                                                                                                                                              {0.000 1.250}        2.500           400.000         
      oserdes_clkdiv_2                                                                                                                                         {0.000 5.000}        10.000          100.000         
    oserdes_clk_3                                                                                                                                              {0.000 1.250}        2.500           400.000         
      oserdes_clkdiv_3                                                                                                                                         {0.000 5.000}        10.000          100.000         
  pll_clk3_out                                                                                                                                                 {0.000 5.000}        10.000          100.000         
    clk_pll_i                                                                                                                                                  {0.000 5.000}        10.000          100.000         
  pll_clkfbout                                                                                                                                                 {0.000 5.000}        10.000          100.000         
  sync_pulse                                                                                                                                                   {1.094 3.594}        40.000          25.000          
  sys_clk                                                                                                                                                      {0.000 5.000}        10.000          100.000         
dbg_hub/inst/BSCANID.u_xsdbm_id/SWITCH_N_EXT_BSCAN.bscan_inst/SERIES7_BSCAN.bscan_inst/TCK                                                                     {0.000 16.500}       33.000          30.303          


------------------------------------------------------------------------------------------------
| Intra Clock Table
| -----------------
------------------------------------------------------------------------------------------------

Clock                                                                                                                                                              WNS(ns)      TNS(ns)  TNS Failing Endpoints  TNS Total Endpoints      WHS(ns)      THS(ns)  THS Failing Endpoints  THS Total Endpoints     WPWS(ns)     TPWS(ns)  TPWS Failing Endpoints  TPWS Total Endpoints  
-----                                                                                                                                                              -------      -------  ---------------------  -------------------      -------      -------  ---------------------  -------------------     --------     --------  ----------------------  --------------------  
clk                                                                                                                                                                  2.505        0.000                      0                 4776        0.087        0.000                      0                 4776        3.000        0.000                       0                  2167  
  clkfbout_clk_pll                                                                                                                                                                                                                                                                                               8.408        0.000                       0                     3  
  clkfbout_clk_pll_ddr                                                                                                                                                                                                                                                                                           8.408        0.000                       0                     3  
  cpu_clk                                                                                                                                                            0.067        0.000                      0                62162        0.060        0.000                      0                62162       14.495        0.000                       0                 25953  
  ddr_clk                                                                                                                                                            2.693        0.000                      0                  126        0.121        0.000                      0                  126        0.264        0.000                       0                    64  
  freq_refclk                                                                                                                                                                                                                                                                                                    0.001        0.000                       0                     8  
    u_memc_ui_top_axi/mem_intfc0/ddr_phy_top0/u_ddr_mc_phy_wrapper/u_ddr_mc_phy/ddr_phy_4lanes_0.u_ddr_phy_4lanes/ddr_byte_lane_A.ddr_byte_lane_A/iserdes_clk                                                                                                                                                    1.029        0.000                       0                    16  
      iserdes_clkdiv                                                                                                                                                 8.285        0.000                      0                   33        0.071        0.000                      0                   33        2.850        0.000                       0                     9  
    u_memc_ui_top_axi/mem_intfc0/ddr_phy_top0/u_ddr_mc_phy_wrapper/u_ddr_mc_phy/ddr_phy_4lanes_0.u_ddr_phy_4lanes/ddr_byte_lane_B.ddr_byte_lane_B/iserdes_clk                                                                                                                                                    1.029        0.000                       0                    16  
      iserdes_clkdiv_1                                                                                                                                               8.297        0.000                      0                   33        0.071        0.000                      0                   33        2.850        0.000                       0                     9  
  mem_refclk                                                                                                                                                         1.407        0.000                      0                    1        0.336        0.000                      0                    1        0.715        0.000                       0                     8  
    oserdes_clk                                                                                                                                                      1.190        0.000                      0                    4        0.408        0.000                      0                    4        1.026        0.000                       0                    12  
      oserdes_clkdiv                                                                                                                                                 3.750        0.000                      0                   36        0.087        0.000                      0                   36        0.000        0.000                       0                    11  
    oserdes_clk_1                                                                                                                                                    1.175        0.000                      0                    4        0.413        0.000                      0                    4        1.026        0.000                       0                    12  
      oserdes_clkdiv_1                                                                                                                                               3.718        0.000                      0                   36        0.091        0.000                      0                   36        0.000        0.000                       0                    11  
    oserdes_clk_2                                                                                                                                                                                                                                                                                                1.026        0.000                       0                    10  
      oserdes_clkdiv_2                                                                                                                                               8.726        0.000                      0                   36        0.089        0.000                      0                   36        2.850        0.000                       0                    10  
    oserdes_clk_3                                                                                                                                                                                                                                                                                                1.029        0.000                       0                    12  
      oserdes_clkdiv_3                                                                                                                                               8.740        0.000                      0                   48        0.083        0.000                      0                   48        2.850        0.000                       0                    13  
  pll_clk3_out                                                                                                                                                                                                                                                                                                   3.000        0.000                       0                     3  
    clk_pll_i                                                                                                                                                        2.346        0.000                      0                16577        0.079        0.000                      0                16577        2.850        0.000                       0                  7007  
  pll_clkfbout                                                                                                                                                                                                                                                                                                   8.751        0.000                       0                     2  
  sync_pulse                                                                                                                                                                                                                                                                                                     1.428        0.000                       0                     8  
  sys_clk                                                                                                                                                            2.318        0.000                      0                 8081        0.052        0.000                      0                 8081        3.870        0.000                       0                  3293  
dbg_hub/inst/BSCANID.u_xsdbm_id/SWITCH_N_EXT_BSCAN.bscan_inst/SERIES7_BSCAN.bscan_inst/TCK                                                                          26.690        0.000                      0                  933        0.093        0.000                      0                  933       15.370        0.000                       0                   487  


------------------------------------------------------------------------------------------------
| Inter Clock Table
| -----------------
------------------------------------------------------------------------------------------------

From Clock                                                                                  To Clock                                                                                        WNS(ns)      TNS(ns)  TNS Failing Endpoints  TNS Total Endpoints      WHS(ns)      THS(ns)  THS Failing Endpoints  THS Total Endpoints  
----------                                                                                  --------                                                                                        -------      -------  ---------------------  -------------------      -------      -------  ---------------------  -------------------  
dbg_hub/inst/BSCANID.u_xsdbm_id/SWITCH_N_EXT_BSCAN.bscan_inst/SERIES7_BSCAN.bscan_inst/TCK  clk                                                                                              31.949        0.000                      0                    8                                                                        
clk_pll_i                                                                                   ddr_clk                                                                                          16.400        0.000                      0                    1                                                                        
sync_pulse                                                                                  mem_refclk                                                                                        0.978        0.000                      0                    1        0.673        0.000                      0                    1  
oserdes_clk                                                                                 oserdes_clkdiv                                                                                    1.694        0.000                      0                   15        0.095        0.000                      0                   15  
oserdes_clk_1                                                                               oserdes_clkdiv_1                                                                                  1.694        0.000                      0                   15        0.095        0.000                      0                   15  
oserdes_clk_2                                                                               oserdes_clkdiv_2                                                                                  1.694        0.000                      0                   10        0.095        0.000                      0                   10  
oserdes_clk_3                                                                               oserdes_clkdiv_3                                                                                  1.694        0.000                      0                   13        0.095        0.000                      0                   13  
ddr_clk                                                                                     clk_pll_i                                                                                        17.566        0.000                      0                   12        0.058        0.000                      0                   12  
sys_clk                                                                                     clk_pll_i                                                                                         5.983        0.000                      0                  142        0.052        0.000                      0                  142  
clk_pll_i                                                                                   sys_clk                                                                                           5.074        0.000                      0                   62        0.551        0.000                      0                   62  
clk                                                                                         dbg_hub/inst/BSCANID.u_xsdbm_id/SWITCH_N_EXT_BSCAN.bscan_inst/SERIES7_BSCAN.bscan_inst/TCK        8.954        0.000                      0                    8                                                                        


------------------------------------------------------------------------------------------------
| Other Path Groups Table
| -----------------------
------------------------------------------------------------------------------------------------

Path Group                                                                                  From Clock                                                                                  To Clock                                                                                        WNS(ns)      TNS(ns)  TNS Failing Endpoints  TNS Total Endpoints      WHS(ns)      THS(ns)  THS Failing Endpoints  THS Total Endpoints  
----------                                                                                  ----------                                                                                  --------                                                                                        -------      -------  ---------------------  -------------------      -------      -------  ---------------------  -------------------  
**async_default**                                                                           clk                                                                                         clk                                                                                               7.094        0.000                      0                  111        0.349        0.000                      0                  111  
**async_default**                                                                           clk_pll_i                                                                                   clk_pll_i                                                                                         5.965        0.000                      0                   73        0.809        0.000                      0                   73  
**async_default**                                                                           sys_clk                                                                                     clk_pll_i                                                                                         6.973        0.000                      0                    2        0.485        0.000                      0                    2  
**async_default**                                                                           cpu_clk                                                                                     cpu_clk                                                                                          27.941        0.000                      0                  106        0.901        0.000                      0                  106  
**async_default**                                                                           dbg_hub/inst/BSCANID.u_xsdbm_id/SWITCH_N_EXT_BSCAN.bscan_inst/SERIES7_BSCAN.bscan_inst/TCK  dbg_hub/inst/BSCANID.u_xsdbm_id/SWITCH_N_EXT_BSCAN.bscan_inst/SERIES7_BSCAN.bscan_inst/TCK       27.145        0.000                      0                  100        0.340        0.000                      0                  100  
**async_default**                                                                           clk_pll_i                                                                                   sys_clk                                                                                           4.608        0.000                      0                    4        1.335        0.000                      0                    4  
**async_default**                                                                           sys_clk                                                                                     sys_clk                                                                                           2.650        0.000                      0                  142        0.797        0.000                      0                  142  
**default**                                                                                 clk_pll_i                                                                                                                                                                                     2.773        0.000                      0                    1                                                                        


------------------------------------------------------------------------------------------------
| User Ignored Path Table
| -----------------------
------------------------------------------------------------------------------------------------

Path Group                                                                                  From Clock                                                                                  To Clock                                                                                  
----------                                                                                  ----------                                                                                  --------                                                                                  
(none)                                                                                      clk_pll_i                                                                                                                                                                               
(none)                                                                                      clk                                                                                         clk                                                                                         
(none)                                                                                      cpu_clk                                                                                     clk                                                                                         
(none)                                                                                      dbg_hub/inst/BSCANID.u_xsdbm_id/SWITCH_N_EXT_BSCAN.bscan_inst/SERIES7_BSCAN.bscan_inst/TCK  clk                                                                                         
(none)                                                                                      sys_clk                                                                                     clk                                                                                         
(none)                                                                                                                                                                                  clk_pll_i                                                                                   
(none)                                                                                      clk                                                                                         clk_pll_i                                                                                   
(none)                                                                                      mem_refclk                                                                                  clk_pll_i                                                                                   
(none)                                                                                      sys_clk                                                                                     cpu_clk                                                                                     
(none)                                                                                      clk                                                                                         dbg_hub/inst/BSCANID.u_xsdbm_id/SWITCH_N_EXT_BSCAN.bscan_inst/SERIES7_BSCAN.bscan_inst/TCK  
(none)                                                                                                                                                                                  ddr_clk                                                                                     
(none)                                                                                      clk                                                                                         ddr_clk                                                                                     
(none)                                                                                      clk_pll_i                                                                                   ddr_clk                                                                                     
(none)                                                                                      clk                                                                                         sys_clk                                                                                     
(none)                                                                                      cpu_clk                                                                                     sys_clk                                                                                     


------------------------------------------------------------------------------------------------
| Unconstrained Path Table
| ------------------------
------------------------------------------------------------------------------------------------

Path Group                                                                                  From Clock                                                                                  To Clock                                                                                  
----------                                                                                  ----------                                                                                  --------                                                                                  
(none)                                                                                      clk_pll_i                                                                                                                                                                               
(none)                                                                                      clkfbout_clk_pll                                                                                                                                                                        
(none)                                                                                      clkfbout_clk_pll_ddr                                                                                                                                                                    
(none)                                                                                      ddr_clk                                                                                                                                                                                 
(none)                                                                                      freq_refclk                                                                                                                                                                             
(none)                                                                                      pll_clkfbout                                                                                                                                                                            
(none)                                                                                      sys_clk                                                                                                                                                                                 
(none)                                                                                                                                                                                  clk                                                                                         
(none)                                                                                                                                                                                  clk_pll_i                                                                                   
(none)                                                                                                                                                                                  dbg_hub/inst/BSCANID.u_xsdbm_id/SWITCH_N_EXT_BSCAN.bscan_inst/SERIES7_BSCAN.bscan_inst/TCK  
(none)                                                                                                                                                                                  sys_clk                                                                                     


------------------------------------------------------------------------------------------------
| Timing Details
| --------------
------------------------------------------------------------------------------------------------


---------------------------------------------------------------------------------------------------
From Clock:  clk
  To Clock:  clk

Setup :            0  Failing Endpoints,  Worst Slack        2.505ns,  Total Violation        0.000ns
Hold  :            0  Failing Endpoints,  Worst Slack        0.087ns,  Total Violation        0.000ns
PW    :            0  Failing Endpoints,  Worst Slack        3.000ns,  Total Violation        0.000ns
---------------------------------------------------------------------------------------------------


Max Delay Paths
--------------------------------------------------------------------------------------
Slack (MET) :             2.505ns  (required time - arrival time)
  Source:                 u_jtag_axi_wrap/u_jtag_axi/inst/jtag_axi_engine_u/u_xsdb_fifo_interface/rst_xsdbfifo_large_reg/C
                            (rising edge-triggered cell FDRE clocked by clk  {rise@0.000ns fall@5.000ns period=10.000ns})
  Destination:            u_jtag_axi_wrap/u_jtag_axi/inst/jtag_axi_engine_u/u_xsdb_fifo_interface/xsdb2read_cmdfifo/tx_fifo_dataout_reg[15]/CE
                            (rising edge-triggered cell FDRE clocked by clk  {rise@0.000ns fall@5.000ns period=10.000ns})
  Path Group:             clk
  Path Type:              Setup (Max at Slow Process Corner)
  Requirement:            10.000ns  (clk rise@10.000ns - clk rise@0.000ns)
  Data Path Delay:        6.785ns  (logic 0.561ns (8.268%)  route 6.224ns (91.732%))
  Logic Levels:           1  (LUT5=1)
  Clock Path Skew:        -0.343ns (DCD - SCD + CPR)
    Destination Clock Delay (DCD):    5.180ns = ( 15.180 - 10.000 ) 
    Source Clock Delay      (SCD):    5.731ns
    Clock Pessimism Removal (CPR):    0.208ns
  Clock Uncertainty:      0.035ns  ((TSJ^2 + TIJ^2)^1/2 + DJ) / 2 + PE
    Total System Jitter     (TSJ):    0.071ns
    Total Input Jitter      (TIJ):    0.000ns
    Discrete Jitter          (DJ):    0.000ns
    Phase Error              (PE):    0.000ns

    Location             Delay type                Incr(ns)  Path(ns)    Netlist Resource(s)
  -------------------------------------------------------------------    -------------------
                         (clock clk rise edge)        0.000     0.000 r  
    AC19                                              0.000     0.000 r  clk (IN)
                         net (fo=0)                   0.000     0.000    clk
    AC19                 IBUF (Prop_ibuf_I_O)         1.416     1.416 r  clk_IBUF_inst/O
                         net (fo=1, routed)           2.602     4.018    clk_IBUF
    BUFGCTRL_X0Y0        BUFG (Prop_bufg_I_O)         0.081     4.099 r  clk_IBUF_BUFG_inst/O
                         net (fo=2166, routed)        1.632     5.731    u_jtag_axi_wrap/u_jtag_axi/inst/jtag_axi_engine_u/u_xsdb_fifo_interface/s_dclk_o
    SLICE_X36Y227        FDRE                                         r  u_jtag_axi_wrap/u_jtag_axi/inst/jtag_axi_engine_u/u_xsdb_fifo_interface/rst_xsdbfifo_large_reg/C
  -------------------------------------------------------------------    -------------------
    SLICE_X36Y227        FDRE (Prop_fdre_C_Q)         0.433     6.164 f  u_jtag_axi_wrap/u_jtag_axi/inst/jtag_axi_engine_u/u_xsdb_fifo_interface/rst_xsdbfifo_large_reg/Q
                         net (fo=285, routed)         5.013    11.177    u_jtag_axi_wrap/u_jtag_axi/inst/jtag_axi_engine_u/u_xsdb_fifo_interface/xsdb2read_cmdfifo/tx_fifowren_reg_0
    SLICE_X54Y188        LUT5 (Prop_lut5_I2_O)        0.128    11.305 r  u_jtag_axi_wrap/u_jtag_axi/inst/jtag_axi_engine_u/u_xsdb_fifo_interface/xsdb2read_cmdfifo/tx_fifo_dataout[63]_i_1__0/O
                         net (fo=64, routed)          1.211    12.516    u_jtag_axi_wrap/u_jtag_axi/inst/jtag_axi_engine_u/u_xsdb_fifo_interface/xsdb2read_cmdfifo/tx_fifo_dataout[63]_i_1__0_n_0
    SLICE_X63Y194        FDRE                                         r  u_jtag_axi_wrap/u_jtag_axi/inst/jtag_axi_engine_u/u_xsdb_fifo_interface/xsdb2read_cmdfifo/tx_fifo_dataout_reg[15]/CE
  -------------------------------------------------------------------    -------------------

                         (clock clk rise edge)       10.000    10.000 r  
    AC19                                              0.000    10.000 r  clk (IN)
                         net (fo=0)                   0.000    10.000    clk
    AC19                 IBUF (Prop_ibuf_I_O)         1.350    11.350 r  clk_IBUF_inst/O
                         net (fo=1, routed)           2.471    13.821    clk_IBUF
    BUFGCTRL_X0Y0        BUFG (Prop_bufg_I_O)         0.077    13.898 r  clk_IBUF_BUFG_inst/O
                         net (fo=2166, routed)        1.282    15.180    u_jtag_axi_wrap/u_jtag_axi/inst/jtag_axi_engine_u/u_xsdb_fifo_interface/xsdb2read_cmdfifo/s_dclk_o
    SLICE_X63Y194        FDRE                                         r  u_jtag_axi_wrap/u_jtag_axi/inst/jtag_axi_engine_u/u_xsdb_fifo_interface/xsdb2read_cmdfifo/tx_fifo_dataout_reg[15]/C
                         clock pessimism              0.208    15.388    
                         clock uncertainty           -0.035    15.353    
    SLICE_X63Y194        FDRE (Setup_fdre_C_CE)      -0.331    15.022    u_jtag_axi_wrap/u_jtag_axi/inst/jtag_axi_engine_u/u_xsdb_fifo_interface/xsdb2read_cmdfifo/tx_fifo_dataout_reg[15]
  -------------------------------------------------------------------
                         required time                         15.022    
                         arrival time                         -12.516    
  -------------------------------------------------------------------
                         slack                                  2.505    





Min Delay Paths
--------------------------------------------------------------------------------------
Slack (MET) :             0.087ns  (arrival time - required time)
  Source:                 u_jtag_axi_wrap/u_jtag_axi/inst/jtag_axi_engine_u/u_xsdb_fifo_interface/xsdb2read_cmdfifo/tx_fifo_dataout_reg[31]/C
                            (rising edge-triggered cell FDRE clocked by clk  {rise@0.000ns fall@5.000ns period=10.000ns})
  Destination:            u_jtag_axi_wrap/u_jtag_axi/inst/jtag_axi_engine_u/rd_cmd_fifo_i/inst_fifo_gen/gconvfifo.rf/grf.rf/gntv_or_sync_fifo.mem/gbm.gbmg.gbmga.ngecc.bmg/inst_blk_mem_gen/gnbram.gnativebmg.native_blk_mem_gen/valid.cstr/ramloop[0].ram.r/prim_noinit.ram/DEVICE_7SERIES.NO_BMM_INFO.SDP.WIDE_PRIM36_NO_ECC.ram/DIADI[31]
                            (rising edge-triggered cell RAMB36E1 clocked by clk  {rise@0.000ns fall@5.000ns period=10.000ns})
  Path Group:             clk
  Path Type:              Hold (Min at Slow Process Corner)
  Requirement:            0.000ns  (clk rise@0.000ns - clk rise@0.000ns)
  Data Path Delay:        0.773ns  (logic 0.304ns (39.305%)  route 0.469ns (60.695%))
  Logic Levels:           0  
  Clock Path Skew:        0.065ns (DCD - SCD - CPR)
    Destination Clock Delay (DCD):    5.528ns
    Source Clock Delay      (SCD):    5.180ns
    Clock Pessimism Removal (CPR):    0.283ns

    Location             Delay type                Incr(ns)  Path(ns)    Netlist Resource(s)
  -------------------------------------------------------------------    -------------------
                         (clock clk rise edge)        0.000     0.000 r  
    AC19                                              0.000     0.000 r  clk (IN)
                         net (fo=0)                   0.000     0.000    clk
    AC19                 IBUF (Prop_ibuf_I_O)         1.350     1.350 r  clk_IBUF_inst/O
                         net (fo=1, routed)           2.471     3.821    clk_IBUF
    BUFGCTRL_X0Y0        BUFG (Prop_bufg_I_O)         0.077     3.898 r  clk_IBUF_BUFG_inst/O
                         net (fo=2166, routed)        1.282     5.180    u_jtag_axi_wrap/u_jtag_axi/inst/jtag_axi_engine_u/u_xsdb_fifo_interface/xsdb2read_cmdfifo/s_dclk_o
    SLICE_X63Y194        FDRE                                         r  u_jtag_axi_wrap/u_jtag_axi/inst/jtag_axi_engine_u/u_xsdb_fifo_interface/xsdb2read_cmdfifo/tx_fifo_dataout_reg[31]/C
  -------------------------------------------------------------------    -------------------
    SLICE_X63Y194        FDRE (Prop_fdre_C_Q)         0.304     5.484 r  u_jtag_axi_wrap/u_jtag_axi/inst/jtag_axi_engine_u/u_xsdb_fifo_interface/xsdb2read_cmdfifo/tx_fifo_dataout_reg[31]/Q
                         net (fo=1, routed)           0.469     5.953    u_jtag_axi_wrap/u_jtag_axi/inst/jtag_axi_engine_u/rd_cmd_fifo_i/inst_fifo_gen/gconvfifo.rf/grf.rf/gntv_or_sync_fifo.mem/gbm.gbmg.gbmga.ngecc.bmg/inst_blk_mem_gen/gnbram.gnativebmg.native_blk_mem_gen/valid.cstr/ramloop[0].ram.r/prim_noinit.ram/Q[31]
    RAMB36_X3Y38         RAMB36E1                                     r  u_jtag_axi_wrap/u_jtag_axi/inst/jtag_axi_engine_u/rd_cmd_fifo_i/inst_fifo_gen/gconvfifo.rf/grf.rf/gntv_or_sync_fifo.mem/gbm.gbmg.gbmga.ngecc.bmg/inst_blk_mem_gen/gnbram.gnativebmg.native_blk_mem_gen/valid.cstr/ramloop[0].ram.r/prim_noinit.ram/DEVICE_7SERIES.NO_BMM_INFO.SDP.WIDE_PRIM36_NO_ECC.ram/DIADI[31]
  -------------------------------------------------------------------    -------------------

                         (clock clk rise edge)        0.000     0.000 r  
    AC19                                              0.000     0.000 r  clk (IN)
                         net (fo=0)                   0.000     0.000    clk
    AC19                 IBUF (Prop_ibuf_I_O)         1.416     1.416 r  clk_IBUF_inst/O
                         net (fo=1, routed)           2.602     4.018    clk_IBUF
    BUFGCTRL_X0Y0        BUFG (Prop_bufg_I_O)         0.081     4.099 r  clk_IBUF_BUFG_inst/O
                         net (fo=2166, routed)        1.429     5.528    u_jtag_axi_wrap/u_jtag_axi/inst/jtag_axi_engine_u/rd_cmd_fifo_i/inst_fifo_gen/gconvfifo.rf/grf.rf/gntv_or_sync_fifo.mem/gbm.gbmg.gbmga.ngecc.bmg/inst_blk_mem_gen/gnbram.gnativebmg.native_blk_mem_gen/valid.cstr/ramloop[0].ram.r/prim_noinit.ram/s_dclk_o
    RAMB36_X3Y38         RAMB36E1                                     r  u_jtag_axi_wrap/u_jtag_axi/inst/jtag_axi_engine_u/rd_cmd_fifo_i/inst_fifo_gen/gconvfifo.rf/grf.rf/gntv_or_sync_fifo.mem/gbm.gbmg.gbmga.ngecc.bmg/inst_blk_mem_gen/gnbram.gnativebmg.native_blk_mem_gen/valid.cstr/ramloop[0].ram.r/prim_noinit.ram/DEVICE_7SERIES.NO_BMM_INFO.SDP.WIDE_PRIM36_NO_ECC.ram/CLKBWRCLK
                         clock pessimism             -0.283     5.244    
    RAMB36_X3Y38         RAMB36E1 (Hold_ramb36e1_CLKBWRCLK_DIADI[31])
                                                      0.622     5.866    u_jtag_axi_wrap/u_jtag_axi/inst/jtag_axi_engine_u/rd_cmd_fifo_i/inst_fifo_gen/gconvfifo.rf/grf.rf/gntv_or_sync_fifo.mem/gbm.gbmg.gbmga.ngecc.bmg/inst_blk_mem_gen/gnbram.gnativebmg.native_blk_mem_gen/valid.cstr/ramloop[0].ram.r/prim_noinit.ram/DEVICE_7SERIES.NO_BMM_INFO.SDP.WIDE_PRIM36_NO_ECC.ram
  -------------------------------------------------------------------
                         required time                         -5.866    
                         arrival time                           5.953    
  -------------------------------------------------------------------
                         slack                                  0.087    





Pulse Width Checks
--------------------------------------------------------------------------------------
Clock Name:         clk
Waveform(ns):       { 0.000 5.000 }
Period(ns):         10.000
Sources:            { clk }

Check Type        Corner  Lib Pin             Reference Pin  Required(ns)  Actual(ns)  Slack(ns)  Location        Pin
Min Period        n/a     RAMB36E1/CLKBWRCLK  n/a            2.170         10.000      7.830      RAMB36_X3Y38    u_jtag_axi_wrap/u_jtag_axi/inst/jtag_axi_engine_u/rd_cmd_fifo_i/inst_fifo_gen/gconvfifo.rf/grf.rf/gntv_or_sync_fifo.mem/gbm.gbmg.gbmga.ngecc.bmg/inst_blk_mem_gen/gnbram.gnativebmg.native_blk_mem_gen/valid.cstr/ramloop[0].ram.r/prim_noinit.ram/DEVICE_7SERIES.NO_BMM_INFO.SDP.WIDE_PRIM36_NO_ECC.ram/CLKBWRCLK
Max Period        n/a     PLLE2_ADV/CLKIN1    n/a            52.633        10.000      42.633     PLLE2_ADV_X0Y4  ddr3.u_axi_wrap_ddr/mig_axi/u_mig_axi_32_mig/u_ddr3_infrastructure/plle2_i/CLKIN1
Low Pulse Width   Slow    PLLE2_ADV/CLKIN1    n/a            2.000         5.000       3.000      PLLE2_ADV_X0Y4  ddr3.u_axi_wrap_ddr/mig_axi/u_mig_axi_32_mig/u_ddr3_infrastructure/plle2_i/CLKIN1
High Pulse Width  Slow    PLLE2_ADV/CLKIN1    n/a            2.000         5.000       3.000      PLLE2_ADV_X0Y4  ddr3.u_axi_wrap_ddr/mig_axi/u_mig_axi_32_mig/u_ddr3_infrastructure/plle2_i/CLKIN1



---------------------------------------------------------------------------------------------------
From Clock:  clkfbout_clk_pll
  To Clock:  clkfbout_clk_pll

Setup :           NA  Failing Endpoints,  Worst Slack           NA  ,  Total Violation           NA
Hold  :           NA  Failing Endpoints,  Worst Slack           NA  ,  Total Violation           NA
PW    :            0  Failing Endpoints,  Worst Slack        8.408ns,  Total Violation        0.000ns
---------------------------------------------------------------------------------------------------


Pulse Width Checks
--------------------------------------------------------------------------------------
Clock Name:         clkfbout_clk_pll
Waveform(ns):       { 0.000 5.000 }
Period(ns):         10.000
Sources:            { fpga_pll.u_clk_pll/inst/plle2_adv_inst/CLKFBOUT }

Check Type  Corner  Lib Pin            Reference Pin  Required(ns)  Actual(ns)  Slack(ns)  Location        Pin
Min Period  n/a     BUFG/I             n/a            1.592         10.000      8.408      BUFGCTRL_X0Y5   fpga_pll.u_clk_pll/inst/clkf_buf/I
Max Period  n/a     PLLE2_ADV/CLKFBIN  n/a            52.633        10.000      42.633     PLLE2_ADV_X0Y2  fpga_pll.u_clk_pll/inst/plle2_adv_inst/CLKFBIN



---------------------------------------------------------------------------------------------------
From Clock:  clkfbout_clk_pll_ddr
  To Clock:  clkfbout_clk_pll_ddr

Setup :           NA  Failing Endpoints,  Worst Slack           NA  ,  Total Violation           NA
Hold  :           NA  Failing Endpoints,  Worst Slack           NA  ,  Total Violation           NA
PW    :            0  Failing Endpoints,  Worst Slack        8.408ns,  Total Violation        0.000ns
---------------------------------------------------------------------------------------------------


Pulse Width Checks
--------------------------------------------------------------------------------------
Clock Name:         clkfbout_clk_pll_ddr
Waveform(ns):       { 0.000 5.000 }
Period(ns):         10.000
Sources:            { fpga_pll.u_clk_pll_ddr/inst/plle2_adv_inst/CLKFBOUT }

Check Type  Corner  Lib Pin            Reference Pin  Required(ns)  Actual(ns)  Slack(ns)  Location        Pin
Min Period  n/a     BUFG/I             n/a            1.592         10.000      8.408      BUFGCTRL_X0Y6   fpga_pll.u_clk_pll_ddr/inst/clkf_buf/I
Max Period  n/a     PLLE2_ADV/CLKFBIN  n/a            52.633        10.000      42.633     PLLE2_ADV_X1Y0  fpga_pll.u_clk_pll_ddr/inst/plle2_adv_inst/CLKFBIN



---------------------------------------------------------------------------------------------------
From Clock:  cpu_clk
  To Clock:  cpu_clk

Setup :            0  Failing Endpoints,  Worst Slack        0.067ns,  Total Violation        0.000ns
Hold  :            0  Failing Endpoints,  Worst Slack        0.060ns,  Total Violation        0.000ns
PW    :            0  Failing Endpoints,  Worst Slack       14.495ns,  Total Violation        0.000ns
---------------------------------------------------------------------------------------------------


Max Delay Paths
--------------------------------------------------------------------------------------
Slack (MET) :             0.067ns  (required time - arrival time)
  Source:                 u_cpu/inner_cpu/core_0/u_rename/a_rat_reg[24][1]/C
                            (rising edge-triggered cell FDRE clocked by cpu_clk  {rise@0.000ns fall@15.625ns period=31.250ns})
  Destination:            u_cpu/inner_cpu/core_0/u_rename/free_list_reg[20][3]/CE
                            (rising edge-triggered cell FDRE clocked by cpu_clk  {rise@0.000ns fall@15.625ns period=31.250ns})
  Path Group:             cpu_clk
  Path Type:              Setup (Max at Slow Process Corner)
  Requirement:            31.250ns  (cpu_clk rise@31.250ns - cpu_clk rise@0.000ns)
  Data Path Delay:        30.974ns  (logic 5.326ns (17.195%)  route 25.648ns (82.805%))
  Logic Levels:           39  (LUT2=7 LUT3=5 LUT4=2 LUT5=5 LUT6=20)
  Clock Path Skew:        0.024ns (DCD - SCD + CPR)
    Destination Clock Delay (DCD):    5.410ns = ( 36.660 - 31.250 ) 
    Source Clock Delay      (SCD):    5.660ns
    Clock Pessimism Removal (CPR):    0.274ns
  Clock Uncertainty:      0.065ns  ((TSJ^2 + DJ^2)^1/2) / 2 + PE
    Total System Jitter     (TSJ):    0.071ns
    Discrete Jitter          (DJ):    0.109ns
    Phase Error              (PE):    0.000ns

    Location             Delay type                Incr(ns)  Path(ns)    Netlist Resource(s)
  -------------------------------------------------------------------    -------------------
                         (clock cpu_clk rise edge)    0.000     0.000 r  
    AC19                                              0.000     0.000 r  clk (IN)
                         net (fo=0)                   0.000     0.000    clk
    AC19                 IBUF (Prop_ibuf_I_O)         1.416     1.416 r  clk_IBUF_inst/O
                         net (fo=1, routed)           2.602     4.018    clk_IBUF
    BUFGCTRL_X0Y0        BUFG (Prop_bufg_I_O)         0.081     4.099 r  clk_IBUF_BUFG_inst/O
                         net (fo=2166, routed)        1.536     5.635    fpga_pll.u_clk_pll/inst/clk_in1
    PLLE2_ADV_X0Y2       PLLE2_ADV (Prop_plle2_adv_CLKIN1_CLKOUT0)
                                                     -3.173     2.461 r  fpga_pll.u_clk_pll/inst/plle2_adv_inst/CLKOUT0
                         net (fo=1, routed)           1.557     4.018    fpga_pll.u_clk_pll/inst/cpu_clk_clk_pll
    BUFGCTRL_X0Y2        BUFG (Prop_bufg_I_O)         0.081     4.099 r  fpga_pll.u_clk_pll/inst/clkout1_buf/O
                         net (fo=25951, routed)       1.561     5.660    u_cpu/inner_cpu/core_0/u_rename/aclk
    SLICE_X121Y81        FDRE                                         r  u_cpu/inner_cpu/core_0/u_rename/a_rat_reg[24][1]/C
  -------------------------------------------------------------------    -------------------
    SLICE_X121Y81        FDRE (Prop_fdre_C_Q)         0.379     6.039 r  u_cpu/inner_cpu/core_0/u_rename/a_rat_reg[24][1]/Q
                         net (fo=31, routed)          1.031     7.070    u_cpu/inner_cpu/core_0/u_rename/a_rat_reg_n_0_[24][1]
    SLICE_X110Y78        LUT3 (Prop_lut3_I1_O)        0.105     7.175 r  u_cpu/inner_cpu/core_0/u_rename/free_list[18][4]_i_197/O
                         net (fo=5, routed)           0.963     8.138    u_cpu/inner_cpu/core_0/u_rename/free_list[18][4]_i_197_n_0
    SLICE_X118Y78        LUT6 (Prop_lut6_I5_O)        0.105     8.243 r  u_cpu/inner_cpu/core_0/u_rename/free_list[2][3]_i_234/O
                         net (fo=1, routed)           0.891     9.134    u_cpu/inner_cpu/core_0/u_rename/free_list[2][3]_i_234_n_0
    SLICE_X111Y76        LUT6 (Prop_lut6_I5_O)        0.105     9.239 r  u_cpu/inner_cpu/core_0/u_rename/free_list[2][3]_i_101/O
                         net (fo=1, routed)           0.694     9.934    u_cpu/inner_cpu/core_0/u_rename/free_list[2][3]_i_101_n_0
    SLICE_X110Y76        LUT6 (Prop_lut6_I4_O)        0.105    10.039 r  u_cpu/inner_cpu/core_0/u_rename/free_list[2][3]_i_37/O
                         net (fo=10, routed)          0.914    10.952    u_cpu/inner_cpu/core_0/u_rename/free_list[2][3]_i_37_n_0
    SLICE_X108Y73        LUT6 (Prop_lut6_I4_O)        0.105    11.057 r  u_cpu/inner_cpu/core_0/u_rename/free_list[0][3]_i_28/O
                         net (fo=11, routed)          0.356    11.413    u_cpu/inner_cpu/core_0/u_rename/free_list[0][3]_i_28_n_0
    SLICE_X111Y73        LUT4 (Prop_lut4_I0_O)        0.105    11.518 r  u_cpu/inner_cpu/core_0/u_rename/free_list[4][2]_i_53/O
                         net (fo=6, routed)           0.685    12.203    u_cpu/inner_cpu/core_0/u_rename/free_list[4][2]_i_53_n_0
    SLICE_X110Y71        LUT6 (Prop_lut6_I3_O)        0.105    12.308 r  u_cpu/inner_cpu/core_0/u_rename/free_list[3][5]_i_66/O
                         net (fo=17, routed)          0.790    13.099    u_cpu/inner_cpu/core_0/u_rename/free_list[3][5]_i_66_n_0
    SLICE_X110Y69        LUT6 (Prop_lut6_I0_O)        0.105    13.204 r  u_cpu/inner_cpu/core_0/u_rename/free_list[9][4]_i_85/O
                         net (fo=22, routed)          0.407    13.610    u_cpu/inner_cpu/core_0/u_rename/free_list[9][4]_i_85_n_0
    SLICE_X115Y68        LUT6 (Prop_lut6_I5_O)        0.105    13.715 r  u_cpu/inner_cpu/core_0/u_rename/free_list[9][4]_i_93/O
                         net (fo=34, routed)          0.595    14.310    u_cpu/inner_cpu/core_0/u_rename/free_list[9][4]_i_93_n_0
    SLICE_X114Y67        LUT6 (Prop_lut6_I3_O)        0.105    14.415 r  u_cpu/inner_cpu/core_0/u_rename/free_list[0][4]_i_59/O
                         net (fo=18, routed)          0.621    15.036    u_cpu/inner_cpu/core_0/u_rename/free_list[0][4]_i_59_n_0
    SLICE_X115Y64        LUT2 (Prop_lut2_I1_O)        0.105    15.141 r  u_cpu/inner_cpu/core_0/u_rename/free_list[18][3]_i_61/O
                         net (fo=21, routed)          0.586    15.727    u_cpu/inner_cpu/core_0/u_rename/free_list[18][3]_i_61_n_0
    SLICE_X113Y67        LUT6 (Prop_lut6_I4_O)        0.105    15.832 r  u_cpu/inner_cpu/core_0/u_rename/free_list[19][4]_i_80/O
                         net (fo=29, routed)          0.713    16.545    u_cpu/inner_cpu/core_0/u_rename/free_list[19][4]_i_80_n_0
    SLICE_X116Y56        LUT6 (Prop_lut6_I4_O)        0.105    16.650 r  u_cpu/inner_cpu/core_0/u_rename/free_list[19][2]_i_73/O
                         net (fo=28, routed)          0.755    17.405    u_cpu/inner_cpu/core_0/u_rename/free_list[19][2]_i_73_n_0
    SLICE_X117Y53        LUT2 (Prop_lut2_I1_O)        0.105    17.510 r  u_cpu/inner_cpu/core_0/u_rename/free_list[14][2]_i_19/O
                         net (fo=40, routed)          0.408    17.918    u_cpu/inner_cpu/core_0/u_rename/free_list[14][2]_i_19_n_0
    SLICE_X117Y53        LUT4 (Prop_lut4_I3_O)        0.126    18.044 r  u_cpu/inner_cpu/core_0/u_rename/free_list[7][3]_i_17/O
                         net (fo=36, routed)          0.483    18.528    u_cpu/inner_cpu/core_0/u_rename/free_list[7][3]_i_17_n_0
    SLICE_X116Y52        LUT3 (Prop_lut3_I0_O)        0.267    18.795 r  u_cpu/inner_cpu/core_0/u_rename/free_list[25][5]_i_108/O
                         net (fo=7, routed)           0.507    19.302    u_cpu/inner_cpu/core_0/u_rename/free_list[25][5]_i_108_n_0
    SLICE_X117Y51        LUT2 (Prop_lut2_I1_O)        0.287    19.589 r  u_cpu/inner_cpu/core_0/u_rename/free_list[8][5]_i_33/O
                         net (fo=30, routed)          0.581    20.170    u_cpu/inner_cpu/core_0/u_rename/free_list[8][5]_i_33_n_0
    SLICE_X117Y50        LUT3 (Prop_lut3_I0_O)        0.268    20.438 r  u_cpu/inner_cpu/core_0/u_rename/free_list[19][4]_i_24/O
                         net (fo=25, routed)          0.737    21.175    u_cpu/inner_cpu/core_0/u_rename/free_list[19][4]_i_24_n_0
    SLICE_X117Y47        LUT5 (Prop_lut5_I4_O)        0.105    21.280 r  u_cpu/inner_cpu/core_0/u_rename/free_list[19][4]_i_53/O
                         net (fo=20, routed)          0.510    21.790    u_cpu/inner_cpu/core_0/u_rename/free_list[19][4]_i_53_n_0
    SLICE_X119Y46        LUT2 (Prop_lut2_I1_O)        0.108    21.898 r  u_cpu/inner_cpu/core_0/u_rename/free_list[27][4]_i_13/O
                         net (fo=3, routed)           0.748    22.646    u_cpu/inner_cpu/core_0/u_rename/free_list[27][4]_i_13_n_0
    SLICE_X120Y43        LUT3 (Prop_lut3_I0_O)        0.267    22.913 r  u_cpu/inner_cpu/core_0/u_rename/free_list[18][5]_i_162/O
                         net (fo=5, routed)           0.704    23.617    u_cpu/inner_cpu/core_0/u_rename/free_list[18][5]_i_162_n_0
    SLICE_X121Y41        LUT6 (Prop_lut6_I1_O)        0.264    23.881 r  u_cpu/inner_cpu/core_0/u_rename/free_list[18][4]_i_192/O
                         net (fo=1, routed)           0.561    24.441    u_cpu/inner_cpu/core_0/u_rename/free_list[18][4]_i_192_n_0
    SLICE_X121Y39        LUT6 (Prop_lut6_I5_O)        0.105    24.546 r  u_cpu/inner_cpu/core_0/u_rename/free_list[18][4]_i_148/O
                         net (fo=31, routed)          0.544    25.091    u_cpu/inner_cpu/core_0/u_rename/free_list[18][4]_i_148_n_0
    SLICE_X126Y38        LUT5 (Prop_lut5_I4_O)        0.105    25.196 r  u_cpu/inner_cpu/core_0/u_rename/free_list[18][4]_i_83/O
                         net (fo=10, routed)          0.661    25.857    u_cpu/inner_cpu/core_0/u_rename/free_list[18][4]_i_83_n_0
    SLICE_X130Y36        LUT6 (Prop_lut6_I4_O)        0.105    25.962 r  u_cpu/inner_cpu/core_0/u_rename/free_list[9][4]_i_24/O
                         net (fo=9, routed)           0.298    26.259    u_cpu/inner_cpu/core_0/u_rename/free_list[9][4]_i_24_n_0
    SLICE_X132Y36        LUT6 (Prop_lut6_I1_O)        0.105    26.364 r  u_cpu/inner_cpu/core_0/u_rename/free_list[19][2]_i_59/O
                         net (fo=12, routed)          0.789    27.153    u_cpu/inner_cpu/core_0/u_rename/free_list[19][2]_i_59_n_0
    SLICE_X138Y36        LUT5 (Prop_lut5_I2_O)        0.105    27.258 r  u_cpu/inner_cpu/core_0/u_rename/free_list[4][5]_i_113/O
                         net (fo=41, routed)          1.003    28.262    u_cpu/inner_cpu/core_0/u_rename/free_list[4][5]_i_113_n_0
    SLICE_X142Y35        LUT6 (Prop_lut6_I4_O)        0.105    28.367 f  u_cpu/inner_cpu/core_0/u_rename/free_list[7][5]_i_144/O
                         net (fo=23, routed)          0.750    29.117    u_cpu/inner_cpu/core_0/u_rename/free_list[7][5]_i_144_n_0
    SLICE_X148Y35        LUT5 (Prop_lut5_I0_O)        0.105    29.222 f  u_cpu/inner_cpu/core_0/u_rename/free_list[7][5]_i_83/O
                         net (fo=6, routed)           0.540    29.762    u_cpu/inner_cpu/core_0/u_rename/free_list[7][5]_i_83_n_0
    SLICE_X154Y35        LUT3 (Prop_lut3_I0_O)        0.105    29.867 f  u_cpu/inner_cpu/core_0/u_rename/free_list[7][5]_i_111/O
                         net (fo=14, routed)          0.498    30.365    u_cpu/inner_cpu/core_0/u_rename/free_list[7][5]_i_111_n_0
    SLICE_X156Y35        LUT2 (Prop_lut2_I1_O)        0.105    30.470 f  u_cpu/inner_cpu/core_0/u_rename/free_list[13][0]_i_43/O
                         net (fo=3, routed)           0.343    30.813    u_cpu/inner_cpu/core_0/u_rename/free_list[13][0]_i_43_n_0
    SLICE_X156Y33        LUT2 (Prop_lut2_I1_O)        0.105    30.918 f  u_cpu/inner_cpu/core_0/u_rename/free_list[2][5]_i_101/O
                         net (fo=2, routed)           0.607    31.525    u_cpu/inner_cpu/core_0/u_rename/free_list[2][5]_i_101_n_0
    SLICE_X155Y34        LUT5 (Prop_lut5_I2_O)        0.105    31.630 r  u_cpu/inner_cpu/core_0/u_rename/free_list[2][5]_i_57/O
                         net (fo=10, routed)          0.550    32.180    u_cpu/inner_cpu/core_0/u_rename/free_list[2][5]_i_57_n_0
    SLICE_X153Y34        LUT2 (Prop_lut2_I0_O)        0.105    32.285 r  u_cpu/inner_cpu/core_0/u_rename/free_list[21][5]_i_26/O
                         net (fo=12, routed)          0.792    33.078    u_cpu/inner_cpu/core_0/u_rename/free_list[21][5]_i_26_n_0
    SLICE_X150Y40        LUT6 (Prop_lut6_I5_O)        0.105    33.183 r  u_cpu/inner_cpu/core_0/u_rename/free_list[20][5]_i_60/O
                         net (fo=1, routed)           0.604    33.787    u_cpu/inner_cpu/core_0/u_rename/free_list[20][5]_i_60_n_0
    SLICE_X138Y40        LUT6 (Prop_lut6_I0_O)        0.105    33.892 r  u_cpu/inner_cpu/core_0/u_rename/free_list[20][5]_i_30/O
                         net (fo=1, routed)           0.716    34.607    u_cpu/inner_cpu/core_0/u_rename/free_list[20][5]_i_30_n_0
    SLICE_X140Y44        LUT6 (Prop_lut6_I4_O)        0.105    34.712 r  u_cpu/inner_cpu/core_0/u_rename/free_list[20][5]_i_6/O
                         net (fo=1, routed)           0.634    35.346    u_cpu/inner_cpu/core_0/u_rename/free_list[20][5]_i_6_n_0
    SLICE_X140Y50        LUT6 (Prop_lut6_I5_O)        0.105    35.451 r  u_cpu/inner_cpu/core_0/u_rename/free_list[20][5]_i_5_comp/O
                         net (fo=1, routed)           0.481    35.932    u_cpu/inner_cpu/core_0/u_rename/free_list[20][5]_i_5_n_0
    SLICE_X140Y52        LUT6 (Prop_lut6_I4_O)        0.105    36.037 r  u_cpu/inner_cpu/core_0/u_rename/free_list[20][5]_i_1_comp/O
                         net (fo=6, routed)           0.597    36.634    u_cpu/inner_cpu/core_0/u_rename/free_list[20][5]_i_1_n_0
    SLICE_X141Y57        FDRE                                         r  u_cpu/inner_cpu/core_0/u_rename/free_list_reg[20][3]/CE
  -------------------------------------------------------------------    -------------------

                         (clock cpu_clk rise edge)   31.250    31.250 r  
    AC19                                              0.000    31.250 r  clk (IN)
                         net (fo=0)                   0.000    31.250    clk
    AC19                 IBUF (Prop_ibuf_I_O)         1.350    32.600 r  clk_IBUF_inst/O
                         net (fo=1, routed)           2.471    35.071    clk_IBUF
    BUFGCTRL_X0Y0        BUFG (Prop_bufg_I_O)         0.077    35.148 r  clk_IBUF_BUFG_inst/O
                         net (fo=2166, routed)        1.434    36.581    fpga_pll.u_clk_pll/inst/clk_in1
    PLLE2_ADV_X0Y2       PLLE2_ADV (Prop_plle2_adv_CLKIN1_CLKOUT0)
                                                     -2.995    33.586 r  fpga_pll.u_clk_pll/inst/plle2_adv_inst/CLKOUT0
                         net (fo=1, routed)           1.484    35.071    fpga_pll.u_clk_pll/inst/cpu_clk_clk_pll
    BUFGCTRL_X0Y2        BUFG (Prop_bufg_I_O)         0.077    35.148 r  fpga_pll.u_clk_pll/inst/clkout1_buf/O
                         net (fo=25951, routed)       1.512    36.660    u_cpu/inner_cpu/core_0/u_rename/aclk
    SLICE_X141Y57        FDRE                                         r  u_cpu/inner_cpu/core_0/u_rename/free_list_reg[20][3]/C
                         clock pessimism              0.274    36.934    
                         clock uncertainty           -0.065    36.869    
    SLICE_X141Y57        FDRE (Setup_fdre_C_CE)      -0.168    36.701    u_cpu/inner_cpu/core_0/u_rename/free_list_reg[20][3]
  -------------------------------------------------------------------
                         required time                         36.701    
                         arrival time                         -36.634    
  -------------------------------------------------------------------
                         slack                                  0.067    





Min Delay Paths
--------------------------------------------------------------------------------------
Slack (MET) :             0.060ns  (arrival time - required time)
  Source:                 u_cpu/inner_cpu/dcache/tag_reg_reg[9]/C
                            (rising edge-triggered cell FDRE clocked by cpu_clk  {rise@0.000ns fall@15.625ns period=31.250ns})
  Destination:            u_cpu/inner_cpu/dcache/tag_way0_reg_0_63_9_11/RAMA/I
                            (rising edge-triggered cell RAMD64E clocked by cpu_clk  {rise@0.000ns fall@15.625ns period=31.250ns})
  Path Group:             cpu_clk
  Path Type:              Hold (Min at Fast Process Corner)
  Requirement:            0.000ns  (cpu_clk rise@0.000ns - cpu_clk rise@0.000ns)
  Data Path Delay:        0.220ns  (logic 0.141ns (64.229%)  route 0.079ns (35.771%))
  Logic Levels:           0  
  Clock Path Skew:        0.013ns (DCD - SCD - CPR)
    Destination Clock Delay (DCD):    2.471ns
    Source Clock Delay      (SCD):    1.925ns
    Clock Pessimism Removal (CPR):    0.533ns

    Location             Delay type                Incr(ns)  Path(ns)    Netlist Resource(s)
  -------------------------------------------------------------------    -------------------
                         (clock cpu_clk rise edge)    0.000     0.000 r  
    AC19                                              0.000     0.000 r  clk (IN)
                         net (fo=0)                   0.000     0.000    clk
    AC19                 IBUF (Prop_ibuf_I_O)         0.253     0.253 r  clk_IBUF_inst/O
                         net (fo=1, routed)           1.074     1.327    clk_IBUF
    BUFGCTRL_X0Y0        BUFG (Prop_bufg_I_O)         0.026     1.353 r  clk_IBUF_BUFG_inst/O
                         net (fo=2166, routed)        0.615     1.967    fpga_pll.u_clk_pll/inst/clk_in1
    PLLE2_ADV_X0Y2       PLLE2_ADV (Prop_plle2_adv_CLKIN1_CLKOUT0)
                                                     -1.200     0.767 r  fpga_pll.u_clk_pll/inst/plle2_adv_inst/CLKOUT0
                         net (fo=1, routed)           0.560     1.327    fpga_pll.u_clk_pll/inst/cpu_clk_clk_pll
    BUFGCTRL_X0Y2        BUFG (Prop_bufg_I_O)         0.026     1.353 r  fpga_pll.u_clk_pll/inst/clkout1_buf/O
                         net (fo=25951, routed)       0.573     1.925    u_cpu/inner_cpu/dcache/aclk
    SLICE_X57Y171        FDRE                                         r  u_cpu/inner_cpu/dcache/tag_reg_reg[9]/C
  -------------------------------------------------------------------    -------------------
    SLICE_X57Y171        FDRE (Prop_fdre_C_Q)         0.141     2.066 r  u_cpu/inner_cpu/dcache/tag_reg_reg[9]/Q
                         net (fo=8, routed)           0.079     2.145    u_cpu/inner_cpu/dcache/tag_way0_reg_0_63_9_11/DIA
    SLICE_X56Y171        RAMD64E                                      r  u_cpu/inner_cpu/dcache/tag_way0_reg_0_63_9_11/RAMA/I
  -------------------------------------------------------------------    -------------------

                         (clock cpu_clk rise edge)    0.000     0.000 r  
    AC19                                              0.000     0.000 r  clk (IN)
                         net (fo=0)                   0.000     0.000    clk
    AC19                 IBUF (Prop_ibuf_I_O)         0.441     0.441 r  clk_IBUF_inst/O
                         net (fo=1, routed)           1.160     1.601    clk_IBUF
    BUFGCTRL_X0Y0        BUFG (Prop_bufg_I_O)         0.029     1.630 r  clk_IBUF_BUFG_inst/O
                         net (fo=2166, routed)        0.884     2.513    fpga_pll.u_clk_pll/inst/clk_in1
    PLLE2_ADV_X0Y2       PLLE2_ADV (Prop_plle2_adv_CLKIN1_CLKOUT0)
                                                     -1.523     0.990 r  fpga_pll.u_clk_pll/inst/plle2_adv_inst/CLKOUT0
                         net (fo=1, routed)           0.611     1.601    fpga_pll.u_clk_pll/inst/cpu_clk_clk_pll
    BUFGCTRL_X0Y2        BUFG (Prop_bufg_I_O)         0.029     1.630 r  fpga_pll.u_clk_pll/inst/clkout1_buf/O
                         net (fo=25951, routed)       0.841     2.471    u_cpu/inner_cpu/dcache/tag_way0_reg_0_63_9_11/WCLK
    SLICE_X56Y171        RAMD64E                                      r  u_cpu/inner_cpu/dcache/tag_way0_reg_0_63_9_11/RAMA/CLK
                         clock pessimism             -0.533     1.938    
    SLICE_X56Y171        RAMD64E (Hold_ramd64e_CLK_I)
                                                      0.147     2.085    u_cpu/inner_cpu/dcache/tag_way0_reg_0_63_9_11/RAMA
  -------------------------------------------------------------------
                         required time                         -2.085    
                         arrival time                           2.145    
  -------------------------------------------------------------------
                         slack                                  0.060    





Pulse Width Checks
--------------------------------------------------------------------------------------
Clock Name:         cpu_clk
Waveform(ns):       { 0.000 15.625 }
Period(ns):         31.250
Sources:            { fpga_pll.u_clk_pll/inst/plle2_adv_inst/CLKOUT0 }

Check Type        Corner  Lib Pin             Reference Pin  Required(ns)  Actual(ns)  Slack(ns)  Location        Pin
Min Period        n/a     RAMB36E1/CLKARDCLK  n/a            2.170         31.250      29.080     RAMB36_X1Y24    u_cpu/inner_cpu/dcache/dcache_way0_ram/mem_reg_0/CLKARDCLK
Max Period        n/a     PLLE2_ADV/CLKOUT0   n/a            160.000       31.250      128.750    PLLE2_ADV_X0Y2  fpga_pll.u_clk_pll/inst/plle2_adv_inst/CLKOUT0
Low Pulse Width   Slow    RAMD32/CLK          n/a            1.130         15.625      14.495     SLICE_X42Y176   u_axi_clock_sync/arFifo/ram_reg_0_3_0_5/RAMA/CLK
High Pulse Width  Slow    RAMD32/CLK          n/a            1.130         15.625      14.495     SLICE_X42Y176   u_axi_clock_sync/arFifo/ram_reg_0_3_0_5/RAMA/CLK



---------------------------------------------------------------------------------------------------
From Clock:  ddr_clk
  To Clock:  ddr_clk

Setup :            0  Failing Endpoints,  Worst Slack        2.693ns,  Total Violation        0.000ns
Hold  :            0  Failing Endpoints,  Worst Slack        0.121ns,  Total Violation        0.000ns
PW    :            0  Failing Endpoints,  Worst Slack        0.264ns,  Total Violation        0.000ns
---------------------------------------------------------------------------------------------------


Max Delay Paths
--------------------------------------------------------------------------------------
Slack (MET) :             2.693ns  (required time - arrival time)
  Source:                 ddr3.u_axi_wrap_ddr/mig_axi/u_mig_axi_32_mig/temp_mon_enabled.u_tempmon/xadc_supplied_temperature.rst_r2_reg/C
                            (rising edge-triggered cell FDRE clocked by ddr_clk  {rise@0.000ns fall@2.500ns period=5.000ns})
  Destination:            ddr3.u_axi_wrap_ddr/mig_axi/u_mig_axi_32_mig/temp_mon_enabled.u_tempmon/xadc_supplied_temperature.sample_timer_reg[3]/R
                            (rising edge-triggered cell FDRE clocked by ddr_clk  {rise@0.000ns fall@2.500ns period=5.000ns})
  Path Group:             ddr_clk
  Path Type:              Setup (Max at Slow Process Corner)
  Requirement:            5.000ns  (ddr_clk rise@5.000ns - ddr_clk rise@0.000ns)
  Data Path Delay:        1.843ns  (logic 0.590ns (32.008%)  route 1.253ns (67.992%))
  Logic Levels:           1  (LUT2=1)
  Clock Path Skew:        -0.045ns (DCD - SCD + CPR)
    Destination Clock Delay (DCD):    5.259ns = ( 10.259 - 5.000 ) 
    Source Clock Delay      (SCD):    5.571ns
    Clock Pessimism Removal (CPR):    0.267ns
  Clock Uncertainty:      0.067ns  ((TSJ^2 + DJ^2)^1/2) / 2 + PE
    Total System Jitter     (TSJ):    0.071ns
    Discrete Jitter          (DJ):    0.113ns
    Phase Error              (PE):    0.000ns

    Location             Delay type                Incr(ns)  Path(ns)    Netlist Resource(s)
  -------------------------------------------------------------------    -------------------
                         (clock ddr_clk rise edge)    0.000     0.000 r  
    AC19                                              0.000     0.000 r  clk (IN)
                         net (fo=0)                   0.000     0.000    clk
    AC19                 IBUF (Prop_ibuf_I_O)         1.416     1.416 r  clk_IBUF_inst/O
                         net (fo=1, routed)           2.602     4.018    clk_IBUF
    BUFGCTRL_X0Y0        BUFG (Prop_bufg_I_O)         0.081     4.099 r  clk_IBUF_BUFG_inst/O
                         net (fo=2166, routed)        1.823     5.922    fpga_pll.u_clk_pll_ddr/inst/clk_in1
    PLLE2_ADV_X1Y0       PLLE2_ADV (Prop_plle2_adv_CLKIN1_CLKOUT0)
                                                     -4.192     1.730 r  fpga_pll.u_clk_pll_ddr/inst/plle2_adv_inst/CLKOUT0
                         net (fo=1, routed)           2.288     4.018    fpga_pll.u_clk_pll_ddr/inst/ddr_clk_clk_pll_ddr
    BUFGCTRL_X0Y1        BUFG (Prop_bufg_I_O)         0.081     4.099 r  fpga_pll.u_clk_pll_ddr/inst/clkout1_buf/O
                         net (fo=62, routed)          1.472     5.571    ddr3.u_axi_wrap_ddr/mig_axi/u_mig_axi_32_mig/temp_mon_enabled.u_tempmon/clk_ref_i
    SLICE_X11Y178        FDRE                                         r  ddr3.u_axi_wrap_ddr/mig_axi/u_mig_axi_32_mig/temp_mon_enabled.u_tempmon/xadc_supplied_temperature.rst_r2_reg/C
  -------------------------------------------------------------------    -------------------
    SLICE_X11Y178        FDRE (Prop_fdre_C_Q)         0.348     5.919 r  ddr3.u_axi_wrap_ddr/mig_axi/u_mig_axi_32_mig/temp_mon_enabled.u_tempmon/xadc_supplied_temperature.rst_r2_reg/Q
                         net (fo=32, routed)          0.696     6.615    ddr3.u_axi_wrap_ddr/mig_axi/u_mig_axi_32_mig/temp_mon_enabled.u_tempmon/xadc_supplied_temperature.rst_r2
    SLICE_X17Y174        LUT2 (Prop_lut2_I0_O)        0.242     6.857 r  ddr3.u_axi_wrap_ddr/mig_axi/u_mig_axi_32_mig/temp_mon_enabled.u_tempmon/xadc_supplied_temperature.sample_timer[10]_i_1/O
                         net (fo=11, routed)          0.557     7.414    ddr3.u_axi_wrap_ddr/mig_axi/u_mig_axi_32_mig/temp_mon_enabled.u_tempmon/xadc_supplied_temperature.sample_timer0
    SLICE_X19Y175        FDRE                                         r  ddr3.u_axi_wrap_ddr/mig_axi/u_mig_axi_32_mig/temp_mon_enabled.u_tempmon/xadc_supplied_temperature.sample_timer_reg[3]/R
  -------------------------------------------------------------------    -------------------

                         (clock ddr_clk rise edge)    5.000     5.000 r  
    AC19                                              0.000     5.000 r  clk (IN)
                         net (fo=0)                   0.000     5.000    clk
    AC19                 IBUF (Prop_ibuf_I_O)         1.350     6.350 r  clk_IBUF_inst/O
                         net (fo=1, routed)           2.471     8.821    clk_IBUF
    BUFGCTRL_X0Y0        BUFG (Prop_bufg_I_O)         0.077     8.898 r  clk_IBUF_BUFG_inst/O
                         net (fo=2166, routed)        1.706    10.604    fpga_pll.u_clk_pll_ddr/inst/clk_in1
    PLLE2_ADV_X1Y0       PLLE2_ADV (Prop_plle2_adv_CLKIN1_CLKOUT0)
                                                     -3.960     6.644 r  fpga_pll.u_clk_pll_ddr/inst/plle2_adv_inst/CLKOUT0
                         net (fo=1, routed)           2.177     8.821    fpga_pll.u_clk_pll_ddr/inst/ddr_clk_clk_pll_ddr
    BUFGCTRL_X0Y1        BUFG (Prop_bufg_I_O)         0.077     8.898 r  fpga_pll.u_clk_pll_ddr/inst/clkout1_buf/O
                         net (fo=62, routed)          1.361    10.259    ddr3.u_axi_wrap_ddr/mig_axi/u_mig_axi_32_mig/temp_mon_enabled.u_tempmon/clk_ref_i
    SLICE_X19Y175        FDRE                                         r  ddr3.u_axi_wrap_ddr/mig_axi/u_mig_axi_32_mig/temp_mon_enabled.u_tempmon/xadc_supplied_temperature.sample_timer_reg[3]/C
                         clock pessimism              0.267    10.526    
                         clock uncertainty           -0.067    10.459    
    SLICE_X19Y175        FDRE (Setup_fdre_C_R)       -0.352    10.107    ddr3.u_axi_wrap_ddr/mig_axi/u_mig_axi_32_mig/temp_mon_enabled.u_tempmon/xadc_supplied_temperature.sample_timer_reg[3]
  -------------------------------------------------------------------
                         required time                         10.107    
                         arrival time                          -7.414    
  -------------------------------------------------------------------
                         slack                                  2.693    





Min Delay Paths
--------------------------------------------------------------------------------------
Slack (MET) :             0.121ns  (arrival time - required time)
  Source:                 ddr3.u_axi_wrap_ddr/mig_axi/u_mig_axi_32_mig/temp_mon_enabled.u_tempmon/xadc_supplied_temperature.rst_r1_reg/C
                            (rising edge-triggered cell FDRE clocked by ddr_clk  {rise@0.000ns fall@2.500ns period=5.000ns})
  Destination:            ddr3.u_axi_wrap_ddr/mig_axi/u_mig_axi_32_mig/temp_mon_enabled.u_tempmon/xadc_supplied_temperature.rst_r2_reg/D
                            (rising edge-triggered cell FDRE clocked by ddr_clk  {rise@0.000ns fall@2.500ns period=5.000ns})
  Path Group:             ddr_clk
  Path Type:              Hold (Min at Fast Process Corner)
  Requirement:            0.000ns  (ddr_clk rise@0.000ns - ddr_clk rise@0.000ns)
  Data Path Delay:        0.196ns  (logic 0.141ns (71.838%)  route 0.055ns (28.162%))
  Logic Levels:           0  
  Clock Path Skew:        0.000ns (DCD - SCD - CPR)
    Destination Clock Delay (DCD):    2.514ns
    Source Clock Delay      (SCD):    1.967ns
    Clock Pessimism Removal (CPR):    0.547ns

    Location             Delay type                Incr(ns)  Path(ns)    Netlist Resource(s)
  -------------------------------------------------------------------    -------------------
                         (clock ddr_clk rise edge)    0.000     0.000 r  
    AC19                                              0.000     0.000 r  clk (IN)
                         net (fo=0)                   0.000     0.000    clk
    AC19                 IBUF (Prop_ibuf_I_O)         0.253     0.253 r  clk_IBUF_inst/O
                         net (fo=1, routed)           1.074     1.327    clk_IBUF
    BUFGCTRL_X0Y0        BUFG (Prop_bufg_I_O)         0.026     1.353 r  clk_IBUF_BUFG_inst/O
                         net (fo=2166, routed)        0.750     2.103    fpga_pll.u_clk_pll_ddr/inst/clk_in1
    PLLE2_ADV_X1Y0       PLLE2_ADV (Prop_plle2_adv_CLKIN1_CLKOUT0)
                                                     -1.703     0.400 r  fpga_pll.u_clk_pll_ddr/inst/plle2_adv_inst/CLKOUT0
                         net (fo=1, routed)           0.927     1.327    fpga_pll.u_clk_pll_ddr/inst/ddr_clk_clk_pll_ddr
    BUFGCTRL_X0Y1        BUFG (Prop_bufg_I_O)         0.026     1.353 r  fpga_pll.u_clk_pll_ddr/inst/clkout1_buf/O
                         net (fo=62, routed)          0.615     1.967    ddr3.u_axi_wrap_ddr/mig_axi/u_mig_axi_32_mig/temp_mon_enabled.u_tempmon/clk_ref_i
    SLICE_X11Y178        FDRE                                         r  ddr3.u_axi_wrap_ddr/mig_axi/u_mig_axi_32_mig/temp_mon_enabled.u_tempmon/xadc_supplied_temperature.rst_r1_reg/C
  -------------------------------------------------------------------    -------------------
    SLICE_X11Y178        FDRE (Prop_fdre_C_Q)         0.141     2.108 r  ddr3.u_axi_wrap_ddr/mig_axi/u_mig_axi_32_mig/temp_mon_enabled.u_tempmon/xadc_supplied_temperature.rst_r1_reg/Q
                         net (fo=1, routed)           0.055     2.164    ddr3.u_axi_wrap_ddr/mig_axi/u_mig_axi_32_mig/temp_mon_enabled.u_tempmon/xadc_supplied_temperature.rst_r1
    SLICE_X11Y178        FDRE                                         r  ddr3.u_axi_wrap_ddr/mig_axi/u_mig_axi_32_mig/temp_mon_enabled.u_tempmon/xadc_supplied_temperature.rst_r2_reg/D
  -------------------------------------------------------------------    -------------------

                         (clock ddr_clk rise edge)    0.000     0.000 r  
    AC19                                              0.000     0.000 r  clk (IN)
                         net (fo=0)                   0.000     0.000    clk
    AC19                 IBUF (Prop_ibuf_I_O)         0.441     0.441 r  clk_IBUF_inst/O
                         net (fo=1, routed)           1.160     1.601    clk_IBUF
    BUFGCTRL_X0Y0        BUFG (Prop_bufg_I_O)         0.029     1.630 r  clk_IBUF_BUFG_inst/O
                         net (fo=2166, routed)        1.027     2.656    fpga_pll.u_clk_pll_ddr/inst/clk_in1
    PLLE2_ADV_X1Y0       PLLE2_ADV (Prop_plle2_adv_CLKIN1_CLKOUT0)
                                                     -2.061     0.596 r  fpga_pll.u_clk_pll_ddr/inst/plle2_adv_inst/CLKOUT0
                         net (fo=1, routed)           1.005     1.601    fpga_pll.u_clk_pll_ddr/inst/ddr_clk_clk_pll_ddr
    BUFGCTRL_X0Y1        BUFG (Prop_bufg_I_O)         0.029     1.630 r  fpga_pll.u_clk_pll_ddr/inst/clkout1_buf/O
                         net (fo=62, routed)          0.885     2.514    ddr3.u_axi_wrap_ddr/mig_axi/u_mig_axi_32_mig/temp_mon_enabled.u_tempmon/clk_ref_i
    SLICE_X11Y178        FDRE                                         r  ddr3.u_axi_wrap_ddr/mig_axi/u_mig_axi_32_mig/temp_mon_enabled.u_tempmon/xadc_supplied_temperature.rst_r2_reg/C
                         clock pessimism             -0.547     1.967    
    SLICE_X11Y178        FDRE (Hold_fdre_C_D)         0.075     2.042    ddr3.u_axi_wrap_ddr/mig_axi/u_mig_axi_32_mig/temp_mon_enabled.u_tempmon/xadc_supplied_temperature.rst_r2_reg
  -------------------------------------------------------------------
                         required time                         -2.042    
                         arrival time                           2.164    
  -------------------------------------------------------------------
                         slack                                  0.121    





Pulse Width Checks
--------------------------------------------------------------------------------------
Clock Name:         ddr_clk
Waveform(ns):       { 0.000 2.500 }
Period(ns):         5.000
Sources:            { fpga_pll.u_clk_pll_ddr/inst/plle2_adv_inst/CLKOUT0 }

Check Type        Corner  Lib Pin            Reference Pin  Required(ns)  Actual(ns)  Slack(ns)  Location         Pin
Min Period        n/a     XADC/DCLK          n/a            4.000         5.000       1.000      XADC_X0Y0        ddr3.u_axi_wrap_ddr/mig_axi/u_mig_axi_32_mig/temp_mon_enabled.u_tempmon/xadc_supplied_temperature.XADC_inst/DCLK
Max Period        n/a     IDELAYCTRL/REFCLK  n/a            5.264         5.000       0.264      IDELAYCTRL_X0Y4  ddr3.u_axi_wrap_ddr/mig_axi/u_mig_axi_32_mig/u_iodelay_ctrl/u_idelayctrl_200/REFCLK
Low Pulse Width   Slow    FDSE/C             n/a            0.500         2.500       2.000      SLICE_X17Y177    ddr3.u_axi_wrap_ddr/mig_axi/u_mig_axi_32_mig/temp_mon_enabled.u_tempmon/FSM_onehot_xadc_supplied_temperature.tempmon_state_reg[0]/C
High Pulse Width  Slow    FDSE/C             n/a            0.500         2.500       2.000      SLICE_X17Y177    ddr3.u_axi_wrap_ddr/mig_axi/u_mig_axi_32_mig/temp_mon_enabled.u_tempmon/FSM_onehot_xadc_supplied_temperature.tempmon_state_reg[0]/C



---------------------------------------------------------------------------------------------------
From Clock:  freq_refclk
  To Clock:  freq_refclk

Setup :           NA  Failing Endpoints,  Worst Slack           NA  ,  Total Violation           NA
Hold  :           NA  Failing Endpoints,  Worst Slack           NA  ,  Total Violation           NA
PW    :            0  Failing Endpoints,  Worst Slack        0.001ns,  Total Violation        0.000ns
---------------------------------------------------------------------------------------------------


Pulse Width Checks
--------------------------------------------------------------------------------------
Clock Name:         freq_refclk
Waveform(ns):       { 0.000 0.625 }
Period(ns):         1.250
Sources:            { ddr3.u_axi_wrap_ddr/mig_axi/u_mig_axi_32_mig/u_ddr3_infrastructure/plle2_i/CLKOUT0 }

Check Type        Corner  Lib Pin                    Reference Pin  Required(ns)  Actual(ns)  Slack(ns)  Location              Pin
Min Period        n/a     PLLE2_ADV/CLKOUT0          n/a            1.249         1.250       0.001      PLLE2_ADV_X0Y4        ddr3.u_axi_wrap_ddr/mig_axi/u_mig_axi_32_mig/u_ddr3_infrastructure/plle2_i/CLKOUT0
Max Period        n/a     PHASER_OUT_PHY/FREQREFCLK  n/a            2.500         1.250       1.250      PHASER_OUT_PHY_X0Y16  ddr3.u_axi_wrap_ddr/mig_axi/u_mig_axi_32_mig/u_memc_ui_top_axi/mem_intfc0/ddr_phy_top0/u_ddr_mc_phy_wrapper/u_ddr_mc_phy/ddr_phy_4lanes_0.u_ddr_phy_4lanes/ddr_byte_lane_A.ddr_byte_lane_A/phaser_out/FREQREFCLK
Low Pulse Width   Slow    PHASER_REF/CLKIN           n/a            0.482         0.625       0.143      PHASER_REF_X0Y4       ddr3.u_axi_wrap_ddr/mig_axi/u_mig_axi_32_mig/u_memc_ui_top_axi/mem_intfc0/ddr_phy_top0/u_ddr_mc_phy_wrapper/u_ddr_mc_phy/ddr_phy_4lanes_0.u_ddr_phy_4lanes/phaser_ref_i/CLKIN
High Pulse Width  Slow    PHASER_IN_PHY/FREQREFCLK   n/a            0.482         0.625       0.143      PHASER_IN_PHY_X0Y16   ddr3.u_axi_wrap_ddr/mig_axi/u_mig_axi_32_mig/u_memc_ui_top_axi/mem_intfc0/ddr_phy_top0/u_ddr_mc_phy_wrapper/u_ddr_mc_phy/ddr_phy_4lanes_0.u_ddr_phy_4lanes/ddr_byte_lane_A.ddr_byte_lane_A/phaser_in_gen.phaser_in/FREQREFCLK



---------------------------------------------------------------------------------------------------
From Clock:  u_memc_ui_top_axi/mem_intfc0/ddr_phy_top0/u_ddr_mc_phy_wrapper/u_ddr_mc_phy/ddr_phy_4lanes_0.u_ddr_phy_4lanes/ddr_byte_lane_A.ddr_byte_lane_A/iserdes_clk
  To Clock:  u_memc_ui_top_axi/mem_intfc0/ddr_phy_top0/u_ddr_mc_phy_wrapper/u_ddr_mc_phy/ddr_phy_4lanes_0.u_ddr_phy_4lanes/ddr_byte_lane_A.ddr_byte_lane_A/iserdes_clk

Setup :           NA  Failing Endpoints,  Worst Slack           NA  ,  Total Violation           NA
Hold  :           NA  Failing Endpoints,  Worst Slack           NA  ,  Total Violation           NA
PW    :            0  Failing Endpoints,  Worst Slack        1.029ns,  Total Violation        0.000ns
---------------------------------------------------------------------------------------------------


Pulse Width Checks
--------------------------------------------------------------------------------------
Clock Name:         u_memc_ui_top_axi/mem_intfc0/ddr_phy_top0/u_ddr_mc_phy_wrapper/u_ddr_mc_phy/ddr_phy_4lanes_0.u_ddr_phy_4lanes/ddr_byte_lane_A.ddr_byte_lane_A/iserdes_clk
Waveform(ns):       { 0.000 1.250 }
Period(ns):         2.500
Sources:            { ddr3.u_axi_wrap_ddr/mig_axi/u_mig_axi_32_mig/u_memc_ui_top_axi/mem_intfc0/ddr_phy_top0/u_ddr_mc_phy_wrapper/u_ddr_mc_phy/ddr_phy_4lanes_0.u_ddr_phy_4lanes/ddr_byte_lane_A.ddr_byte_lane_A/phaser_in_gen.phaser_in/ICLK }

Check Type  Corner  Lib Pin        Reference Pin  Required(ns)  Actual(ns)  Slack(ns)  Location       Pin
Min Period  n/a     ISERDESE2/CLK  n/a            1.471         2.500       1.029      ILOGIC_X0Y203  ddr3.u_axi_wrap_ddr/mig_axi/u_mig_axi_32_mig/u_memc_ui_top_axi/mem_intfc0/ddr_phy_top0/u_ddr_mc_phy_wrapper/u_ddr_mc_phy/ddr_phy_4lanes_0.u_ddr_phy_4lanes/ddr_byte_lane_A.ddr_byte_lane_A/ddr_byte_group_io/input_[2].iserdes_dq_.iserdesdq/CLK



---------------------------------------------------------------------------------------------------
From Clock:  iserdes_clkdiv
  To Clock:  iserdes_clkdiv

Setup :            0  Failing Endpoints,  Worst Slack        8.285ns,  Total Violation        0.000ns
Hold  :            0  Failing Endpoints,  Worst Slack        0.071ns,  Total Violation        0.000ns
PW    :            0  Failing Endpoints,  Worst Slack        2.850ns,  Total Violation        0.000ns
---------------------------------------------------------------------------------------------------


Max Delay Paths
--------------------------------------------------------------------------------------
Slack (MET) :             8.285ns  (required time - arrival time)
  Source:                 ddr3.u_axi_wrap_ddr/mig_axi/u_mig_axi_32_mig/u_memc_ui_top_axi/mem_intfc0/ddr_phy_top0/u_ddr_mc_phy_wrapper/u_ddr_mc_phy/ddr_phy_4lanes_0.u_ddr_phy_4lanes/ddr_byte_lane_A.ddr_byte_lane_A/ddr_byte_group_io/input_[2].iserdes_dq_.iserdesdq/CLKDIVP
                            (rising edge-triggered cell ISERDESE2 clocked by iserdes_clkdiv  {rise@0.000ns fall@5.000ns period=10.000ns})
  Destination:            ddr3.u_axi_wrap_ddr/mig_axi/u_mig_axi_32_mig/u_memc_ui_top_axi/mem_intfc0/ddr_phy_top0/u_ddr_mc_phy_wrapper/u_ddr_mc_phy/ddr_phy_4lanes_0.u_ddr_phy_4lanes/ddr_byte_lane_A.ddr_byte_lane_A/in_fifo_gen.in_fifo/D2[0]
                            (rising edge-triggered cell IN_FIFO clocked by iserdes_clkdiv  {rise@0.000ns fall@5.000ns period=10.000ns})
  Path Group:             iserdes_clkdiv
  Path Type:              Setup (Max at Slow Process Corner)
  Requirement:            10.000ns  (iserdes_clkdiv rise@10.000ns - iserdes_clkdiv rise@0.000ns)
  Data Path Delay:        0.793ns  (logic 0.372ns (46.908%)  route 0.421ns (53.092%))
  Logic Levels:           0  
  Clock Path Skew:        -0.397ns (DCD - SCD + CPR)
    Destination Clock Delay (DCD):    7.598ns = ( 17.598 - 10.000 ) 
    Source Clock Delay      (SCD):    8.380ns
    Clock Pessimism Removal (CPR):    0.385ns
  Clock Uncertainty:      0.059ns  ((TSJ^2 + DJ^2)^1/2) / 2 + PE
    Total System Jitter     (TSJ):    0.071ns
    Discrete Jitter          (DJ):    0.096ns
    Phase Error              (PE):    0.000ns

    Location             Delay type                Incr(ns)  Path(ns)    Netlist Resource(s)
  -------------------------------------------------------------------    -------------------
                         (clock iserdes_clkdiv rise edge)
                                                      0.000     0.000 r  
    AC19                                              0.000     0.000 r  clk (IN)
                         net (fo=0)                   0.000     0.000    clk
    AC19                 IBUF (Prop_ibuf_I_O)         1.416     1.416 r  clk_IBUF_inst/O
                         net (fo=1, routed)           2.602     4.018    clk_IBUF
    BUFGCTRL_X0Y0        BUFG (Prop_bufg_I_O)         0.081     4.099 r  clk_IBUF_BUFG_inst/O
                         net (fo=2166, routed)        1.696     5.795    ddr3.u_axi_wrap_ddr/mig_axi/u_mig_axi_32_mig/u_ddr3_infrastructure/mmcm_clk
    PLLE2_ADV_X0Y4       PLLE2_ADV (Prop_plle2_adv_CLKIN1_CLKOUT0)
                                                      0.077     5.872 r  ddr3.u_axi_wrap_ddr/mig_axi/u_mig_axi_32_mig/u_ddr3_infrastructure/plle2_i/CLKOUT0
                         net (fo=7, routed)           0.529     6.401    ddr3.u_axi_wrap_ddr/mig_axi/u_mig_axi_32_mig/u_memc_ui_top_axi/mem_intfc0/ddr_phy_top0/u_ddr_mc_phy_wrapper/u_ddr_mc_phy/ddr_phy_4lanes_0.u_ddr_phy_4lanes/ddr_byte_lane_A.ddr_byte_lane_A/freq_refclk
    PHASER_IN_PHY_X0Y16  PHASER_IN_PHY (Prop_phaser_in_phy_FREQREFCLK_ICLK)
                                                      1.428     7.829 r  ddr3.u_axi_wrap_ddr/mig_axi/u_mig_axi_32_mig/u_memc_ui_top_axi/mem_intfc0/ddr_phy_top0/u_ddr_mc_phy_wrapper/u_ddr_mc_phy/ddr_phy_4lanes_0.u_ddr_phy_4lanes/ddr_byte_lane_A.ddr_byte_lane_A/phaser_in_gen.phaser_in/ICLK
    PHASER_IN_PHY_X0Y16  PHASER_IN_PHY (Prop_phaser_in_phy_ICLK_ICLKDIV)
                                                      0.154     7.983 r  ddr3.u_axi_wrap_ddr/mig_axi/u_mig_axi_32_mig/u_memc_ui_top_axi/mem_intfc0/ddr_phy_top0/u_ddr_mc_phy_wrapper/u_ddr_mc_phy/ddr_phy_4lanes_0.u_ddr_phy_4lanes/ddr_byte_lane_A.ddr_byte_lane_A/phaser_in_gen.phaser_in/ICLKDIV
                         net (fo=9, routed)           0.397     8.380    ddr3.u_axi_wrap_ddr/mig_axi/u_mig_axi_32_mig/u_memc_ui_top_axi/mem_intfc0/ddr_phy_top0/u_ddr_mc_phy_wrapper/u_ddr_mc_phy/ddr_phy_4lanes_0.u_ddr_phy_4lanes/ddr_byte_lane_A.ddr_byte_lane_A/ddr_byte_group_io/iserdes_clkdiv
    ILOGIC_X0Y203        ISERDESE2                                    r  ddr3.u_axi_wrap_ddr/mig_axi/u_mig_axi_32_mig/u_memc_ui_top_axi/mem_intfc0/ddr_phy_top0/u_ddr_mc_phy_wrapper/u_ddr_mc_phy/ddr_phy_4lanes_0.u_ddr_phy_4lanes/ddr_byte_lane_A.ddr_byte_lane_A/ddr_byte_group_io/input_[2].iserdes_dq_.iserdesdq/CLKDIVP
  -------------------------------------------------------------------    -------------------
    ILOGIC_X0Y203        ISERDESE2 (Prop_iserdese2_CLKDIVP_Q4)
                                                      0.372     8.752 r  ddr3.u_axi_wrap_ddr/mig_axi/u_mig_axi_32_mig/u_memc_ui_top_axi/mem_intfc0/ddr_phy_top0/u_ddr_mc_phy_wrapper/u_ddr_mc_phy/ddr_phy_4lanes_0.u_ddr_phy_4lanes/ddr_byte_lane_A.ddr_byte_lane_A/ddr_byte_group_io/input_[2].iserdes_dq_.iserdesdq/Q4
                         net (fo=1, routed)           0.421     9.173    ddr3.u_axi_wrap_ddr/mig_axi/u_mig_axi_32_mig/u_memc_ui_top_axi/mem_intfc0/ddr_phy_top0/u_ddr_mc_phy_wrapper/u_ddr_mc_phy/ddr_phy_4lanes_0.u_ddr_phy_4lanes/ddr_byte_lane_A.ddr_byte_lane_A/if_d2[0]
    IN_FIFO_X0Y16        IN_FIFO                                      r  ddr3.u_axi_wrap_ddr/mig_axi/u_mig_axi_32_mig/u_memc_ui_top_axi/mem_intfc0/ddr_phy_top0/u_ddr_mc_phy_wrapper/u_ddr_mc_phy/ddr_phy_4lanes_0.u_ddr_phy_4lanes/ddr_byte_lane_A.ddr_byte_lane_A/in_fifo_gen.in_fifo/D2[0]
  -------------------------------------------------------------------    -------------------

                         (clock iserdes_clkdiv rise edge)
                                                     10.000    10.000 r  
    AC19                                              0.000    10.000 r  clk (IN)
                         net (fo=0)                   0.000    10.000    clk
    AC19                 IBUF (Prop_ibuf_I_O)         1.350    11.350 r  clk_IBUF_inst/O
                         net (fo=1, routed)           2.471    13.821    clk_IBUF
    BUFGCTRL_X0Y0        BUFG (Prop_bufg_I_O)         0.077    13.898 r  clk_IBUF_BUFG_inst/O
                         net (fo=2166, routed)        1.586    15.484    ddr3.u_axi_wrap_ddr/mig_axi/u_mig_axi_32_mig/u_ddr3_infrastructure/mmcm_clk
    PLLE2_ADV_X0Y4       PLLE2_ADV (Prop_plle2_adv_CLKIN1_CLKOUT0)
                                                      0.073    15.557 r  ddr3.u_axi_wrap_ddr/mig_axi/u_mig_axi_32_mig/u_ddr3_infrastructure/plle2_i/CLKOUT0
                         net (fo=7, routed)           0.502    16.059    ddr3.u_axi_wrap_ddr/mig_axi/u_mig_axi_32_mig/u_memc_ui_top_axi/mem_intfc0/ddr_phy_top0/u_ddr_mc_phy_wrapper/u_ddr_mc_phy/ddr_phy_4lanes_0.u_ddr_phy_4lanes/ddr_byte_lane_A.ddr_byte_lane_A/freq_refclk
    PHASER_IN_PHY_X0Y16  PHASER_IN_PHY (Prop_phaser_in_phy_FREQREFCLK_ICLK)
                                                      1.394    17.453 r  ddr3.u_axi_wrap_ddr/mig_axi/u_mig_axi_32_mig/u_memc_ui_top_axi/mem_intfc0/ddr_phy_top0/u_ddr_mc_phy_wrapper/u_ddr_mc_phy/ddr_phy_4lanes_0.u_ddr_phy_4lanes/ddr_byte_lane_A.ddr_byte_lane_A/phaser_in_gen.phaser_in/ICLK
    PHASER_IN_PHY_X0Y16  PHASER_IN_PHY (Prop_phaser_in_phy_ICLK_ICLKDIV)
                                                      0.145    17.598 r  ddr3.u_axi_wrap_ddr/mig_axi/u_mig_axi_32_mig/u_memc_ui_top_axi/mem_intfc0/ddr_phy_top0/u_ddr_mc_phy_wrapper/u_ddr_mc_phy/ddr_phy_4lanes_0.u_ddr_phy_4lanes/ddr_byte_lane_A.ddr_byte_lane_A/phaser_in_gen.phaser_in/ICLKDIV
                         net (fo=9, routed)           0.000    17.598    ddr3.u_axi_wrap_ddr/mig_axi/u_mig_axi_32_mig/u_memc_ui_top_axi/mem_intfc0/ddr_phy_top0/u_ddr_mc_phy_wrapper/u_ddr_mc_phy/ddr_phy_4lanes_0.u_ddr_phy_4lanes/ddr_byte_lane_A.ddr_byte_lane_A/iserdes_clkdiv
    IN_FIFO_X0Y16        IN_FIFO                                      r  ddr3.u_axi_wrap_ddr/mig_axi/u_mig_axi_32_mig/u_memc_ui_top_axi/mem_intfc0/ddr_phy_top0/u_ddr_mc_phy_wrapper/u_ddr_mc_phy/ddr_phy_4lanes_0.u_ddr_phy_4lanes/ddr_byte_lane_A.ddr_byte_lane_A/in_fifo_gen.in_fifo/WRCLK
                         clock pessimism              0.385    17.983    
                         clock uncertainty           -0.059    17.924    
    IN_FIFO_X0Y16        IN_FIFO (Setup_in_fifo_WRCLK_D2[0])
                                                     -0.466    17.458    ddr3.u_axi_wrap_ddr/mig_axi/u_mig_axi_32_mig/u_memc_ui_top_axi/mem_intfc0/ddr_phy_top0/u_ddr_mc_phy_wrapper/u_ddr_mc_phy/ddr_phy_4lanes_0.u_ddr_phy_4lanes/ddr_byte_lane_A.ddr_byte_lane_A/in_fifo_gen.in_fifo
  -------------------------------------------------------------------
                         required time                         17.458    
                         arrival time                          -9.173    
  -------------------------------------------------------------------
                         slack                                  8.285    





Min Delay Paths
--------------------------------------------------------------------------------------
Slack (MET) :             0.071ns  (arrival time - required time)
  Source:                 ddr3.u_axi_wrap_ddr/mig_axi/u_mig_axi_32_mig/u_memc_ui_top_axi/mem_intfc0/ddr_phy_top0/u_ddr_mc_phy_wrapper/u_ddr_mc_phy/ddr_phy_4lanes_0.u_ddr_phy_4lanes/ddr_byte_lane_A.ddr_byte_lane_A/phaser_in_gen.phaser_in/ICLKDIV
                            (rising edge-triggered cell PHASER_IN_PHY clocked by iserdes_clkdiv  {rise@0.000ns fall@5.000ns period=10.000ns})
  Destination:            ddr3.u_axi_wrap_ddr/mig_axi/u_mig_axi_32_mig/u_memc_ui_top_axi/mem_intfc0/ddr_phy_top0/u_ddr_mc_phy_wrapper/u_ddr_mc_phy/ddr_phy_4lanes_0.u_ddr_phy_4lanes/ddr_byte_lane_A.ddr_byte_lane_A/in_fifo_gen.in_fifo/WREN
                            (rising edge-triggered cell IN_FIFO clocked by iserdes_clkdiv  {rise@0.000ns fall@5.000ns period=10.000ns})
  Path Group:             iserdes_clkdiv
  Path Type:              Hold (Min at Fast Process Corner)
  Requirement:            0.000ns  (iserdes_clkdiv rise@0.000ns - iserdes_clkdiv rise@0.000ns)
  Data Path Delay:        0.058ns  (logic 0.058ns (100.000%)  route 0.000ns (0.000%))
  Logic Levels:           0  
  Clock Path Skew:        0.000ns (DCD - SCD - CPR)
    Destination Clock Delay (DCD):    4.200ns
    Source Clock Delay      (SCD):    3.594ns
    Clock Pessimism Removal (CPR):    0.606ns

    Location             Delay type                Incr(ns)  Path(ns)    Netlist Resource(s)
  -------------------------------------------------------------------    -------------------
                         (clock iserdes_clkdiv rise edge)
                                                      0.000     0.000 r  
    AC19                                              0.000     0.000 r  clk (IN)
                         net (fo=0)                   0.000     0.000    clk
    AC19                 IBUF (Prop_ibuf_I_O)         0.253     0.253 r  clk_IBUF_inst/O
                         net (fo=1, routed)           1.074     1.327    clk_IBUF
    BUFGCTRL_X0Y0        BUFG (Prop_bufg_I_O)         0.026     1.353 r  clk_IBUF_BUFG_inst/O
                         net (fo=2166, routed)        0.701     2.054    ddr3.u_axi_wrap_ddr/mig_axi/u_mig_axi_32_mig/u_ddr3_infrastructure/mmcm_clk
    PLLE2_ADV_X0Y4       PLLE2_ADV (Prop_plle2_adv_CLKIN1_CLKOUT0)
                                                      0.050     2.104 r  ddr3.u_axi_wrap_ddr/mig_axi/u_mig_axi_32_mig/u_ddr3_infrastructure/plle2_i/CLKOUT0
                         net (fo=7, routed)           0.205     2.309    ddr3.u_axi_wrap_ddr/mig_axi/u_mig_axi_32_mig/u_memc_ui_top_axi/mem_intfc0/ddr_phy_top0/u_ddr_mc_phy_wrapper/u_ddr_mc_phy/ddr_phy_4lanes_0.u_ddr_phy_4lanes/ddr_byte_lane_A.ddr_byte_lane_A/freq_refclk
    PHASER_IN_PHY_X0Y16  PHASER_IN_PHY (Prop_phaser_in_phy_FREQREFCLK_ICLK)
                                                      1.195     3.504 r  ddr3.u_axi_wrap_ddr/mig_axi/u_mig_axi_32_mig/u_memc_ui_top_axi/mem_intfc0/ddr_phy_top0/u_ddr_mc_phy_wrapper/u_ddr_mc_phy/ddr_phy_4lanes_0.u_ddr_phy_4lanes/ddr_byte_lane_A.ddr_byte_lane_A/phaser_in_gen.phaser_in/ICLK
    PHASER_IN_PHY_X0Y16  PHASER_IN_PHY (Prop_phaser_in_phy_ICLK_ICLKDIV)
                                                      0.090     3.594 r  ddr3.u_axi_wrap_ddr/mig_axi/u_mig_axi_32_mig/u_memc_ui_top_axi/mem_intfc0/ddr_phy_top0/u_ddr_mc_phy_wrapper/u_ddr_mc_phy/ddr_phy_4lanes_0.u_ddr_phy_4lanes/ddr_byte_lane_A.ddr_byte_lane_A/phaser_in_gen.phaser_in/ICLKDIV
  -------------------------------------------------------------------    -------------------
    PHASER_IN_PHY_X0Y16  PHASER_IN_PHY (Prop_phaser_in_phy_ICLKDIV_WRENABLE)
                                                      0.058     3.652 r  ddr3.u_axi_wrap_ddr/mig_axi/u_mig_axi_32_mig/u_memc_ui_top_axi/mem_intfc0/ddr_phy_top0/u_ddr_mc_phy_wrapper/u_ddr_mc_phy/ddr_phy_4lanes_0.u_ddr_phy_4lanes/ddr_byte_lane_A.ddr_byte_lane_A/phaser_in_gen.phaser_in/WRENABLE
                         net (fo=1, routed)           0.000     3.652    ddr3.u_axi_wrap_ddr/mig_axi/u_mig_axi_32_mig/u_memc_ui_top_axi/mem_intfc0/ddr_phy_top0/u_ddr_mc_phy_wrapper/u_ddr_mc_phy/ddr_phy_4lanes_0.u_ddr_phy_4lanes/ddr_byte_lane_A.ddr_byte_lane_A/ififo_wr_enable
    IN_FIFO_X0Y16        IN_FIFO                                      r  ddr3.u_axi_wrap_ddr/mig_axi/u_mig_axi_32_mig/u_memc_ui_top_axi/mem_intfc0/ddr_phy_top0/u_ddr_mc_phy_wrapper/u_ddr_mc_phy/ddr_phy_4lanes_0.u_ddr_phy_4lanes/ddr_byte_lane_A.ddr_byte_lane_A/in_fifo_gen.in_fifo/WREN
  -------------------------------------------------------------------    -------------------

                         (clock iserdes_clkdiv rise edge)
                                                      0.000     0.000 r  
    AC19                                              0.000     0.000 r  clk (IN)
                         net (fo=0)                   0.000     0.000    clk
    AC19                 IBUF (Prop_ibuf_I_O)         0.441     0.441 r  clk_IBUF_inst/O
                         net (fo=1, routed)           1.160     1.601    clk_IBUF
    BUFGCTRL_X0Y0        BUFG (Prop_bufg_I_O)         0.029     1.630 r  clk_IBUF_BUFG_inst/O
                         net (fo=2166, routed)        0.976     2.606    ddr3.u_axi_wrap_ddr/mig_axi/u_mig_axi_32_mig/u_ddr3_infrastructure/mmcm_clk
    PLLE2_ADV_X0Y4       PLLE2_ADV (Prop_plle2_adv_CLKIN1_CLKOUT0)
                                                      0.053     2.659 r  ddr3.u_axi_wrap_ddr/mig_axi/u_mig_axi_32_mig/u_ddr3_infrastructure/plle2_i/CLKOUT0
                         net (fo=7, routed)           0.226     2.885    ddr3.u_axi_wrap_ddr/mig_axi/u_mig_axi_32_mig/u_memc_ui_top_axi/mem_intfc0/ddr_phy_top0/u_ddr_mc_phy_wrapper/u_ddr_mc_phy/ddr_phy_4lanes_0.u_ddr_phy_4lanes/ddr_byte_lane_A.ddr_byte_lane_A/freq_refclk
    PHASER_IN_PHY_X0Y16  PHASER_IN_PHY (Prop_phaser_in_phy_FREQREFCLK_ICLK)
                                                      1.219     4.104 r  ddr3.u_axi_wrap_ddr/mig_axi/u_mig_axi_32_mig/u_memc_ui_top_axi/mem_intfc0/ddr_phy_top0/u_ddr_mc_phy_wrapper/u_ddr_mc_phy/ddr_phy_4lanes_0.u_ddr_phy_4lanes/ddr_byte_lane_A.ddr_byte_lane_A/phaser_in_gen.phaser_in/ICLK
    PHASER_IN_PHY_X0Y16  PHASER_IN_PHY (Prop_phaser_in_phy_ICLK_ICLKDIV)
                                                      0.096     4.200 r  ddr3.u_axi_wrap_ddr/mig_axi/u_mig_axi_32_mig/u_memc_ui_top_axi/mem_intfc0/ddr_phy_top0/u_ddr_mc_phy_wrapper/u_ddr_mc_phy/ddr_phy_4lanes_0.u_ddr_phy_4lanes/ddr_byte_lane_A.ddr_byte_lane_A/phaser_in_gen.phaser_in/ICLKDIV
                         net (fo=9, routed)           0.000     4.200    ddr3.u_axi_wrap_ddr/mig_axi/u_mig_axi_32_mig/u_memc_ui_top_axi/mem_intfc0/ddr_phy_top0/u_ddr_mc_phy_wrapper/u_ddr_mc_phy/ddr_phy_4lanes_0.u_ddr_phy_4lanes/ddr_byte_lane_A.ddr_byte_lane_A/iserdes_clkdiv
    IN_FIFO_X0Y16        IN_FIFO                                      r  ddr3.u_axi_wrap_ddr/mig_axi/u_mig_axi_32_mig/u_memc_ui_top_axi/mem_intfc0/ddr_phy_top0/u_ddr_mc_phy_wrapper/u_ddr_mc_phy/ddr_phy_4lanes_0.u_ddr_phy_4lanes/ddr_byte_lane_A.ddr_byte_lane_A/in_fifo_gen.in_fifo/WRCLK
                         clock pessimism             -0.606     3.594    
    IN_FIFO_X0Y16        IN_FIFO (Hold_in_fifo_WRCLK_WREN)
                                                     -0.013     3.581    ddr3.u_axi_wrap_ddr/mig_axi/u_mig_axi_32_mig/u_memc_ui_top_axi/mem_intfc0/ddr_phy_top0/u_ddr_mc_phy_wrapper/u_ddr_mc_phy/ddr_phy_4lanes_0.u_ddr_phy_4lanes/ddr_byte_lane_A.ddr_byte_lane_A/in_fifo_gen.in_fifo
  -------------------------------------------------------------------
                         required time                         -3.581    
                         arrival time                           3.652    
  -------------------------------------------------------------------
                         slack                                  0.071    





Pulse Width Checks
--------------------------------------------------------------------------------------
Clock Name:         iserdes_clkdiv
Waveform(ns):       { 0.000 5.000 }
Period(ns):         10.000
Sources:            { ddr3.u_axi_wrap_ddr/mig_axi/u_mig_axi_32_mig/u_memc_ui_top_axi/mem_intfc0/ddr_phy_top0/u_ddr_mc_phy_wrapper/u_ddr_mc_phy/ddr_phy_4lanes_0.u_ddr_phy_4lanes/ddr_byte_lane_A.ddr_byte_lane_A/phaser_in_gen.phaser_in/ICLKDIV }

Check Type        Corner  Lib Pin        Reference Pin  Required(ns)  Actual(ns)  Slack(ns)  Location       Pin
Min Period        n/a     IN_FIFO/WRCLK  n/a            5.000         10.000      5.000      IN_FIFO_X0Y16  ddr3.u_axi_wrap_ddr/mig_axi/u_mig_axi_32_mig/u_memc_ui_top_axi/mem_intfc0/ddr_phy_top0/u_ddr_mc_phy_wrapper/u_ddr_mc_phy/ddr_phy_4lanes_0.u_ddr_phy_4lanes/ddr_byte_lane_A.ddr_byte_lane_A/in_fifo_gen.in_fifo/WRCLK
Low Pulse Width   Slow    IN_FIFO/WRCLK  n/a            2.150         5.000       2.850      IN_FIFO_X0Y16  ddr3.u_axi_wrap_ddr/mig_axi/u_mig_axi_32_mig/u_memc_ui_top_axi/mem_intfc0/ddr_phy_top0/u_ddr_mc_phy_wrapper/u_ddr_mc_phy/ddr_phy_4lanes_0.u_ddr_phy_4lanes/ddr_byte_lane_A.ddr_byte_lane_A/in_fifo_gen.in_fifo/WRCLK
High Pulse Width  Slow    IN_FIFO/WRCLK  n/a            2.150         5.000       2.850      IN_FIFO_X0Y16  ddr3.u_axi_wrap_ddr/mig_axi/u_mig_axi_32_mig/u_memc_ui_top_axi/mem_intfc0/ddr_phy_top0/u_ddr_mc_phy_wrapper/u_ddr_mc_phy/ddr_phy_4lanes_0.u_ddr_phy_4lanes/ddr_byte_lane_A.ddr_byte_lane_A/in_fifo_gen.in_fifo/WRCLK



---------------------------------------------------------------------------------------------------
From Clock:  u_memc_ui_top_axi/mem_intfc0/ddr_phy_top0/u_ddr_mc_phy_wrapper/u_ddr_mc_phy/ddr_phy_4lanes_0.u_ddr_phy_4lanes/ddr_byte_lane_B.ddr_byte_lane_B/iserdes_clk
  To Clock:  u_memc_ui_top_axi/mem_intfc0/ddr_phy_top0/u_ddr_mc_phy_wrapper/u_ddr_mc_phy/ddr_phy_4lanes_0.u_ddr_phy_4lanes/ddr_byte_lane_B.ddr_byte_lane_B/iserdes_clk

Setup :           NA  Failing Endpoints,  Worst Slack           NA  ,  Total Violation           NA
Hold  :           NA  Failing Endpoints,  Worst Slack           NA  ,  Total Violation           NA
PW    :            0  Failing Endpoints,  Worst Slack        1.029ns,  Total Violation        0.000ns
---------------------------------------------------------------------------------------------------


Pulse Width Checks
--------------------------------------------------------------------------------------
Clock Name:         u_memc_ui_top_axi/mem_intfc0/ddr_phy_top0/u_ddr_mc_phy_wrapper/u_ddr_mc_phy/ddr_phy_4lanes_0.u_ddr_phy_4lanes/ddr_byte_lane_B.ddr_byte_lane_B/iserdes_clk
Waveform(ns):       { 0.000 1.250 }
Period(ns):         2.500
Sources:            { ddr3.u_axi_wrap_ddr/mig_axi/u_mig_axi_32_mig/u_memc_ui_top_axi/mem_intfc0/ddr_phy_top0/u_ddr_mc_phy_wrapper/u_ddr_mc_phy/ddr_phy_4lanes_0.u_ddr_phy_4lanes/ddr_byte_lane_B.ddr_byte_lane_B/phaser_in_gen.phaser_in/ICLK }

Check Type  Corner  Lib Pin        Reference Pin  Required(ns)  Actual(ns)  Slack(ns)  Location       Pin
Min Period  n/a     ISERDESE2/CLK  n/a            1.471         2.500       1.029      ILOGIC_X0Y215  ddr3.u_axi_wrap_ddr/mig_axi/u_mig_axi_32_mig/u_memc_ui_top_axi/mem_intfc0/ddr_phy_top0/u_ddr_mc_phy_wrapper/u_ddr_mc_phy/ddr_phy_4lanes_0.u_ddr_phy_4lanes/ddr_byte_lane_B.ddr_byte_lane_B/ddr_byte_group_io/input_[2].iserdes_dq_.iserdesdq/CLK



---------------------------------------------------------------------------------------------------
From Clock:  iserdes_clkdiv_1
  To Clock:  iserdes_clkdiv_1

Setup :            0  Failing Endpoints,  Worst Slack        8.297ns,  Total Violation        0.000ns
Hold  :            0  Failing Endpoints,  Worst Slack        0.071ns,  Total Violation        0.000ns
PW    :            0  Failing Endpoints,  Worst Slack        2.850ns,  Total Violation        0.000ns
---------------------------------------------------------------------------------------------------


Max Delay Paths
--------------------------------------------------------------------------------------
Slack (MET) :             8.297ns  (required time - arrival time)
  Source:                 ddr3.u_axi_wrap_ddr/mig_axi/u_mig_axi_32_mig/u_memc_ui_top_axi/mem_intfc0/ddr_phy_top0/u_ddr_mc_phy_wrapper/u_ddr_mc_phy/ddr_phy_4lanes_0.u_ddr_phy_4lanes/ddr_byte_lane_B.ddr_byte_lane_B/ddr_byte_group_io/input_[2].iserdes_dq_.iserdesdq/CLKDIVP
                            (rising edge-triggered cell ISERDESE2 clocked by iserdes_clkdiv_1  {rise@0.000ns fall@5.000ns period=10.000ns})
  Destination:            ddr3.u_axi_wrap_ddr/mig_axi/u_mig_axi_32_mig/u_memc_ui_top_axi/mem_intfc0/ddr_phy_top0/u_ddr_mc_phy_wrapper/u_ddr_mc_phy/ddr_phy_4lanes_0.u_ddr_phy_4lanes/ddr_byte_lane_B.ddr_byte_lane_B/in_fifo_gen.in_fifo/D2[0]
                            (rising edge-triggered cell IN_FIFO clocked by iserdes_clkdiv_1  {rise@0.000ns fall@5.000ns period=10.000ns})
  Path Group:             iserdes_clkdiv_1
  Path Type:              Setup (Max at Slow Process Corner)
  Requirement:            10.000ns  (iserdes_clkdiv_1 rise@10.000ns - iserdes_clkdiv_1 rise@0.000ns)
  Data Path Delay:        0.793ns  (logic 0.372ns (46.908%)  route 0.421ns (53.092%))
  Logic Levels:           0  
  Clock Path Skew:        -0.385ns (DCD - SCD + CPR)
    Destination Clock Delay (DCD):    7.597ns = ( 17.597 - 10.000 ) 
    Source Clock Delay      (SCD):    8.367ns
    Clock Pessimism Removal (CPR):    0.385ns
  Clock Uncertainty:      0.059ns  ((TSJ^2 + DJ^2)^1/2) / 2 + PE
    Total System Jitter     (TSJ):    0.071ns
    Discrete Jitter          (DJ):    0.096ns
    Phase Error              (PE):    0.000ns

    Location             Delay type                Incr(ns)  Path(ns)    Netlist Resource(s)
  -------------------------------------------------------------------    -------------------
                         (clock iserdes_clkdiv_1 rise edge)
                                                      0.000     0.000 r  
    AC19                                              0.000     0.000 r  clk (IN)
                         net (fo=0)                   0.000     0.000    clk
    AC19                 IBUF (Prop_ibuf_I_O)         1.416     1.416 r  clk_IBUF_inst/O
                         net (fo=1, routed)           2.602     4.018    clk_IBUF
    BUFGCTRL_X0Y0        BUFG (Prop_bufg_I_O)         0.081     4.099 r  clk_IBUF_BUFG_inst/O
                         net (fo=2166, routed)        1.696     5.795    ddr3.u_axi_wrap_ddr/mig_axi/u_mig_axi_32_mig/u_ddr3_infrastructure/mmcm_clk
    PLLE2_ADV_X0Y4       PLLE2_ADV (Prop_plle2_adv_CLKIN1_CLKOUT0)
                                                      0.077     5.872 r  ddr3.u_axi_wrap_ddr/mig_axi/u_mig_axi_32_mig/u_ddr3_infrastructure/plle2_i/CLKOUT0
                         net (fo=7, routed)           0.528     6.400    ddr3.u_axi_wrap_ddr/mig_axi/u_mig_axi_32_mig/u_memc_ui_top_axi/mem_intfc0/ddr_phy_top0/u_ddr_mc_phy_wrapper/u_ddr_mc_phy/ddr_phy_4lanes_0.u_ddr_phy_4lanes/ddr_byte_lane_B.ddr_byte_lane_B/freq_refclk
    PHASER_IN_PHY_X0Y17  PHASER_IN_PHY (Prop_phaser_in_phy_FREQREFCLK_ICLK)
                                                      1.428     7.828 r  ddr3.u_axi_wrap_ddr/mig_axi/u_mig_axi_32_mig/u_memc_ui_top_axi/mem_intfc0/ddr_phy_top0/u_ddr_mc_phy_wrapper/u_ddr_mc_phy/ddr_phy_4lanes_0.u_ddr_phy_4lanes/ddr_byte_lane_B.ddr_byte_lane_B/phaser_in_gen.phaser_in/ICLK
    PHASER_IN_PHY_X0Y17  PHASER_IN_PHY (Prop_phaser_in_phy_ICLK_ICLKDIV)
                                                      0.154     7.982 r  ddr3.u_axi_wrap_ddr/mig_axi/u_mig_axi_32_mig/u_memc_ui_top_axi/mem_intfc0/ddr_phy_top0/u_ddr_mc_phy_wrapper/u_ddr_mc_phy/ddr_phy_4lanes_0.u_ddr_phy_4lanes/ddr_byte_lane_B.ddr_byte_lane_B/phaser_in_gen.phaser_in/ICLKDIV
                         net (fo=9, routed)           0.385     8.367    ddr3.u_axi_wrap_ddr/mig_axi/u_mig_axi_32_mig/u_memc_ui_top_axi/mem_intfc0/ddr_phy_top0/u_ddr_mc_phy_wrapper/u_ddr_mc_phy/ddr_phy_4lanes_0.u_ddr_phy_4lanes/ddr_byte_lane_B.ddr_byte_lane_B/ddr_byte_group_io/iserdes_clkdiv
    ILOGIC_X0Y215        ISERDESE2                                    r  ddr3.u_axi_wrap_ddr/mig_axi/u_mig_axi_32_mig/u_memc_ui_top_axi/mem_intfc0/ddr_phy_top0/u_ddr_mc_phy_wrapper/u_ddr_mc_phy/ddr_phy_4lanes_0.u_ddr_phy_4lanes/ddr_byte_lane_B.ddr_byte_lane_B/ddr_byte_group_io/input_[2].iserdes_dq_.iserdesdq/CLKDIVP
  -------------------------------------------------------------------    -------------------
    ILOGIC_X0Y215        ISERDESE2 (Prop_iserdese2_CLKDIVP_Q4)
                                                      0.372     8.739 r  ddr3.u_axi_wrap_ddr/mig_axi/u_mig_axi_32_mig/u_memc_ui_top_axi/mem_intfc0/ddr_phy_top0/u_ddr_mc_phy_wrapper/u_ddr_mc_phy/ddr_phy_4lanes_0.u_ddr_phy_4lanes/ddr_byte_lane_B.ddr_byte_lane_B/ddr_byte_group_io/input_[2].iserdes_dq_.iserdesdq/Q4
                         net (fo=1, routed)           0.421     9.160    ddr3.u_axi_wrap_ddr/mig_axi/u_mig_axi_32_mig/u_memc_ui_top_axi/mem_intfc0/ddr_phy_top0/u_ddr_mc_phy_wrapper/u_ddr_mc_phy/ddr_phy_4lanes_0.u_ddr_phy_4lanes/ddr_byte_lane_B.ddr_byte_lane_B/if_d2[0]
    IN_FIFO_X0Y17        IN_FIFO                                      r  ddr3.u_axi_wrap_ddr/mig_axi/u_mig_axi_32_mig/u_memc_ui_top_axi/mem_intfc0/ddr_phy_top0/u_ddr_mc_phy_wrapper/u_ddr_mc_phy/ddr_phy_4lanes_0.u_ddr_phy_4lanes/ddr_byte_lane_B.ddr_byte_lane_B/in_fifo_gen.in_fifo/D2[0]
  -------------------------------------------------------------------    -------------------

                         (clock iserdes_clkdiv_1 rise edge)
                                                     10.000    10.000 r  
    AC19                                              0.000    10.000 r  clk (IN)
                         net (fo=0)                   0.000    10.000    clk
    AC19                 IBUF (Prop_ibuf_I_O)         1.350    11.350 r  clk_IBUF_inst/O
                         net (fo=1, routed)           2.471    13.821    clk_IBUF
    BUFGCTRL_X0Y0        BUFG (Prop_bufg_I_O)         0.077    13.898 r  clk_IBUF_BUFG_inst/O
                         net (fo=2166, routed)        1.586    15.484    ddr3.u_axi_wrap_ddr/mig_axi/u_mig_axi_32_mig/u_ddr3_infrastructure/mmcm_clk
    PLLE2_ADV_X0Y4       PLLE2_ADV (Prop_plle2_adv_CLKIN1_CLKOUT0)
                                                      0.073    15.557 r  ddr3.u_axi_wrap_ddr/mig_axi/u_mig_axi_32_mig/u_ddr3_infrastructure/plle2_i/CLKOUT0
                         net (fo=7, routed)           0.501    16.058    ddr3.u_axi_wrap_ddr/mig_axi/u_mig_axi_32_mig/u_memc_ui_top_axi/mem_intfc0/ddr_phy_top0/u_ddr_mc_phy_wrapper/u_ddr_mc_phy/ddr_phy_4lanes_0.u_ddr_phy_4lanes/ddr_byte_lane_B.ddr_byte_lane_B/freq_refclk
    PHASER_IN_PHY_X0Y17  PHASER_IN_PHY (Prop_phaser_in_phy_FREQREFCLK_ICLK)
                                                      1.394    17.452 r  ddr3.u_axi_wrap_ddr/mig_axi/u_mig_axi_32_mig/u_memc_ui_top_axi/mem_intfc0/ddr_phy_top0/u_ddr_mc_phy_wrapper/u_ddr_mc_phy/ddr_phy_4lanes_0.u_ddr_phy_4lanes/ddr_byte_lane_B.ddr_byte_lane_B/phaser_in_gen.phaser_in/ICLK
    PHASER_IN_PHY_X0Y17  PHASER_IN_PHY (Prop_phaser_in_phy_ICLK_ICLKDIV)
                                                      0.145    17.597 r  ddr3.u_axi_wrap_ddr/mig_axi/u_mig_axi_32_mig/u_memc_ui_top_axi/mem_intfc0/ddr_phy_top0/u_ddr_mc_phy_wrapper/u_ddr_mc_phy/ddr_phy_4lanes_0.u_ddr_phy_4lanes/ddr_byte_lane_B.ddr_byte_lane_B/phaser_in_gen.phaser_in/ICLKDIV
                         net (fo=9, routed)           0.000    17.597    ddr3.u_axi_wrap_ddr/mig_axi/u_mig_axi_32_mig/u_memc_ui_top_axi/mem_intfc0/ddr_phy_top0/u_ddr_mc_phy_wrapper/u_ddr_mc_phy/ddr_phy_4lanes_0.u_ddr_phy_4lanes/ddr_byte_lane_B.ddr_byte_lane_B/iserdes_clkdiv
    IN_FIFO_X0Y17        IN_FIFO                                      r  ddr3.u_axi_wrap_ddr/mig_axi/u_mig_axi_32_mig/u_memc_ui_top_axi/mem_intfc0/ddr_phy_top0/u_ddr_mc_phy_wrapper/u_ddr_mc_phy/ddr_phy_4lanes_0.u_ddr_phy_4lanes/ddr_byte_lane_B.ddr_byte_lane_B/in_fifo_gen.in_fifo/WRCLK
                         clock pessimism              0.385    17.982    
                         clock uncertainty           -0.059    17.923    
    IN_FIFO_X0Y17        IN_FIFO (Setup_in_fifo_WRCLK_D2[0])
                                                     -0.466    17.457    ddr3.u_axi_wrap_ddr/mig_axi/u_mig_axi_32_mig/u_memc_ui_top_axi/mem_intfc0/ddr_phy_top0/u_ddr_mc_phy_wrapper/u_ddr_mc_phy/ddr_phy_4lanes_0.u_ddr_phy_4lanes/ddr_byte_lane_B.ddr_byte_lane_B/in_fifo_gen.in_fifo
  -------------------------------------------------------------------
                         required time                         17.457    
                         arrival time                          -9.160    
  -------------------------------------------------------------------
                         slack                                  8.297    





Min Delay Paths
--------------------------------------------------------------------------------------
Slack (MET) :             0.071ns  (arrival time - required time)
  Source:                 ddr3.u_axi_wrap_ddr/mig_axi/u_mig_axi_32_mig/u_memc_ui_top_axi/mem_intfc0/ddr_phy_top0/u_ddr_mc_phy_wrapper/u_ddr_mc_phy/ddr_phy_4lanes_0.u_ddr_phy_4lanes/ddr_byte_lane_B.ddr_byte_lane_B/phaser_in_gen.phaser_in/ICLKDIV
                            (rising edge-triggered cell PHASER_IN_PHY clocked by iserdes_clkdiv_1  {rise@0.000ns fall@5.000ns period=10.000ns})
  Destination:            ddr3.u_axi_wrap_ddr/mig_axi/u_mig_axi_32_mig/u_memc_ui_top_axi/mem_intfc0/ddr_phy_top0/u_ddr_mc_phy_wrapper/u_ddr_mc_phy/ddr_phy_4lanes_0.u_ddr_phy_4lanes/ddr_byte_lane_B.ddr_byte_lane_B/in_fifo_gen.in_fifo/WREN
                            (rising edge-triggered cell IN_FIFO clocked by iserdes_clkdiv_1  {rise@0.000ns fall@5.000ns period=10.000ns})
  Path Group:             iserdes_clkdiv_1
  Path Type:              Hold (Min at Fast Process Corner)
  Requirement:            0.000ns  (iserdes_clkdiv_1 rise@0.000ns - iserdes_clkdiv_1 rise@0.000ns)
  Data Path Delay:        0.058ns  (logic 0.058ns (100.000%)  route 0.000ns (0.000%))
  Logic Levels:           0  
  Clock Path Skew:        0.000ns (DCD - SCD - CPR)
    Destination Clock Delay (DCD):    4.199ns
    Source Clock Delay      (SCD):    3.593ns
    Clock Pessimism Removal (CPR):    0.606ns

    Location             Delay type                Incr(ns)  Path(ns)    Netlist Resource(s)
  -------------------------------------------------------------------    -------------------
                         (clock iserdes_clkdiv_1 rise edge)
                                                      0.000     0.000 r  
    AC19                                              0.000     0.000 r  clk (IN)
                         net (fo=0)                   0.000     0.000    clk
    AC19                 IBUF (Prop_ibuf_I_O)         0.253     0.253 r  clk_IBUF_inst/O
                         net (fo=1, routed)           1.074     1.327    clk_IBUF
    BUFGCTRL_X0Y0        BUFG (Prop_bufg_I_O)         0.026     1.353 r  clk_IBUF_BUFG_inst/O
                         net (fo=2166, routed)        0.701     2.054    ddr3.u_axi_wrap_ddr/mig_axi/u_mig_axi_32_mig/u_ddr3_infrastructure/mmcm_clk
    PLLE2_ADV_X0Y4       PLLE2_ADV (Prop_plle2_adv_CLKIN1_CLKOUT0)
                                                      0.050     2.104 r  ddr3.u_axi_wrap_ddr/mig_axi/u_mig_axi_32_mig/u_ddr3_infrastructure/plle2_i/CLKOUT0
                         net (fo=7, routed)           0.204     2.308    ddr3.u_axi_wrap_ddr/mig_axi/u_mig_axi_32_mig/u_memc_ui_top_axi/mem_intfc0/ddr_phy_top0/u_ddr_mc_phy_wrapper/u_ddr_mc_phy/ddr_phy_4lanes_0.u_ddr_phy_4lanes/ddr_byte_lane_B.ddr_byte_lane_B/freq_refclk
    PHASER_IN_PHY_X0Y17  PHASER_IN_PHY (Prop_phaser_in_phy_FREQREFCLK_ICLK)
                                                      1.195     3.503 r  ddr3.u_axi_wrap_ddr/mig_axi/u_mig_axi_32_mig/u_memc_ui_top_axi/mem_intfc0/ddr_phy_top0/u_ddr_mc_phy_wrapper/u_ddr_mc_phy/ddr_phy_4lanes_0.u_ddr_phy_4lanes/ddr_byte_lane_B.ddr_byte_lane_B/phaser_in_gen.phaser_in/ICLK
    PHASER_IN_PHY_X0Y17  PHASER_IN_PHY (Prop_phaser_in_phy_ICLK_ICLKDIV)
                                                      0.090     3.593 r  ddr3.u_axi_wrap_ddr/mig_axi/u_mig_axi_32_mig/u_memc_ui_top_axi/mem_intfc0/ddr_phy_top0/u_ddr_mc_phy_wrapper/u_ddr_mc_phy/ddr_phy_4lanes_0.u_ddr_phy_4lanes/ddr_byte_lane_B.ddr_byte_lane_B/phaser_in_gen.phaser_in/ICLKDIV
  -------------------------------------------------------------------    -------------------
    PHASER_IN_PHY_X0Y17  PHASER_IN_PHY (Prop_phaser_in_phy_ICLKDIV_WRENABLE)
                                                      0.058     3.651 r  ddr3.u_axi_wrap_ddr/mig_axi/u_mig_axi_32_mig/u_memc_ui_top_axi/mem_intfc0/ddr_phy_top0/u_ddr_mc_phy_wrapper/u_ddr_mc_phy/ddr_phy_4lanes_0.u_ddr_phy_4lanes/ddr_byte_lane_B.ddr_byte_lane_B/phaser_in_gen.phaser_in/WRENABLE
                         net (fo=1, routed)           0.000     3.651    ddr3.u_axi_wrap_ddr/mig_axi/u_mig_axi_32_mig/u_memc_ui_top_axi/mem_intfc0/ddr_phy_top0/u_ddr_mc_phy_wrapper/u_ddr_mc_phy/ddr_phy_4lanes_0.u_ddr_phy_4lanes/ddr_byte_lane_B.ddr_byte_lane_B/ififo_wr_enable
    IN_FIFO_X0Y17        IN_FIFO                                      r  ddr3.u_axi_wrap_ddr/mig_axi/u_mig_axi_32_mig/u_memc_ui_top_axi/mem_intfc0/ddr_phy_top0/u_ddr_mc_phy_wrapper/u_ddr_mc_phy/ddr_phy_4lanes_0.u_ddr_phy_4lanes/ddr_byte_lane_B.ddr_byte_lane_B/in_fifo_gen.in_fifo/WREN
  -------------------------------------------------------------------    -------------------

                         (clock iserdes_clkdiv_1 rise edge)
                                                      0.000     0.000 r  
    AC19                                              0.000     0.000 r  clk (IN)
                         net (fo=0)                   0.000     0.000    clk
    AC19                 IBUF (Prop_ibuf_I_O)         0.441     0.441 r  clk_IBUF_inst/O
                         net (fo=1, routed)           1.160     1.601    clk_IBUF
    BUFGCTRL_X0Y0        BUFG (Prop_bufg_I_O)         0.029     1.630 r  clk_IBUF_BUFG_inst/O
                         net (fo=2166, routed)        0.976     2.606    ddr3.u_axi_wrap_ddr/mig_axi/u_mig_axi_32_mig/u_ddr3_infrastructure/mmcm_clk
    PLLE2_ADV_X0Y4       PLLE2_ADV (Prop_plle2_adv_CLKIN1_CLKOUT0)
                                                      0.053     2.659 r  ddr3.u_axi_wrap_ddr/mig_axi/u_mig_axi_32_mig/u_ddr3_infrastructure/plle2_i/CLKOUT0
                         net (fo=7, routed)           0.225     2.884    ddr3.u_axi_wrap_ddr/mig_axi/u_mig_axi_32_mig/u_memc_ui_top_axi/mem_intfc0/ddr_phy_top0/u_ddr_mc_phy_wrapper/u_ddr_mc_phy/ddr_phy_4lanes_0.u_ddr_phy_4lanes/ddr_byte_lane_B.ddr_byte_lane_B/freq_refclk
    PHASER_IN_PHY_X0Y17  PHASER_IN_PHY (Prop_phaser_in_phy_FREQREFCLK_ICLK)
                                                      1.219     4.103 r  ddr3.u_axi_wrap_ddr/mig_axi/u_mig_axi_32_mig/u_memc_ui_top_axi/mem_intfc0/ddr_phy_top0/u_ddr_mc_phy_wrapper/u_ddr_mc_phy/ddr_phy_4lanes_0.u_ddr_phy_4lanes/ddr_byte_lane_B.ddr_byte_lane_B/phaser_in_gen.phaser_in/ICLK
    PHASER_IN_PHY_X0Y17  PHASER_IN_PHY (Prop_phaser_in_phy_ICLK_ICLKDIV)
                                                      0.096     4.199 r  ddr3.u_axi_wrap_ddr/mig_axi/u_mig_axi_32_mig/u_memc_ui_top_axi/mem_intfc0/ddr_phy_top0/u_ddr_mc_phy_wrapper/u_ddr_mc_phy/ddr_phy_4lanes_0.u_ddr_phy_4lanes/ddr_byte_lane_B.ddr_byte_lane_B/phaser_in_gen.phaser_in/ICLKDIV
                         net (fo=9, routed)           0.000     4.199    ddr3.u_axi_wrap_ddr/mig_axi/u_mig_axi_32_mig/u_memc_ui_top_axi/mem_intfc0/ddr_phy_top0/u_ddr_mc_phy_wrapper/u_ddr_mc_phy/ddr_phy_4lanes_0.u_ddr_phy_4lanes/ddr_byte_lane_B.ddr_byte_lane_B/iserdes_clkdiv
    IN_FIFO_X0Y17        IN_FIFO                                      r  ddr3.u_axi_wrap_ddr/mig_axi/u_mig_axi_32_mig/u_memc_ui_top_axi/mem_intfc0/ddr_phy_top0/u_ddr_mc_phy_wrapper/u_ddr_mc_phy/ddr_phy_4lanes_0.u_ddr_phy_4lanes/ddr_byte_lane_B.ddr_byte_lane_B/in_fifo_gen.in_fifo/WRCLK
                         clock pessimism             -0.606     3.593    
    IN_FIFO_X0Y17        IN_FIFO (Hold_in_fifo_WRCLK_WREN)
                                                     -0.013     3.580    ddr3.u_axi_wrap_ddr/mig_axi/u_mig_axi_32_mig/u_memc_ui_top_axi/mem_intfc0/ddr_phy_top0/u_ddr_mc_phy_wrapper/u_ddr_mc_phy/ddr_phy_4lanes_0.u_ddr_phy_4lanes/ddr_byte_lane_B.ddr_byte_lane_B/in_fifo_gen.in_fifo
  -------------------------------------------------------------------
                         required time                         -3.580    
                         arrival time                           3.651    
  -------------------------------------------------------------------
                         slack                                  0.071    





Pulse Width Checks
--------------------------------------------------------------------------------------
Clock Name:         iserdes_clkdiv_1
Waveform(ns):       { 0.000 5.000 }
Period(ns):         10.000
Sources:            { ddr3.u_axi_wrap_ddr/mig_axi/u_mig_axi_32_mig/u_memc_ui_top_axi/mem_intfc0/ddr_phy_top0/u_ddr_mc_phy_wrapper/u_ddr_mc_phy/ddr_phy_4lanes_0.u_ddr_phy_4lanes/ddr_byte_lane_B.ddr_byte_lane_B/phaser_in_gen.phaser_in/ICLKDIV }

Check Type        Corner  Lib Pin        Reference Pin  Required(ns)  Actual(ns)  Slack(ns)  Location       Pin
Min Period        n/a     IN_FIFO/WRCLK  n/a            5.000         10.000      5.000      IN_FIFO_X0Y17  ddr3.u_axi_wrap_ddr/mig_axi/u_mig_axi_32_mig/u_memc_ui_top_axi/mem_intfc0/ddr_phy_top0/u_ddr_mc_phy_wrapper/u_ddr_mc_phy/ddr_phy_4lanes_0.u_ddr_phy_4lanes/ddr_byte_lane_B.ddr_byte_lane_B/in_fifo_gen.in_fifo/WRCLK
Low Pulse Width   Slow    IN_FIFO/WRCLK  n/a            2.150         5.000       2.850      IN_FIFO_X0Y17  ddr3.u_axi_wrap_ddr/mig_axi/u_mig_axi_32_mig/u_memc_ui_top_axi/mem_intfc0/ddr_phy_top0/u_ddr_mc_phy_wrapper/u_ddr_mc_phy/ddr_phy_4lanes_0.u_ddr_phy_4lanes/ddr_byte_lane_B.ddr_byte_lane_B/in_fifo_gen.in_fifo/WRCLK
High Pulse Width  Slow    IN_FIFO/WRCLK  n/a            2.150         5.000       2.850      IN_FIFO_X0Y17  ddr3.u_axi_wrap_ddr/mig_axi/u_mig_axi_32_mig/u_memc_ui_top_axi/mem_intfc0/ddr_phy_top0/u_ddr_mc_phy_wrapper/u_ddr_mc_phy/ddr_phy_4lanes_0.u_ddr_phy_4lanes/ddr_byte_lane_B.ddr_byte_lane_B/in_fifo_gen.in_fifo/WRCLK



---------------------------------------------------------------------------------------------------
From Clock:  mem_refclk
  To Clock:  mem_refclk

Setup :            0  Failing Endpoints,  Worst Slack        1.407ns,  Total Violation        0.000ns
Hold  :            0  Failing Endpoints,  Worst Slack        0.336ns,  Total Violation        0.000ns
PW    :            0  Failing Endpoints,  Worst Slack        0.715ns,  Total Violation        0.000ns
---------------------------------------------------------------------------------------------------


Max Delay Paths
--------------------------------------------------------------------------------------
Slack (MET) :             1.407ns  (required time - arrival time)
  Source:                 ddr3.u_axi_wrap_ddr/mig_axi/u_mig_axi_32_mig/u_memc_ui_top_axi/mem_intfc0/ddr_phy_top0/u_ddr_mc_phy_wrapper/u_ddr_mc_phy/ddr_phy_4lanes_0.u_ddr_phy_4lanes/phy_control_i/MEMREFCLK
                            (rising edge-triggered cell PHY_CONTROL clocked by mem_refclk  {rise@0.000ns fall@1.250ns period=2.500ns})
  Destination:            ddr3.u_axi_wrap_ddr/mig_axi/u_mig_axi_32_mig/u_memc_ui_top_axi/mem_intfc0/ddr_phy_top0/u_ddr_mc_phy_wrapper/u_ddr_mc_phy/ddr_phy_4lanes_0.u_ddr_phy_4lanes/phy_control_i/PHYCTLMSTREMPTY
                            (rising edge-triggered cell PHY_CONTROL clocked by mem_refclk  {rise@0.000ns fall@1.250ns period=2.500ns})
  Path Group:             mem_refclk
  Path Type:              Setup (Max at Slow Process Corner)
  Requirement:            2.500ns  (mem_refclk rise@2.500ns - mem_refclk rise@0.000ns)
  Data Path Delay:        1.019ns  (logic 0.622ns (61.040%)  route 0.397ns (38.960%))
  Logic Levels:           0  
  Clock Path Skew:        0.000ns (DCD - SCD + CPR)
    Destination Clock Delay (DCD):    6.058ns = ( 8.558 - 2.500 ) 
    Source Clock Delay      (SCD):    6.400ns
    Clock Pessimism Removal (CPR):    0.342ns
  Clock Uncertainty:      0.065ns  ((TSJ^2 + DJ^2)^1/2) / 2 + PE
    Total System Jitter     (TSJ):    0.071ns
    Discrete Jitter          (DJ):    0.109ns
    Phase Error              (PE):    0.000ns

    Location             Delay type                Incr(ns)  Path(ns)    Netlist Resource(s)
  -------------------------------------------------------------------    -------------------
                         (clock mem_refclk rise edge)
                                                      0.000     0.000 r  
    AC19                                              0.000     0.000 r  clk (IN)
                         net (fo=0)                   0.000     0.000    clk
    AC19                 IBUF (Prop_ibuf_I_O)         1.416     1.416 r  clk_IBUF_inst/O
                         net (fo=1, routed)           2.602     4.018    clk_IBUF
    BUFGCTRL_X0Y0        BUFG (Prop_bufg_I_O)         0.081     4.099 r  clk_IBUF_BUFG_inst/O
                         net (fo=2166, routed)        1.696     5.795    ddr3.u_axi_wrap_ddr/mig_axi/u_mig_axi_32_mig/u_ddr3_infrastructure/mmcm_clk
    PLLE2_ADV_X0Y4       PLLE2_ADV (Prop_plle2_adv_CLKIN1_CLKOUT1)
                                                      0.077     5.872 r  ddr3.u_axi_wrap_ddr/mig_axi/u_mig_axi_32_mig/u_ddr3_infrastructure/plle2_i/CLKOUT1
                         net (fo=7, routed)           0.528     6.400    ddr3.u_axi_wrap_ddr/mig_axi/u_mig_axi_32_mig/u_memc_ui_top_axi/mem_intfc0/ddr_phy_top0/u_ddr_mc_phy_wrapper/u_ddr_mc_phy/ddr_phy_4lanes_0.u_ddr_phy_4lanes/mem_refclk
    PHY_CONTROL_X0Y4     PHY_CONTROL                                  r  ddr3.u_axi_wrap_ddr/mig_axi/u_mig_axi_32_mig/u_memc_ui_top_axi/mem_intfc0/ddr_phy_top0/u_ddr_mc_phy_wrapper/u_ddr_mc_phy/ddr_phy_4lanes_0.u_ddr_phy_4lanes/phy_control_i/MEMREFCLK
  -------------------------------------------------------------------    -------------------
    PHY_CONTROL_X0Y4     PHY_CONTROL (Prop_phy_control_MEMREFCLK_PHYCTLEMPTY)
                                                      0.622     7.022 r  ddr3.u_axi_wrap_ddr/mig_axi/u_mig_axi_32_mig/u_memc_ui_top_axi/mem_intfc0/ddr_phy_top0/u_ddr_mc_phy_wrapper/u_ddr_mc_phy/ddr_phy_4lanes_0.u_ddr_phy_4lanes/phy_control_i/PHYCTLEMPTY
                         net (fo=1, routed)           0.397     7.419    ddr3.u_axi_wrap_ddr/mig_axi/u_mig_axi_32_mig/u_memc_ui_top_axi/mem_intfc0/ddr_phy_top0/u_ddr_mc_phy_wrapper/u_ddr_mc_phy/ddr_phy_4lanes_0.u_ddr_phy_4lanes/phy_control_i_n_1
    PHY_CONTROL_X0Y4     PHY_CONTROL                                  r  ddr3.u_axi_wrap_ddr/mig_axi/u_mig_axi_32_mig/u_memc_ui_top_axi/mem_intfc0/ddr_phy_top0/u_ddr_mc_phy_wrapper/u_ddr_mc_phy/ddr_phy_4lanes_0.u_ddr_phy_4lanes/phy_control_i/PHYCTLMSTREMPTY
  -------------------------------------------------------------------    -------------------

                         (clock mem_refclk rise edge)
                                                      2.500     2.500 r  
    AC19                                              0.000     2.500 r  clk (IN)
                         net (fo=0)                   0.000     2.500    clk
    AC19                 IBUF (Prop_ibuf_I_O)         1.350     3.850 r  clk_IBUF_inst/O
                         net (fo=1, routed)           2.471     6.321    clk_IBUF
    BUFGCTRL_X0Y0        BUFG (Prop_bufg_I_O)         0.077     6.398 r  clk_IBUF_BUFG_inst/O
                         net (fo=2166, routed)        1.586     7.984    ddr3.u_axi_wrap_ddr/mig_axi/u_mig_axi_32_mig/u_ddr3_infrastructure/mmcm_clk
    PLLE2_ADV_X0Y4       PLLE2_ADV (Prop_plle2_adv_CLKIN1_CLKOUT1)
                                                      0.073     8.057 r  ddr3.u_axi_wrap_ddr/mig_axi/u_mig_axi_32_mig/u_ddr3_infrastructure/plle2_i/CLKOUT1
                         net (fo=7, routed)           0.501     8.558    ddr3.u_axi_wrap_ddr/mig_axi/u_mig_axi_32_mig/u_memc_ui_top_axi/mem_intfc0/ddr_phy_top0/u_ddr_mc_phy_wrapper/u_ddr_mc_phy/ddr_phy_4lanes_0.u_ddr_phy_4lanes/mem_refclk
    PHY_CONTROL_X0Y4     PHY_CONTROL                                  r  ddr3.u_axi_wrap_ddr/mig_axi/u_mig_axi_32_mig/u_memc_ui_top_axi/mem_intfc0/ddr_phy_top0/u_ddr_mc_phy_wrapper/u_ddr_mc_phy/ddr_phy_4lanes_0.u_ddr_phy_4lanes/phy_control_i/MEMREFCLK
                         clock pessimism              0.342     8.900    
                         clock uncertainty           -0.065     8.835    
    PHY_CONTROL_X0Y4     PHY_CONTROL (Setup_phy_control_MEMREFCLK_PHYCTLMSTREMPTY)
                                                     -0.009     8.826    ddr3.u_axi_wrap_ddr/mig_axi/u_mig_axi_32_mig/u_memc_ui_top_axi/mem_intfc0/ddr_phy_top0/u_ddr_mc_phy_wrapper/u_ddr_mc_phy/ddr_phy_4lanes_0.u_ddr_phy_4lanes/phy_control_i
  -------------------------------------------------------------------
                         required time                          8.826    
                         arrival time                          -7.419    
  -------------------------------------------------------------------
                         slack                                  1.407    





Min Delay Paths
--------------------------------------------------------------------------------------
Slack (MET) :             0.336ns  (arrival time - required time)
  Source:                 ddr3.u_axi_wrap_ddr/mig_axi/u_mig_axi_32_mig/u_memc_ui_top_axi/mem_intfc0/ddr_phy_top0/u_ddr_mc_phy_wrapper/u_ddr_mc_phy/ddr_phy_4lanes_0.u_ddr_phy_4lanes/phy_control_i/MEMREFCLK
                            (rising edge-triggered cell PHY_CONTROL clocked by mem_refclk  {rise@0.000ns fall@1.250ns period=2.500ns})
  Destination:            ddr3.u_axi_wrap_ddr/mig_axi/u_mig_axi_32_mig/u_memc_ui_top_axi/mem_intfc0/ddr_phy_top0/u_ddr_mc_phy_wrapper/u_ddr_mc_phy/ddr_phy_4lanes_0.u_ddr_phy_4lanes/phy_control_i/PHYCTLMSTREMPTY
                            (rising edge-triggered cell PHY_CONTROL clocked by mem_refclk  {rise@0.000ns fall@1.250ns period=2.500ns})
  Path Group:             mem_refclk
  Path Type:              Hold (Min at Fast Process Corner)
  Requirement:            0.000ns  (mem_refclk rise@0.000ns - mem_refclk rise@0.000ns)
  Data Path Delay:        0.459ns  (logic 0.313ns (68.192%)  route 0.146ns (31.808%))
  Logic Levels:           0  
  Clock Path Skew:        0.000ns (DCD - SCD - CPR)
    Destination Clock Delay (DCD):    2.874ns
    Source Clock Delay      (SCD):    2.299ns
    Clock Pessimism Removal (CPR):    0.575ns

    Location             Delay type                Incr(ns)  Path(ns)    Netlist Resource(s)
  -------------------------------------------------------------------    -------------------
                         (clock mem_refclk rise edge)
                                                      0.000     0.000 r  
    AC19                                              0.000     0.000 r  clk (IN)
                         net (fo=0)                   0.000     0.000    clk
    AC19                 IBUF (Prop_ibuf_I_O)         0.253     0.253 r  clk_IBUF_inst/O
                         net (fo=1, routed)           1.074     1.327    clk_IBUF
    BUFGCTRL_X0Y0        BUFG (Prop_bufg_I_O)         0.026     1.353 r  clk_IBUF_BUFG_inst/O
                         net (fo=2166, routed)        0.701     2.054    ddr3.u_axi_wrap_ddr/mig_axi/u_mig_axi_32_mig/u_ddr3_infrastructure/mmcm_clk
    PLLE2_ADV_X0Y4       PLLE2_ADV (Prop_plle2_adv_CLKIN1_CLKOUT1)
                                                      0.050     2.104 r  ddr3.u_axi_wrap_ddr/mig_axi/u_mig_axi_32_mig/u_ddr3_infrastructure/plle2_i/CLKOUT1
                         net (fo=7, routed)           0.195     2.299    ddr3.u_axi_wrap_ddr/mig_axi/u_mig_axi_32_mig/u_memc_ui_top_axi/mem_intfc0/ddr_phy_top0/u_ddr_mc_phy_wrapper/u_ddr_mc_phy/ddr_phy_4lanes_0.u_ddr_phy_4lanes/mem_refclk
    PHY_CONTROL_X0Y4     PHY_CONTROL                                  r  ddr3.u_axi_wrap_ddr/mig_axi/u_mig_axi_32_mig/u_memc_ui_top_axi/mem_intfc0/ddr_phy_top0/u_ddr_mc_phy_wrapper/u_ddr_mc_phy/ddr_phy_4lanes_0.u_ddr_phy_4lanes/phy_control_i/MEMREFCLK
  -------------------------------------------------------------------    -------------------
    PHY_CONTROL_X0Y4     PHY_CONTROL (Prop_phy_control_MEMREFCLK_PHYCTLEMPTY)
                                                      0.313     2.612 r  ddr3.u_axi_wrap_ddr/mig_axi/u_mig_axi_32_mig/u_memc_ui_top_axi/mem_intfc0/ddr_phy_top0/u_ddr_mc_phy_wrapper/u_ddr_mc_phy/ddr_phy_4lanes_0.u_ddr_phy_4lanes/phy_control_i/PHYCTLEMPTY
                         net (fo=1, routed)           0.146     2.758    ddr3.u_axi_wrap_ddr/mig_axi/u_mig_axi_32_mig/u_memc_ui_top_axi/mem_intfc0/ddr_phy_top0/u_ddr_mc_phy_wrapper/u_ddr_mc_phy/ddr_phy_4lanes_0.u_ddr_phy_4lanes/phy_control_i_n_1
    PHY_CONTROL_X0Y4     PHY_CONTROL                                  r  ddr3.u_axi_wrap_ddr/mig_axi/u_mig_axi_32_mig/u_memc_ui_top_axi/mem_intfc0/ddr_phy_top0/u_ddr_mc_phy_wrapper/u_ddr_mc_phy/ddr_phy_4lanes_0.u_ddr_phy_4lanes/phy_control_i/PHYCTLMSTREMPTY
  -------------------------------------------------------------------    -------------------

                         (clock mem_refclk rise edge)
                                                      0.000     0.000 r  
    AC19                                              0.000     0.000 r  clk (IN)
                         net (fo=0)                   0.000     0.000    clk
    AC19                 IBUF (Prop_ibuf_I_O)         0.441     0.441 r  clk_IBUF_inst/O
                         net (fo=1, routed)           1.160     1.601    clk_IBUF
    BUFGCTRL_X0Y0        BUFG (Prop_bufg_I_O)         0.029     1.630 r  clk_IBUF_BUFG_inst/O
                         net (fo=2166, routed)        0.976     2.606    ddr3.u_axi_wrap_ddr/mig_axi/u_mig_axi_32_mig/u_ddr3_infrastructure/mmcm_clk
    PLLE2_ADV_X0Y4       PLLE2_ADV (Prop_plle2_adv_CLKIN1_CLKOUT1)
                                                      0.053     2.659 r  ddr3.u_axi_wrap_ddr/mig_axi/u_mig_axi_32_mig/u_ddr3_infrastructure/plle2_i/CLKOUT1
                         net (fo=7, routed)           0.215     2.874    ddr3.u_axi_wrap_ddr/mig_axi/u_mig_axi_32_mig/u_memc_ui_top_axi/mem_intfc0/ddr_phy_top0/u_ddr_mc_phy_wrapper/u_ddr_mc_phy/ddr_phy_4lanes_0.u_ddr_phy_4lanes/mem_refclk
    PHY_CONTROL_X0Y4     PHY_CONTROL                                  r  ddr3.u_axi_wrap_ddr/mig_axi/u_mig_axi_32_mig/u_memc_ui_top_axi/mem_intfc0/ddr_phy_top0/u_ddr_mc_phy_wrapper/u_ddr_mc_phy/ddr_phy_4lanes_0.u_ddr_phy_4lanes/phy_control_i/MEMREFCLK
                         clock pessimism             -0.575     2.299    
    PHY_CONTROL_X0Y4     PHY_CONTROL (Hold_phy_control_MEMREFCLK_PHYCTLMSTREMPTY)
                                                      0.123     2.422    ddr3.u_axi_wrap_ddr/mig_axi/u_mig_axi_32_mig/u_memc_ui_top_axi/mem_intfc0/ddr_phy_top0/u_ddr_mc_phy_wrapper/u_ddr_mc_phy/ddr_phy_4lanes_0.u_ddr_phy_4lanes/phy_control_i
  -------------------------------------------------------------------
                         required time                         -2.422    
                         arrival time                           2.758    
  -------------------------------------------------------------------
                         slack                                  0.336    





Pulse Width Checks
--------------------------------------------------------------------------------------
Clock Name:         mem_refclk
Waveform(ns):       { 0.000 1.250 }
Period(ns):         2.500
Sources:            { ddr3.u_axi_wrap_ddr/mig_axi/u_mig_axi_32_mig/u_ddr3_infrastructure/plle2_i/CLKOUT1 }

Check Type        Corner  Lib Pin                Reference Pin  Required(ns)  Actual(ns)  Slack(ns)  Location          Pin
Min Period        n/a     PHY_CONTROL/MEMREFCLK  n/a            1.475         2.500       1.025      PHY_CONTROL_X0Y4  ddr3.u_axi_wrap_ddr/mig_axi/u_mig_axi_32_mig/u_memc_ui_top_axi/mem_intfc0/ddr_phy_top0/u_ddr_mc_phy_wrapper/u_ddr_mc_phy/ddr_phy_4lanes_0.u_ddr_phy_4lanes/phy_control_i/MEMREFCLK
Max Period        n/a     PLLE2_ADV/CLKOUT1      n/a            160.000       2.500       157.500    PLLE2_ADV_X0Y4    ddr3.u_axi_wrap_ddr/mig_axi/u_mig_axi_32_mig/u_ddr3_infrastructure/plle2_i/CLKOUT1
Low Pulse Width   Slow    PHY_CONTROL/MEMREFCLK  n/a            0.535         1.250       0.715      PHY_CONTROL_X0Y4  ddr3.u_axi_wrap_ddr/mig_axi/u_mig_axi_32_mig/u_memc_ui_top_axi/mem_intfc0/ddr_phy_top0/u_ddr_mc_phy_wrapper/u_ddr_mc_phy/ddr_phy_4lanes_0.u_ddr_phy_4lanes/phy_control_i/MEMREFCLK
High Pulse Width  Slow    PHY_CONTROL/MEMREFCLK  n/a            0.535         1.250       0.715      PHY_CONTROL_X0Y4  ddr3.u_axi_wrap_ddr/mig_axi/u_mig_axi_32_mig/u_memc_ui_top_axi/mem_intfc0/ddr_phy_top0/u_ddr_mc_phy_wrapper/u_ddr_mc_phy/ddr_phy_4lanes_0.u_ddr_phy_4lanes/phy_control_i/MEMREFCLK



---------------------------------------------------------------------------------------------------
From Clock:  oserdes_clk
  To Clock:  oserdes_clk

Setup :            0  Failing Endpoints,  Worst Slack        1.190ns,  Total Violation        0.000ns
Hold  :            0  Failing Endpoints,  Worst Slack        0.408ns,  Total Violation        0.000ns
PW    :            0  Failing Endpoints,  Worst Slack        1.026ns,  Total Violation        0.000ns
---------------------------------------------------------------------------------------------------


Max Delay Paths
--------------------------------------------------------------------------------------
Slack (MET) :             1.190ns  (required time - arrival time)
  Source:                 ddr3.u_axi_wrap_ddr/mig_axi/u_mig_axi_32_mig/u_memc_ui_top_axi/mem_intfc0/ddr_phy_top0/u_ddr_mc_phy_wrapper/u_ddr_mc_phy/ddr_phy_4lanes_0.u_ddr_phy_4lanes/ddr_byte_lane_A.ddr_byte_lane_A/phaser_out/OCLKDELAYED
                            (rising edge-triggered cell PHASER_OUT_PHY clocked by oserdes_clk  {rise@0.000ns fall@1.250ns period=2.500ns})
  Destination:            ddr3.u_axi_wrap_ddr/mig_axi/u_mig_axi_32_mig/u_memc_ui_top_axi/mem_intfc0/ddr_phy_top0/u_ddr_mc_phy_wrapper/u_ddr_mc_phy/ddr_phy_4lanes_0.u_ddr_phy_4lanes/ddr_byte_lane_A.ddr_byte_lane_A/ddr_byte_group_io/dqs_gen.oddr_dqsts/D1
                            (rising edge-triggered cell ODDR clocked by oserdes_clk  {rise@0.000ns fall@1.250ns period=2.500ns})
  Path Group:             oserdes_clk
  Path Type:              Setup (Max at Slow Process Corner)
  Requirement:            2.500ns  (oserdes_clk rise@2.500ns - oserdes_clk rise@0.000ns)
  Data Path Delay:        0.864ns  (logic 0.489ns (56.594%)  route 0.375ns (43.406%))
  Logic Levels:           0  
  Clock Path Skew:        0.342ns (DCD - SCD + CPR)
    Destination Clock Delay (DCD):    9.046ns = ( 11.546 - 2.500 ) 
    Source Clock Delay      (SCD):    9.139ns
    Clock Pessimism Removal (CPR):    0.436ns
  Clock Uncertainty:      0.065ns  ((TSJ^2 + DJ^2)^1/2) / 2 + PE
    Total System Jitter     (TSJ):    0.071ns
    Discrete Jitter          (DJ):    0.109ns
    Phase Error              (PE):    0.000ns

    Location             Delay type                Incr(ns)  Path(ns)    Netlist Resource(s)
  -------------------------------------------------------------------    -------------------
                         (clock oserdes_clk rise edge)
                                                      0.000     0.000 r  
    AC19                                              0.000     0.000 r  clk (IN)
                         net (fo=0)                   0.000     0.000    clk
    AC19                 IBUF (Prop_ibuf_I_O)         1.416     1.416 r  clk_IBUF_inst/O
                         net (fo=1, routed)           2.602     4.018    clk_IBUF
    BUFGCTRL_X0Y0        BUFG (Prop_bufg_I_O)         0.081     4.099 r  clk_IBUF_BUFG_inst/O
                         net (fo=2166, routed)        1.696     5.795    ddr3.u_axi_wrap_ddr/mig_axi/u_mig_axi_32_mig/u_ddr3_infrastructure/mmcm_clk
    PLLE2_ADV_X0Y4       PLLE2_ADV (Prop_plle2_adv_CLKIN1_CLKOUT1)
                                                      0.077     5.872 r  ddr3.u_axi_wrap_ddr/mig_axi/u_mig_axi_32_mig/u_ddr3_infrastructure/plle2_i/CLKOUT1
                         net (fo=7, routed)           0.522     6.394    ddr3.u_axi_wrap_ddr/mig_axi/u_mig_axi_32_mig/u_memc_ui_top_axi/mem_intfc0/ddr_phy_top0/u_ddr_mc_phy_wrapper/u_ddr_mc_phy/ddr_phy_4lanes_0.u_ddr_phy_4lanes/ddr_byte_lane_A.ddr_byte_lane_A/mem_refclk
    PHASER_OUT_PHY_X0Y16 PHASER_OUT_PHY (Prop_phaser_out_phy_MEMREFCLK_OCLK)
                                                      2.083     8.477 r  ddr3.u_axi_wrap_ddr/mig_axi/u_mig_axi_32_mig/u_memc_ui_top_axi/mem_intfc0/ddr_phy_top0/u_ddr_mc_phy_wrapper/u_ddr_mc_phy/ddr_phy_4lanes_0.u_ddr_phy_4lanes/ddr_byte_lane_A.ddr_byte_lane_A/phaser_out/OCLK
    PHASER_OUT_PHY_X0Y16 PHASER_OUT_PHY (Prop_phaser_out_phy_OCLK_OCLKDELAYED)
                                                      0.662     9.139 r  ddr3.u_axi_wrap_ddr/mig_axi/u_mig_axi_32_mig/u_memc_ui_top_axi/mem_intfc0/ddr_phy_top0/u_ddr_mc_phy_wrapper/u_ddr_mc_phy/ddr_phy_4lanes_0.u_ddr_phy_4lanes/ddr_byte_lane_A.ddr_byte_lane_A/phaser_out/OCLKDELAYED
  -------------------------------------------------------------------    -------------------
    PHASER_OUT_PHY_X0Y16 PHASER_OUT_PHY (Prop_phaser_out_phy_OCLKDELAYED_CTSBUS[0])
                                                      0.489     9.628 r  ddr3.u_axi_wrap_ddr/mig_axi/u_mig_axi_32_mig/u_memc_ui_top_axi/mem_intfc0/ddr_phy_top0/u_ddr_mc_phy_wrapper/u_ddr_mc_phy/ddr_phy_4lanes_0.u_ddr_phy_4lanes/ddr_byte_lane_A.ddr_byte_lane_A/phaser_out/CTSBUS[0]
                         net (fo=2, routed)           0.375    10.003    ddr3.u_axi_wrap_ddr/mig_axi/u_mig_axi_32_mig/u_memc_ui_top_axi/mem_intfc0/ddr_phy_top0/u_ddr_mc_phy_wrapper/u_ddr_mc_phy/ddr_phy_4lanes_0.u_ddr_phy_4lanes/ddr_byte_lane_A.ddr_byte_lane_A/ddr_byte_group_io/CTSBUS[0]
    OLOGIC_X0Y208        ODDR                                         r  ddr3.u_axi_wrap_ddr/mig_axi/u_mig_axi_32_mig/u_memc_ui_top_axi/mem_intfc0/ddr_phy_top0/u_ddr_mc_phy_wrapper/u_ddr_mc_phy/ddr_phy_4lanes_0.u_ddr_phy_4lanes/ddr_byte_lane_A.ddr_byte_lane_A/ddr_byte_group_io/dqs_gen.oddr_dqsts/D1
  -------------------------------------------------------------------    -------------------

                         (clock oserdes_clk rise edge)
                                                      2.500     2.500 r  
    AC19                                              0.000     2.500 r  clk (IN)
                         net (fo=0)                   0.000     2.500    clk
    AC19                 IBUF (Prop_ibuf_I_O)         1.350     3.850 r  clk_IBUF_inst/O
                         net (fo=1, routed)           2.471     6.321    clk_IBUF
    BUFGCTRL_X0Y0        BUFG (Prop_bufg_I_O)         0.077     6.398 r  clk_IBUF_BUFG_inst/O
                         net (fo=2166, routed)        1.586     7.984    ddr3.u_axi_wrap_ddr/mig_axi/u_mig_axi_32_mig/u_ddr3_infrastructure/mmcm_clk
    PLLE2_ADV_X0Y4       PLLE2_ADV (Prop_plle2_adv_CLKIN1_CLKOUT1)
                                                      0.073     8.057 r  ddr3.u_axi_wrap_ddr/mig_axi/u_mig_axi_32_mig/u_ddr3_infrastructure/plle2_i/CLKOUT1
                         net (fo=7, routed)           0.496     8.553    ddr3.u_axi_wrap_ddr/mig_axi/u_mig_axi_32_mig/u_memc_ui_top_axi/mem_intfc0/ddr_phy_top0/u_ddr_mc_phy_wrapper/u_ddr_mc_phy/ddr_phy_4lanes_0.u_ddr_phy_4lanes/ddr_byte_lane_A.ddr_byte_lane_A/mem_refclk
    PHASER_OUT_PHY_X0Y16 PHASER_OUT_PHY (Prop_phaser_out_phy_MEMREFCLK_OCLK)
                                                      2.027    10.580 r  ddr3.u_axi_wrap_ddr/mig_axi/u_mig_axi_32_mig/u_memc_ui_top_axi/mem_intfc0/ddr_phy_top0/u_ddr_mc_phy_wrapper/u_ddr_mc_phy/ddr_phy_4lanes_0.u_ddr_phy_4lanes/ddr_byte_lane_A.ddr_byte_lane_A/phaser_out/OCLK
    PHASER_OUT_PHY_X0Y16 PHASER_OUT_PHY (Prop_phaser_out_phy_OCLK_OCLKDELAYED)
                                                      0.624    11.204 r  ddr3.u_axi_wrap_ddr/mig_axi/u_mig_axi_32_mig/u_memc_ui_top_axi/mem_intfc0/ddr_phy_top0/u_ddr_mc_phy_wrapper/u_ddr_mc_phy/ddr_phy_4lanes_0.u_ddr_phy_4lanes/ddr_byte_lane_A.ddr_byte_lane_A/phaser_out/OCLKDELAYED
                         net (fo=2, routed)           0.342    11.546    ddr3.u_axi_wrap_ddr/mig_axi/u_mig_axi_32_mig/u_memc_ui_top_axi/mem_intfc0/ddr_phy_top0/u_ddr_mc_phy_wrapper/u_ddr_mc_phy/ddr_phy_4lanes_0.u_ddr_phy_4lanes/ddr_byte_lane_A.ddr_byte_lane_A/ddr_byte_group_io/oserdes_clk_delayed
    OLOGIC_X0Y208        ODDR                                         r  ddr3.u_axi_wrap_ddr/mig_axi/u_mig_axi_32_mig/u_memc_ui_top_axi/mem_intfc0/ddr_phy_top0/u_ddr_mc_phy_wrapper/u_ddr_mc_phy/ddr_phy_4lanes_0.u_ddr_phy_4lanes/ddr_byte_lane_A.ddr_byte_lane_A/ddr_byte_group_io/dqs_gen.oddr_dqsts/C
                         clock pessimism              0.436    11.981    
                         clock uncertainty           -0.065    11.916    
    OLOGIC_X0Y208        ODDR (Setup_oddr_C_D1)      -0.723    11.193    ddr3.u_axi_wrap_ddr/mig_axi/u_mig_axi_32_mig/u_memc_ui_top_axi/mem_intfc0/ddr_phy_top0/u_ddr_mc_phy_wrapper/u_ddr_mc_phy/ddr_phy_4lanes_0.u_ddr_phy_4lanes/ddr_byte_lane_A.ddr_byte_lane_A/ddr_byte_group_io/dqs_gen.oddr_dqsts
  -------------------------------------------------------------------
                         required time                         11.193    
                         arrival time                         -10.003    
  -------------------------------------------------------------------
                         slack                                  1.190    





Min Delay Paths
--------------------------------------------------------------------------------------
Slack (MET) :             0.408ns  (arrival time - required time)
  Source:                 ddr3.u_axi_wrap_ddr/mig_axi/u_mig_axi_32_mig/u_memc_ui_top_axi/mem_intfc0/ddr_phy_top0/u_ddr_mc_phy_wrapper/u_ddr_mc_phy/ddr_phy_4lanes_0.u_ddr_phy_4lanes/ddr_byte_lane_A.ddr_byte_lane_A/phaser_out/OCLKDELAYED
                            (rising edge-triggered cell PHASER_OUT_PHY clocked by oserdes_clk  {rise@0.000ns fall@1.250ns period=2.500ns})
  Destination:            ddr3.u_axi_wrap_ddr/mig_axi/u_mig_axi_32_mig/u_memc_ui_top_axi/mem_intfc0/ddr_phy_top0/u_ddr_mc_phy_wrapper/u_ddr_mc_phy/ddr_phy_4lanes_0.u_ddr_phy_4lanes/ddr_byte_lane_A.ddr_byte_lane_A/ddr_byte_group_io/dqs_gen.oddr_dqs/D2
                            (rising edge-triggered cell ODDR clocked by oserdes_clk  {rise@0.000ns fall@1.250ns period=2.500ns})
  Path Group:             oserdes_clk
  Path Type:              Hold (Min at Fast Process Corner)
  Requirement:            0.000ns  (oserdes_clk rise@0.000ns - oserdes_clk rise@0.000ns)
  Data Path Delay:        0.493ns  (logic 0.346ns (70.174%)  route 0.147ns (29.826%))
  Logic Levels:           0  
  Clock Path Skew:        0.178ns (DCD - SCD - CPR)
    Destination Clock Delay (DCD):    5.486ns
    Source Clock Delay      (SCD):    4.654ns
    Clock Pessimism Removal (CPR):    0.655ns

    Location             Delay type                Incr(ns)  Path(ns)    Netlist Resource(s)
  -------------------------------------------------------------------    -------------------
                         (clock oserdes_clk rise edge)
                                                      0.000     0.000 r  
    AC19                                              0.000     0.000 r  clk (IN)
                         net (fo=0)                   0.000     0.000    clk
    AC19                 IBUF (Prop_ibuf_I_O)         0.253     0.253 r  clk_IBUF_inst/O
                         net (fo=1, routed)           1.074     1.327    clk_IBUF
    BUFGCTRL_X0Y0        BUFG (Prop_bufg_I_O)         0.026     1.353 r  clk_IBUF_BUFG_inst/O
                         net (fo=2166, routed)        0.701     2.054    ddr3.u_axi_wrap_ddr/mig_axi/u_mig_axi_32_mig/u_ddr3_infrastructure/mmcm_clk
    PLLE2_ADV_X0Y4       PLLE2_ADV (Prop_plle2_adv_CLKIN1_CLKOUT1)
                                                      0.050     2.104 r  ddr3.u_axi_wrap_ddr/mig_axi/u_mig_axi_32_mig/u_ddr3_infrastructure/plle2_i/CLKOUT1
                         net (fo=7, routed)           0.197     2.301    ddr3.u_axi_wrap_ddr/mig_axi/u_mig_axi_32_mig/u_memc_ui_top_axi/mem_intfc0/ddr_phy_top0/u_ddr_mc_phy_wrapper/u_ddr_mc_phy/ddr_phy_4lanes_0.u_ddr_phy_4lanes/ddr_byte_lane_A.ddr_byte_lane_A/mem_refclk
    PHASER_OUT_PHY_X0Y16 PHASER_OUT_PHY (Prop_phaser_out_phy_MEMREFCLK_OCLK)
                                                      1.813     4.114 r  ddr3.u_axi_wrap_ddr/mig_axi/u_mig_axi_32_mig/u_memc_ui_top_axi/mem_intfc0/ddr_phy_top0/u_ddr_mc_phy_wrapper/u_ddr_mc_phy/ddr_phy_4lanes_0.u_ddr_phy_4lanes/ddr_byte_lane_A.ddr_byte_lane_A/phaser_out/OCLK
    PHASER_OUT_PHY_X0Y16 PHASER_OUT_PHY (Prop_phaser_out_phy_OCLK_OCLKDELAYED)
                                                      0.539     4.654 r  ddr3.u_axi_wrap_ddr/mig_axi/u_mig_axi_32_mig/u_memc_ui_top_axi/mem_intfc0/ddr_phy_top0/u_ddr_mc_phy_wrapper/u_ddr_mc_phy/ddr_phy_4lanes_0.u_ddr_phy_4lanes/ddr_byte_lane_A.ddr_byte_lane_A/phaser_out/OCLKDELAYED
  -------------------------------------------------------------------    -------------------
    PHASER_OUT_PHY_X0Y16 PHASER_OUT_PHY (Prop_phaser_out_phy_OCLKDELAYED_DQSBUS[1])
                                                      0.346     5.000 r  ddr3.u_axi_wrap_ddr/mig_axi/u_mig_axi_32_mig/u_memc_ui_top_axi/mem_intfc0/ddr_phy_top0/u_ddr_mc_phy_wrapper/u_ddr_mc_phy/ddr_phy_4lanes_0.u_ddr_phy_4lanes/ddr_byte_lane_A.ddr_byte_lane_A/phaser_out/DQSBUS[1]
                         net (fo=1, routed)           0.147     5.147    ddr3.u_axi_wrap_ddr/mig_axi/u_mig_axi_32_mig/u_memc_ui_top_axi/mem_intfc0/ddr_phy_top0/u_ddr_mc_phy_wrapper/u_ddr_mc_phy/ddr_phy_4lanes_0.u_ddr_phy_4lanes/ddr_byte_lane_A.ddr_byte_lane_A/ddr_byte_group_io/DQSBUS[1]
    OLOGIC_X0Y208        ODDR                                         r  ddr3.u_axi_wrap_ddr/mig_axi/u_mig_axi_32_mig/u_memc_ui_top_axi/mem_intfc0/ddr_phy_top0/u_ddr_mc_phy_wrapper/u_ddr_mc_phy/ddr_phy_4lanes_0.u_ddr_phy_4lanes/ddr_byte_lane_A.ddr_byte_lane_A/ddr_byte_group_io/dqs_gen.oddr_dqs/D2
  -------------------------------------------------------------------    -------------------

                         (clock oserdes_clk rise edge)
                                                      0.000     0.000 r  
    AC19                                              0.000     0.000 r  clk (IN)
                         net (fo=0)                   0.000     0.000    clk
    AC19                 IBUF (Prop_ibuf_I_O)         0.441     0.441 r  clk_IBUF_inst/O
                         net (fo=1, routed)           1.160     1.601    clk_IBUF
    BUFGCTRL_X0Y0        BUFG (Prop_bufg_I_O)         0.029     1.630 r  clk_IBUF_BUFG_inst/O
                         net (fo=2166, routed)        0.976     2.606    ddr3.u_axi_wrap_ddr/mig_axi/u_mig_axi_32_mig/u_ddr3_infrastructure/mmcm_clk
    PLLE2_ADV_X0Y4       PLLE2_ADV (Prop_plle2_adv_CLKIN1_CLKOUT1)
                                                      0.053     2.659 r  ddr3.u_axi_wrap_ddr/mig_axi/u_mig_axi_32_mig/u_ddr3_infrastructure/plle2_i/CLKOUT1
                         net (fo=7, routed)           0.218     2.877    ddr3.u_axi_wrap_ddr/mig_axi/u_mig_axi_32_mig/u_memc_ui_top_axi/mem_intfc0/ddr_phy_top0/u_ddr_mc_phy_wrapper/u_ddr_mc_phy/ddr_phy_4lanes_0.u_ddr_phy_4lanes/ddr_byte_lane_A.ddr_byte_lane_A/mem_refclk
    PHASER_OUT_PHY_X0Y16 PHASER_OUT_PHY (Prop_phaser_out_phy_MEMREFCLK_OCLK)
                                                      1.858     4.735 r  ddr3.u_axi_wrap_ddr/mig_axi/u_mig_axi_32_mig/u_memc_ui_top_axi/mem_intfc0/ddr_phy_top0/u_ddr_mc_phy_wrapper/u_ddr_mc_phy/ddr_phy_4lanes_0.u_ddr_phy_4lanes/ddr_byte_lane_A.ddr_byte_lane_A/phaser_out/OCLK
    PHASER_OUT_PHY_X0Y16 PHASER_OUT_PHY (Prop_phaser_out_phy_OCLK_OCLKDELAYED)
                                                      0.573     5.308 r  ddr3.u_axi_wrap_ddr/mig_axi/u_mig_axi_32_mig/u_memc_ui_top_axi/mem_intfc0/ddr_phy_top0/u_ddr_mc_phy_wrapper/u_ddr_mc_phy/ddr_phy_4lanes_0.u_ddr_phy_4lanes/ddr_byte_lane_A.ddr_byte_lane_A/phaser_out/OCLKDELAYED
                         net (fo=2, routed)           0.178     5.486    ddr3.u_axi_wrap_ddr/mig_axi/u_mig_axi_32_mig/u_memc_ui_top_axi/mem_intfc0/ddr_phy_top0/u_ddr_mc_phy_wrapper/u_ddr_mc_phy/ddr_phy_4lanes_0.u_ddr_phy_4lanes/ddr_byte_lane_A.ddr_byte_lane_A/ddr_byte_group_io/oserdes_clk_delayed
    OLOGIC_X0Y208        ODDR                                         r  ddr3.u_axi_wrap_ddr/mig_axi/u_mig_axi_32_mig/u_memc_ui_top_axi/mem_intfc0/ddr_phy_top0/u_ddr_mc_phy_wrapper/u_ddr_mc_phy/ddr_phy_4lanes_0.u_ddr_phy_4lanes/ddr_byte_lane_A.ddr_byte_lane_A/ddr_byte_group_io/dqs_gen.oddr_dqs/C
                         clock pessimism             -0.655     4.832    
    OLOGIC_X0Y208        ODDR (Hold_oddr_C_D2)       -0.093     4.739    ddr3.u_axi_wrap_ddr/mig_axi/u_mig_axi_32_mig/u_memc_ui_top_axi/mem_intfc0/ddr_phy_top0/u_ddr_mc_phy_wrapper/u_ddr_mc_phy/ddr_phy_4lanes_0.u_ddr_phy_4lanes/ddr_byte_lane_A.ddr_byte_lane_A/ddr_byte_group_io/dqs_gen.oddr_dqs
  -------------------------------------------------------------------
                         required time                         -4.739    
                         arrival time                           5.147    
  -------------------------------------------------------------------
                         slack                                  0.408    





Pulse Width Checks
--------------------------------------------------------------------------------------
Clock Name:         oserdes_clk
Waveform(ns):       { 0.000 1.250 }
Period(ns):         2.500
Sources:            { ddr3.u_axi_wrap_ddr/mig_axi/u_mig_axi_32_mig/u_memc_ui_top_axi/mem_intfc0/ddr_phy_top0/u_ddr_mc_phy_wrapper/u_ddr_mc_phy/ddr_phy_4lanes_0.u_ddr_phy_4lanes/ddr_byte_lane_A.ddr_byte_lane_A/phaser_out/OCLK }

Check Type  Corner  Lib Pin  Reference Pin  Required(ns)  Actual(ns)  Slack(ns)  Location       Pin
Min Period  n/a     ODDR/C   n/a            1.474         2.500       1.026      OLOGIC_X0Y208  ddr3.u_axi_wrap_ddr/mig_axi/u_mig_axi_32_mig/u_memc_ui_top_axi/mem_intfc0/ddr_phy_top0/u_ddr_mc_phy_wrapper/u_ddr_mc_phy/ddr_phy_4lanes_0.u_ddr_phy_4lanes/ddr_byte_lane_A.ddr_byte_lane_A/ddr_byte_group_io/dqs_gen.oddr_dqs/C



---------------------------------------------------------------------------------------------------
From Clock:  oserdes_clkdiv
  To Clock:  oserdes_clkdiv

Setup :            0  Failing Endpoints,  Worst Slack        3.750ns,  Total Violation        0.000ns
Hold  :            0  Failing Endpoints,  Worst Slack        0.087ns,  Total Violation        0.000ns
PW    :            0  Failing Endpoints,  Worst Slack        0.000ns,  Total Violation        0.000ns
---------------------------------------------------------------------------------------------------


Max Delay Paths
--------------------------------------------------------------------------------------
Slack (MET) :             3.750ns  (required time - arrival time)
  Source:                 ddr3.u_axi_wrap_ddr/mig_axi/u_mig_axi_32_mig/u_memc_ui_top_axi/mem_intfc0/ddr_phy_top0/u_ddr_mc_phy_wrapper/u_ddr_mc_phy/ddr_phy_4lanes_0.u_ddr_phy_4lanes/ddr_byte_lane_A.ddr_byte_lane_A/out_fifo/RDCLK
                            (rising edge-triggered cell OUT_FIFO clocked by oserdes_clkdiv  {rise@0.000ns fall@2.500ns period=5.000ns})
  Destination:            ddr3.u_axi_wrap_ddr/mig_axi/u_mig_axi_32_mig/u_memc_ui_top_axi/mem_intfc0/ddr_phy_top0/u_ddr_mc_phy_wrapper/u_ddr_mc_phy/ddr_phy_4lanes_0.u_ddr_phy_4lanes/ddr_byte_lane_A.ddr_byte_lane_A/ddr_byte_group_io/output_[9].oserdes_dq_.ddr.oserdes_dq_i/D1
                            (rising edge-triggered cell OSERDESE2 clocked by oserdes_clkdiv  {rise@0.000ns fall@2.500ns period=5.000ns})
  Path Group:             oserdes_clkdiv
  Path Type:              Setup (Max at Slow Process Corner)
  Requirement:            5.000ns  (oserdes_clkdiv rise@5.000ns - oserdes_clkdiv rise@0.000ns)
  Data Path Delay:        1.079ns  (logic 0.596ns (55.238%)  route 0.483ns (44.762%))
  Logic Levels:           0  
  Clock Path Skew:        0.343ns (DCD - SCD + CPR)
    Destination Clock Delay (DCD):    8.556ns = ( 13.556 - 5.000 ) 
    Source Clock Delay      (SCD):    8.618ns
    Clock Pessimism Removal (CPR):    0.406ns
  Clock Uncertainty:      0.065ns  ((TSJ^2 + DJ^2)^1/2) / 2 + PE
    Total System Jitter     (TSJ):    0.071ns
    Discrete Jitter          (DJ):    0.109ns
    Phase Error              (PE):    0.000ns

    Location             Delay type                Incr(ns)  Path(ns)    Netlist Resource(s)
  -------------------------------------------------------------------    -------------------
                         (clock oserdes_clkdiv rise edge)
                                                      0.000     0.000 r  
    AC19                                              0.000     0.000 r  clk (IN)
                         net (fo=0)                   0.000     0.000    clk
    AC19                 IBUF (Prop_ibuf_I_O)         1.416     1.416 r  clk_IBUF_inst/O
                         net (fo=1, routed)           2.602     4.018    clk_IBUF
    BUFGCTRL_X0Y0        BUFG (Prop_bufg_I_O)         0.081     4.099 r  clk_IBUF_BUFG_inst/O
                         net (fo=2166, routed)        1.696     5.795    ddr3.u_axi_wrap_ddr/mig_axi/u_mig_axi_32_mig/u_ddr3_infrastructure/mmcm_clk
    PLLE2_ADV_X0Y4       PLLE2_ADV (Prop_plle2_adv_CLKIN1_CLKOUT1)
                                                      0.077     5.872 r  ddr3.u_axi_wrap_ddr/mig_axi/u_mig_axi_32_mig/u_ddr3_infrastructure/plle2_i/CLKOUT1
                         net (fo=7, routed)           0.522     6.394    ddr3.u_axi_wrap_ddr/mig_axi/u_mig_axi_32_mig/u_memc_ui_top_axi/mem_intfc0/ddr_phy_top0/u_ddr_mc_phy_wrapper/u_ddr_mc_phy/ddr_phy_4lanes_0.u_ddr_phy_4lanes/ddr_byte_lane_A.ddr_byte_lane_A/mem_refclk
    PHASER_OUT_PHY_X0Y16 PHASER_OUT_PHY (Prop_phaser_out_phy_MEMREFCLK_OCLK)
                                                      2.083     8.477 r  ddr3.u_axi_wrap_ddr/mig_axi/u_mig_axi_32_mig/u_memc_ui_top_axi/mem_intfc0/ddr_phy_top0/u_ddr_mc_phy_wrapper/u_ddr_mc_phy/ddr_phy_4lanes_0.u_ddr_phy_4lanes/ddr_byte_lane_A.ddr_byte_lane_A/phaser_out/OCLK
    PHASER_OUT_PHY_X0Y16 PHASER_OUT_PHY (Prop_phaser_out_phy_OCLK_OCLKDIV)
                                                      0.141     8.618 r  ddr3.u_axi_wrap_ddr/mig_axi/u_mig_axi_32_mig/u_memc_ui_top_axi/mem_intfc0/ddr_phy_top0/u_ddr_mc_phy_wrapper/u_ddr_mc_phy/ddr_phy_4lanes_0.u_ddr_phy_4lanes/ddr_byte_lane_A.ddr_byte_lane_A/phaser_out/OCLKDIV
                         net (fo=11, routed)          0.000     8.618    ddr3.u_axi_wrap_ddr/mig_axi/u_mig_axi_32_mig/u_memc_ui_top_axi/mem_intfc0/ddr_phy_top0/u_ddr_mc_phy_wrapper/u_ddr_mc_phy/ddr_phy_4lanes_0.u_ddr_phy_4lanes/ddr_byte_lane_A.ddr_byte_lane_A/oserdes_clkdiv
    OUT_FIFO_X0Y16       OUT_FIFO                                     r  ddr3.u_axi_wrap_ddr/mig_axi/u_mig_axi_32_mig/u_memc_ui_top_axi/mem_intfc0/ddr_phy_top0/u_ddr_mc_phy_wrapper/u_ddr_mc_phy/ddr_phy_4lanes_0.u_ddr_phy_4lanes/ddr_byte_lane_A.ddr_byte_lane_A/out_fifo/RDCLK
  -------------------------------------------------------------------    -------------------
    OUT_FIFO_X0Y16       OUT_FIFO (Prop_out_fifo_RDCLK_Q9[0])
                                                      0.596     9.214 r  ddr3.u_axi_wrap_ddr/mig_axi/u_mig_axi_32_mig/u_memc_ui_top_axi/mem_intfc0/ddr_phy_top0/u_ddr_mc_phy_wrapper/u_ddr_mc_phy/ddr_phy_4lanes_0.u_ddr_phy_4lanes/ddr_byte_lane_A.ddr_byte_lane_A/out_fifo/Q9[0]
                         net (fo=1, routed)           0.483     9.697    ddr3.u_axi_wrap_ddr/mig_axi/u_mig_axi_32_mig/u_memc_ui_top_axi/mem_intfc0/ddr_phy_top0/u_ddr_mc_phy_wrapper/u_ddr_mc_phy/ddr_phy_4lanes_0.u_ddr_phy_4lanes/ddr_byte_lane_A.ddr_byte_lane_A/ddr_byte_group_io/of_dqbus[32]
    OLOGIC_X0Y212        OSERDESE2                                    r  ddr3.u_axi_wrap_ddr/mig_axi/u_mig_axi_32_mig/u_memc_ui_top_axi/mem_intfc0/ddr_phy_top0/u_ddr_mc_phy_wrapper/u_ddr_mc_phy/ddr_phy_4lanes_0.u_ddr_phy_4lanes/ddr_byte_lane_A.ddr_byte_lane_A/ddr_byte_group_io/output_[9].oserdes_dq_.ddr.oserdes_dq_i/D1
  -------------------------------------------------------------------    -------------------

                         (clock oserdes_clkdiv rise edge)
                                                      5.000     5.000 r  
    AC19                                              0.000     5.000 r  clk (IN)
                         net (fo=0)                   0.000     5.000    clk
    AC19                 IBUF (Prop_ibuf_I_O)         1.350     6.350 r  clk_IBUF_inst/O
                         net (fo=1, routed)           2.471     8.821    clk_IBUF
    BUFGCTRL_X0Y0        BUFG (Prop_bufg_I_O)         0.077     8.898 r  clk_IBUF_BUFG_inst/O
                         net (fo=2166, routed)        1.586    10.484    ddr3.u_axi_wrap_ddr/mig_axi/u_mig_axi_32_mig/u_ddr3_infrastructure/mmcm_clk
    PLLE2_ADV_X0Y4       PLLE2_ADV (Prop_plle2_adv_CLKIN1_CLKOUT1)
                                                      0.073    10.557 r  ddr3.u_axi_wrap_ddr/mig_axi/u_mig_axi_32_mig/u_ddr3_infrastructure/plle2_i/CLKOUT1
                         net (fo=7, routed)           0.496    11.053    ddr3.u_axi_wrap_ddr/mig_axi/u_mig_axi_32_mig/u_memc_ui_top_axi/mem_intfc0/ddr_phy_top0/u_ddr_mc_phy_wrapper/u_ddr_mc_phy/ddr_phy_4lanes_0.u_ddr_phy_4lanes/ddr_byte_lane_A.ddr_byte_lane_A/mem_refclk
    PHASER_OUT_PHY_X0Y16 PHASER_OUT_PHY (Prop_phaser_out_phy_MEMREFCLK_OCLK)
                                                      2.027    13.080 r  ddr3.u_axi_wrap_ddr/mig_axi/u_mig_axi_32_mig/u_memc_ui_top_axi/mem_intfc0/ddr_phy_top0/u_ddr_mc_phy_wrapper/u_ddr_mc_phy/ddr_phy_4lanes_0.u_ddr_phy_4lanes/ddr_byte_lane_A.ddr_byte_lane_A/phaser_out/OCLK
    PHASER_OUT_PHY_X0Y16 PHASER_OUT_PHY (Prop_phaser_out_phy_OCLK_OCLKDIV)
                                                      0.133    13.213 r  ddr3.u_axi_wrap_ddr/mig_axi/u_mig_axi_32_mig/u_memc_ui_top_axi/mem_intfc0/ddr_phy_top0/u_ddr_mc_phy_wrapper/u_ddr_mc_phy/ddr_phy_4lanes_0.u_ddr_phy_4lanes/ddr_byte_lane_A.ddr_byte_lane_A/phaser_out/OCLKDIV
                         net (fo=11, routed)          0.343    13.556    ddr3.u_axi_wrap_ddr/mig_axi/u_mig_axi_32_mig/u_memc_ui_top_axi/mem_intfc0/ddr_phy_top0/u_ddr_mc_phy_wrapper/u_ddr_mc_phy/ddr_phy_4lanes_0.u_ddr_phy_4lanes/ddr_byte_lane_A.ddr_byte_lane_A/ddr_byte_group_io/oserdes_clkdiv
    OLOGIC_X0Y212        OSERDESE2                                    r  ddr3.u_axi_wrap_ddr/mig_axi/u_mig_axi_32_mig/u_memc_ui_top_axi/mem_intfc0/ddr_phy_top0/u_ddr_mc_phy_wrapper/u_ddr_mc_phy/ddr_phy_4lanes_0.u_ddr_phy_4lanes/ddr_byte_lane_A.ddr_byte_lane_A/ddr_byte_group_io/output_[9].oserdes_dq_.ddr.oserdes_dq_i/CLKDIV
                         clock pessimism              0.406    13.961    
                         clock uncertainty           -0.065    13.896    
    OLOGIC_X0Y212        OSERDESE2 (Setup_oserdese2_CLKDIV_D1)
                                                     -0.449    13.447    ddr3.u_axi_wrap_ddr/mig_axi/u_mig_axi_32_mig/u_memc_ui_top_axi/mem_intfc0/ddr_phy_top0/u_ddr_mc_phy_wrapper/u_ddr_mc_phy/ddr_phy_4lanes_0.u_ddr_phy_4lanes/ddr_byte_lane_A.ddr_byte_lane_A/ddr_byte_group_io/output_[9].oserdes_dq_.ddr.oserdes_dq_i
  -------------------------------------------------------------------
                         required time                         13.447    
                         arrival time                          -9.697    
  -------------------------------------------------------------------
                         slack                                  3.750    





Min Delay Paths
--------------------------------------------------------------------------------------
Slack (MET) :             0.087ns  (arrival time - required time)
  Source:                 ddr3.u_axi_wrap_ddr/mig_axi/u_mig_axi_32_mig/u_memc_ui_top_axi/mem_intfc0/ddr_phy_top0/u_ddr_mc_phy_wrapper/u_ddr_mc_phy/ddr_phy_4lanes_0.u_ddr_phy_4lanes/ddr_byte_lane_A.ddr_byte_lane_A/out_fifo/RDCLK
                            (rising edge-triggered cell OUT_FIFO clocked by oserdes_clkdiv  {rise@0.000ns fall@2.500ns period=5.000ns})
  Destination:            ddr3.u_axi_wrap_ddr/mig_axi/u_mig_axi_32_mig/u_memc_ui_top_axi/mem_intfc0/ddr_phy_top0/u_ddr_mc_phy_wrapper/u_ddr_mc_phy/ddr_phy_4lanes_0.u_ddr_phy_4lanes/ddr_byte_lane_A.ddr_byte_lane_A/ddr_byte_group_io/output_[2].oserdes_dq_.ddr.oserdes_dq_i/D2
                            (rising edge-triggered cell OSERDESE2 clocked by oserdes_clkdiv  {rise@0.000ns fall@2.500ns period=5.000ns})
  Path Group:             oserdes_clkdiv
  Path Type:              Hold (Min at Fast Process Corner)
  Requirement:            0.000ns  (oserdes_clkdiv rise@0.000ns - oserdes_clkdiv rise@0.000ns)
  Data Path Delay:        0.285ns  (logic 0.138ns (48.411%)  route 0.147ns (51.589%))
  Logic Levels:           0  
  Clock Path Skew:        0.179ns (DCD - SCD - CPR)
    Destination Clock Delay (DCD):    5.002ns
    Source Clock Delay      (SCD):    4.197ns
    Clock Pessimism Removal (CPR):    0.626ns

    Location             Delay type                Incr(ns)  Path(ns)    Netlist Resource(s)
  -------------------------------------------------------------------    -------------------
                         (clock oserdes_clkdiv rise edge)
                                                      0.000     0.000 r  
    AC19                                              0.000     0.000 r  clk (IN)
                         net (fo=0)                   0.000     0.000    clk
    AC19                 IBUF (Prop_ibuf_I_O)         0.253     0.253 r  clk_IBUF_inst/O
                         net (fo=1, routed)           1.074     1.327    clk_IBUF
    BUFGCTRL_X0Y0        BUFG (Prop_bufg_I_O)         0.026     1.353 r  clk_IBUF_BUFG_inst/O
                         net (fo=2166, routed)        0.701     2.054    ddr3.u_axi_wrap_ddr/mig_axi/u_mig_axi_32_mig/u_ddr3_infrastructure/mmcm_clk
    PLLE2_ADV_X0Y4       PLLE2_ADV (Prop_plle2_adv_CLKIN1_CLKOUT1)
                                                      0.050     2.104 r  ddr3.u_axi_wrap_ddr/mig_axi/u_mig_axi_32_mig/u_ddr3_infrastructure/plle2_i/CLKOUT1
                         net (fo=7, routed)           0.197     2.301    ddr3.u_axi_wrap_ddr/mig_axi/u_mig_axi_32_mig/u_memc_ui_top_axi/mem_intfc0/ddr_phy_top0/u_ddr_mc_phy_wrapper/u_ddr_mc_phy/ddr_phy_4lanes_0.u_ddr_phy_4lanes/ddr_byte_lane_A.ddr_byte_lane_A/mem_refclk
    PHASER_OUT_PHY_X0Y16 PHASER_OUT_PHY (Prop_phaser_out_phy_MEMREFCLK_OCLK)
                                                      1.813     4.114 r  ddr3.u_axi_wrap_ddr/mig_axi/u_mig_axi_32_mig/u_memc_ui_top_axi/mem_intfc0/ddr_phy_top0/u_ddr_mc_phy_wrapper/u_ddr_mc_phy/ddr_phy_4lanes_0.u_ddr_phy_4lanes/ddr_byte_lane_A.ddr_byte_lane_A/phaser_out/OCLK
    PHASER_OUT_PHY_X0Y16 PHASER_OUT_PHY (Prop_phaser_out_phy_OCLK_OCLKDIV)
                                                      0.083     4.197 r  ddr3.u_axi_wrap_ddr/mig_axi/u_mig_axi_32_mig/u_memc_ui_top_axi/mem_intfc0/ddr_phy_top0/u_ddr_mc_phy_wrapper/u_ddr_mc_phy/ddr_phy_4lanes_0.u_ddr_phy_4lanes/ddr_byte_lane_A.ddr_byte_lane_A/phaser_out/OCLKDIV
                         net (fo=11, routed)          0.000     4.197    ddr3.u_axi_wrap_ddr/mig_axi/u_mig_axi_32_mig/u_memc_ui_top_axi/mem_intfc0/ddr_phy_top0/u_ddr_mc_phy_wrapper/u_ddr_mc_phy/ddr_phy_4lanes_0.u_ddr_phy_4lanes/ddr_byte_lane_A.ddr_byte_lane_A/oserdes_clkdiv
    OUT_FIFO_X0Y16       OUT_FIFO                                     r  ddr3.u_axi_wrap_ddr/mig_axi/u_mig_axi_32_mig/u_memc_ui_top_axi/mem_intfc0/ddr_phy_top0/u_ddr_mc_phy_wrapper/u_ddr_mc_phy/ddr_phy_4lanes_0.u_ddr_phy_4lanes/ddr_byte_lane_A.ddr_byte_lane_A/out_fifo/RDCLK
  -------------------------------------------------------------------    -------------------
    OUT_FIFO_X0Y16       OUT_FIFO (Prop_out_fifo_RDCLK_Q2[1])
                                                      0.138     4.335 r  ddr3.u_axi_wrap_ddr/mig_axi/u_mig_axi_32_mig/u_memc_ui_top_axi/mem_intfc0/ddr_phy_top0/u_ddr_mc_phy_wrapper/u_ddr_mc_phy/ddr_phy_4lanes_0.u_ddr_phy_4lanes/ddr_byte_lane_A.ddr_byte_lane_A/out_fifo/Q2[1]
                         net (fo=1, routed)           0.147     4.482    ddr3.u_axi_wrap_ddr/mig_axi/u_mig_axi_32_mig/u_memc_ui_top_axi/mem_intfc0/ddr_phy_top0/u_ddr_mc_phy_wrapper/u_ddr_mc_phy/ddr_phy_4lanes_0.u_ddr_phy_4lanes/ddr_byte_lane_A.ddr_byte_lane_A/ddr_byte_group_io/of_dqbus[5]
    OLOGIC_X0Y203        OSERDESE2                                    r  ddr3.u_axi_wrap_ddr/mig_axi/u_mig_axi_32_mig/u_memc_ui_top_axi/mem_intfc0/ddr_phy_top0/u_ddr_mc_phy_wrapper/u_ddr_mc_phy/ddr_phy_4lanes_0.u_ddr_phy_4lanes/ddr_byte_lane_A.ddr_byte_lane_A/ddr_byte_group_io/output_[2].oserdes_dq_.ddr.oserdes_dq_i/D2
  -------------------------------------------------------------------    -------------------

                         (clock oserdes_clkdiv rise edge)
                                                      0.000     0.000 r  
    AC19                                              0.000     0.000 r  clk (IN)
                         net (fo=0)                   0.000     0.000    clk
    AC19                 IBUF (Prop_ibuf_I_O)         0.441     0.441 r  clk_IBUF_inst/O
                         net (fo=1, routed)           1.160     1.601    clk_IBUF
    BUFGCTRL_X0Y0        BUFG (Prop_bufg_I_O)         0.029     1.630 r  clk_IBUF_BUFG_inst/O
                         net (fo=2166, routed)        0.976     2.606    ddr3.u_axi_wrap_ddr/mig_axi/u_mig_axi_32_mig/u_ddr3_infrastructure/mmcm_clk
    PLLE2_ADV_X0Y4       PLLE2_ADV (Prop_plle2_adv_CLKIN1_CLKOUT1)
                                                      0.053     2.659 r  ddr3.u_axi_wrap_ddr/mig_axi/u_mig_axi_32_mig/u_ddr3_infrastructure/plle2_i/CLKOUT1
                         net (fo=7, routed)           0.218     2.877    ddr3.u_axi_wrap_ddr/mig_axi/u_mig_axi_32_mig/u_memc_ui_top_axi/mem_intfc0/ddr_phy_top0/u_ddr_mc_phy_wrapper/u_ddr_mc_phy/ddr_phy_4lanes_0.u_ddr_phy_4lanes/ddr_byte_lane_A.ddr_byte_lane_A/mem_refclk
    PHASER_OUT_PHY_X0Y16 PHASER_OUT_PHY (Prop_phaser_out_phy_MEMREFCLK_OCLK)
                                                      1.858     4.735 r  ddr3.u_axi_wrap_ddr/mig_axi/u_mig_axi_32_mig/u_memc_ui_top_axi/mem_intfc0/ddr_phy_top0/u_ddr_mc_phy_wrapper/u_ddr_mc_phy/ddr_phy_4lanes_0.u_ddr_phy_4lanes/ddr_byte_lane_A.ddr_byte_lane_A/phaser_out/OCLK
    PHASER_OUT_PHY_X0Y16 PHASER_OUT_PHY (Prop_phaser_out_phy_OCLK_OCLKDIV)
                                                      0.088     4.823 r  ddr3.u_axi_wrap_ddr/mig_axi/u_mig_axi_32_mig/u_memc_ui_top_axi/mem_intfc0/ddr_phy_top0/u_ddr_mc_phy_wrapper/u_ddr_mc_phy/ddr_phy_4lanes_0.u_ddr_phy_4lanes/ddr_byte_lane_A.ddr_byte_lane_A/phaser_out/OCLKDIV
                         net (fo=11, routed)          0.179     5.002    ddr3.u_axi_wrap_ddr/mig_axi/u_mig_axi_32_mig/u_memc_ui_top_axi/mem_intfc0/ddr_phy_top0/u_ddr_mc_phy_wrapper/u_ddr_mc_phy/ddr_phy_4lanes_0.u_ddr_phy_4lanes/ddr_byte_lane_A.ddr_byte_lane_A/ddr_byte_group_io/oserdes_clkdiv
    OLOGIC_X0Y203        OSERDESE2                                    r  ddr3.u_axi_wrap_ddr/mig_axi/u_mig_axi_32_mig/u_memc_ui_top_axi/mem_intfc0/ddr_phy_top0/u_ddr_mc_phy_wrapper/u_ddr_mc_phy/ddr_phy_4lanes_0.u_ddr_phy_4lanes/ddr_byte_lane_A.ddr_byte_lane_A/ddr_byte_group_io/output_[2].oserdes_dq_.ddr.oserdes_dq_i/CLKDIV
                         clock pessimism             -0.626     4.376    
    OLOGIC_X0Y203        OSERDESE2 (Hold_oserdese2_CLKDIV_D2)
                                                      0.019     4.395    ddr3.u_axi_wrap_ddr/mig_axi/u_mig_axi_32_mig/u_memc_ui_top_axi/mem_intfc0/ddr_phy_top0/u_ddr_mc_phy_wrapper/u_ddr_mc_phy/ddr_phy_4lanes_0.u_ddr_phy_4lanes/ddr_byte_lane_A.ddr_byte_lane_A/ddr_byte_group_io/output_[2].oserdes_dq_.ddr.oserdes_dq_i
  -------------------------------------------------------------------
                         required time                         -4.395    
                         arrival time                           4.482    
  -------------------------------------------------------------------
                         slack                                  0.087    





Pulse Width Checks
--------------------------------------------------------------------------------------
Clock Name:         oserdes_clkdiv
Waveform(ns):       { 0.000 2.500 }
Period(ns):         5.000
Sources:            { ddr3.u_axi_wrap_ddr/mig_axi/u_mig_axi_32_mig/u_memc_ui_top_axi/mem_intfc0/ddr_phy_top0/u_ddr_mc_phy_wrapper/u_ddr_mc_phy/ddr_phy_4lanes_0.u_ddr_phy_4lanes/ddr_byte_lane_A.ddr_byte_lane_A/phaser_out/OCLKDIV }

Check Type        Corner  Lib Pin         Reference Pin  Required(ns)  Actual(ns)  Slack(ns)  Location        Pin
Min Period        n/a     OUT_FIFO/RDCLK  n/a            5.000         5.000       0.000      OUT_FIFO_X0Y16  ddr3.u_axi_wrap_ddr/mig_axi/u_mig_axi_32_mig/u_memc_ui_top_axi/mem_intfc0/ddr_phy_top0/u_ddr_mc_phy_wrapper/u_ddr_mc_phy/ddr_phy_4lanes_0.u_ddr_phy_4lanes/ddr_byte_lane_A.ddr_byte_lane_A/out_fifo/RDCLK
Low Pulse Width   Slow    OUT_FIFO/RDCLK  n/a            2.150         2.500       0.350      OUT_FIFO_X0Y16  ddr3.u_axi_wrap_ddr/mig_axi/u_mig_axi_32_mig/u_memc_ui_top_axi/mem_intfc0/ddr_phy_top0/u_ddr_mc_phy_wrapper/u_ddr_mc_phy/ddr_phy_4lanes_0.u_ddr_phy_4lanes/ddr_byte_lane_A.ddr_byte_lane_A/out_fifo/RDCLK
High Pulse Width  Slow    OUT_FIFO/RDCLK  n/a            2.150         2.500       0.350      OUT_FIFO_X0Y16  ddr3.u_axi_wrap_ddr/mig_axi/u_mig_axi_32_mig/u_memc_ui_top_axi/mem_intfc0/ddr_phy_top0/u_ddr_mc_phy_wrapper/u_ddr_mc_phy/ddr_phy_4lanes_0.u_ddr_phy_4lanes/ddr_byte_lane_A.ddr_byte_lane_A/out_fifo/RDCLK



---------------------------------------------------------------------------------------------------
From Clock:  oserdes_clk_1
  To Clock:  oserdes_clk_1

Setup :            0  Failing Endpoints,  Worst Slack        1.175ns,  Total Violation        0.000ns
Hold  :            0  Failing Endpoints,  Worst Slack        0.413ns,  Total Violation        0.000ns
PW    :            0  Failing Endpoints,  Worst Slack        1.026ns,  Total Violation        0.000ns
---------------------------------------------------------------------------------------------------


Max Delay Paths
--------------------------------------------------------------------------------------
Slack (MET) :             1.175ns  (required time - arrival time)
  Source:                 ddr3.u_axi_wrap_ddr/mig_axi/u_mig_axi_32_mig/u_memc_ui_top_axi/mem_intfc0/ddr_phy_top0/u_ddr_mc_phy_wrapper/u_ddr_mc_phy/ddr_phy_4lanes_0.u_ddr_phy_4lanes/ddr_byte_lane_B.ddr_byte_lane_B/phaser_out/OCLKDELAYED
                            (rising edge-triggered cell PHASER_OUT_PHY clocked by oserdes_clk_1  {rise@0.000ns fall@1.250ns period=2.500ns})
  Destination:            ddr3.u_axi_wrap_ddr/mig_axi/u_mig_axi_32_mig/u_memc_ui_top_axi/mem_intfc0/ddr_phy_top0/u_ddr_mc_phy_wrapper/u_ddr_mc_phy/ddr_phy_4lanes_0.u_ddr_phy_4lanes/ddr_byte_lane_B.ddr_byte_lane_B/ddr_byte_group_io/dqs_gen.oddr_dqsts/D1
                            (rising edge-triggered cell ODDR clocked by oserdes_clk_1  {rise@0.000ns fall@1.250ns period=2.500ns})
  Path Group:             oserdes_clk_1
  Path Type:              Setup (Max at Slow Process Corner)
  Requirement:            2.500ns  (oserdes_clk_1 rise@2.500ns - oserdes_clk_1 rise@0.000ns)
  Data Path Delay:        0.864ns  (logic 0.489ns (56.594%)  route 0.375ns (43.406%))
  Logic Levels:           0  
  Clock Path Skew:        0.327ns (DCD - SCD + CPR)
    Destination Clock Delay (DCD):    9.021ns = ( 11.521 - 2.500 ) 
    Source Clock Delay      (SCD):    9.128ns
    Clock Pessimism Removal (CPR):    0.435ns
  Clock Uncertainty:      0.065ns  ((TSJ^2 + DJ^2)^1/2) / 2 + PE
    Total System Jitter     (TSJ):    0.071ns
    Discrete Jitter          (DJ):    0.109ns
    Phase Error              (PE):    0.000ns

    Location             Delay type                Incr(ns)  Path(ns)    Netlist Resource(s)
  -------------------------------------------------------------------    -------------------
                         (clock oserdes_clk_1 rise edge)
                                                      0.000     0.000 r  
    AC19                                              0.000     0.000 r  clk (IN)
                         net (fo=0)                   0.000     0.000    clk
    AC19                 IBUF (Prop_ibuf_I_O)         1.416     1.416 r  clk_IBUF_inst/O
                         net (fo=1, routed)           2.602     4.018    clk_IBUF
    BUFGCTRL_X0Y0        BUFG (Prop_bufg_I_O)         0.081     4.099 r  clk_IBUF_BUFG_inst/O
                         net (fo=2166, routed)        1.696     5.795    ddr3.u_axi_wrap_ddr/mig_axi/u_mig_axi_32_mig/u_ddr3_infrastructure/mmcm_clk
    PLLE2_ADV_X0Y4       PLLE2_ADV (Prop_plle2_adv_CLKIN1_CLKOUT1)
                                                      0.077     5.872 r  ddr3.u_axi_wrap_ddr/mig_axi/u_mig_axi_32_mig/u_ddr3_infrastructure/plle2_i/CLKOUT1
                         net (fo=7, routed)           0.511     6.383    ddr3.u_axi_wrap_ddr/mig_axi/u_mig_axi_32_mig/u_memc_ui_top_axi/mem_intfc0/ddr_phy_top0/u_ddr_mc_phy_wrapper/u_ddr_mc_phy/ddr_phy_4lanes_0.u_ddr_phy_4lanes/ddr_byte_lane_B.ddr_byte_lane_B/mem_refclk
    PHASER_OUT_PHY_X0Y17 PHASER_OUT_PHY (Prop_phaser_out_phy_MEMREFCLK_OCLK)
                                                      2.083     8.466 r  ddr3.u_axi_wrap_ddr/mig_axi/u_mig_axi_32_mig/u_memc_ui_top_axi/mem_intfc0/ddr_phy_top0/u_ddr_mc_phy_wrapper/u_ddr_mc_phy/ddr_phy_4lanes_0.u_ddr_phy_4lanes/ddr_byte_lane_B.ddr_byte_lane_B/phaser_out/OCLK
    PHASER_OUT_PHY_X0Y17 PHASER_OUT_PHY (Prop_phaser_out_phy_OCLK_OCLKDELAYED)
                                                      0.662     9.128 r  ddr3.u_axi_wrap_ddr/mig_axi/u_mig_axi_32_mig/u_memc_ui_top_axi/mem_intfc0/ddr_phy_top0/u_ddr_mc_phy_wrapper/u_ddr_mc_phy/ddr_phy_4lanes_0.u_ddr_phy_4lanes/ddr_byte_lane_B.ddr_byte_lane_B/phaser_out/OCLKDELAYED
  -------------------------------------------------------------------    -------------------
    PHASER_OUT_PHY_X0Y17 PHASER_OUT_PHY (Prop_phaser_out_phy_OCLKDELAYED_CTSBUS[0])
                                                      0.489     9.617 r  ddr3.u_axi_wrap_ddr/mig_axi/u_mig_axi_32_mig/u_memc_ui_top_axi/mem_intfc0/ddr_phy_top0/u_ddr_mc_phy_wrapper/u_ddr_mc_phy/ddr_phy_4lanes_0.u_ddr_phy_4lanes/ddr_byte_lane_B.ddr_byte_lane_B/phaser_out/CTSBUS[0]
                         net (fo=2, routed)           0.375     9.992    ddr3.u_axi_wrap_ddr/mig_axi/u_mig_axi_32_mig/u_memc_ui_top_axi/mem_intfc0/ddr_phy_top0/u_ddr_mc_phy_wrapper/u_ddr_mc_phy/ddr_phy_4lanes_0.u_ddr_phy_4lanes/ddr_byte_lane_B.ddr_byte_lane_B/ddr_byte_group_io/CTSBUS[0]
    OLOGIC_X0Y220        ODDR                                         r  ddr3.u_axi_wrap_ddr/mig_axi/u_mig_axi_32_mig/u_memc_ui_top_axi/mem_intfc0/ddr_phy_top0/u_ddr_mc_phy_wrapper/u_ddr_mc_phy/ddr_phy_4lanes_0.u_ddr_phy_4lanes/ddr_byte_lane_B.ddr_byte_lane_B/ddr_byte_group_io/dqs_gen.oddr_dqsts/D1
  -------------------------------------------------------------------    -------------------

                         (clock oserdes_clk_1 rise edge)
                                                      2.500     2.500 r  
    AC19                                              0.000     2.500 r  clk (IN)
                         net (fo=0)                   0.000     2.500    clk
    AC19                 IBUF (Prop_ibuf_I_O)         1.350     3.850 r  clk_IBUF_inst/O
                         net (fo=1, routed)           2.471     6.321    clk_IBUF
    BUFGCTRL_X0Y0        BUFG (Prop_bufg_I_O)         0.077     6.398 r  clk_IBUF_BUFG_inst/O
                         net (fo=2166, routed)        1.586     7.984    ddr3.u_axi_wrap_ddr/mig_axi/u_mig_axi_32_mig/u_ddr3_infrastructure/mmcm_clk
    PLLE2_ADV_X0Y4       PLLE2_ADV (Prop_plle2_adv_CLKIN1_CLKOUT1)
                                                      0.073     8.057 r  ddr3.u_axi_wrap_ddr/mig_axi/u_mig_axi_32_mig/u_ddr3_infrastructure/plle2_i/CLKOUT1
                         net (fo=7, routed)           0.486     8.543    ddr3.u_axi_wrap_ddr/mig_axi/u_mig_axi_32_mig/u_memc_ui_top_axi/mem_intfc0/ddr_phy_top0/u_ddr_mc_phy_wrapper/u_ddr_mc_phy/ddr_phy_4lanes_0.u_ddr_phy_4lanes/ddr_byte_lane_B.ddr_byte_lane_B/mem_refclk
    PHASER_OUT_PHY_X0Y17 PHASER_OUT_PHY (Prop_phaser_out_phy_MEMREFCLK_OCLK)
                                                      2.027    10.570 r  ddr3.u_axi_wrap_ddr/mig_axi/u_mig_axi_32_mig/u_memc_ui_top_axi/mem_intfc0/ddr_phy_top0/u_ddr_mc_phy_wrapper/u_ddr_mc_phy/ddr_phy_4lanes_0.u_ddr_phy_4lanes/ddr_byte_lane_B.ddr_byte_lane_B/phaser_out/OCLK
    PHASER_OUT_PHY_X0Y17 PHASER_OUT_PHY (Prop_phaser_out_phy_OCLK_OCLKDELAYED)
                                                      0.624    11.194 r  ddr3.u_axi_wrap_ddr/mig_axi/u_mig_axi_32_mig/u_memc_ui_top_axi/mem_intfc0/ddr_phy_top0/u_ddr_mc_phy_wrapper/u_ddr_mc_phy/ddr_phy_4lanes_0.u_ddr_phy_4lanes/ddr_byte_lane_B.ddr_byte_lane_B/phaser_out/OCLKDELAYED
                         net (fo=2, routed)           0.327    11.521    ddr3.u_axi_wrap_ddr/mig_axi/u_mig_axi_32_mig/u_memc_ui_top_axi/mem_intfc0/ddr_phy_top0/u_ddr_mc_phy_wrapper/u_ddr_mc_phy/ddr_phy_4lanes_0.u_ddr_phy_4lanes/ddr_byte_lane_B.ddr_byte_lane_B/ddr_byte_group_io/oserdes_clk_delayed
    OLOGIC_X0Y220        ODDR                                         r  ddr3.u_axi_wrap_ddr/mig_axi/u_mig_axi_32_mig/u_memc_ui_top_axi/mem_intfc0/ddr_phy_top0/u_ddr_mc_phy_wrapper/u_ddr_mc_phy/ddr_phy_4lanes_0.u_ddr_phy_4lanes/ddr_byte_lane_B.ddr_byte_lane_B/ddr_byte_group_io/dqs_gen.oddr_dqsts/C
                         clock pessimism              0.435    11.955    
                         clock uncertainty           -0.065    11.890    
    OLOGIC_X0Y220        ODDR (Setup_oddr_C_D1)      -0.723    11.167    ddr3.u_axi_wrap_ddr/mig_axi/u_mig_axi_32_mig/u_memc_ui_top_axi/mem_intfc0/ddr_phy_top0/u_ddr_mc_phy_wrapper/u_ddr_mc_phy/ddr_phy_4lanes_0.u_ddr_phy_4lanes/ddr_byte_lane_B.ddr_byte_lane_B/ddr_byte_group_io/dqs_gen.oddr_dqsts
  -------------------------------------------------------------------
                         required time                         11.167    
                         arrival time                          -9.992    
  -------------------------------------------------------------------
                         slack                                  1.175    





Min Delay Paths
--------------------------------------------------------------------------------------
Slack (MET) :             0.413ns  (arrival time - required time)
  Source:                 ddr3.u_axi_wrap_ddr/mig_axi/u_mig_axi_32_mig/u_memc_ui_top_axi/mem_intfc0/ddr_phy_top0/u_ddr_mc_phy_wrapper/u_ddr_mc_phy/ddr_phy_4lanes_0.u_ddr_phy_4lanes/ddr_byte_lane_B.ddr_byte_lane_B/phaser_out/OCLKDELAYED
                            (rising edge-triggered cell PHASER_OUT_PHY clocked by oserdes_clk_1  {rise@0.000ns fall@1.250ns period=2.500ns})
  Destination:            ddr3.u_axi_wrap_ddr/mig_axi/u_mig_axi_32_mig/u_memc_ui_top_axi/mem_intfc0/ddr_phy_top0/u_ddr_mc_phy_wrapper/u_ddr_mc_phy/ddr_phy_4lanes_0.u_ddr_phy_4lanes/ddr_byte_lane_B.ddr_byte_lane_B/ddr_byte_group_io/dqs_gen.oddr_dqs/D2
                            (rising edge-triggered cell ODDR clocked by oserdes_clk_1  {rise@0.000ns fall@1.250ns period=2.500ns})
  Path Group:             oserdes_clk_1
  Path Type:              Hold (Min at Fast Process Corner)
  Requirement:            0.000ns  (oserdes_clk_1 rise@0.000ns - oserdes_clk_1 rise@0.000ns)
  Data Path Delay:        0.493ns  (logic 0.346ns (70.174%)  route 0.147ns (29.826%))
  Logic Levels:           0  
  Clock Path Skew:        0.173ns (DCD - SCD - CPR)
    Destination Clock Delay (DCD):    5.472ns
    Source Clock Delay      (SCD):    4.647ns
    Clock Pessimism Removal (CPR):    0.653ns

    Location             Delay type                Incr(ns)  Path(ns)    Netlist Resource(s)
  -------------------------------------------------------------------    -------------------
                         (clock oserdes_clk_1 rise edge)
                                                      0.000     0.000 r  
    AC19                                              0.000     0.000 r  clk (IN)
                         net (fo=0)                   0.000     0.000    clk
    AC19                 IBUF (Prop_ibuf_I_O)         0.253     0.253 r  clk_IBUF_inst/O
                         net (fo=1, routed)           1.074     1.327    clk_IBUF
    BUFGCTRL_X0Y0        BUFG (Prop_bufg_I_O)         0.026     1.353 r  clk_IBUF_BUFG_inst/O
                         net (fo=2166, routed)        0.701     2.054    ddr3.u_axi_wrap_ddr/mig_axi/u_mig_axi_32_mig/u_ddr3_infrastructure/mmcm_clk
    PLLE2_ADV_X0Y4       PLLE2_ADV (Prop_plle2_adv_CLKIN1_CLKOUT1)
                                                      0.050     2.104 r  ddr3.u_axi_wrap_ddr/mig_axi/u_mig_axi_32_mig/u_ddr3_infrastructure/plle2_i/CLKOUT1
                         net (fo=7, routed)           0.190     2.294    ddr3.u_axi_wrap_ddr/mig_axi/u_mig_axi_32_mig/u_memc_ui_top_axi/mem_intfc0/ddr_phy_top0/u_ddr_mc_phy_wrapper/u_ddr_mc_phy/ddr_phy_4lanes_0.u_ddr_phy_4lanes/ddr_byte_lane_B.ddr_byte_lane_B/mem_refclk
    PHASER_OUT_PHY_X0Y17 PHASER_OUT_PHY (Prop_phaser_out_phy_MEMREFCLK_OCLK)
                                                      1.813     4.107 r  ddr3.u_axi_wrap_ddr/mig_axi/u_mig_axi_32_mig/u_memc_ui_top_axi/mem_intfc0/ddr_phy_top0/u_ddr_mc_phy_wrapper/u_ddr_mc_phy/ddr_phy_4lanes_0.u_ddr_phy_4lanes/ddr_byte_lane_B.ddr_byte_lane_B/phaser_out/OCLK
    PHASER_OUT_PHY_X0Y17 PHASER_OUT_PHY (Prop_phaser_out_phy_OCLK_OCLKDELAYED)
                                                      0.539     4.647 r  ddr3.u_axi_wrap_ddr/mig_axi/u_mig_axi_32_mig/u_memc_ui_top_axi/mem_intfc0/ddr_phy_top0/u_ddr_mc_phy_wrapper/u_ddr_mc_phy/ddr_phy_4lanes_0.u_ddr_phy_4lanes/ddr_byte_lane_B.ddr_byte_lane_B/phaser_out/OCLKDELAYED
  -------------------------------------------------------------------    -------------------
    PHASER_OUT_PHY_X0Y17 PHASER_OUT_PHY (Prop_phaser_out_phy_OCLKDELAYED_DQSBUS[1])
                                                      0.346     4.993 r  ddr3.u_axi_wrap_ddr/mig_axi/u_mig_axi_32_mig/u_memc_ui_top_axi/mem_intfc0/ddr_phy_top0/u_ddr_mc_phy_wrapper/u_ddr_mc_phy/ddr_phy_4lanes_0.u_ddr_phy_4lanes/ddr_byte_lane_B.ddr_byte_lane_B/phaser_out/DQSBUS[1]
                         net (fo=1, routed)           0.147     5.140    ddr3.u_axi_wrap_ddr/mig_axi/u_mig_axi_32_mig/u_memc_ui_top_axi/mem_intfc0/ddr_phy_top0/u_ddr_mc_phy_wrapper/u_ddr_mc_phy/ddr_phy_4lanes_0.u_ddr_phy_4lanes/ddr_byte_lane_B.ddr_byte_lane_B/ddr_byte_group_io/DQSBUS[1]
    OLOGIC_X0Y220        ODDR                                         r  ddr3.u_axi_wrap_ddr/mig_axi/u_mig_axi_32_mig/u_memc_ui_top_axi/mem_intfc0/ddr_phy_top0/u_ddr_mc_phy_wrapper/u_ddr_mc_phy/ddr_phy_4lanes_0.u_ddr_phy_4lanes/ddr_byte_lane_B.ddr_byte_lane_B/ddr_byte_group_io/dqs_gen.oddr_dqs/D2
  -------------------------------------------------------------------    -------------------

                         (clock oserdes_clk_1 rise edge)
                                                      0.000     0.000 r  
    AC19                                              0.000     0.000 r  clk (IN)
                         net (fo=0)                   0.000     0.000    clk
    AC19                 IBUF (Prop_ibuf_I_O)         0.441     0.441 r  clk_IBUF_inst/O
                         net (fo=1, routed)           1.160     1.601    clk_IBUF
    BUFGCTRL_X0Y0        BUFG (Prop_bufg_I_O)         0.029     1.630 r  clk_IBUF_BUFG_inst/O
                         net (fo=2166, routed)        0.976     2.606    ddr3.u_axi_wrap_ddr/mig_axi/u_mig_axi_32_mig/u_ddr3_infrastructure/mmcm_clk
    PLLE2_ADV_X0Y4       PLLE2_ADV (Prop_plle2_adv_CLKIN1_CLKOUT1)
                                                      0.053     2.659 r  ddr3.u_axi_wrap_ddr/mig_axi/u_mig_axi_32_mig/u_ddr3_infrastructure/plle2_i/CLKOUT1
                         net (fo=7, routed)           0.209     2.868    ddr3.u_axi_wrap_ddr/mig_axi/u_mig_axi_32_mig/u_memc_ui_top_axi/mem_intfc0/ddr_phy_top0/u_ddr_mc_phy_wrapper/u_ddr_mc_phy/ddr_phy_4lanes_0.u_ddr_phy_4lanes/ddr_byte_lane_B.ddr_byte_lane_B/mem_refclk
    PHASER_OUT_PHY_X0Y17 PHASER_OUT_PHY (Prop_phaser_out_phy_MEMREFCLK_OCLK)
                                                      1.858     4.726 r  ddr3.u_axi_wrap_ddr/mig_axi/u_mig_axi_32_mig/u_memc_ui_top_axi/mem_intfc0/ddr_phy_top0/u_ddr_mc_phy_wrapper/u_ddr_mc_phy/ddr_phy_4lanes_0.u_ddr_phy_4lanes/ddr_byte_lane_B.ddr_byte_lane_B/phaser_out/OCLK
    PHASER_OUT_PHY_X0Y17 PHASER_OUT_PHY (Prop_phaser_out_phy_OCLK_OCLKDELAYED)
                                                      0.573     5.299 r  ddr3.u_axi_wrap_ddr/mig_axi/u_mig_axi_32_mig/u_memc_ui_top_axi/mem_intfc0/ddr_phy_top0/u_ddr_mc_phy_wrapper/u_ddr_mc_phy/ddr_phy_4lanes_0.u_ddr_phy_4lanes/ddr_byte_lane_B.ddr_byte_lane_B/phaser_out/OCLKDELAYED
                         net (fo=2, routed)           0.173     5.472    ddr3.u_axi_wrap_ddr/mig_axi/u_mig_axi_32_mig/u_memc_ui_top_axi/mem_intfc0/ddr_phy_top0/u_ddr_mc_phy_wrapper/u_ddr_mc_phy/ddr_phy_4lanes_0.u_ddr_phy_4lanes/ddr_byte_lane_B.ddr_byte_lane_B/ddr_byte_group_io/oserdes_clk_delayed
    OLOGIC_X0Y220        ODDR                                         r  ddr3.u_axi_wrap_ddr/mig_axi/u_mig_axi_32_mig/u_memc_ui_top_axi/mem_intfc0/ddr_phy_top0/u_ddr_mc_phy_wrapper/u_ddr_mc_phy/ddr_phy_4lanes_0.u_ddr_phy_4lanes/ddr_byte_lane_B.ddr_byte_lane_B/ddr_byte_group_io/dqs_gen.oddr_dqs/C
                         clock pessimism             -0.653     4.820    
    OLOGIC_X0Y220        ODDR (Hold_oddr_C_D2)       -0.093     4.727    ddr3.u_axi_wrap_ddr/mig_axi/u_mig_axi_32_mig/u_memc_ui_top_axi/mem_intfc0/ddr_phy_top0/u_ddr_mc_phy_wrapper/u_ddr_mc_phy/ddr_phy_4lanes_0.u_ddr_phy_4lanes/ddr_byte_lane_B.ddr_byte_lane_B/ddr_byte_group_io/dqs_gen.oddr_dqs
  -------------------------------------------------------------------
                         required time                         -4.727    
                         arrival time                           5.140    
  -------------------------------------------------------------------
                         slack                                  0.413    





Pulse Width Checks
--------------------------------------------------------------------------------------
Clock Name:         oserdes_clk_1
Waveform(ns):       { 0.000 1.250 }
Period(ns):         2.500
Sources:            { ddr3.u_axi_wrap_ddr/mig_axi/u_mig_axi_32_mig/u_memc_ui_top_axi/mem_intfc0/ddr_phy_top0/u_ddr_mc_phy_wrapper/u_ddr_mc_phy/ddr_phy_4lanes_0.u_ddr_phy_4lanes/ddr_byte_lane_B.ddr_byte_lane_B/phaser_out/OCLK }

Check Type  Corner  Lib Pin  Reference Pin  Required(ns)  Actual(ns)  Slack(ns)  Location       Pin
Min Period  n/a     ODDR/C   n/a            1.474         2.500       1.026      OLOGIC_X0Y220  ddr3.u_axi_wrap_ddr/mig_axi/u_mig_axi_32_mig/u_memc_ui_top_axi/mem_intfc0/ddr_phy_top0/u_ddr_mc_phy_wrapper/u_ddr_mc_phy/ddr_phy_4lanes_0.u_ddr_phy_4lanes/ddr_byte_lane_B.ddr_byte_lane_B/ddr_byte_group_io/dqs_gen.oddr_dqs/C



---------------------------------------------------------------------------------------------------
From Clock:  oserdes_clkdiv_1
  To Clock:  oserdes_clkdiv_1

Setup :            0  Failing Endpoints,  Worst Slack        3.718ns,  Total Violation        0.000ns
Hold  :            0  Failing Endpoints,  Worst Slack        0.091ns,  Total Violation        0.000ns
PW    :            0  Failing Endpoints,  Worst Slack        0.000ns,  Total Violation        0.000ns
---------------------------------------------------------------------------------------------------


Max Delay Paths
--------------------------------------------------------------------------------------
Slack (MET) :             3.718ns  (required time - arrival time)
  Source:                 ddr3.u_axi_wrap_ddr/mig_axi/u_mig_axi_32_mig/u_memc_ui_top_axi/mem_intfc0/ddr_phy_top0/u_ddr_mc_phy_wrapper/u_ddr_mc_phy/ddr_phy_4lanes_0.u_ddr_phy_4lanes/ddr_byte_lane_B.ddr_byte_lane_B/out_fifo/RDCLK
                            (rising edge-triggered cell OUT_FIFO clocked by oserdes_clkdiv_1  {rise@0.000ns fall@2.500ns period=5.000ns})
  Destination:            ddr3.u_axi_wrap_ddr/mig_axi/u_mig_axi_32_mig/u_memc_ui_top_axi/mem_intfc0/ddr_phy_top0/u_ddr_mc_phy_wrapper/u_ddr_mc_phy/ddr_phy_4lanes_0.u_ddr_phy_4lanes/ddr_byte_lane_B.ddr_byte_lane_B/ddr_byte_group_io/output_[6].oserdes_dq_.ddr.oserdes_dq_i/D1
                            (rising edge-triggered cell OSERDESE2 clocked by oserdes_clkdiv_1  {rise@0.000ns fall@2.500ns period=5.000ns})
  Path Group:             oserdes_clkdiv_1
  Path Type:              Setup (Max at Slow Process Corner)
  Requirement:            5.000ns  (oserdes_clkdiv_1 rise@5.000ns - oserdes_clkdiv_1 rise@0.000ns)
  Data Path Delay:        1.098ns  (logic 0.596ns (54.305%)  route 0.502ns (45.695%))
  Logic Levels:           0  
  Clock Path Skew:        0.330ns (DCD - SCD + CPR)
    Destination Clock Delay (DCD):    8.533ns = ( 13.533 - 5.000 ) 
    Source Clock Delay      (SCD):    8.607ns
    Clock Pessimism Removal (CPR):    0.405ns
  Clock Uncertainty:      0.065ns  ((TSJ^2 + DJ^2)^1/2) / 2 + PE
    Total System Jitter     (TSJ):    0.071ns
    Discrete Jitter          (DJ):    0.109ns
    Phase Error              (PE):    0.000ns

    Location             Delay type                Incr(ns)  Path(ns)    Netlist Resource(s)
  -------------------------------------------------------------------    -------------------
                         (clock oserdes_clkdiv_1 rise edge)
                                                      0.000     0.000 r  
    AC19                                              0.000     0.000 r  clk (IN)
                         net (fo=0)                   0.000     0.000    clk
    AC19                 IBUF (Prop_ibuf_I_O)         1.416     1.416 r  clk_IBUF_inst/O
                         net (fo=1, routed)           2.602     4.018    clk_IBUF
    BUFGCTRL_X0Y0        BUFG (Prop_bufg_I_O)         0.081     4.099 r  clk_IBUF_BUFG_inst/O
                         net (fo=2166, routed)        1.696     5.795    ddr3.u_axi_wrap_ddr/mig_axi/u_mig_axi_32_mig/u_ddr3_infrastructure/mmcm_clk
    PLLE2_ADV_X0Y4       PLLE2_ADV (Prop_plle2_adv_CLKIN1_CLKOUT1)
                                                      0.077     5.872 r  ddr3.u_axi_wrap_ddr/mig_axi/u_mig_axi_32_mig/u_ddr3_infrastructure/plle2_i/CLKOUT1
                         net (fo=7, routed)           0.511     6.383    ddr3.u_axi_wrap_ddr/mig_axi/u_mig_axi_32_mig/u_memc_ui_top_axi/mem_intfc0/ddr_phy_top0/u_ddr_mc_phy_wrapper/u_ddr_mc_phy/ddr_phy_4lanes_0.u_ddr_phy_4lanes/ddr_byte_lane_B.ddr_byte_lane_B/mem_refclk
    PHASER_OUT_PHY_X0Y17 PHASER_OUT_PHY (Prop_phaser_out_phy_MEMREFCLK_OCLK)
                                                      2.083     8.466 r  ddr3.u_axi_wrap_ddr/mig_axi/u_mig_axi_32_mig/u_memc_ui_top_axi/mem_intfc0/ddr_phy_top0/u_ddr_mc_phy_wrapper/u_ddr_mc_phy/ddr_phy_4lanes_0.u_ddr_phy_4lanes/ddr_byte_lane_B.ddr_byte_lane_B/phaser_out/OCLK
    PHASER_OUT_PHY_X0Y17 PHASER_OUT_PHY (Prop_phaser_out_phy_OCLK_OCLKDIV)
                                                      0.141     8.607 r  ddr3.u_axi_wrap_ddr/mig_axi/u_mig_axi_32_mig/u_memc_ui_top_axi/mem_intfc0/ddr_phy_top0/u_ddr_mc_phy_wrapper/u_ddr_mc_phy/ddr_phy_4lanes_0.u_ddr_phy_4lanes/ddr_byte_lane_B.ddr_byte_lane_B/phaser_out/OCLKDIV
                         net (fo=11, routed)          0.000     8.607    ddr3.u_axi_wrap_ddr/mig_axi/u_mig_axi_32_mig/u_memc_ui_top_axi/mem_intfc0/ddr_phy_top0/u_ddr_mc_phy_wrapper/u_ddr_mc_phy/ddr_phy_4lanes_0.u_ddr_phy_4lanes/ddr_byte_lane_B.ddr_byte_lane_B/oserdes_clkdiv
    OUT_FIFO_X0Y17       OUT_FIFO                                     r  ddr3.u_axi_wrap_ddr/mig_axi/u_mig_axi_32_mig/u_memc_ui_top_axi/mem_intfc0/ddr_phy_top0/u_ddr_mc_phy_wrapper/u_ddr_mc_phy/ddr_phy_4lanes_0.u_ddr_phy_4lanes/ddr_byte_lane_B.ddr_byte_lane_B/out_fifo/RDCLK
  -------------------------------------------------------------------    -------------------
    OUT_FIFO_X0Y17       OUT_FIFO (Prop_out_fifo_RDCLK_Q6[0])
                                                      0.596     9.203 r  ddr3.u_axi_wrap_ddr/mig_axi/u_mig_axi_32_mig/u_memc_ui_top_axi/mem_intfc0/ddr_phy_top0/u_ddr_mc_phy_wrapper/u_ddr_mc_phy/ddr_phy_4lanes_0.u_ddr_phy_4lanes/ddr_byte_lane_B.ddr_byte_lane_B/out_fifo/Q6[0]
                         net (fo=1, routed)           0.502     9.705    ddr3.u_axi_wrap_ddr/mig_axi/u_mig_axi_32_mig/u_memc_ui_top_axi/mem_intfc0/ddr_phy_top0/u_ddr_mc_phy_wrapper/u_ddr_mc_phy/ddr_phy_4lanes_0.u_ddr_phy_4lanes/ddr_byte_lane_B.ddr_byte_lane_B/ddr_byte_group_io/of_dqbus[20]
    OLOGIC_X0Y221        OSERDESE2                                    r  ddr3.u_axi_wrap_ddr/mig_axi/u_mig_axi_32_mig/u_memc_ui_top_axi/mem_intfc0/ddr_phy_top0/u_ddr_mc_phy_wrapper/u_ddr_mc_phy/ddr_phy_4lanes_0.u_ddr_phy_4lanes/ddr_byte_lane_B.ddr_byte_lane_B/ddr_byte_group_io/output_[6].oserdes_dq_.ddr.oserdes_dq_i/D1
  -------------------------------------------------------------------    -------------------

                         (clock oserdes_clkdiv_1 rise edge)
                                                      5.000     5.000 r  
    AC19                                              0.000     5.000 r  clk (IN)
                         net (fo=0)                   0.000     5.000    clk
    AC19                 IBUF (Prop_ibuf_I_O)         1.350     6.350 r  clk_IBUF_inst/O
                         net (fo=1, routed)           2.471     8.821    clk_IBUF
    BUFGCTRL_X0Y0        BUFG (Prop_bufg_I_O)         0.077     8.898 r  clk_IBUF_BUFG_inst/O
                         net (fo=2166, routed)        1.586    10.484    ddr3.u_axi_wrap_ddr/mig_axi/u_mig_axi_32_mig/u_ddr3_infrastructure/mmcm_clk
    PLLE2_ADV_X0Y4       PLLE2_ADV (Prop_plle2_adv_CLKIN1_CLKOUT1)
                                                      0.073    10.557 r  ddr3.u_axi_wrap_ddr/mig_axi/u_mig_axi_32_mig/u_ddr3_infrastructure/plle2_i/CLKOUT1
                         net (fo=7, routed)           0.486    11.043    ddr3.u_axi_wrap_ddr/mig_axi/u_mig_axi_32_mig/u_memc_ui_top_axi/mem_intfc0/ddr_phy_top0/u_ddr_mc_phy_wrapper/u_ddr_mc_phy/ddr_phy_4lanes_0.u_ddr_phy_4lanes/ddr_byte_lane_B.ddr_byte_lane_B/mem_refclk
    PHASER_OUT_PHY_X0Y17 PHASER_OUT_PHY (Prop_phaser_out_phy_MEMREFCLK_OCLK)
                                                      2.027    13.070 r  ddr3.u_axi_wrap_ddr/mig_axi/u_mig_axi_32_mig/u_memc_ui_top_axi/mem_intfc0/ddr_phy_top0/u_ddr_mc_phy_wrapper/u_ddr_mc_phy/ddr_phy_4lanes_0.u_ddr_phy_4lanes/ddr_byte_lane_B.ddr_byte_lane_B/phaser_out/OCLK
    PHASER_OUT_PHY_X0Y17 PHASER_OUT_PHY (Prop_phaser_out_phy_OCLK_OCLKDIV)
                                                      0.133    13.203 r  ddr3.u_axi_wrap_ddr/mig_axi/u_mig_axi_32_mig/u_memc_ui_top_axi/mem_intfc0/ddr_phy_top0/u_ddr_mc_phy_wrapper/u_ddr_mc_phy/ddr_phy_4lanes_0.u_ddr_phy_4lanes/ddr_byte_lane_B.ddr_byte_lane_B/phaser_out/OCLKDIV
                         net (fo=11, routed)          0.330    13.533    ddr3.u_axi_wrap_ddr/mig_axi/u_mig_axi_32_mig/u_memc_ui_top_axi/mem_intfc0/ddr_phy_top0/u_ddr_mc_phy_wrapper/u_ddr_mc_phy/ddr_phy_4lanes_0.u_ddr_phy_4lanes/ddr_byte_lane_B.ddr_byte_lane_B/ddr_byte_group_io/oserdes_clkdiv
    OLOGIC_X0Y221        OSERDESE2                                    r  ddr3.u_axi_wrap_ddr/mig_axi/u_mig_axi_32_mig/u_memc_ui_top_axi/mem_intfc0/ddr_phy_top0/u_ddr_mc_phy_wrapper/u_ddr_mc_phy/ddr_phy_4lanes_0.u_ddr_phy_4lanes/ddr_byte_lane_B.ddr_byte_lane_B/ddr_byte_group_io/output_[6].oserdes_dq_.ddr.oserdes_dq_i/CLKDIV
                         clock pessimism              0.405    13.937    
                         clock uncertainty           -0.065    13.872    
    OLOGIC_X0Y221        OSERDESE2 (Setup_oserdese2_CLKDIV_D1)
                                                     -0.449    13.423    ddr3.u_axi_wrap_ddr/mig_axi/u_mig_axi_32_mig/u_memc_ui_top_axi/mem_intfc0/ddr_phy_top0/u_ddr_mc_phy_wrapper/u_ddr_mc_phy/ddr_phy_4lanes_0.u_ddr_phy_4lanes/ddr_byte_lane_B.ddr_byte_lane_B/ddr_byte_group_io/output_[6].oserdes_dq_.ddr.oserdes_dq_i
  -------------------------------------------------------------------
                         required time                         13.423    
                         arrival time                          -9.705    
  -------------------------------------------------------------------
                         slack                                  3.718    





Min Delay Paths
--------------------------------------------------------------------------------------
Slack (MET) :             0.091ns  (arrival time - required time)
  Source:                 ddr3.u_axi_wrap_ddr/mig_axi/u_mig_axi_32_mig/u_memc_ui_top_axi/mem_intfc0/ddr_phy_top0/u_ddr_mc_phy_wrapper/u_ddr_mc_phy/ddr_phy_4lanes_0.u_ddr_phy_4lanes/ddr_byte_lane_B.ddr_byte_lane_B/out_fifo/RDCLK
                            (rising edge-triggered cell OUT_FIFO clocked by oserdes_clkdiv_1  {rise@0.000ns fall@2.500ns period=5.000ns})
  Destination:            ddr3.u_axi_wrap_ddr/mig_axi/u_mig_axi_32_mig/u_memc_ui_top_axi/mem_intfc0/ddr_phy_top0/u_ddr_mc_phy_wrapper/u_ddr_mc_phy/ddr_phy_4lanes_0.u_ddr_phy_4lanes/ddr_byte_lane_B.ddr_byte_lane_B/ddr_byte_group_io/output_[2].oserdes_dq_.ddr.oserdes_dq_i/D2
                            (rising edge-triggered cell OSERDESE2 clocked by oserdes_clkdiv_1  {rise@0.000ns fall@2.500ns period=5.000ns})
  Path Group:             oserdes_clkdiv_1
  Path Type:              Hold (Min at Fast Process Corner)
  Requirement:            0.000ns  (oserdes_clkdiv_1 rise@0.000ns - oserdes_clkdiv_1 rise@0.000ns)
  Data Path Delay:        0.285ns  (logic 0.138ns (48.411%)  route 0.147ns (51.589%))
  Logic Levels:           0  
  Clock Path Skew:        0.175ns (DCD - SCD - CPR)
    Destination Clock Delay (DCD):    4.989ns
    Source Clock Delay      (SCD):    4.190ns
    Clock Pessimism Removal (CPR):    0.624ns

    Location             Delay type                Incr(ns)  Path(ns)    Netlist Resource(s)
  -------------------------------------------------------------------    -------------------
                         (clock oserdes_clkdiv_1 rise edge)
                                                      0.000     0.000 r  
    AC19                                              0.000     0.000 r  clk (IN)
                         net (fo=0)                   0.000     0.000    clk
    AC19                 IBUF (Prop_ibuf_I_O)         0.253     0.253 r  clk_IBUF_inst/O
                         net (fo=1, routed)           1.074     1.327    clk_IBUF
    BUFGCTRL_X0Y0        BUFG (Prop_bufg_I_O)         0.026     1.353 r  clk_IBUF_BUFG_inst/O
                         net (fo=2166, routed)        0.701     2.054    ddr3.u_axi_wrap_ddr/mig_axi/u_mig_axi_32_mig/u_ddr3_infrastructure/mmcm_clk
    PLLE2_ADV_X0Y4       PLLE2_ADV (Prop_plle2_adv_CLKIN1_CLKOUT1)
                                                      0.050     2.104 r  ddr3.u_axi_wrap_ddr/mig_axi/u_mig_axi_32_mig/u_ddr3_infrastructure/plle2_i/CLKOUT1
                         net (fo=7, routed)           0.190     2.294    ddr3.u_axi_wrap_ddr/mig_axi/u_mig_axi_32_mig/u_memc_ui_top_axi/mem_intfc0/ddr_phy_top0/u_ddr_mc_phy_wrapper/u_ddr_mc_phy/ddr_phy_4lanes_0.u_ddr_phy_4lanes/ddr_byte_lane_B.ddr_byte_lane_B/mem_refclk
    PHASER_OUT_PHY_X0Y17 PHASER_OUT_PHY (Prop_phaser_out_phy_MEMREFCLK_OCLK)
                                                      1.813     4.107 r  ddr3.u_axi_wrap_ddr/mig_axi/u_mig_axi_32_mig/u_memc_ui_top_axi/mem_intfc0/ddr_phy_top0/u_ddr_mc_phy_wrapper/u_ddr_mc_phy/ddr_phy_4lanes_0.u_ddr_phy_4lanes/ddr_byte_lane_B.ddr_byte_lane_B/phaser_out/OCLK
    PHASER_OUT_PHY_X0Y17 PHASER_OUT_PHY (Prop_phaser_out_phy_OCLK_OCLKDIV)
                                                      0.083     4.190 r  ddr3.u_axi_wrap_ddr/mig_axi/u_mig_axi_32_mig/u_memc_ui_top_axi/mem_intfc0/ddr_phy_top0/u_ddr_mc_phy_wrapper/u_ddr_mc_phy/ddr_phy_4lanes_0.u_ddr_phy_4lanes/ddr_byte_lane_B.ddr_byte_lane_B/phaser_out/OCLKDIV
                         net (fo=11, routed)          0.000     4.190    ddr3.u_axi_wrap_ddr/mig_axi/u_mig_axi_32_mig/u_memc_ui_top_axi/mem_intfc0/ddr_phy_top0/u_ddr_mc_phy_wrapper/u_ddr_mc_phy/ddr_phy_4lanes_0.u_ddr_phy_4lanes/ddr_byte_lane_B.ddr_byte_lane_B/oserdes_clkdiv
    OUT_FIFO_X0Y17       OUT_FIFO                                     r  ddr3.u_axi_wrap_ddr/mig_axi/u_mig_axi_32_mig/u_memc_ui_top_axi/mem_intfc0/ddr_phy_top0/u_ddr_mc_phy_wrapper/u_ddr_mc_phy/ddr_phy_4lanes_0.u_ddr_phy_4lanes/ddr_byte_lane_B.ddr_byte_lane_B/out_fifo/RDCLK
  -------------------------------------------------------------------    -------------------
    OUT_FIFO_X0Y17       OUT_FIFO (Prop_out_fifo_RDCLK_Q2[1])
                                                      0.138     4.328 r  ddr3.u_axi_wrap_ddr/mig_axi/u_mig_axi_32_mig/u_memc_ui_top_axi/mem_intfc0/ddr_phy_top0/u_ddr_mc_phy_wrapper/u_ddr_mc_phy/ddr_phy_4lanes_0.u_ddr_phy_4lanes/ddr_byte_lane_B.ddr_byte_lane_B/out_fifo/Q2[1]
                         net (fo=1, routed)           0.147     4.475    ddr3.u_axi_wrap_ddr/mig_axi/u_mig_axi_32_mig/u_memc_ui_top_axi/mem_intfc0/ddr_phy_top0/u_ddr_mc_phy_wrapper/u_ddr_mc_phy/ddr_phy_4lanes_0.u_ddr_phy_4lanes/ddr_byte_lane_B.ddr_byte_lane_B/ddr_byte_group_io/of_dqbus[5]
    OLOGIC_X0Y215        OSERDESE2                                    r  ddr3.u_axi_wrap_ddr/mig_axi/u_mig_axi_32_mig/u_memc_ui_top_axi/mem_intfc0/ddr_phy_top0/u_ddr_mc_phy_wrapper/u_ddr_mc_phy/ddr_phy_4lanes_0.u_ddr_phy_4lanes/ddr_byte_lane_B.ddr_byte_lane_B/ddr_byte_group_io/output_[2].oserdes_dq_.ddr.oserdes_dq_i/D2
  -------------------------------------------------------------------    -------------------

                         (clock oserdes_clkdiv_1 rise edge)
                                                      0.000     0.000 r  
    AC19                                              0.000     0.000 r  clk (IN)
                         net (fo=0)                   0.000     0.000    clk
    AC19                 IBUF (Prop_ibuf_I_O)         0.441     0.441 r  clk_IBUF_inst/O
                         net (fo=1, routed)           1.160     1.601    clk_IBUF
    BUFGCTRL_X0Y0        BUFG (Prop_bufg_I_O)         0.029     1.630 r  clk_IBUF_BUFG_inst/O
                         net (fo=2166, routed)        0.976     2.606    ddr3.u_axi_wrap_ddr/mig_axi/u_mig_axi_32_mig/u_ddr3_infrastructure/mmcm_clk
    PLLE2_ADV_X0Y4       PLLE2_ADV (Prop_plle2_adv_CLKIN1_CLKOUT1)
                                                      0.053     2.659 r  ddr3.u_axi_wrap_ddr/mig_axi/u_mig_axi_32_mig/u_ddr3_infrastructure/plle2_i/CLKOUT1
                         net (fo=7, routed)           0.209     2.868    ddr3.u_axi_wrap_ddr/mig_axi/u_mig_axi_32_mig/u_memc_ui_top_axi/mem_intfc0/ddr_phy_top0/u_ddr_mc_phy_wrapper/u_ddr_mc_phy/ddr_phy_4lanes_0.u_ddr_phy_4lanes/ddr_byte_lane_B.ddr_byte_lane_B/mem_refclk
    PHASER_OUT_PHY_X0Y17 PHASER_OUT_PHY (Prop_phaser_out_phy_MEMREFCLK_OCLK)
                                                      1.858     4.726 r  ddr3.u_axi_wrap_ddr/mig_axi/u_mig_axi_32_mig/u_memc_ui_top_axi/mem_intfc0/ddr_phy_top0/u_ddr_mc_phy_wrapper/u_ddr_mc_phy/ddr_phy_4lanes_0.u_ddr_phy_4lanes/ddr_byte_lane_B.ddr_byte_lane_B/phaser_out/OCLK
    PHASER_OUT_PHY_X0Y17 PHASER_OUT_PHY (Prop_phaser_out_phy_OCLK_OCLKDIV)
                                                      0.088     4.814 r  ddr3.u_axi_wrap_ddr/mig_axi/u_mig_axi_32_mig/u_memc_ui_top_axi/mem_intfc0/ddr_phy_top0/u_ddr_mc_phy_wrapper/u_ddr_mc_phy/ddr_phy_4lanes_0.u_ddr_phy_4lanes/ddr_byte_lane_B.ddr_byte_lane_B/phaser_out/OCLKDIV
                         net (fo=11, routed)          0.175     4.989    ddr3.u_axi_wrap_ddr/mig_axi/u_mig_axi_32_mig/u_memc_ui_top_axi/mem_intfc0/ddr_phy_top0/u_ddr_mc_phy_wrapper/u_ddr_mc_phy/ddr_phy_4lanes_0.u_ddr_phy_4lanes/ddr_byte_lane_B.ddr_byte_lane_B/ddr_byte_group_io/oserdes_clkdiv
    OLOGIC_X0Y215        OSERDESE2                                    r  ddr3.u_axi_wrap_ddr/mig_axi/u_mig_axi_32_mig/u_memc_ui_top_axi/mem_intfc0/ddr_phy_top0/u_ddr_mc_phy_wrapper/u_ddr_mc_phy/ddr_phy_4lanes_0.u_ddr_phy_4lanes/ddr_byte_lane_B.ddr_byte_lane_B/ddr_byte_group_io/output_[2].oserdes_dq_.ddr.oserdes_dq_i/CLKDIV
                         clock pessimism             -0.624     4.365    
    OLOGIC_X0Y215        OSERDESE2 (Hold_oserdese2_CLKDIV_D2)
                                                      0.019     4.384    ddr3.u_axi_wrap_ddr/mig_axi/u_mig_axi_32_mig/u_memc_ui_top_axi/mem_intfc0/ddr_phy_top0/u_ddr_mc_phy_wrapper/u_ddr_mc_phy/ddr_phy_4lanes_0.u_ddr_phy_4lanes/ddr_byte_lane_B.ddr_byte_lane_B/ddr_byte_group_io/output_[2].oserdes_dq_.ddr.oserdes_dq_i
  -------------------------------------------------------------------
                         required time                         -4.384    
                         arrival time                           4.475    
  -------------------------------------------------------------------
                         slack                                  0.091    





Pulse Width Checks
--------------------------------------------------------------------------------------
Clock Name:         oserdes_clkdiv_1
Waveform(ns):       { 0.000 2.500 }
Period(ns):         5.000
Sources:            { ddr3.u_axi_wrap_ddr/mig_axi/u_mig_axi_32_mig/u_memc_ui_top_axi/mem_intfc0/ddr_phy_top0/u_ddr_mc_phy_wrapper/u_ddr_mc_phy/ddr_phy_4lanes_0.u_ddr_phy_4lanes/ddr_byte_lane_B.ddr_byte_lane_B/phaser_out/OCLKDIV }

Check Type        Corner  Lib Pin         Reference Pin  Required(ns)  Actual(ns)  Slack(ns)  Location        Pin
Min Period        n/a     OUT_FIFO/RDCLK  n/a            5.000         5.000       0.000      OUT_FIFO_X0Y17  ddr3.u_axi_wrap_ddr/mig_axi/u_mig_axi_32_mig/u_memc_ui_top_axi/mem_intfc0/ddr_phy_top0/u_ddr_mc_phy_wrapper/u_ddr_mc_phy/ddr_phy_4lanes_0.u_ddr_phy_4lanes/ddr_byte_lane_B.ddr_byte_lane_B/out_fifo/RDCLK
Low Pulse Width   Slow    OUT_FIFO/RDCLK  n/a            2.150         2.500       0.350      OUT_FIFO_X0Y17  ddr3.u_axi_wrap_ddr/mig_axi/u_mig_axi_32_mig/u_memc_ui_top_axi/mem_intfc0/ddr_phy_top0/u_ddr_mc_phy_wrapper/u_ddr_mc_phy/ddr_phy_4lanes_0.u_ddr_phy_4lanes/ddr_byte_lane_B.ddr_byte_lane_B/out_fifo/RDCLK
High Pulse Width  Slow    OUT_FIFO/RDCLK  n/a            2.150         2.500       0.350      OUT_FIFO_X0Y17  ddr3.u_axi_wrap_ddr/mig_axi/u_mig_axi_32_mig/u_memc_ui_top_axi/mem_intfc0/ddr_phy_top0/u_ddr_mc_phy_wrapper/u_ddr_mc_phy/ddr_phy_4lanes_0.u_ddr_phy_4lanes/ddr_byte_lane_B.ddr_byte_lane_B/out_fifo/RDCLK



---------------------------------------------------------------------------------------------------
From Clock:  oserdes_clk_2
  To Clock:  oserdes_clk_2

Setup :           NA  Failing Endpoints,  Worst Slack           NA  ,  Total Violation           NA
Hold  :           NA  Failing Endpoints,  Worst Slack           NA  ,  Total Violation           NA
PW    :            0  Failing Endpoints,  Worst Slack        1.026ns,  Total Violation        0.000ns
---------------------------------------------------------------------------------------------------


Pulse Width Checks
--------------------------------------------------------------------------------------
Clock Name:         oserdes_clk_2
Waveform(ns):       { 0.000 1.250 }
Period(ns):         2.500
Sources:            { ddr3.u_axi_wrap_ddr/mig_axi/u_mig_axi_32_mig/u_memc_ui_top_axi/mem_intfc0/ddr_phy_top0/u_ddr_mc_phy_wrapper/u_ddr_mc_phy/ddr_phy_4lanes_0.u_ddr_phy_4lanes/ddr_byte_lane_C.ddr_byte_lane_C/phaser_out/OCLK }

Check Type  Corner  Lib Pin  Reference Pin  Required(ns)  Actual(ns)  Slack(ns)  Location       Pin
Min Period  n/a     ODDR/C   n/a            1.474         2.500       1.026      OLOGIC_X0Y226  ddr3.u_axi_wrap_ddr/mig_axi/u_mig_axi_32_mig/u_memc_ui_top_axi/mem_intfc0/ddr_phy_top0/u_ddr_mc_phy_wrapper/u_ddr_mc_phy/ddr_phy_4lanes_0.u_ddr_phy_4lanes/ddr_byte_lane_C.ddr_byte_lane_C/ddr_ck_gen_loop[0].ddr_ck_gen.ddr_ck/C



---------------------------------------------------------------------------------------------------
From Clock:  oserdes_clkdiv_2
  To Clock:  oserdes_clkdiv_2

Setup :            0  Failing Endpoints,  Worst Slack        8.726ns,  Total Violation        0.000ns
Hold  :            0  Failing Endpoints,  Worst Slack        0.089ns,  Total Violation        0.000ns
PW    :            0  Failing Endpoints,  Worst Slack        2.850ns,  Total Violation        0.000ns
---------------------------------------------------------------------------------------------------


Max Delay Paths
--------------------------------------------------------------------------------------
Slack (MET) :             8.726ns  (required time - arrival time)
  Source:                 ddr3.u_axi_wrap_ddr/mig_axi/u_mig_axi_32_mig/u_memc_ui_top_axi/mem_intfc0/ddr_phy_top0/u_ddr_mc_phy_wrapper/u_ddr_mc_phy/ddr_phy_4lanes_0.u_ddr_phy_4lanes/ddr_byte_lane_C.ddr_byte_lane_C/out_fifo/RDCLK
                            (rising edge-triggered cell OUT_FIFO clocked by oserdes_clkdiv_2  {rise@0.000ns fall@5.000ns period=10.000ns})
  Destination:            ddr3.u_axi_wrap_ddr/mig_axi/u_mig_axi_32_mig/u_memc_ui_top_axi/mem_intfc0/ddr_phy_top0/u_ddr_mc_phy_wrapper/u_ddr_mc_phy/ddr_phy_4lanes_0.u_ddr_phy_4lanes/ddr_byte_lane_C.ddr_byte_lane_C/ddr_byte_group_io/output_[2].oserdes_dq_.sdr.oserdes_dq_i/D1
                            (rising edge-triggered cell OSERDESE2 clocked by oserdes_clkdiv_2  {rise@0.000ns fall@5.000ns period=10.000ns})
  Path Group:             oserdes_clkdiv_2
  Path Type:              Setup (Max at Slow Process Corner)
  Requirement:            10.000ns  (oserdes_clkdiv_2 rise@10.000ns - oserdes_clkdiv_2 rise@0.000ns)
  Data Path Delay:        1.098ns  (logic 0.596ns (54.305%)  route 0.502ns (45.695%))
  Logic Levels:           0  
  Clock Path Skew:        0.338ns (DCD - SCD + CPR)
    Destination Clock Delay (DCD):    8.551ns = ( 18.551 - 10.000 ) 
    Source Clock Delay      (SCD):    8.618ns
    Clock Pessimism Removal (CPR):    0.406ns
  Clock Uncertainty:      0.065ns  ((TSJ^2 + DJ^2)^1/2) / 2 + PE
    Total System Jitter     (TSJ):    0.071ns
    Discrete Jitter          (DJ):    0.109ns
    Phase Error              (PE):    0.000ns

    Location             Delay type                Incr(ns)  Path(ns)    Netlist Resource(s)
  -------------------------------------------------------------------    -------------------
                         (clock oserdes_clkdiv_2 rise edge)
                                                      0.000     0.000 r  
    AC19                                              0.000     0.000 r  clk (IN)
                         net (fo=0)                   0.000     0.000    clk
    AC19                 IBUF (Prop_ibuf_I_O)         1.416     1.416 r  clk_IBUF_inst/O
                         net (fo=1, routed)           2.602     4.018    clk_IBUF
    BUFGCTRL_X0Y0        BUFG (Prop_bufg_I_O)         0.081     4.099 r  clk_IBUF_BUFG_inst/O
                         net (fo=2166, routed)        1.696     5.795    ddr3.u_axi_wrap_ddr/mig_axi/u_mig_axi_32_mig/u_ddr3_infrastructure/mmcm_clk
    PLLE2_ADV_X0Y4       PLLE2_ADV (Prop_plle2_adv_CLKIN1_CLKOUT1)
                                                      0.077     5.872 r  ddr3.u_axi_wrap_ddr/mig_axi/u_mig_axi_32_mig/u_ddr3_infrastructure/plle2_i/CLKOUT1
                         net (fo=7, routed)           0.522     6.394    ddr3.u_axi_wrap_ddr/mig_axi/u_mig_axi_32_mig/u_memc_ui_top_axi/mem_intfc0/ddr_phy_top0/u_ddr_mc_phy_wrapper/u_ddr_mc_phy/ddr_phy_4lanes_0.u_ddr_phy_4lanes/ddr_byte_lane_C.ddr_byte_lane_C/mem_refclk
    PHASER_OUT_PHY_X0Y18 PHASER_OUT_PHY (Prop_phaser_out_phy_MEMREFCLK_OCLK)
                                                      2.083     8.477 r  ddr3.u_axi_wrap_ddr/mig_axi/u_mig_axi_32_mig/u_memc_ui_top_axi/mem_intfc0/ddr_phy_top0/u_ddr_mc_phy_wrapper/u_ddr_mc_phy/ddr_phy_4lanes_0.u_ddr_phy_4lanes/ddr_byte_lane_C.ddr_byte_lane_C/phaser_out/OCLK
    PHASER_OUT_PHY_X0Y18 PHASER_OUT_PHY (Prop_phaser_out_phy_OCLK_OCLKDIV)
                                                      0.141     8.618 r  ddr3.u_axi_wrap_ddr/mig_axi/u_mig_axi_32_mig/u_memc_ui_top_axi/mem_intfc0/ddr_phy_top0/u_ddr_mc_phy_wrapper/u_ddr_mc_phy/ddr_phy_4lanes_0.u_ddr_phy_4lanes/ddr_byte_lane_C.ddr_byte_lane_C/phaser_out/OCLKDIV
                         net (fo=10, routed)          0.000     8.618    ddr3.u_axi_wrap_ddr/mig_axi/u_mig_axi_32_mig/u_memc_ui_top_axi/mem_intfc0/ddr_phy_top0/u_ddr_mc_phy_wrapper/u_ddr_mc_phy/ddr_phy_4lanes_0.u_ddr_phy_4lanes/ddr_byte_lane_C.ddr_byte_lane_C/oserdes_clkdiv
    OUT_FIFO_X0Y18       OUT_FIFO                                     r  ddr3.u_axi_wrap_ddr/mig_axi/u_mig_axi_32_mig/u_memc_ui_top_axi/mem_intfc0/ddr_phy_top0/u_ddr_mc_phy_wrapper/u_ddr_mc_phy/ddr_phy_4lanes_0.u_ddr_phy_4lanes/ddr_byte_lane_C.ddr_byte_lane_C/out_fifo/RDCLK
  -------------------------------------------------------------------    -------------------
    OUT_FIFO_X0Y18       OUT_FIFO (Prop_out_fifo_RDCLK_Q2[0])
                                                      0.596     9.214 r  ddr3.u_axi_wrap_ddr/mig_axi/u_mig_axi_32_mig/u_memc_ui_top_axi/mem_intfc0/ddr_phy_top0/u_ddr_mc_phy_wrapper/u_ddr_mc_phy/ddr_phy_4lanes_0.u_ddr_phy_4lanes/ddr_byte_lane_C.ddr_byte_lane_C/out_fifo/Q2[0]
                         net (fo=1, routed)           0.502     9.716    ddr3.u_axi_wrap_ddr/mig_axi/u_mig_axi_32_mig/u_memc_ui_top_axi/mem_intfc0/ddr_phy_top0/u_ddr_mc_phy_wrapper/u_ddr_mc_phy/ddr_phy_4lanes_0.u_ddr_phy_4lanes/ddr_byte_lane_C.ddr_byte_lane_C/ddr_byte_group_io/oserdes_dq[0]
    OLOGIC_X0Y227        OSERDESE2                                    r  ddr3.u_axi_wrap_ddr/mig_axi/u_mig_axi_32_mig/u_memc_ui_top_axi/mem_intfc0/ddr_phy_top0/u_ddr_mc_phy_wrapper/u_ddr_mc_phy/ddr_phy_4lanes_0.u_ddr_phy_4lanes/ddr_byte_lane_C.ddr_byte_lane_C/ddr_byte_group_io/output_[2].oserdes_dq_.sdr.oserdes_dq_i/D1
  -------------------------------------------------------------------    -------------------

                         (clock oserdes_clkdiv_2 rise edge)
                                                     10.000    10.000 r  
    AC19                                              0.000    10.000 r  clk (IN)
                         net (fo=0)                   0.000    10.000    clk
    AC19                 IBUF (Prop_ibuf_I_O)         1.350    11.350 r  clk_IBUF_inst/O
                         net (fo=1, routed)           2.471    13.821    clk_IBUF
    BUFGCTRL_X0Y0        BUFG (Prop_bufg_I_O)         0.077    13.898 r  clk_IBUF_BUFG_inst/O
                         net (fo=2166, routed)        1.586    15.484    ddr3.u_axi_wrap_ddr/mig_axi/u_mig_axi_32_mig/u_ddr3_infrastructure/mmcm_clk
    PLLE2_ADV_X0Y4       PLLE2_ADV (Prop_plle2_adv_CLKIN1_CLKOUT1)
                                                      0.073    15.557 r  ddr3.u_axi_wrap_ddr/mig_axi/u_mig_axi_32_mig/u_ddr3_infrastructure/plle2_i/CLKOUT1
                         net (fo=7, routed)           0.496    16.053    ddr3.u_axi_wrap_ddr/mig_axi/u_mig_axi_32_mig/u_memc_ui_top_axi/mem_intfc0/ddr_phy_top0/u_ddr_mc_phy_wrapper/u_ddr_mc_phy/ddr_phy_4lanes_0.u_ddr_phy_4lanes/ddr_byte_lane_C.ddr_byte_lane_C/mem_refclk
    PHASER_OUT_PHY_X0Y18 PHASER_OUT_PHY (Prop_phaser_out_phy_MEMREFCLK_OCLK)
                                                      2.027    18.080 r  ddr3.u_axi_wrap_ddr/mig_axi/u_mig_axi_32_mig/u_memc_ui_top_axi/mem_intfc0/ddr_phy_top0/u_ddr_mc_phy_wrapper/u_ddr_mc_phy/ddr_phy_4lanes_0.u_ddr_phy_4lanes/ddr_byte_lane_C.ddr_byte_lane_C/phaser_out/OCLK
    PHASER_OUT_PHY_X0Y18 PHASER_OUT_PHY (Prop_phaser_out_phy_OCLK_OCLKDIV)
                                                      0.133    18.213 r  ddr3.u_axi_wrap_ddr/mig_axi/u_mig_axi_32_mig/u_memc_ui_top_axi/mem_intfc0/ddr_phy_top0/u_ddr_mc_phy_wrapper/u_ddr_mc_phy/ddr_phy_4lanes_0.u_ddr_phy_4lanes/ddr_byte_lane_C.ddr_byte_lane_C/phaser_out/OCLKDIV
                         net (fo=10, routed)          0.338    18.551    ddr3.u_axi_wrap_ddr/mig_axi/u_mig_axi_32_mig/u_memc_ui_top_axi/mem_intfc0/ddr_phy_top0/u_ddr_mc_phy_wrapper/u_ddr_mc_phy/ddr_phy_4lanes_0.u_ddr_phy_4lanes/ddr_byte_lane_C.ddr_byte_lane_C/ddr_byte_group_io/oserdes_clkdiv
    OLOGIC_X0Y227        OSERDESE2                                    r  ddr3.u_axi_wrap_ddr/mig_axi/u_mig_axi_32_mig/u_memc_ui_top_axi/mem_intfc0/ddr_phy_top0/u_ddr_mc_phy_wrapper/u_ddr_mc_phy/ddr_phy_4lanes_0.u_ddr_phy_4lanes/ddr_byte_lane_C.ddr_byte_lane_C/ddr_byte_group_io/output_[2].oserdes_dq_.sdr.oserdes_dq_i/CLKDIV
                         clock pessimism              0.406    18.956    
                         clock uncertainty           -0.065    18.891    
    OLOGIC_X0Y227        OSERDESE2 (Setup_oserdese2_CLKDIV_D1)
                                                     -0.449    18.442    ddr3.u_axi_wrap_ddr/mig_axi/u_mig_axi_32_mig/u_memc_ui_top_axi/mem_intfc0/ddr_phy_top0/u_ddr_mc_phy_wrapper/u_ddr_mc_phy/ddr_phy_4lanes_0.u_ddr_phy_4lanes/ddr_byte_lane_C.ddr_byte_lane_C/ddr_byte_group_io/output_[2].oserdes_dq_.sdr.oserdes_dq_i
  -------------------------------------------------------------------
                         required time                         18.442    
                         arrival time                          -9.716    
  -------------------------------------------------------------------
                         slack                                  8.726    





Min Delay Paths
--------------------------------------------------------------------------------------
Slack (MET) :             0.089ns  (arrival time - required time)
  Source:                 ddr3.u_axi_wrap_ddr/mig_axi/u_mig_axi_32_mig/u_memc_ui_top_axi/mem_intfc0/ddr_phy_top0/u_ddr_mc_phy_wrapper/u_ddr_mc_phy/ddr_phy_4lanes_0.u_ddr_phy_4lanes/ddr_byte_lane_C.ddr_byte_lane_C/out_fifo/RDCLK
                            (rising edge-triggered cell OUT_FIFO clocked by oserdes_clkdiv_2  {rise@0.000ns fall@5.000ns period=10.000ns})
  Destination:            ddr3.u_axi_wrap_ddr/mig_axi/u_mig_axi_32_mig/u_memc_ui_top_axi/mem_intfc0/ddr_phy_top0/u_ddr_mc_phy_wrapper/u_ddr_mc_phy/ddr_phy_4lanes_0.u_ddr_phy_4lanes/ddr_byte_lane_C.ddr_byte_lane_C/ddr_byte_group_io/output_[2].oserdes_dq_.sdr.oserdes_dq_i/D2
                            (rising edge-triggered cell OSERDESE2 clocked by oserdes_clkdiv_2  {rise@0.000ns fall@5.000ns period=10.000ns})
  Path Group:             oserdes_clkdiv_2
  Path Type:              Hold (Min at Fast Process Corner)
  Requirement:            0.000ns  (oserdes_clkdiv_2 rise@0.000ns - oserdes_clkdiv_2 rise@0.000ns)
  Data Path Delay:        0.285ns  (logic 0.138ns (48.411%)  route 0.147ns (51.589%))
  Logic Levels:           0  
  Clock Path Skew:        0.177ns (DCD - SCD - CPR)
    Destination Clock Delay (DCD):    5.000ns
    Source Clock Delay      (SCD):    4.197ns
    Clock Pessimism Removal (CPR):    0.626ns

    Location             Delay type                Incr(ns)  Path(ns)    Netlist Resource(s)
  -------------------------------------------------------------------    -------------------
                         (clock oserdes_clkdiv_2 rise edge)
                                                      0.000     0.000 r  
    AC19                                              0.000     0.000 r  clk (IN)
                         net (fo=0)                   0.000     0.000    clk
    AC19                 IBUF (Prop_ibuf_I_O)         0.253     0.253 r  clk_IBUF_inst/O
                         net (fo=1, routed)           1.074     1.327    clk_IBUF
    BUFGCTRL_X0Y0        BUFG (Prop_bufg_I_O)         0.026     1.353 r  clk_IBUF_BUFG_inst/O
                         net (fo=2166, routed)        0.701     2.054    ddr3.u_axi_wrap_ddr/mig_axi/u_mig_axi_32_mig/u_ddr3_infrastructure/mmcm_clk
    PLLE2_ADV_X0Y4       PLLE2_ADV (Prop_plle2_adv_CLKIN1_CLKOUT1)
                                                      0.050     2.104 r  ddr3.u_axi_wrap_ddr/mig_axi/u_mig_axi_32_mig/u_ddr3_infrastructure/plle2_i/CLKOUT1
                         net (fo=7, routed)           0.197     2.301    ddr3.u_axi_wrap_ddr/mig_axi/u_mig_axi_32_mig/u_memc_ui_top_axi/mem_intfc0/ddr_phy_top0/u_ddr_mc_phy_wrapper/u_ddr_mc_phy/ddr_phy_4lanes_0.u_ddr_phy_4lanes/ddr_byte_lane_C.ddr_byte_lane_C/mem_refclk
    PHASER_OUT_PHY_X0Y18 PHASER_OUT_PHY (Prop_phaser_out_phy_MEMREFCLK_OCLK)
                                                      1.813     4.114 r  ddr3.u_axi_wrap_ddr/mig_axi/u_mig_axi_32_mig/u_memc_ui_top_axi/mem_intfc0/ddr_phy_top0/u_ddr_mc_phy_wrapper/u_ddr_mc_phy/ddr_phy_4lanes_0.u_ddr_phy_4lanes/ddr_byte_lane_C.ddr_byte_lane_C/phaser_out/OCLK
    PHASER_OUT_PHY_X0Y18 PHASER_OUT_PHY (Prop_phaser_out_phy_OCLK_OCLKDIV)
                                                      0.083     4.197 r  ddr3.u_axi_wrap_ddr/mig_axi/u_mig_axi_32_mig/u_memc_ui_top_axi/mem_intfc0/ddr_phy_top0/u_ddr_mc_phy_wrapper/u_ddr_mc_phy/ddr_phy_4lanes_0.u_ddr_phy_4lanes/ddr_byte_lane_C.ddr_byte_lane_C/phaser_out/OCLKDIV
                         net (fo=10, routed)          0.000     4.197    ddr3.u_axi_wrap_ddr/mig_axi/u_mig_axi_32_mig/u_memc_ui_top_axi/mem_intfc0/ddr_phy_top0/u_ddr_mc_phy_wrapper/u_ddr_mc_phy/ddr_phy_4lanes_0.u_ddr_phy_4lanes/ddr_byte_lane_C.ddr_byte_lane_C/oserdes_clkdiv
    OUT_FIFO_X0Y18       OUT_FIFO                                     r  ddr3.u_axi_wrap_ddr/mig_axi/u_mig_axi_32_mig/u_memc_ui_top_axi/mem_intfc0/ddr_phy_top0/u_ddr_mc_phy_wrapper/u_ddr_mc_phy/ddr_phy_4lanes_0.u_ddr_phy_4lanes/ddr_byte_lane_C.ddr_byte_lane_C/out_fifo/RDCLK
  -------------------------------------------------------------------    -------------------
    OUT_FIFO_X0Y18       OUT_FIFO (Prop_out_fifo_RDCLK_Q2[1])
                                                      0.138     4.335 r  ddr3.u_axi_wrap_ddr/mig_axi/u_mig_axi_32_mig/u_memc_ui_top_axi/mem_intfc0/ddr_phy_top0/u_ddr_mc_phy_wrapper/u_ddr_mc_phy/ddr_phy_4lanes_0.u_ddr_phy_4lanes/ddr_byte_lane_C.ddr_byte_lane_C/out_fifo/Q2[1]
                         net (fo=1, routed)           0.147     4.482    ddr3.u_axi_wrap_ddr/mig_axi/u_mig_axi_32_mig/u_memc_ui_top_axi/mem_intfc0/ddr_phy_top0/u_ddr_mc_phy_wrapper/u_ddr_mc_phy/ddr_phy_4lanes_0.u_ddr_phy_4lanes/ddr_byte_lane_C.ddr_byte_lane_C/ddr_byte_group_io/oserdes_dq[1]
    OLOGIC_X0Y227        OSERDESE2                                    r  ddr3.u_axi_wrap_ddr/mig_axi/u_mig_axi_32_mig/u_memc_ui_top_axi/mem_intfc0/ddr_phy_top0/u_ddr_mc_phy_wrapper/u_ddr_mc_phy/ddr_phy_4lanes_0.u_ddr_phy_4lanes/ddr_byte_lane_C.ddr_byte_lane_C/ddr_byte_group_io/output_[2].oserdes_dq_.sdr.oserdes_dq_i/D2
  -------------------------------------------------------------------    -------------------

                         (clock oserdes_clkdiv_2 rise edge)
                                                      0.000     0.000 r  
    AC19                                              0.000     0.000 r  clk (IN)
                         net (fo=0)                   0.000     0.000    clk
    AC19                 IBUF (Prop_ibuf_I_O)         0.441     0.441 r  clk_IBUF_inst/O
                         net (fo=1, routed)           1.160     1.601    clk_IBUF
    BUFGCTRL_X0Y0        BUFG (Prop_bufg_I_O)         0.029     1.630 r  clk_IBUF_BUFG_inst/O
                         net (fo=2166, routed)        0.976     2.606    ddr3.u_axi_wrap_ddr/mig_axi/u_mig_axi_32_mig/u_ddr3_infrastructure/mmcm_clk
    PLLE2_ADV_X0Y4       PLLE2_ADV (Prop_plle2_adv_CLKIN1_CLKOUT1)
                                                      0.053     2.659 r  ddr3.u_axi_wrap_ddr/mig_axi/u_mig_axi_32_mig/u_ddr3_infrastructure/plle2_i/CLKOUT1
                         net (fo=7, routed)           0.218     2.877    ddr3.u_axi_wrap_ddr/mig_axi/u_mig_axi_32_mig/u_memc_ui_top_axi/mem_intfc0/ddr_phy_top0/u_ddr_mc_phy_wrapper/u_ddr_mc_phy/ddr_phy_4lanes_0.u_ddr_phy_4lanes/ddr_byte_lane_C.ddr_byte_lane_C/mem_refclk
    PHASER_OUT_PHY_X0Y18 PHASER_OUT_PHY (Prop_phaser_out_phy_MEMREFCLK_OCLK)
                                                      1.858     4.735 r  ddr3.u_axi_wrap_ddr/mig_axi/u_mig_axi_32_mig/u_memc_ui_top_axi/mem_intfc0/ddr_phy_top0/u_ddr_mc_phy_wrapper/u_ddr_mc_phy/ddr_phy_4lanes_0.u_ddr_phy_4lanes/ddr_byte_lane_C.ddr_byte_lane_C/phaser_out/OCLK
    PHASER_OUT_PHY_X0Y18 PHASER_OUT_PHY (Prop_phaser_out_phy_OCLK_OCLKDIV)
                                                      0.088     4.823 r  ddr3.u_axi_wrap_ddr/mig_axi/u_mig_axi_32_mig/u_memc_ui_top_axi/mem_intfc0/ddr_phy_top0/u_ddr_mc_phy_wrapper/u_ddr_mc_phy/ddr_phy_4lanes_0.u_ddr_phy_4lanes/ddr_byte_lane_C.ddr_byte_lane_C/phaser_out/OCLKDIV
                         net (fo=10, routed)          0.177     5.000    ddr3.u_axi_wrap_ddr/mig_axi/u_mig_axi_32_mig/u_memc_ui_top_axi/mem_intfc0/ddr_phy_top0/u_ddr_mc_phy_wrapper/u_ddr_mc_phy/ddr_phy_4lanes_0.u_ddr_phy_4lanes/ddr_byte_lane_C.ddr_byte_lane_C/ddr_byte_group_io/oserdes_clkdiv
    OLOGIC_X0Y227        OSERDESE2                                    r  ddr3.u_axi_wrap_ddr/mig_axi/u_mig_axi_32_mig/u_memc_ui_top_axi/mem_intfc0/ddr_phy_top0/u_ddr_mc_phy_wrapper/u_ddr_mc_phy/ddr_phy_4lanes_0.u_ddr_phy_4lanes/ddr_byte_lane_C.ddr_byte_lane_C/ddr_byte_group_io/output_[2].oserdes_dq_.sdr.oserdes_dq_i/CLKDIV
                         clock pessimism             -0.626     4.374    
    OLOGIC_X0Y227        OSERDESE2 (Hold_oserdese2_CLKDIV_D2)
                                                      0.019     4.393    ddr3.u_axi_wrap_ddr/mig_axi/u_mig_axi_32_mig/u_memc_ui_top_axi/mem_intfc0/ddr_phy_top0/u_ddr_mc_phy_wrapper/u_ddr_mc_phy/ddr_phy_4lanes_0.u_ddr_phy_4lanes/ddr_byte_lane_C.ddr_byte_lane_C/ddr_byte_group_io/output_[2].oserdes_dq_.sdr.oserdes_dq_i
  -------------------------------------------------------------------
                         required time                         -4.393    
                         arrival time                           4.482    
  -------------------------------------------------------------------
                         slack                                  0.089    





Pulse Width Checks
--------------------------------------------------------------------------------------
Clock Name:         oserdes_clkdiv_2
Waveform(ns):       { 0.000 5.000 }
Period(ns):         10.000
Sources:            { ddr3.u_axi_wrap_ddr/mig_axi/u_mig_axi_32_mig/u_memc_ui_top_axi/mem_intfc0/ddr_phy_top0/u_ddr_mc_phy_wrapper/u_ddr_mc_phy/ddr_phy_4lanes_0.u_ddr_phy_4lanes/ddr_byte_lane_C.ddr_byte_lane_C/phaser_out/OCLKDIV }

Check Type        Corner  Lib Pin         Reference Pin  Required(ns)  Actual(ns)  Slack(ns)  Location        Pin
Min Period        n/a     OUT_FIFO/RDCLK  n/a            5.000         10.000      5.000      OUT_FIFO_X0Y18  ddr3.u_axi_wrap_ddr/mig_axi/u_mig_axi_32_mig/u_memc_ui_top_axi/mem_intfc0/ddr_phy_top0/u_ddr_mc_phy_wrapper/u_ddr_mc_phy/ddr_phy_4lanes_0.u_ddr_phy_4lanes/ddr_byte_lane_C.ddr_byte_lane_C/out_fifo/RDCLK
Low Pulse Width   Slow    OUT_FIFO/RDCLK  n/a            2.150         5.000       2.850      OUT_FIFO_X0Y18  ddr3.u_axi_wrap_ddr/mig_axi/u_mig_axi_32_mig/u_memc_ui_top_axi/mem_intfc0/ddr_phy_top0/u_ddr_mc_phy_wrapper/u_ddr_mc_phy/ddr_phy_4lanes_0.u_ddr_phy_4lanes/ddr_byte_lane_C.ddr_byte_lane_C/out_fifo/RDCLK
High Pulse Width  Slow    OUT_FIFO/RDCLK  n/a            2.150         5.000       2.850      OUT_FIFO_X0Y18  ddr3.u_axi_wrap_ddr/mig_axi/u_mig_axi_32_mig/u_memc_ui_top_axi/mem_intfc0/ddr_phy_top0/u_ddr_mc_phy_wrapper/u_ddr_mc_phy/ddr_phy_4lanes_0.u_ddr_phy_4lanes/ddr_byte_lane_C.ddr_byte_lane_C/out_fifo/RDCLK



---------------------------------------------------------------------------------------------------
From Clock:  oserdes_clk_3
  To Clock:  oserdes_clk_3

Setup :           NA  Failing Endpoints,  Worst Slack           NA  ,  Total Violation           NA
Hold  :           NA  Failing Endpoints,  Worst Slack           NA  ,  Total Violation           NA
PW    :            0  Failing Endpoints,  Worst Slack        1.029ns,  Total Violation        0.000ns
---------------------------------------------------------------------------------------------------


Pulse Width Checks
--------------------------------------------------------------------------------------
Clock Name:         oserdes_clk_3
Waveform(ns):       { 0.000 1.250 }
Period(ns):         2.500
Sources:            { ddr3.u_axi_wrap_ddr/mig_axi/u_mig_axi_32_mig/u_memc_ui_top_axi/mem_intfc0/ddr_phy_top0/u_ddr_mc_phy_wrapper/u_ddr_mc_phy/ddr_phy_4lanes_0.u_ddr_phy_4lanes/ddr_byte_lane_D.ddr_byte_lane_D/phaser_out/OCLK }

Check Type  Corner  Lib Pin        Reference Pin  Required(ns)  Actual(ns)  Slack(ns)  Location       Pin
Min Period  n/a     OSERDESE2/CLK  n/a            1.471         2.500       1.029      OLOGIC_X0Y237  ddr3.u_axi_wrap_ddr/mig_axi/u_mig_axi_32_mig/u_memc_ui_top_axi/mem_intfc0/ddr_phy_top0/u_ddr_mc_phy_wrapper/u_ddr_mc_phy/ddr_phy_4lanes_0.u_ddr_phy_4lanes/ddr_byte_lane_D.ddr_byte_lane_D/ddr_byte_group_io/output_[0].oserdes_dq_.sdr.oserdes_dq_i/CLK



---------------------------------------------------------------------------------------------------
From Clock:  oserdes_clkdiv_3
  To Clock:  oserdes_clkdiv_3

Setup :            0  Failing Endpoints,  Worst Slack        8.740ns,  Total Violation        0.000ns
Hold  :            0  Failing Endpoints,  Worst Slack        0.083ns,  Total Violation        0.000ns
PW    :            0  Failing Endpoints,  Worst Slack        2.850ns,  Total Violation        0.000ns
---------------------------------------------------------------------------------------------------


Max Delay Paths
--------------------------------------------------------------------------------------
Slack (MET) :             8.740ns  (required time - arrival time)
  Source:                 ddr3.u_axi_wrap_ddr/mig_axi/u_mig_axi_32_mig/u_memc_ui_top_axi/mem_intfc0/ddr_phy_top0/u_ddr_mc_phy_wrapper/u_ddr_mc_phy/ddr_phy_4lanes_0.u_ddr_phy_4lanes/ddr_byte_lane_D.ddr_byte_lane_D/out_fifo/RDCLK
                            (rising edge-triggered cell OUT_FIFO clocked by oserdes_clkdiv_3  {rise@0.000ns fall@5.000ns period=10.000ns})
  Destination:            ddr3.u_axi_wrap_ddr/mig_axi/u_mig_axi_32_mig/u_memc_ui_top_axi/mem_intfc0/ddr_phy_top0/u_ddr_mc_phy_wrapper/u_ddr_mc_phy/ddr_phy_4lanes_0.u_ddr_phy_4lanes/ddr_byte_lane_D.ddr_byte_lane_D/ddr_byte_group_io/output_[0].oserdes_dq_.sdr.oserdes_dq_i/D1
                            (rising edge-triggered cell OSERDESE2 clocked by oserdes_clkdiv_3  {rise@0.000ns fall@5.000ns period=10.000ns})
  Path Group:             oserdes_clkdiv_3
  Path Type:              Setup (Max at Slow Process Corner)
  Requirement:            10.000ns  (oserdes_clkdiv_3 rise@10.000ns - oserdes_clkdiv_3 rise@0.000ns)
  Data Path Delay:        1.098ns  (logic 0.596ns (54.305%)  route 0.502ns (45.695%))
  Logic Levels:           0  
  Clock Path Skew:        0.352ns (DCD - SCD + CPR)
    Destination Clock Delay (DCD):    8.555ns = ( 18.555 - 10.000 ) 
    Source Clock Delay      (SCD):    8.607ns
    Clock Pessimism Removal (CPR):    0.405ns
  Clock Uncertainty:      0.065ns  ((TSJ^2 + DJ^2)^1/2) / 2 + PE
    Total System Jitter     (TSJ):    0.071ns
    Discrete Jitter          (DJ):    0.109ns
    Phase Error              (PE):    0.000ns

    Location             Delay type                Incr(ns)  Path(ns)    Netlist Resource(s)
  -------------------------------------------------------------------    -------------------
                         (clock oserdes_clkdiv_3 rise edge)
                                                      0.000     0.000 r  
    AC19                                              0.000     0.000 r  clk (IN)
                         net (fo=0)                   0.000     0.000    clk
    AC19                 IBUF (Prop_ibuf_I_O)         1.416     1.416 r  clk_IBUF_inst/O
                         net (fo=1, routed)           2.602     4.018    clk_IBUF
    BUFGCTRL_X0Y0        BUFG (Prop_bufg_I_O)         0.081     4.099 r  clk_IBUF_BUFG_inst/O
                         net (fo=2166, routed)        1.696     5.795    ddr3.u_axi_wrap_ddr/mig_axi/u_mig_axi_32_mig/u_ddr3_infrastructure/mmcm_clk
    PLLE2_ADV_X0Y4       PLLE2_ADV (Prop_plle2_adv_CLKIN1_CLKOUT1)
                                                      0.077     5.872 r  ddr3.u_axi_wrap_ddr/mig_axi/u_mig_axi_32_mig/u_ddr3_infrastructure/plle2_i/CLKOUT1
                         net (fo=7, routed)           0.511     6.383    ddr3.u_axi_wrap_ddr/mig_axi/u_mig_axi_32_mig/u_memc_ui_top_axi/mem_intfc0/ddr_phy_top0/u_ddr_mc_phy_wrapper/u_ddr_mc_phy/ddr_phy_4lanes_0.u_ddr_phy_4lanes/ddr_byte_lane_D.ddr_byte_lane_D/mem_refclk
    PHASER_OUT_PHY_X0Y19 PHASER_OUT_PHY (Prop_phaser_out_phy_MEMREFCLK_OCLK)
                                                      2.083     8.466 r  ddr3.u_axi_wrap_ddr/mig_axi/u_mig_axi_32_mig/u_memc_ui_top_axi/mem_intfc0/ddr_phy_top0/u_ddr_mc_phy_wrapper/u_ddr_mc_phy/ddr_phy_4lanes_0.u_ddr_phy_4lanes/ddr_byte_lane_D.ddr_byte_lane_D/phaser_out/OCLK
    PHASER_OUT_PHY_X0Y19 PHASER_OUT_PHY (Prop_phaser_out_phy_OCLK_OCLKDIV)
                                                      0.141     8.607 r  ddr3.u_axi_wrap_ddr/mig_axi/u_mig_axi_32_mig/u_memc_ui_top_axi/mem_intfc0/ddr_phy_top0/u_ddr_mc_phy_wrapper/u_ddr_mc_phy/ddr_phy_4lanes_0.u_ddr_phy_4lanes/ddr_byte_lane_D.ddr_byte_lane_D/phaser_out/OCLKDIV
                         net (fo=13, routed)          0.000     8.607    ddr3.u_axi_wrap_ddr/mig_axi/u_mig_axi_32_mig/u_memc_ui_top_axi/mem_intfc0/ddr_phy_top0/u_ddr_mc_phy_wrapper/u_ddr_mc_phy/ddr_phy_4lanes_0.u_ddr_phy_4lanes/ddr_byte_lane_D.ddr_byte_lane_D/oserdes_clkdiv
    OUT_FIFO_X0Y19       OUT_FIFO                                     r  ddr3.u_axi_wrap_ddr/mig_axi/u_mig_axi_32_mig/u_memc_ui_top_axi/mem_intfc0/ddr_phy_top0/u_ddr_mc_phy_wrapper/u_ddr_mc_phy/ddr_phy_4lanes_0.u_ddr_phy_4lanes/ddr_byte_lane_D.ddr_byte_lane_D/out_fifo/RDCLK
  -------------------------------------------------------------------    -------------------
    OUT_FIFO_X0Y19       OUT_FIFO (Prop_out_fifo_RDCLK_Q0[0])
                                                      0.596     9.203 r  ddr3.u_axi_wrap_ddr/mig_axi/u_mig_axi_32_mig/u_memc_ui_top_axi/mem_intfc0/ddr_phy_top0/u_ddr_mc_phy_wrapper/u_ddr_mc_phy/ddr_phy_4lanes_0.u_ddr_phy_4lanes/ddr_byte_lane_D.ddr_byte_lane_D/out_fifo/Q0[0]
                         net (fo=1, routed)           0.502     9.705    ddr3.u_axi_wrap_ddr/mig_axi/u_mig_axi_32_mig/u_memc_ui_top_axi/mem_intfc0/ddr_phy_top0/u_ddr_mc_phy_wrapper/u_ddr_mc_phy/ddr_phy_4lanes_0.u_ddr_phy_4lanes/ddr_byte_lane_D.ddr_byte_lane_D/ddr_byte_group_io/oserdes_dq[0]
    OLOGIC_X0Y237        OSERDESE2                                    r  ddr3.u_axi_wrap_ddr/mig_axi/u_mig_axi_32_mig/u_memc_ui_top_axi/mem_intfc0/ddr_phy_top0/u_ddr_mc_phy_wrapper/u_ddr_mc_phy/ddr_phy_4lanes_0.u_ddr_phy_4lanes/ddr_byte_lane_D.ddr_byte_lane_D/ddr_byte_group_io/output_[0].oserdes_dq_.sdr.oserdes_dq_i/D1
  -------------------------------------------------------------------    -------------------

                         (clock oserdes_clkdiv_3 rise edge)
                                                     10.000    10.000 r  
    AC19                                              0.000    10.000 r  clk (IN)
                         net (fo=0)                   0.000    10.000    clk
    AC19                 IBUF (Prop_ibuf_I_O)         1.350    11.350 r  clk_IBUF_inst/O
                         net (fo=1, routed)           2.471    13.821    clk_IBUF
    BUFGCTRL_X0Y0        BUFG (Prop_bufg_I_O)         0.077    13.898 r  clk_IBUF_BUFG_inst/O
                         net (fo=2166, routed)        1.586    15.484    ddr3.u_axi_wrap_ddr/mig_axi/u_mig_axi_32_mig/u_ddr3_infrastructure/mmcm_clk
    PLLE2_ADV_X0Y4       PLLE2_ADV (Prop_plle2_adv_CLKIN1_CLKOUT1)
                                                      0.073    15.557 r  ddr3.u_axi_wrap_ddr/mig_axi/u_mig_axi_32_mig/u_ddr3_infrastructure/plle2_i/CLKOUT1
                         net (fo=7, routed)           0.486    16.043    ddr3.u_axi_wrap_ddr/mig_axi/u_mig_axi_32_mig/u_memc_ui_top_axi/mem_intfc0/ddr_phy_top0/u_ddr_mc_phy_wrapper/u_ddr_mc_phy/ddr_phy_4lanes_0.u_ddr_phy_4lanes/ddr_byte_lane_D.ddr_byte_lane_D/mem_refclk
    PHASER_OUT_PHY_X0Y19 PHASER_OUT_PHY (Prop_phaser_out_phy_MEMREFCLK_OCLK)
                                                      2.027    18.070 r  ddr3.u_axi_wrap_ddr/mig_axi/u_mig_axi_32_mig/u_memc_ui_top_axi/mem_intfc0/ddr_phy_top0/u_ddr_mc_phy_wrapper/u_ddr_mc_phy/ddr_phy_4lanes_0.u_ddr_phy_4lanes/ddr_byte_lane_D.ddr_byte_lane_D/phaser_out/OCLK
    PHASER_OUT_PHY_X0Y19 PHASER_OUT_PHY (Prop_phaser_out_phy_OCLK_OCLKDIV)
                                                      0.133    18.203 r  ddr3.u_axi_wrap_ddr/mig_axi/u_mig_axi_32_mig/u_memc_ui_top_axi/mem_intfc0/ddr_phy_top0/u_ddr_mc_phy_wrapper/u_ddr_mc_phy/ddr_phy_4lanes_0.u_ddr_phy_4lanes/ddr_byte_lane_D.ddr_byte_lane_D/phaser_out/OCLKDIV
                         net (fo=13, routed)          0.352    18.555    ddr3.u_axi_wrap_ddr/mig_axi/u_mig_axi_32_mig/u_memc_ui_top_axi/mem_intfc0/ddr_phy_top0/u_ddr_mc_phy_wrapper/u_ddr_mc_phy/ddr_phy_4lanes_0.u_ddr_phy_4lanes/ddr_byte_lane_D.ddr_byte_lane_D/ddr_byte_group_io/oserdes_clkdiv
    OLOGIC_X0Y237        OSERDESE2                                    r  ddr3.u_axi_wrap_ddr/mig_axi/u_mig_axi_32_mig/u_memc_ui_top_axi/mem_intfc0/ddr_phy_top0/u_ddr_mc_phy_wrapper/u_ddr_mc_phy/ddr_phy_4lanes_0.u_ddr_phy_4lanes/ddr_byte_lane_D.ddr_byte_lane_D/ddr_byte_group_io/output_[0].oserdes_dq_.sdr.oserdes_dq_i/CLKDIV
                         clock pessimism              0.405    18.959    
                         clock uncertainty           -0.065    18.894    
    OLOGIC_X0Y237        OSERDESE2 (Setup_oserdese2_CLKDIV_D1)
                                                     -0.449    18.445    ddr3.u_axi_wrap_ddr/mig_axi/u_mig_axi_32_mig/u_memc_ui_top_axi/mem_intfc0/ddr_phy_top0/u_ddr_mc_phy_wrapper/u_ddr_mc_phy/ddr_phy_4lanes_0.u_ddr_phy_4lanes/ddr_byte_lane_D.ddr_byte_lane_D/ddr_byte_group_io/output_[0].oserdes_dq_.sdr.oserdes_dq_i
  -------------------------------------------------------------------
                         required time                         18.445    
                         arrival time                          -9.705    
  -------------------------------------------------------------------
                         slack                                  8.740    





Min Delay Paths
--------------------------------------------------------------------------------------
Slack (MET) :             0.083ns  (arrival time - required time)
  Source:                 ddr3.u_axi_wrap_ddr/mig_axi/u_mig_axi_32_mig/u_memc_ui_top_axi/mem_intfc0/ddr_phy_top0/u_ddr_mc_phy_wrapper/u_ddr_mc_phy/ddr_phy_4lanes_0.u_ddr_phy_4lanes/ddr_byte_lane_D.ddr_byte_lane_D/out_fifo/RDCLK
                            (rising edge-triggered cell OUT_FIFO clocked by oserdes_clkdiv_3  {rise@0.000ns fall@5.000ns period=10.000ns})
  Destination:            ddr3.u_axi_wrap_ddr/mig_axi/u_mig_axi_32_mig/u_memc_ui_top_axi/mem_intfc0/ddr_phy_top0/u_ddr_mc_phy_wrapper/u_ddr_mc_phy/ddr_phy_4lanes_0.u_ddr_phy_4lanes/ddr_byte_lane_D.ddr_byte_lane_D/ddr_byte_group_io/output_[2].oserdes_dq_.sdr.oserdes_dq_i/D2
                            (rising edge-triggered cell OSERDESE2 clocked by oserdes_clkdiv_3  {rise@0.000ns fall@5.000ns period=10.000ns})
  Path Group:             oserdes_clkdiv_3
  Path Type:              Hold (Min at Fast Process Corner)
  Requirement:            0.000ns  (oserdes_clkdiv_3 rise@0.000ns - oserdes_clkdiv_3 rise@0.000ns)
  Data Path Delay:        0.285ns  (logic 0.138ns (48.411%)  route 0.147ns (51.589%))
  Logic Levels:           0  
  Clock Path Skew:        0.183ns (DCD - SCD - CPR)
    Destination Clock Delay (DCD):    4.997ns
    Source Clock Delay      (SCD):    4.190ns
    Clock Pessimism Removal (CPR):    0.624ns

    Location             Delay type                Incr(ns)  Path(ns)    Netlist Resource(s)
  -------------------------------------------------------------------    -------------------
                         (clock oserdes_clkdiv_3 rise edge)
                                                      0.000     0.000 r  
    AC19                                              0.000     0.000 r  clk (IN)
                         net (fo=0)                   0.000     0.000    clk
    AC19                 IBUF (Prop_ibuf_I_O)         0.253     0.253 r  clk_IBUF_inst/O
                         net (fo=1, routed)           1.074     1.327    clk_IBUF
    BUFGCTRL_X0Y0        BUFG (Prop_bufg_I_O)         0.026     1.353 r  clk_IBUF_BUFG_inst/O
                         net (fo=2166, routed)        0.701     2.054    ddr3.u_axi_wrap_ddr/mig_axi/u_mig_axi_32_mig/u_ddr3_infrastructure/mmcm_clk
    PLLE2_ADV_X0Y4       PLLE2_ADV (Prop_plle2_adv_CLKIN1_CLKOUT1)
                                                      0.050     2.104 r  ddr3.u_axi_wrap_ddr/mig_axi/u_mig_axi_32_mig/u_ddr3_infrastructure/plle2_i/CLKOUT1
                         net (fo=7, routed)           0.190     2.294    ddr3.u_axi_wrap_ddr/mig_axi/u_mig_axi_32_mig/u_memc_ui_top_axi/mem_intfc0/ddr_phy_top0/u_ddr_mc_phy_wrapper/u_ddr_mc_phy/ddr_phy_4lanes_0.u_ddr_phy_4lanes/ddr_byte_lane_D.ddr_byte_lane_D/mem_refclk
    PHASER_OUT_PHY_X0Y19 PHASER_OUT_PHY (Prop_phaser_out_phy_MEMREFCLK_OCLK)
                                                      1.813     4.107 r  ddr3.u_axi_wrap_ddr/mig_axi/u_mig_axi_32_mig/u_memc_ui_top_axi/mem_intfc0/ddr_phy_top0/u_ddr_mc_phy_wrapper/u_ddr_mc_phy/ddr_phy_4lanes_0.u_ddr_phy_4lanes/ddr_byte_lane_D.ddr_byte_lane_D/phaser_out/OCLK
    PHASER_OUT_PHY_X0Y19 PHASER_OUT_PHY (Prop_phaser_out_phy_OCLK_OCLKDIV)
                                                      0.083     4.190 r  ddr3.u_axi_wrap_ddr/mig_axi/u_mig_axi_32_mig/u_memc_ui_top_axi/mem_intfc0/ddr_phy_top0/u_ddr_mc_phy_wrapper/u_ddr_mc_phy/ddr_phy_4lanes_0.u_ddr_phy_4lanes/ddr_byte_lane_D.ddr_byte_lane_D/phaser_out/OCLKDIV
                         net (fo=13, routed)          0.000     4.190    ddr3.u_axi_wrap_ddr/mig_axi/u_mig_axi_32_mig/u_memc_ui_top_axi/mem_intfc0/ddr_phy_top0/u_ddr_mc_phy_wrapper/u_ddr_mc_phy/ddr_phy_4lanes_0.u_ddr_phy_4lanes/ddr_byte_lane_D.ddr_byte_lane_D/oserdes_clkdiv
    OUT_FIFO_X0Y19       OUT_FIFO                                     r  ddr3.u_axi_wrap_ddr/mig_axi/u_mig_axi_32_mig/u_memc_ui_top_axi/mem_intfc0/ddr_phy_top0/u_ddr_mc_phy_wrapper/u_ddr_mc_phy/ddr_phy_4lanes_0.u_ddr_phy_4lanes/ddr_byte_lane_D.ddr_byte_lane_D/out_fifo/RDCLK
  -------------------------------------------------------------------    -------------------
    OUT_FIFO_X0Y19       OUT_FIFO (Prop_out_fifo_RDCLK_Q2[1])
                                                      0.138     4.328 r  ddr3.u_axi_wrap_ddr/mig_axi/u_mig_axi_32_mig/u_memc_ui_top_axi/mem_intfc0/ddr_phy_top0/u_ddr_mc_phy_wrapper/u_ddr_mc_phy/ddr_phy_4lanes_0.u_ddr_phy_4lanes/ddr_byte_lane_D.ddr_byte_lane_D/out_fifo/Q2[1]
                         net (fo=1, routed)           0.147     4.475    ddr3.u_axi_wrap_ddr/mig_axi/u_mig_axi_32_mig/u_memc_ui_top_axi/mem_intfc0/ddr_phy_top0/u_ddr_mc_phy_wrapper/u_ddr_mc_phy/ddr_phy_4lanes_0.u_ddr_phy_4lanes/ddr_byte_lane_D.ddr_byte_lane_D/ddr_byte_group_io/oserdes_dq[9]
    OLOGIC_X0Y239        OSERDESE2                                    r  ddr3.u_axi_wrap_ddr/mig_axi/u_mig_axi_32_mig/u_memc_ui_top_axi/mem_intfc0/ddr_phy_top0/u_ddr_mc_phy_wrapper/u_ddr_mc_phy/ddr_phy_4lanes_0.u_ddr_phy_4lanes/ddr_byte_lane_D.ddr_byte_lane_D/ddr_byte_group_io/output_[2].oserdes_dq_.sdr.oserdes_dq_i/D2
  -------------------------------------------------------------------    -------------------

                         (clock oserdes_clkdiv_3 rise edge)
                                                      0.000     0.000 r  
    AC19                                              0.000     0.000 r  clk (IN)
                         net (fo=0)                   0.000     0.000    clk
    AC19                 IBUF (Prop_ibuf_I_O)         0.441     0.441 r  clk_IBUF_inst/O
                         net (fo=1, routed)           1.160     1.601    clk_IBUF
    BUFGCTRL_X0Y0        BUFG (Prop_bufg_I_O)         0.029     1.630 r  clk_IBUF_BUFG_inst/O
                         net (fo=2166, routed)        0.976     2.606    ddr3.u_axi_wrap_ddr/mig_axi/u_mig_axi_32_mig/u_ddr3_infrastructure/mmcm_clk
    PLLE2_ADV_X0Y4       PLLE2_ADV (Prop_plle2_adv_CLKIN1_CLKOUT1)
                                                      0.053     2.659 r  ddr3.u_axi_wrap_ddr/mig_axi/u_mig_axi_32_mig/u_ddr3_infrastructure/plle2_i/CLKOUT1
                         net (fo=7, routed)           0.209     2.868    ddr3.u_axi_wrap_ddr/mig_axi/u_mig_axi_32_mig/u_memc_ui_top_axi/mem_intfc0/ddr_phy_top0/u_ddr_mc_phy_wrapper/u_ddr_mc_phy/ddr_phy_4lanes_0.u_ddr_phy_4lanes/ddr_byte_lane_D.ddr_byte_lane_D/mem_refclk
    PHASER_OUT_PHY_X0Y19 PHASER_OUT_PHY (Prop_phaser_out_phy_MEMREFCLK_OCLK)
                                                      1.858     4.726 r  ddr3.u_axi_wrap_ddr/mig_axi/u_mig_axi_32_mig/u_memc_ui_top_axi/mem_intfc0/ddr_phy_top0/u_ddr_mc_phy_wrapper/u_ddr_mc_phy/ddr_phy_4lanes_0.u_ddr_phy_4lanes/ddr_byte_lane_D.ddr_byte_lane_D/phaser_out/OCLK
    PHASER_OUT_PHY_X0Y19 PHASER_OUT_PHY (Prop_phaser_out_phy_OCLK_OCLKDIV)
                                                      0.088     4.814 r  ddr3.u_axi_wrap_ddr/mig_axi/u_mig_axi_32_mig/u_memc_ui_top_axi/mem_intfc0/ddr_phy_top0/u_ddr_mc_phy_wrapper/u_ddr_mc_phy/ddr_phy_4lanes_0.u_ddr_phy_4lanes/ddr_byte_lane_D.ddr_byte_lane_D/phaser_out/OCLKDIV
                         net (fo=13, routed)          0.183     4.997    ddr3.u_axi_wrap_ddr/mig_axi/u_mig_axi_32_mig/u_memc_ui_top_axi/mem_intfc0/ddr_phy_top0/u_ddr_mc_phy_wrapper/u_ddr_mc_phy/ddr_phy_4lanes_0.u_ddr_phy_4lanes/ddr_byte_lane_D.ddr_byte_lane_D/ddr_byte_group_io/oserdes_clkdiv
    OLOGIC_X0Y239        OSERDESE2                                    r  ddr3.u_axi_wrap_ddr/mig_axi/u_mig_axi_32_mig/u_memc_ui_top_axi/mem_intfc0/ddr_phy_top0/u_ddr_mc_phy_wrapper/u_ddr_mc_phy/ddr_phy_4lanes_0.u_ddr_phy_4lanes/ddr_byte_lane_D.ddr_byte_lane_D/ddr_byte_group_io/output_[2].oserdes_dq_.sdr.oserdes_dq_i/CLKDIV
                         clock pessimism             -0.624     4.373    
    OLOGIC_X0Y239        OSERDESE2 (Hold_oserdese2_CLKDIV_D2)
                                                      0.019     4.392    ddr3.u_axi_wrap_ddr/mig_axi/u_mig_axi_32_mig/u_memc_ui_top_axi/mem_intfc0/ddr_phy_top0/u_ddr_mc_phy_wrapper/u_ddr_mc_phy/ddr_phy_4lanes_0.u_ddr_phy_4lanes/ddr_byte_lane_D.ddr_byte_lane_D/ddr_byte_group_io/output_[2].oserdes_dq_.sdr.oserdes_dq_i
  -------------------------------------------------------------------
                         required time                         -4.392    
                         arrival time                           4.475    
  -------------------------------------------------------------------
                         slack                                  0.083    





Pulse Width Checks
--------------------------------------------------------------------------------------
Clock Name:         oserdes_clkdiv_3
Waveform(ns):       { 0.000 5.000 }
Period(ns):         10.000
Sources:            { ddr3.u_axi_wrap_ddr/mig_axi/u_mig_axi_32_mig/u_memc_ui_top_axi/mem_intfc0/ddr_phy_top0/u_ddr_mc_phy_wrapper/u_ddr_mc_phy/ddr_phy_4lanes_0.u_ddr_phy_4lanes/ddr_byte_lane_D.ddr_byte_lane_D/phaser_out/OCLKDIV }

Check Type        Corner  Lib Pin         Reference Pin  Required(ns)  Actual(ns)  Slack(ns)  Location        Pin
Min Period        n/a     OUT_FIFO/RDCLK  n/a            5.000         10.000      5.000      OUT_FIFO_X0Y19  ddr3.u_axi_wrap_ddr/mig_axi/u_mig_axi_32_mig/u_memc_ui_top_axi/mem_intfc0/ddr_phy_top0/u_ddr_mc_phy_wrapper/u_ddr_mc_phy/ddr_phy_4lanes_0.u_ddr_phy_4lanes/ddr_byte_lane_D.ddr_byte_lane_D/out_fifo/RDCLK
Low Pulse Width   Slow    OUT_FIFO/RDCLK  n/a            2.150         5.000       2.850      OUT_FIFO_X0Y19  ddr3.u_axi_wrap_ddr/mig_axi/u_mig_axi_32_mig/u_memc_ui_top_axi/mem_intfc0/ddr_phy_top0/u_ddr_mc_phy_wrapper/u_ddr_mc_phy/ddr_phy_4lanes_0.u_ddr_phy_4lanes/ddr_byte_lane_D.ddr_byte_lane_D/out_fifo/RDCLK
High Pulse Width  Slow    OUT_FIFO/RDCLK  n/a            2.150         5.000       2.850      OUT_FIFO_X0Y19  ddr3.u_axi_wrap_ddr/mig_axi/u_mig_axi_32_mig/u_memc_ui_top_axi/mem_intfc0/ddr_phy_top0/u_ddr_mc_phy_wrapper/u_ddr_mc_phy/ddr_phy_4lanes_0.u_ddr_phy_4lanes/ddr_byte_lane_D.ddr_byte_lane_D/out_fifo/RDCLK



---------------------------------------------------------------------------------------------------
From Clock:  pll_clk3_out
  To Clock:  pll_clk3_out

Setup :           NA  Failing Endpoints,  Worst Slack           NA  ,  Total Violation           NA
Hold  :           NA  Failing Endpoints,  Worst Slack           NA  ,  Total Violation           NA
PW    :            0  Failing Endpoints,  Worst Slack        3.000ns,  Total Violation        0.000ns
---------------------------------------------------------------------------------------------------


Pulse Width Checks
--------------------------------------------------------------------------------------
Clock Name:         pll_clk3_out
Waveform(ns):       { 0.000 5.000 }
Period(ns):         10.000
Sources:            { ddr3.u_axi_wrap_ddr/mig_axi/u_mig_axi_32_mig/u_ddr3_infrastructure/plle2_i/CLKOUT3 }

Check Type        Corner  Lib Pin            Reference Pin  Required(ns)  Actual(ns)  Slack(ns)  Location         Pin
Min Period        n/a     BUFH/I             n/a            1.592         10.000      8.408      BUFHCE_X0Y48     ddr3.u_axi_wrap_ddr/mig_axi/u_mig_axi_32_mig/u_ddr3_infrastructure/u_bufh_pll_clk3/I
Max Period        n/a     MMCME2_ADV/CLKIN1  n/a            100.000       10.000      90.000     MMCME2_ADV_X0Y4  ddr3.u_axi_wrap_ddr/mig_axi/u_mig_axi_32_mig/u_ddr3_infrastructure/gen_mmcm.mmcm_i/CLKIN1
Low Pulse Width   Slow    MMCME2_ADV/CLKIN1  n/a            2.000         5.000       3.000      MMCME2_ADV_X0Y4  ddr3.u_axi_wrap_ddr/mig_axi/u_mig_axi_32_mig/u_ddr3_infrastructure/gen_mmcm.mmcm_i/CLKIN1
High Pulse Width  Slow    MMCME2_ADV/CLKIN1  n/a            2.000         5.000       3.000      MMCME2_ADV_X0Y4  ddr3.u_axi_wrap_ddr/mig_axi/u_mig_axi_32_mig/u_ddr3_infrastructure/gen_mmcm.mmcm_i/CLKIN1



---------------------------------------------------------------------------------------------------
From Clock:  clk_pll_i
  To Clock:  clk_pll_i

Setup :            0  Failing Endpoints,  Worst Slack        2.346ns,  Total Violation        0.000ns
Hold  :            0  Failing Endpoints,  Worst Slack        0.079ns,  Total Violation        0.000ns
PW    :            0  Failing Endpoints,  Worst Slack        2.850ns,  Total Violation        0.000ns
---------------------------------------------------------------------------------------------------


Max Delay Paths
--------------------------------------------------------------------------------------
Slack (MET) :             2.346ns  (required time - arrival time)
  Source:                 ddr3.u_axi_wrap_ddr/mig_axi/u_mig_axi_32_mig/u_memc_ui_top_axi/u_ui_top/ui_wr_data0/app_wdf_end_r1_reg/C
                            (rising edge-triggered cell FDRE clocked by clk_pll_i  {rise@0.000ns fall@5.000ns period=10.000ns})
  Destination:            ddr3.u_axi_wrap_ddr/mig_axi/u_mig_axi_32_mig/u_memc_ui_top_axi/u_ui_top/ui_wr_data0/write_buffer.wr_buffer_ram[7].RAM32M0/RAMA/WADR1
                            (rising edge-triggered cell RAMD32 clocked by clk_pll_i  {rise@0.000ns fall@5.000ns period=10.000ns})
  Path Group:             clk_pll_i
  Path Type:              Setup (Max at Slow Process Corner)
  Requirement:            10.000ns  (clk_pll_i rise@10.000ns - clk_pll_i rise@0.000ns)
  Data Path Delay:        7.450ns  (logic 1.217ns (16.334%)  route 6.233ns (83.665%))
  Logic Levels:           4  (LUT3=1 LUT4=1 LUT5=1 LUT6=1)
  Clock Path Skew:        -0.208ns (DCD - SCD + CPR)
    Destination Clock Delay (DCD):    7.590ns = ( 17.590 - 10.000 ) 
    Source Clock Delay      (SCD):    8.231ns
    Clock Pessimism Removal (CPR):    0.433ns
  Clock Uncertainty:      0.060ns  ((TSJ^2 + DJ^2)^1/2) / 2 + PE
    Total System Jitter     (TSJ):    0.071ns
    Discrete Jitter          (DJ):    0.098ns
    Phase Error              (PE):    0.000ns

    Location             Delay type                Incr(ns)  Path(ns)    Netlist Resource(s)
  -------------------------------------------------------------------    -------------------
                         (clock clk_pll_i rise edge)
                                                      0.000     0.000 r  
    AC19                                              0.000     0.000 r  clk (IN)
                         net (fo=0)                   0.000     0.000    clk
    AC19                 IBUF (Prop_ibuf_I_O)         1.416     1.416 r  clk_IBUF_inst/O
                         net (fo=1, routed)           2.602     4.018    clk_IBUF
    BUFGCTRL_X0Y0        BUFG (Prop_bufg_I_O)         0.081     4.099 r  clk_IBUF_BUFG_inst/O
                         net (fo=2166, routed)        1.696     5.795    ddr3.u_axi_wrap_ddr/mig_axi/u_mig_axi_32_mig/u_ddr3_infrastructure/mmcm_clk
    PLLE2_ADV_X0Y4       PLLE2_ADV (Prop_plle2_adv_CLKIN1_CLKOUT3)
                                                      0.077     5.872 r  ddr3.u_axi_wrap_ddr/mig_axi/u_mig_axi_32_mig/u_ddr3_infrastructure/plle2_i/CLKOUT3
                         net (fo=1, routed)           1.429     7.301    ddr3.u_axi_wrap_ddr/mig_axi/u_mig_axi_32_mig/u_ddr3_infrastructure/pll_clk3_out
    BUFHCE_X0Y48         BUFH (Prop_bufh_I_O)         0.106     7.407 r  ddr3.u_axi_wrap_ddr/mig_axi/u_mig_axi_32_mig/u_ddr3_infrastructure/u_bufh_pll_clk3/O
                         net (fo=1, routed)           0.841     8.248    ddr3.u_axi_wrap_ddr/mig_axi/u_mig_axi_32_mig/u_ddr3_infrastructure/pll_clk3
    MMCME2_ADV_X0Y4      MMCME2_ADV (Prop_mmcme2_adv_CLKIN1_CLKFBOUT)
                                                     -3.816     4.432 r  ddr3.u_axi_wrap_ddr/mig_axi/u_mig_axi_32_mig/u_ddr3_infrastructure/gen_mmcm.mmcm_i/CLKFBOUT
                         net (fo=1, routed)           2.061     6.493    ddr3.u_axi_wrap_ddr/mig_axi/u_mig_axi_32_mig/u_ddr3_infrastructure/clk_pll_i
    BUFGCTRL_X0Y16       BUFG (Prop_bufg_I_O)         0.081     6.574 r  ddr3.u_axi_wrap_ddr/mig_axi/u_mig_axi_32_mig/u_ddr3_infrastructure/u_bufg_clkdiv0/O
                         net (fo=7005, routed)        1.657     8.231    ddr3.u_axi_wrap_ddr/mig_axi/u_mig_axi_32_mig/u_memc_ui_top_axi/u_ui_top/ui_wr_data0/CLK
    SLICE_X18Y206        FDRE                                         r  ddr3.u_axi_wrap_ddr/mig_axi/u_mig_axi_32_mig/u_memc_ui_top_axi/u_ui_top/ui_wr_data0/app_wdf_end_r1_reg/C
  -------------------------------------------------------------------    -------------------
    SLICE_X18Y206        FDRE (Prop_fdre_C_Q)         0.433     8.664 f  ddr3.u_axi_wrap_ddr/mig_axi/u_mig_axi_32_mig/u_memc_ui_top_axi/u_ui_top/ui_wr_data0/app_wdf_end_r1_reg/Q
                         net (fo=22, routed)          1.359    10.023    ddr3.u_axi_wrap_ddr/mig_axi/u_mig_axi_32_mig/u_memc_ui_top_axi/u_ui_top/ui_wr_data0/app_wdf_end_r1
    SLICE_X18Y222        LUT3 (Prop_lut3_I0_O)        0.119    10.142 f  ddr3.u_axi_wrap_ddr/mig_axi/u_mig_axi_32_mig/u_memc_ui_top_axi/u_ui_top/ui_wr_data0/write_buffer.wr_buffer_ram[0].RAM32M0_i_13/O
                         net (fo=1, routed)           0.417    10.560    ddr3.u_axi_wrap_ddr/mig_axi/u_mig_axi_32_mig/u_memc_ui_top_axi/u_ui_top/ui_wr_data0/p_0_in__0_0[1]
    SLICE_X18Y222        LUT6 (Prop_lut6_I5_O)        0.268    10.828 r  ddr3.u_axi_wrap_ddr/mig_axi/u_mig_axi_32_mig/u_memc_ui_top_axi/u_ui_top/ui_wr_data0/write_buffer.wr_buffer_ram[0].RAM32M0_i_1/O
                         net (fo=197, routed)         0.420    11.248    ddr3.u_axi_wrap_ddr/mig_axi/u_mig_axi_32_mig/u_memc_ui_top_axi/u_ui_top/ui_wr_data0/wdf_rdy_ns
    SLICE_X19Y222        LUT5 (Prop_lut5_I0_O)        0.123    11.371 r  ddr3.u_axi_wrap_ddr/mig_axi/u_mig_axi_32_mig/u_memc_ui_top_axi/u_ui_top/ui_wr_data0/write_data_control.wb_wr_data_addr_r[4]_i_1/O
                         net (fo=12, routed)          0.927    12.298    ddr3.u_axi_wrap_ddr/mig_axi/u_mig_axi_32_mig/u_memc_ui_top_axi/u_ui_top/ui_wr_data0/write_data_control.wr_data_addr_le
    SLICE_X13Y222        LUT4 (Prop_lut4_I1_O)        0.274    12.572 r  ddr3.u_axi_wrap_ddr/mig_axi/u_mig_axi_32_mig/u_memc_ui_top_axi/u_ui_top/ui_wr_data0/write_buffer.wr_buffer_ram[0].RAM32M0_i_11/O
                         net (fo=192, routed)         3.110    15.681    ddr3.u_axi_wrap_ddr/mig_axi/u_mig_axi_32_mig/u_memc_ui_top_axi/u_ui_top/ui_wr_data0/write_buffer.wr_buffer_ram[7].RAM32M0/ADDRD1
    SLICE_X2Y189         RAMD32                                       r  ddr3.u_axi_wrap_ddr/mig_axi/u_mig_axi_32_mig/u_memc_ui_top_axi/u_ui_top/ui_wr_data0/write_buffer.wr_buffer_ram[7].RAM32M0/RAMA/WADR1
  -------------------------------------------------------------------    -------------------

                         (clock clk_pll_i rise edge)
                                                     10.000    10.000 r  
    AC19                                              0.000    10.000 r  clk (IN)
                         net (fo=0)                   0.000    10.000    clk
    AC19                 IBUF (Prop_ibuf_I_O)         1.350    11.350 r  clk_IBUF_inst/O
                         net (fo=1, routed)           2.471    13.821    clk_IBUF
    BUFGCTRL_X0Y0        BUFG (Prop_bufg_I_O)         0.077    13.898 r  clk_IBUF_BUFG_inst/O
                         net (fo=2166, routed)        1.586    15.484    ddr3.u_axi_wrap_ddr/mig_axi/u_mig_axi_32_mig/u_ddr3_infrastructure/mmcm_clk
    PLLE2_ADV_X0Y4       PLLE2_ADV (Prop_plle2_adv_CLKIN1_CLKOUT3)
                                                      0.073    15.557 r  ddr3.u_axi_wrap_ddr/mig_axi/u_mig_axi_32_mig/u_ddr3_infrastructure/plle2_i/CLKOUT3
                         net (fo=1, routed)           1.281    16.838    ddr3.u_axi_wrap_ddr/mig_axi/u_mig_axi_32_mig/u_ddr3_infrastructure/pll_clk3_out
    BUFHCE_X0Y48         BUFH (Prop_bufh_I_O)         0.069    16.907 r  ddr3.u_axi_wrap_ddr/mig_axi/u_mig_axi_32_mig/u_ddr3_infrastructure/u_bufh_pll_clk3/O
                         net (fo=1, routed)           0.805    17.712    ddr3.u_axi_wrap_ddr/mig_axi/u_mig_axi_32_mig/u_ddr3_infrastructure/pll_clk3
    MMCME2_ADV_X0Y4      MMCME2_ADV (Prop_mmcme2_adv_CLKIN1_CLKFBOUT)
                                                     -3.606    14.105 r  ddr3.u_axi_wrap_ddr/mig_axi/u_mig_axi_32_mig/u_ddr3_infrastructure/gen_mmcm.mmcm_i/CLKFBOUT
                         net (fo=1, routed)           1.964    16.070    ddr3.u_axi_wrap_ddr/mig_axi/u_mig_axi_32_mig/u_ddr3_infrastructure/clk_pll_i
    BUFGCTRL_X0Y16       BUFG (Prop_bufg_I_O)         0.077    16.147 r  ddr3.u_axi_wrap_ddr/mig_axi/u_mig_axi_32_mig/u_ddr3_infrastructure/u_bufg_clkdiv0/O
                         net (fo=7005, routed)        1.443    17.590    ddr3.u_axi_wrap_ddr/mig_axi/u_mig_axi_32_mig/u_memc_ui_top_axi/u_ui_top/ui_wr_data0/write_buffer.wr_buffer_ram[7].RAM32M0/WCLK
    SLICE_X2Y189         RAMD32                                       r  ddr3.u_axi_wrap_ddr/mig_axi/u_mig_axi_32_mig/u_memc_ui_top_axi/u_ui_top/ui_wr_data0/write_buffer.wr_buffer_ram[7].RAM32M0/RAMA/CLK
                         clock pessimism              0.433    18.023    
                         clock uncertainty           -0.060    17.963    
    SLICE_X2Y189         RAMD32 (Setup_ramd32_CLK_WADR1)
                                                      0.065    18.028    ddr3.u_axi_wrap_ddr/mig_axi/u_mig_axi_32_mig/u_memc_ui_top_axi/u_ui_top/ui_wr_data0/write_buffer.wr_buffer_ram[7].RAM32M0/RAMA
  -------------------------------------------------------------------
                         required time                         18.028    
                         arrival time                         -15.681    
  -------------------------------------------------------------------
                         slack                                  2.346    





Min Delay Paths
--------------------------------------------------------------------------------------
Slack (MET) :             0.079ns  (arrival time - required time)
  Source:                 ddr3.u_axi_wrap_ddr/mig_axi/u_mig_axi_32_mig/u_memc_ui_top_axi/mem_intfc0/ddr_phy_top0/u_ddr_mc_phy_wrapper/u_ddr_mc_phy/ddr_phy_4lanes_0.u_ddr_phy_4lanes/ddr_byte_lane_B.ddr_byte_lane_B/of_pre_fifo_gen.u_ddr_of_pre_fifo/wr_ptr_reg[1]/C
                            (rising edge-triggered cell FDRE clocked by clk_pll_i  {rise@0.000ns fall@5.000ns period=10.000ns})
  Destination:            ddr3.u_axi_wrap_ddr/mig_axi/u_mig_axi_32_mig/u_memc_ui_top_axi/mem_intfc0/ddr_phy_top0/u_ddr_mc_phy_wrapper/u_ddr_mc_phy/ddr_phy_4lanes_0.u_ddr_phy_4lanes/ddr_byte_lane_B.ddr_byte_lane_B/of_pre_fifo_gen.u_ddr_of_pre_fifo/mem_reg_0_15_78_79/RAMA/WADR1
                            (rising edge-triggered cell RAMD32 clocked by clk_pll_i  {rise@0.000ns fall@5.000ns period=10.000ns})
  Path Group:             clk_pll_i
  Path Type:              Hold (Min at Fast Process Corner)
  Requirement:            0.000ns  (clk_pll_i rise@0.000ns - clk_pll_i rise@0.000ns)
  Data Path Delay:        0.404ns  (logic 0.141ns (34.925%)  route 0.263ns (65.075%))
  Logic Levels:           0  
  Clock Path Skew:        0.016ns (DCD - SCD - CPR)
    Destination Clock Delay (DCD):    3.881ns
    Source Clock Delay      (SCD):    3.014ns
    Clock Pessimism Removal (CPR):    0.851ns

    Location             Delay type                Incr(ns)  Path(ns)    Netlist Resource(s)
  -------------------------------------------------------------------    -------------------
                         (clock clk_pll_i rise edge)
                                                      0.000     0.000 r  
    AC19                                              0.000     0.000 r  clk (IN)
                         net (fo=0)                   0.000     0.000    clk
    AC19                 IBUF (Prop_ibuf_I_O)         0.253     0.253 r  clk_IBUF_inst/O
                         net (fo=1, routed)           1.074     1.327    clk_IBUF
    BUFGCTRL_X0Y0        BUFG (Prop_bufg_I_O)         0.026     1.353 r  clk_IBUF_BUFG_inst/O
                         net (fo=2166, routed)        0.701     2.054    ddr3.u_axi_wrap_ddr/mig_axi/u_mig_axi_32_mig/u_ddr3_infrastructure/mmcm_clk
    PLLE2_ADV_X0Y4       PLLE2_ADV (Prop_plle2_adv_CLKIN1_CLKOUT3)
                                                      0.050     2.104 r  ddr3.u_axi_wrap_ddr/mig_axi/u_mig_axi_32_mig/u_ddr3_infrastructure/plle2_i/CLKOUT3
                         net (fo=1, routed)           0.518     2.622    ddr3.u_axi_wrap_ddr/mig_axi/u_mig_axi_32_mig/u_ddr3_infrastructure/pll_clk3_out
    BUFHCE_X0Y48         BUFH (Prop_bufh_I_O)         0.020     2.642 r  ddr3.u_axi_wrap_ddr/mig_axi/u_mig_axi_32_mig/u_ddr3_infrastructure/u_bufh_pll_clk3/O
                         net (fo=1, routed)           0.326     2.968    ddr3.u_axi_wrap_ddr/mig_axi/u_mig_axi_32_mig/u_ddr3_infrastructure/pll_clk3
    MMCME2_ADV_X0Y4      MMCME2_ADV (Prop_mmcme2_adv_CLKIN1_CLKFBOUT)
                                                     -1.511     1.457 r  ddr3.u_axi_wrap_ddr/mig_axi/u_mig_axi_32_mig/u_ddr3_infrastructure/gen_mmcm.mmcm_i/CLKFBOUT
                         net (fo=1, routed)           0.790     2.248    ddr3.u_axi_wrap_ddr/mig_axi/u_mig_axi_32_mig/u_ddr3_infrastructure/clk_pll_i
    BUFGCTRL_X0Y16       BUFG (Prop_bufg_I_O)         0.026     2.274 r  ddr3.u_axi_wrap_ddr/mig_axi/u_mig_axi_32_mig/u_ddr3_infrastructure/u_bufg_clkdiv0/O
                         net (fo=7005, routed)        0.740     3.014    ddr3.u_axi_wrap_ddr/mig_axi/u_mig_axi_32_mig/u_memc_ui_top_axi/mem_intfc0/ddr_phy_top0/u_ddr_mc_phy_wrapper/u_ddr_mc_phy/ddr_phy_4lanes_0.u_ddr_phy_4lanes/ddr_byte_lane_B.ddr_byte_lane_B/of_pre_fifo_gen.u_ddr_of_pre_fifo/CLK
    SLICE_X1Y204         FDRE                                         r  ddr3.u_axi_wrap_ddr/mig_axi/u_mig_axi_32_mig/u_memc_ui_top_axi/mem_intfc0/ddr_phy_top0/u_ddr_mc_phy_wrapper/u_ddr_mc_phy/ddr_phy_4lanes_0.u_ddr_phy_4lanes/ddr_byte_lane_B.ddr_byte_lane_B/of_pre_fifo_gen.u_ddr_of_pre_fifo/wr_ptr_reg[1]/C
  -------------------------------------------------------------------    -------------------
    SLICE_X1Y204         FDRE (Prop_fdre_C_Q)         0.141     3.155 r  ddr3.u_axi_wrap_ddr/mig_axi/u_mig_axi_32_mig/u_memc_ui_top_axi/mem_intfc0/ddr_phy_top0/u_ddr_mc_phy_wrapper/u_ddr_mc_phy/ddr_phy_4lanes_0.u_ddr_phy_4lanes/ddr_byte_lane_B.ddr_byte_lane_B/of_pre_fifo_gen.u_ddr_of_pre_fifo/wr_ptr_reg[1]/Q
                         net (fo=101, routed)         0.263     3.418    ddr3.u_axi_wrap_ddr/mig_axi/u_mig_axi_32_mig/u_memc_ui_top_axi/mem_intfc0/ddr_phy_top0/u_ddr_mc_phy_wrapper/u_ddr_mc_phy/ddr_phy_4lanes_0.u_ddr_phy_4lanes/ddr_byte_lane_B.ddr_byte_lane_B/of_pre_fifo_gen.u_ddr_of_pre_fifo/mem_reg_0_15_78_79/ADDRD1
    SLICE_X2Y204         RAMD32                                       r  ddr3.u_axi_wrap_ddr/mig_axi/u_mig_axi_32_mig/u_memc_ui_top_axi/mem_intfc0/ddr_phy_top0/u_ddr_mc_phy_wrapper/u_ddr_mc_phy/ddr_phy_4lanes_0.u_ddr_phy_4lanes/ddr_byte_lane_B.ddr_byte_lane_B/of_pre_fifo_gen.u_ddr_of_pre_fifo/mem_reg_0_15_78_79/RAMA/WADR1
  -------------------------------------------------------------------    -------------------

                         (clock clk_pll_i rise edge)
                                                      0.000     0.000 r  
    AC19                                              0.000     0.000 r  clk (IN)
                         net (fo=0)                   0.000     0.000    clk
    AC19                 IBUF (Prop_ibuf_I_O)         0.441     0.441 r  clk_IBUF_inst/O
                         net (fo=1, routed)           1.160     1.601    clk_IBUF
    BUFGCTRL_X0Y0        BUFG (Prop_bufg_I_O)         0.029     1.630 r  clk_IBUF_BUFG_inst/O
                         net (fo=2166, routed)        0.976     2.606    ddr3.u_axi_wrap_ddr/mig_axi/u_mig_axi_32_mig/u_ddr3_infrastructure/mmcm_clk
    PLLE2_ADV_X0Y4       PLLE2_ADV (Prop_plle2_adv_CLKIN1_CLKOUT3)
                                                      0.053     2.659 r  ddr3.u_axi_wrap_ddr/mig_axi/u_mig_axi_32_mig/u_ddr3_infrastructure/plle2_i/CLKOUT3
                         net (fo=1, routed)           0.577     3.236    ddr3.u_axi_wrap_ddr/mig_axi/u_mig_axi_32_mig/u_ddr3_infrastructure/pll_clk3_out
    BUFHCE_X0Y48         BUFH (Prop_bufh_I_O)         0.043     3.279 r  ddr3.u_axi_wrap_ddr/mig_axi/u_mig_axi_32_mig/u_ddr3_infrastructure/u_bufh_pll_clk3/O
                         net (fo=1, routed)           0.553     3.832    ddr3.u_axi_wrap_ddr/mig_axi/u_mig_axi_32_mig/u_ddr3_infrastructure/pll_clk3
    MMCME2_ADV_X0Y4      MMCME2_ADV (Prop_mmcme2_adv_CLKIN1_CLKFBOUT)
                                                     -1.858     1.974 r  ddr3.u_axi_wrap_ddr/mig_axi/u_mig_axi_32_mig/u_ddr3_infrastructure/gen_mmcm.mmcm_i/CLKFBOUT
                         net (fo=1, routed)           0.860     2.834    ddr3.u_axi_wrap_ddr/mig_axi/u_mig_axi_32_mig/u_ddr3_infrastructure/clk_pll_i
    BUFGCTRL_X0Y16       BUFG (Prop_bufg_I_O)         0.029     2.863 r  ddr3.u_axi_wrap_ddr/mig_axi/u_mig_axi_32_mig/u_ddr3_infrastructure/u_bufg_clkdiv0/O
                         net (fo=7005, routed)        1.018     3.881    ddr3.u_axi_wrap_ddr/mig_axi/u_mig_axi_32_mig/u_memc_ui_top_axi/mem_intfc0/ddr_phy_top0/u_ddr_mc_phy_wrapper/u_ddr_mc_phy/ddr_phy_4lanes_0.u_ddr_phy_4lanes/ddr_byte_lane_B.ddr_byte_lane_B/of_pre_fifo_gen.u_ddr_of_pre_fifo/mem_reg_0_15_78_79/WCLK
    SLICE_X2Y204         RAMD32                                       r  ddr3.u_axi_wrap_ddr/mig_axi/u_mig_axi_32_mig/u_memc_ui_top_axi/mem_intfc0/ddr_phy_top0/u_ddr_mc_phy_wrapper/u_ddr_mc_phy/ddr_phy_4lanes_0.u_ddr_phy_4lanes/ddr_byte_lane_B.ddr_byte_lane_B/of_pre_fifo_gen.u_ddr_of_pre_fifo/mem_reg_0_15_78_79/RAMA/CLK
                         clock pessimism             -0.851     3.030    
    SLICE_X2Y204         RAMD32 (Hold_ramd32_CLK_WADR1)
                                                      0.309     3.339    ddr3.u_axi_wrap_ddr/mig_axi/u_mig_axi_32_mig/u_memc_ui_top_axi/mem_intfc0/ddr_phy_top0/u_ddr_mc_phy_wrapper/u_ddr_mc_phy/ddr_phy_4lanes_0.u_ddr_phy_4lanes/ddr_byte_lane_B.ddr_byte_lane_B/of_pre_fifo_gen.u_ddr_of_pre_fifo/mem_reg_0_15_78_79/RAMA
  -------------------------------------------------------------------
                         required time                         -3.339    
                         arrival time                           3.418    
  -------------------------------------------------------------------
                         slack                                  0.079    





Pulse Width Checks
--------------------------------------------------------------------------------------
Clock Name:         clk_pll_i
Waveform(ns):       { 0.000 5.000 }
Period(ns):         10.000
Sources:            { ddr3.u_axi_wrap_ddr/mig_axi/u_mig_axi_32_mig/u_ddr3_infrastructure/gen_mmcm.mmcm_i/CLKFBOUT }

Check Type        Corner  Lib Pin             Reference Pin  Required(ns)  Actual(ns)  Slack(ns)  Location         Pin
Min Period        n/a     IN_FIFO/RDCLK       n/a            5.000         10.000      5.000      IN_FIFO_X0Y16    ddr3.u_axi_wrap_ddr/mig_axi/u_mig_axi_32_mig/u_memc_ui_top_axi/mem_intfc0/ddr_phy_top0/u_ddr_mc_phy_wrapper/u_ddr_mc_phy/ddr_phy_4lanes_0.u_ddr_phy_4lanes/ddr_byte_lane_A.ddr_byte_lane_A/in_fifo_gen.in_fifo/RDCLK
Max Period        n/a     MMCME2_ADV/CLKFBIN  n/a            100.000       10.000      90.000     MMCME2_ADV_X0Y4  ddr3.u_axi_wrap_ddr/mig_axi/u_mig_axi_32_mig/u_ddr3_infrastructure/gen_mmcm.mmcm_i/CLKFBIN
Low Pulse Width   Slow    IN_FIFO/RDCLK       n/a            2.150         5.000       2.850      IN_FIFO_X0Y16    ddr3.u_axi_wrap_ddr/mig_axi/u_mig_axi_32_mig/u_memc_ui_top_axi/mem_intfc0/ddr_phy_top0/u_ddr_mc_phy_wrapper/u_ddr_mc_phy/ddr_phy_4lanes_0.u_ddr_phy_4lanes/ddr_byte_lane_A.ddr_byte_lane_A/in_fifo_gen.in_fifo/RDCLK
High Pulse Width  Slow    IN_FIFO/RDCLK       n/a            2.150         5.000       2.850      IN_FIFO_X0Y16    ddr3.u_axi_wrap_ddr/mig_axi/u_mig_axi_32_mig/u_memc_ui_top_axi/mem_intfc0/ddr_phy_top0/u_ddr_mc_phy_wrapper/u_ddr_mc_phy/ddr_phy_4lanes_0.u_ddr_phy_4lanes/ddr_byte_lane_A.ddr_byte_lane_A/in_fifo_gen.in_fifo/RDCLK



---------------------------------------------------------------------------------------------------
From Clock:  pll_clkfbout
  To Clock:  pll_clkfbout

Setup :           NA  Failing Endpoints,  Worst Slack           NA  ,  Total Violation           NA
Hold  :           NA  Failing Endpoints,  Worst Slack           NA  ,  Total Violation           NA
PW    :            0  Failing Endpoints,  Worst Slack        8.751ns,  Total Violation        0.000ns
---------------------------------------------------------------------------------------------------


Pulse Width Checks
--------------------------------------------------------------------------------------
Clock Name:         pll_clkfbout
Waveform(ns):       { 0.000 5.000 }
Period(ns):         10.000
Sources:            { ddr3.u_axi_wrap_ddr/mig_axi/u_mig_axi_32_mig/u_ddr3_infrastructure/plle2_i/CLKFBOUT }

Check Type  Corner  Lib Pin             Reference Pin  Required(ns)  Actual(ns)  Slack(ns)  Location        Pin
Min Period  n/a     PLLE2_ADV/CLKFBOUT  n/a            1.249         10.000      8.751      PLLE2_ADV_X0Y4  ddr3.u_axi_wrap_ddr/mig_axi/u_mig_axi_32_mig/u_ddr3_infrastructure/plle2_i/CLKFBOUT
Max Period  n/a     PLLE2_ADV/CLKFBIN   n/a            52.633        10.000      42.633     PLLE2_ADV_X0Y4  ddr3.u_axi_wrap_ddr/mig_axi/u_mig_axi_32_mig/u_ddr3_infrastructure/plle2_i/CLKFBIN



---------------------------------------------------------------------------------------------------
From Clock:  sync_pulse
  To Clock:  sync_pulse

Setup :           NA  Failing Endpoints,  Worst Slack           NA  ,  Total Violation           NA
Hold  :           NA  Failing Endpoints,  Worst Slack           NA  ,  Total Violation           NA
PW    :            0  Failing Endpoints,  Worst Slack        1.428ns,  Total Violation        0.000ns
---------------------------------------------------------------------------------------------------


Pulse Width Checks
--------------------------------------------------------------------------------------
Clock Name:         sync_pulse
Waveform(ns):       { 1.094 3.594 }
Period(ns):         40.000
Sources:            { ddr3.u_axi_wrap_ddr/mig_axi/u_mig_axi_32_mig/u_ddr3_infrastructure/plle2_i/CLKOUT2 }

Check Type        Corner  Lib Pin               Reference Pin  Required(ns)  Actual(ns)  Slack(ns)  Location             Pin
Min Period        n/a     PLLE2_ADV/CLKOUT2     n/a            1.249         40.000      38.751     PLLE2_ADV_X0Y4       ddr3.u_axi_wrap_ddr/mig_axi/u_mig_axi_32_mig/u_ddr3_infrastructure/plle2_i/CLKOUT2
Max Period        n/a     PLLE2_ADV/CLKOUT2     n/a            160.000       40.000      120.000    PLLE2_ADV_X0Y4       ddr3.u_axi_wrap_ddr/mig_axi/u_mig_axi_32_mig/u_ddr3_infrastructure/plle2_i/CLKOUT2
High Pulse Width  Slow    PHASER_IN_PHY/SYNCIN  n/a            1.072         2.500       1.428      PHASER_IN_PHY_X0Y16  ddr3.u_axi_wrap_ddr/mig_axi/u_mig_axi_32_mig/u_memc_ui_top_axi/mem_intfc0/ddr_phy_top0/u_ddr_mc_phy_wrapper/u_ddr_mc_phy/ddr_phy_4lanes_0.u_ddr_phy_4lanes/ddr_byte_lane_A.ddr_byte_lane_A/phaser_in_gen.phaser_in/SYNCIN



---------------------------------------------------------------------------------------------------
From Clock:  sys_clk
  To Clock:  sys_clk

Setup :            0  Failing Endpoints,  Worst Slack        2.318ns,  Total Violation        0.000ns
Hold  :            0  Failing Endpoints,  Worst Slack        0.052ns,  Total Violation        0.000ns
PW    :            0  Failing Endpoints,  Worst Slack        3.870ns,  Total Violation        0.000ns
---------------------------------------------------------------------------------------------------


Max Delay Paths
--------------------------------------------------------------------------------------
Slack (MET) :             2.318ns  (required time - arrival time)
  Source:                 fpga_pll.u_rst_sys/delay_reg[1]/C
                            (rising edge-triggered cell FDCE clocked by sys_clk  {rise@0.000ns fall@5.000ns period=10.000ns})
  Destination:            APB_DEV/AA_axi2apb_bridge_cpu/axi_s_w_id_reg[0]/R
                            (rising edge-triggered cell FDRE clocked by sys_clk  {rise@0.000ns fall@5.000ns period=10.000ns})
  Path Group:             sys_clk
  Path Type:              Setup (Max at Slow Process Corner)
  Requirement:            10.000ns  (sys_clk rise@10.000ns - sys_clk rise@0.000ns)
  Data Path Delay:        6.834ns  (logic 0.505ns (7.390%)  route 6.329ns (92.610%))
  Logic Levels:           1  (LUT1=1)
  Clock Path Skew:        -0.262ns (DCD - SCD + CPR)
    Destination Clock Delay (DCD):    5.272ns = ( 15.272 - 10.000 ) 
    Source Clock Delay      (SCD):    5.742ns
    Clock Pessimism Removal (CPR):    0.208ns
  Clock Uncertainty:      0.057ns  ((TSJ^2 + DJ^2)^1/2) / 2 + PE
    Total System Jitter     (TSJ):    0.071ns
    Discrete Jitter          (DJ):    0.089ns
    Phase Error              (PE):    0.000ns

    Location             Delay type                Incr(ns)  Path(ns)    Netlist Resource(s)
  -------------------------------------------------------------------    -------------------
                         (clock sys_clk rise edge)    0.000     0.000 r  
    AC19                                              0.000     0.000 r  clk (IN)
                         net (fo=0)                   0.000     0.000    clk
    AC19                 IBUF (Prop_ibuf_I_O)         1.416     1.416 r  clk_IBUF_inst/O
                         net (fo=1, routed)           2.602     4.018    clk_IBUF
    BUFGCTRL_X0Y0        BUFG (Prop_bufg_I_O)         0.081     4.099 r  clk_IBUF_BUFG_inst/O
                         net (fo=2166, routed)        1.536     5.635    fpga_pll.u_clk_pll/inst/clk_in1
    PLLE2_ADV_X0Y2       PLLE2_ADV (Prop_plle2_adv_CLKIN1_CLKOUT1)
                                                     -3.173     2.461 r  fpga_pll.u_clk_pll/inst/plle2_adv_inst/CLKOUT1
                         net (fo=1, routed)           1.557     4.018    fpga_pll.u_clk_pll/inst/sys_clk_clk_pll
    BUFGCTRL_X0Y3        BUFG (Prop_bufg_I_O)         0.081     4.099 r  fpga_pll.u_clk_pll/inst/clkout2_buf/O
                         net (fo=3291, routed)        1.643     5.742    fpga_pll.u_rst_sys/sys_clk
    SLICE_X29Y216        FDCE                                         r  fpga_pll.u_rst_sys/delay_reg[1]/C
  -------------------------------------------------------------------    -------------------
    SLICE_X29Y216        FDCE (Prop_fdce_C_Q)         0.379     6.121 f  fpga_pll.u_rst_sys/delay_reg[1]/Q
                         net (fo=58, routed)          2.397     8.518    fpga_pll.u_rst_sys/Q[0]
    SLICE_X46Y210        LUT1 (Prop_lut1_I0_O)        0.126     8.644 r  fpga_pll.u_rst_sys/pushCC_pushPtr[2]_i_3__1/O
                         net (fo=378, routed)         3.931    12.576    APB_DEV/AA_axi2apb_bridge_cpu/prst
    SLICE_X23Y197        FDRE                                         r  APB_DEV/AA_axi2apb_bridge_cpu/axi_s_w_id_reg[0]/R
  -------------------------------------------------------------------    -------------------

                         (clock sys_clk rise edge)   10.000    10.000 r  
    AC19                                              0.000    10.000 r  clk (IN)
                         net (fo=0)                   0.000    10.000    clk
    AC19                 IBUF (Prop_ibuf_I_O)         1.350    11.350 r  clk_IBUF_inst/O
                         net (fo=1, routed)           2.471    13.821    clk_IBUF
    BUFGCTRL_X0Y0        BUFG (Prop_bufg_I_O)         0.077    13.898 r  clk_IBUF_BUFG_inst/O
                         net (fo=2166, routed)        1.434    15.331    fpga_pll.u_clk_pll/inst/clk_in1
    PLLE2_ADV_X0Y2       PLLE2_ADV (Prop_plle2_adv_CLKIN1_CLKOUT1)
                                                     -2.995    12.336 r  fpga_pll.u_clk_pll/inst/plle2_adv_inst/CLKOUT1
                         net (fo=1, routed)           1.484    13.821    fpga_pll.u_clk_pll/inst/sys_clk_clk_pll
    BUFGCTRL_X0Y3        BUFG (Prop_bufg_I_O)         0.077    13.898 r  fpga_pll.u_clk_pll/inst/clkout2_buf/O
                         net (fo=3291, routed)        1.374    15.272    APB_DEV/AA_axi2apb_bridge_cpu/sys_clk
    SLICE_X23Y197        FDRE                                         r  APB_DEV/AA_axi2apb_bridge_cpu/axi_s_w_id_reg[0]/C
                         clock pessimism              0.208    15.480    
                         clock uncertainty           -0.057    15.423    
    SLICE_X23Y197        FDRE (Setup_fdre_C_R)       -0.530    14.893    APB_DEV/AA_axi2apb_bridge_cpu/axi_s_w_id_reg[0]
  -------------------------------------------------------------------
                         required time                         14.893    
                         arrival time                         -12.576    
  -------------------------------------------------------------------
                         slack                                  2.318    





Min Delay Paths
--------------------------------------------------------------------------------------
Slack (MET) :             0.052ns  (arrival time - required time)
  Source:                 u_jtag_axi_wrap/u_jtag_axi/inst/axi_bridge_u/read_axi_full_u/rx_fifo_data_o_reg[23]/C
                            (rising edge-triggered cell FDRE clocked by sys_clk  {rise@0.000ns fall@5.000ns period=10.000ns})
  Destination:            u_jtag_axi_wrap/u_jtag_axi/inst/jtag_axi_engine_u/rx_fifo_i/inst_fifo_gen/gconvfifo.rf/grf.rf/gntv_or_sync_fifo.mem/gbm.gbmg.gbmga.ngecc.bmg/inst_blk_mem_gen/gnbram.gnativebmg.native_blk_mem_gen/valid.cstr/ramloop[0].ram.r/prim_noinit.ram/DEVICE_7SERIES.NO_BMM_INFO.SDP.WIDE_PRIM18.ram/DIBDI[7]
                            (rising edge-triggered cell RAMB18E1 clocked by sys_clk  {rise@0.000ns fall@5.000ns period=10.000ns})
  Path Group:             sys_clk
  Path Type:              Hold (Min at Fast Process Corner)
  Requirement:            0.000ns  (sys_clk rise@0.000ns - sys_clk rise@0.000ns)
  Data Path Delay:        0.419ns  (logic 0.141ns (33.672%)  route 0.278ns (66.328%))
  Logic Levels:           0  
  Clock Path Skew:        0.071ns (DCD - SCD - CPR)
    Destination Clock Delay (DCD):    2.514ns
    Source Clock Delay      (SCD):    1.932ns
    Clock Pessimism Removal (CPR):    0.511ns

    Location             Delay type                Incr(ns)  Path(ns)    Netlist Resource(s)
  -------------------------------------------------------------------    -------------------
                         (clock sys_clk rise edge)    0.000     0.000 r  
    AC19                                              0.000     0.000 r  clk (IN)
                         net (fo=0)                   0.000     0.000    clk
    AC19                 IBUF (Prop_ibuf_I_O)         0.253     0.253 r  clk_IBUF_inst/O
                         net (fo=1, routed)           1.074     1.327    clk_IBUF
    BUFGCTRL_X0Y0        BUFG (Prop_bufg_I_O)         0.026     1.353 r  clk_IBUF_BUFG_inst/O
                         net (fo=2166, routed)        0.615     1.967    fpga_pll.u_clk_pll/inst/clk_in1
    PLLE2_ADV_X0Y2       PLLE2_ADV (Prop_plle2_adv_CLKIN1_CLKOUT1)
                                                     -1.200     0.767 r  fpga_pll.u_clk_pll/inst/plle2_adv_inst/CLKOUT1
                         net (fo=1, routed)           0.560     1.327    fpga_pll.u_clk_pll/inst/sys_clk_clk_pll
    BUFGCTRL_X0Y3        BUFG (Prop_bufg_I_O)         0.026     1.353 r  fpga_pll.u_clk_pll/inst/clkout2_buf/O
                         net (fo=3291, routed)        0.580     1.932    u_jtag_axi_wrap/u_jtag_axi/inst/axi_bridge_u/read_axi_full_u/axi_arvalid_reg_0
    SLICE_X45Y186        FDRE                                         r  u_jtag_axi_wrap/u_jtag_axi/inst/axi_bridge_u/read_axi_full_u/rx_fifo_data_o_reg[23]/C
  -------------------------------------------------------------------    -------------------
    SLICE_X45Y186        FDRE (Prop_fdre_C_Q)         0.141     2.073 r  u_jtag_axi_wrap/u_jtag_axi/inst/axi_bridge_u/read_axi_full_u/rx_fifo_data_o_reg[23]/Q
                         net (fo=1, routed)           0.278     2.351    u_jtag_axi_wrap/u_jtag_axi/inst/jtag_axi_engine_u/rx_fifo_i/inst_fifo_gen/gconvfifo.rf/grf.rf/gntv_or_sync_fifo.mem/gbm.gbmg.gbmga.ngecc.bmg/inst_blk_mem_gen/gnbram.gnativebmg.native_blk_mem_gen/valid.cstr/ramloop[0].ram.r/prim_noinit.ram/DEVICE_7SERIES.NO_BMM_INFO.SDP.WIDE_PRIM18.ram_1[23]
    RAMB18_X2Y72         RAMB18E1                                     r  u_jtag_axi_wrap/u_jtag_axi/inst/jtag_axi_engine_u/rx_fifo_i/inst_fifo_gen/gconvfifo.rf/grf.rf/gntv_or_sync_fifo.mem/gbm.gbmg.gbmga.ngecc.bmg/inst_blk_mem_gen/gnbram.gnativebmg.native_blk_mem_gen/valid.cstr/ramloop[0].ram.r/prim_noinit.ram/DEVICE_7SERIES.NO_BMM_INFO.SDP.WIDE_PRIM18.ram/DIBDI[7]
  -------------------------------------------------------------------    -------------------

                         (clock sys_clk rise edge)    0.000     0.000 r  
    AC19                                              0.000     0.000 r  clk (IN)
                         net (fo=0)                   0.000     0.000    clk
    AC19                 IBUF (Prop_ibuf_I_O)         0.441     0.441 r  clk_IBUF_inst/O
                         net (fo=1, routed)           1.160     1.601    clk_IBUF
    BUFGCTRL_X0Y0        BUFG (Prop_bufg_I_O)         0.029     1.630 r  clk_IBUF_BUFG_inst/O
                         net (fo=2166, routed)        0.884     2.513    fpga_pll.u_clk_pll/inst/clk_in1
    PLLE2_ADV_X0Y2       PLLE2_ADV (Prop_plle2_adv_CLKIN1_CLKOUT1)
                                                     -1.523     0.990 r  fpga_pll.u_clk_pll/inst/plle2_adv_inst/CLKOUT1
                         net (fo=1, routed)           0.611     1.601    fpga_pll.u_clk_pll/inst/sys_clk_clk_pll
    BUFGCTRL_X0Y3        BUFG (Prop_bufg_I_O)         0.029     1.630 r  fpga_pll.u_clk_pll/inst/clkout2_buf/O
                         net (fo=3291, routed)        0.884     2.514    u_jtag_axi_wrap/u_jtag_axi/inst/jtag_axi_engine_u/rx_fifo_i/inst_fifo_gen/gconvfifo.rf/grf.rf/gntv_or_sync_fifo.mem/gbm.gbmg.gbmga.ngecc.bmg/inst_blk_mem_gen/gnbram.gnativebmg.native_blk_mem_gen/valid.cstr/ramloop[0].ram.r/prim_noinit.ram/DEVICE_7SERIES.NO_BMM_INFO.SDP.WIDE_PRIM18.ram_0
    RAMB18_X2Y72         RAMB18E1                                     r  u_jtag_axi_wrap/u_jtag_axi/inst/jtag_axi_engine_u/rx_fifo_i/inst_fifo_gen/gconvfifo.rf/grf.rf/gntv_or_sync_fifo.mem/gbm.gbmg.gbmga.ngecc.bmg/inst_blk_mem_gen/gnbram.gnativebmg.native_blk_mem_gen/valid.cstr/ramloop[0].ram.r/prim_noinit.ram/DEVICE_7SERIES.NO_BMM_INFO.SDP.WIDE_PRIM18.ram/CLKBWRCLK
                         clock pessimism             -0.511     2.003    
    RAMB18_X2Y72         RAMB18E1 (Hold_ramb18e1_CLKBWRCLK_DIBDI[7])
                                                      0.296     2.299    u_jtag_axi_wrap/u_jtag_axi/inst/jtag_axi_engine_u/rx_fifo_i/inst_fifo_gen/gconvfifo.rf/grf.rf/gntv_or_sync_fifo.mem/gbm.gbmg.gbmga.ngecc.bmg/inst_blk_mem_gen/gnbram.gnativebmg.native_blk_mem_gen/valid.cstr/ramloop[0].ram.r/prim_noinit.ram/DEVICE_7SERIES.NO_BMM_INFO.SDP.WIDE_PRIM18.ram
  -------------------------------------------------------------------
                         required time                         -2.299    
                         arrival time                           2.351    
  -------------------------------------------------------------------
                         slack                                  0.052    





Pulse Width Checks
--------------------------------------------------------------------------------------
Clock Name:         sys_clk
Waveform(ns):       { 0.000 5.000 }
Period(ns):         10.000
Sources:            { fpga_pll.u_clk_pll/inst/plle2_adv_inst/CLKOUT1 }

Check Type        Corner  Lib Pin             Reference Pin  Required(ns)  Actual(ns)  Slack(ns)  Location        Pin
Min Period        n/a     RAMB36E1/CLKARDCLK  n/a            2.170         10.000      7.830      RAMB36_X3Y38    u_jtag_axi_wrap/u_jtag_axi/inst/jtag_axi_engine_u/rd_cmd_fifo_i/inst_fifo_gen/gconvfifo.rf/grf.rf/gntv_or_sync_fifo.mem/gbm.gbmg.gbmga.ngecc.bmg/inst_blk_mem_gen/gnbram.gnativebmg.native_blk_mem_gen/valid.cstr/ramloop[0].ram.r/prim_noinit.ram/DEVICE_7SERIES.NO_BMM_INFO.SDP.WIDE_PRIM36_NO_ECC.ram/CLKARDCLK
Max Period        n/a     PLLE2_ADV/CLKOUT1   n/a            160.000       10.000      150.000    PLLE2_ADV_X0Y2  fpga_pll.u_clk_pll/inst/plle2_adv_inst/CLKOUT1
Low Pulse Width   Slow    RAMD32/CLK          n/a            1.130         5.000       3.870      SLICE_X22Y213   APB_DEV/uart0/regs/receiver/fifo_rx/rfifo/ram_reg_0_15_0_5/RAMA/CLK
High Pulse Width  Slow    RAMD32/CLK          n/a            1.130         5.000       3.870      SLICE_X22Y213   APB_DEV/uart0/regs/receiver/fifo_rx/rfifo/ram_reg_0_15_0_5/RAMA/CLK



---------------------------------------------------------------------------------------------------
From Clock:  dbg_hub/inst/BSCANID.u_xsdbm_id/SWITCH_N_EXT_BSCAN.bscan_inst/SERIES7_BSCAN.bscan_inst/TCK
  To Clock:  dbg_hub/inst/BSCANID.u_xsdbm_id/SWITCH_N_EXT_BSCAN.bscan_inst/SERIES7_BSCAN.bscan_inst/TCK

Setup :            0  Failing Endpoints,  Worst Slack       26.690ns,  Total Violation        0.000ns
Hold  :            0  Failing Endpoints,  Worst Slack        0.093ns,  Total Violation        0.000ns
PW    :            0  Failing Endpoints,  Worst Slack       15.370ns,  Total Violation        0.000ns
---------------------------------------------------------------------------------------------------


Max Delay Paths
--------------------------------------------------------------------------------------
Slack (MET) :             26.690ns  (required time - arrival time)
  Source:                 dbg_hub/inst/BSCANID.u_xsdbm_id/SWITCH_N_EXT_BSCAN.bscan_switch/portno_reg[5]/C
                            (rising edge-triggered cell FDRE clocked by dbg_hub/inst/BSCANID.u_xsdbm_id/SWITCH_N_EXT_BSCAN.bscan_inst/SERIES7_BSCAN.bscan_inst/TCK  {rise@0.000ns fall@16.500ns period=33.000ns})
  Destination:            dbg_hub/inst/BSCANID.u_xsdbm_id/CORE_XSDB.U_ICON/U_STAT/iSTAT_CNT_reg[0]/R
                            (rising edge-triggered cell FDRE clocked by dbg_hub/inst/BSCANID.u_xsdbm_id/SWITCH_N_EXT_BSCAN.bscan_inst/SERIES7_BSCAN.bscan_inst/TCK  {rise@0.000ns fall@16.500ns period=33.000ns})
  Path Group:             dbg_hub/inst/BSCANID.u_xsdbm_id/SWITCH_N_EXT_BSCAN.bscan_inst/SERIES7_BSCAN.bscan_inst/TCK
  Path Type:              Setup (Max at Slow Process Corner)
  Requirement:            33.000ns  (dbg_hub/inst/BSCANID.u_xsdbm_id/SWITCH_N_EXT_BSCAN.bscan_inst/SERIES7_BSCAN.bscan_inst/TCK rise@33.000ns - dbg_hub/inst/BSCANID.u_xsdbm_id/SWITCH_N_EXT_BSCAN.bscan_inst/SERIES7_BSCAN.bscan_inst/TCK rise@0.000ns)
  Data Path Delay:        5.921ns  (logic 0.903ns (15.250%)  route 5.018ns (84.750%))
  Logic Levels:           4  (LUT4=1 LUT5=2 LUT6=1)
  Clock Path Skew:        -0.001ns (DCD - SCD + CPR)
    Destination Clock Delay (DCD):    3.953ns = ( 36.953 - 33.000 ) 
    Source Clock Delay      (SCD):    4.324ns
    Clock Pessimism Removal (CPR):    0.370ns
  Clock Uncertainty:      0.035ns  ((TSJ^2 + TIJ^2)^1/2 + DJ) / 2 + PE
    Total System Jitter     (TSJ):    0.071ns
    Total Input Jitter      (TIJ):    0.000ns
    Discrete Jitter          (DJ):    0.000ns
    Phase Error              (PE):    0.000ns

    Location             Delay type                Incr(ns)  Path(ns)    Netlist Resource(s)
  -------------------------------------------------------------------    -------------------
                         (clock dbg_hub/inst/BSCANID.u_xsdbm_id/SWITCH_N_EXT_BSCAN.bscan_inst/SERIES7_BSCAN.bscan_inst/TCK rise edge)
                                                      0.000     0.000 r  
    BSCAN_X0Y0           BSCANE2                      0.000     0.000 r  dbg_hub/inst/BSCANID.u_xsdbm_id/SWITCH_N_EXT_BSCAN.bscan_inst/SERIES7_BSCAN.bscan_inst/TCK
                         net (fo=1, routed)           2.705     2.705    dbg_hub/inst/BSCANID.u_xsdbm_id/tck_bs
    BUFGCTRL_X0Y4        BUFG (Prop_bufg_I_O)         0.081     2.786 r  dbg_hub/inst/BSCANID.u_xsdbm_id/SWITCH_N_EXT_BSCAN.u_bufg_icon_tck/O
                         net (fo=486, routed)         1.538     4.324    dbg_hub/inst/BSCANID.u_xsdbm_id/SWITCH_N_EXT_BSCAN.bscan_switch/s_bscan_tck
    SLICE_X5Y178         FDRE                                         r  dbg_hub/inst/BSCANID.u_xsdbm_id/SWITCH_N_EXT_BSCAN.bscan_switch/portno_reg[5]/C
  -------------------------------------------------------------------    -------------------
    SLICE_X5Y178         FDRE (Prop_fdre_C_Q)         0.348     4.672 r  dbg_hub/inst/BSCANID.u_xsdbm_id/SWITCH_N_EXT_BSCAN.bscan_switch/portno_reg[5]/Q
                         net (fo=1, routed)           0.554     5.227    dbg_hub/inst/BSCANID.u_xsdbm_id/SWITCH_N_EXT_BSCAN.bscan_switch/portno[5]
    SLICE_X5Y178         LUT6 (Prop_lut6_I5_O)        0.240     5.467 r  dbg_hub/inst/BSCANID.u_xsdbm_id/SWITCH_N_EXT_BSCAN.bscan_switch/m_bscan_drck[0]_INST_0_i_1/O
                         net (fo=5, routed)           0.500     5.967    dbg_hub/inst/BSCANID.u_xsdbm_id/SWITCH_N_EXT_BSCAN.bscan_switch/m_bscan_drck[0]_INST_0_i_1_n_0
    SLICE_X6Y178         LUT5 (Prop_lut5_I3_O)        0.105     6.072 f  dbg_hub/inst/BSCANID.u_xsdbm_id/SWITCH_N_EXT_BSCAN.bscan_switch/m_bscan_shift[0]_INST_0/O
                         net (fo=4, routed)           3.035     9.107    dbg_hub/inst/BSCANID.u_xsdbm_id/CORE_XSDB.U_ICON/U_CMD/icn_cmd_en_reg[7]
    SLICE_X30Y238        LUT4 (Prop_lut4_I1_O)        0.105     9.212 f  dbg_hub/inst/BSCANID.u_xsdbm_id/CORE_XSDB.U_ICON/U_CMD/iSTAT_CNT[5]_i_4/O
                         net (fo=1, routed)           0.506     9.718    dbg_hub/inst/BSCANID.u_xsdbm_id/CORE_XSDB.U_ICON/U_CMD/iSTAT_CNT[5]_i_4_n_0
    SLICE_X31Y239        LUT5 (Prop_lut5_I4_O)        0.105     9.823 r  dbg_hub/inst/BSCANID.u_xsdbm_id/CORE_XSDB.U_ICON/U_CMD/iSTAT_CNT[5]_i_1/O
                         net (fo=6, routed)           0.423    10.246    dbg_hub/inst/BSCANID.u_xsdbm_id/CORE_XSDB.U_ICON/U_STAT/SR[0]
    SLICE_X32Y239        FDRE                                         r  dbg_hub/inst/BSCANID.u_xsdbm_id/CORE_XSDB.U_ICON/U_STAT/iSTAT_CNT_reg[0]/R
  -------------------------------------------------------------------    -------------------

                         (clock dbg_hub/inst/BSCANID.u_xsdbm_id/SWITCH_N_EXT_BSCAN.bscan_inst/SERIES7_BSCAN.bscan_inst/TCK rise edge)
                                                     33.000    33.000 r  
    BSCAN_X0Y0           BSCANE2                      0.000    33.000 r  dbg_hub/inst/BSCANID.u_xsdbm_id/SWITCH_N_EXT_BSCAN.bscan_inst/SERIES7_BSCAN.bscan_inst/TCK
                         net (fo=1, routed)           2.346    35.346    dbg_hub/inst/BSCANID.u_xsdbm_id/tck_bs
    BUFGCTRL_X0Y4        BUFG (Prop_bufg_I_O)         0.077    35.423 r  dbg_hub/inst/BSCANID.u_xsdbm_id/SWITCH_N_EXT_BSCAN.u_bufg_icon_tck/O
                         net (fo=486, routed)         1.530    36.953    dbg_hub/inst/BSCANID.u_xsdbm_id/CORE_XSDB.U_ICON/U_STAT/m_bscan_tck[0]
    SLICE_X32Y239        FDRE                                         r  dbg_hub/inst/BSCANID.u_xsdbm_id/CORE_XSDB.U_ICON/U_STAT/iSTAT_CNT_reg[0]/C
                         clock pessimism              0.370    37.323    
                         clock uncertainty           -0.035    37.288    
    SLICE_X32Y239        FDRE (Setup_fdre_C_R)       -0.352    36.936    dbg_hub/inst/BSCANID.u_xsdbm_id/CORE_XSDB.U_ICON/U_STAT/iSTAT_CNT_reg[0]
  -------------------------------------------------------------------
                         required time                         36.936    
                         arrival time                         -10.246    
  -------------------------------------------------------------------
                         slack                                 26.690    





Min Delay Paths
--------------------------------------------------------------------------------------
Slack (MET) :             0.093ns  (arrival time - required time)
  Source:                 dbg_hub/inst/BSCANID.u_xsdbm_id/CORE_XSDB.UUT_MASTER/U_ICON_INTERFACE/U_CMD6_WR/shift_reg_in_reg[9]/C
                            (rising edge-triggered cell FDCE clocked by dbg_hub/inst/BSCANID.u_xsdbm_id/SWITCH_N_EXT_BSCAN.bscan_inst/SERIES7_BSCAN.bscan_inst/TCK  {rise@0.000ns fall@16.500ns period=33.000ns})
  Destination:            dbg_hub/inst/BSCANID.u_xsdbm_id/CORE_XSDB.UUT_MASTER/U_ICON_INTERFACE/U_CMD6_WR/U_WR_FIFO/SUBCORE_FIFO.xsdbm_v3_0_0_wrfifo_inst/inst_fifo_gen/gconvfifo.rf/grf.rf/gntv_or_sync_fifo.mem/gdm.dm_gen.dm/RAM_reg_0_15_6_11/RAMB/I
                            (rising edge-triggered cell RAMD32 clocked by dbg_hub/inst/BSCANID.u_xsdbm_id/SWITCH_N_EXT_BSCAN.bscan_inst/SERIES7_BSCAN.bscan_inst/TCK  {rise@0.000ns fall@16.500ns period=33.000ns})
  Path Group:             dbg_hub/inst/BSCANID.u_xsdbm_id/SWITCH_N_EXT_BSCAN.bscan_inst/SERIES7_BSCAN.bscan_inst/TCK
  Path Type:              Hold (Min at Fast Process Corner)
  Requirement:            0.000ns  (dbg_hub/inst/BSCANID.u_xsdbm_id/SWITCH_N_EXT_BSCAN.bscan_inst/SERIES7_BSCAN.bscan_inst/TCK rise@0.000ns - dbg_hub/inst/BSCANID.u_xsdbm_id/SWITCH_N_EXT_BSCAN.bscan_inst/SERIES7_BSCAN.bscan_inst/TCK rise@0.000ns)
  Data Path Delay:        0.199ns  (logic 0.128ns (64.466%)  route 0.071ns (35.534%))
  Logic Levels:           0  
  Clock Path Skew:        0.013ns (DCD - SCD - CPR)
    Destination Clock Delay (DCD):    2.648ns
    Source Clock Delay      (SCD):    2.178ns
    Clock Pessimism Removal (CPR):    0.457ns

    Location             Delay type                Incr(ns)  Path(ns)    Netlist Resource(s)
  -------------------------------------------------------------------    -------------------
                         (clock dbg_hub/inst/BSCANID.u_xsdbm_id/SWITCH_N_EXT_BSCAN.bscan_inst/SERIES7_BSCAN.bscan_inst/TCK rise edge)
                                                      0.000     0.000 r  
    BSCAN_X0Y0           BSCANE2                      0.000     0.000 r  dbg_hub/inst/BSCANID.u_xsdbm_id/SWITCH_N_EXT_BSCAN.bscan_inst/SERIES7_BSCAN.bscan_inst/TCK
                         net (fo=1, routed)           1.454     1.454    dbg_hub/inst/BSCANID.u_xsdbm_id/tck_bs
    BUFGCTRL_X0Y4        BUFG (Prop_bufg_I_O)         0.026     1.480 r  dbg_hub/inst/BSCANID.u_xsdbm_id/SWITCH_N_EXT_BSCAN.u_bufg_icon_tck/O
                         net (fo=486, routed)         0.698     2.178    dbg_hub/inst/BSCANID.u_xsdbm_id/CORE_XSDB.UUT_MASTER/U_ICON_INTERFACE/U_CMD6_WR/m_bscan_tck[0]
    SLICE_X37Y233        FDCE                                         r  dbg_hub/inst/BSCANID.u_xsdbm_id/CORE_XSDB.UUT_MASTER/U_ICON_INTERFACE/U_CMD6_WR/shift_reg_in_reg[9]/C
  -------------------------------------------------------------------    -------------------
    SLICE_X37Y233        FDCE (Prop_fdce_C_Q)         0.128     2.306 r  dbg_hub/inst/BSCANID.u_xsdbm_id/CORE_XSDB.UUT_MASTER/U_ICON_INTERFACE/U_CMD6_WR/shift_reg_in_reg[9]/Q
                         net (fo=2, routed)           0.071     2.377    dbg_hub/inst/BSCANID.u_xsdbm_id/CORE_XSDB.UUT_MASTER/U_ICON_INTERFACE/U_CMD6_WR/U_WR_FIFO/SUBCORE_FIFO.xsdbm_v3_0_0_wrfifo_inst/inst_fifo_gen/gconvfifo.rf/grf.rf/gntv_or_sync_fifo.mem/gdm.dm_gen.dm/RAM_reg_0_15_6_11/DIB0
    SLICE_X36Y233        RAMD32                                       r  dbg_hub/inst/BSCANID.u_xsdbm_id/CORE_XSDB.UUT_MASTER/U_ICON_INTERFACE/U_CMD6_WR/U_WR_FIFO/SUBCORE_FIFO.xsdbm_v3_0_0_wrfifo_inst/inst_fifo_gen/gconvfifo.rf/grf.rf/gntv_or_sync_fifo.mem/gdm.dm_gen.dm/RAM_reg_0_15_6_11/RAMB/I
  -------------------------------------------------------------------    -------------------

                         (clock dbg_hub/inst/BSCANID.u_xsdbm_id/SWITCH_N_EXT_BSCAN.bscan_inst/SERIES7_BSCAN.bscan_inst/TCK rise edge)
                                                      0.000     0.000 r  
    BSCAN_X0Y0           BSCANE2                      0.000     0.000 r  dbg_hub/inst/BSCANID.u_xsdbm_id/SWITCH_N_EXT_BSCAN.bscan_inst/SERIES7_BSCAN.bscan_inst/TCK
                         net (fo=1, routed)           1.647     1.647    dbg_hub/inst/BSCANID.u_xsdbm_id/tck_bs
    BUFGCTRL_X0Y4        BUFG (Prop_bufg_I_O)         0.029     1.676 r  dbg_hub/inst/BSCANID.u_xsdbm_id/SWITCH_N_EXT_BSCAN.u_bufg_icon_tck/O
                         net (fo=486, routed)         0.972     2.648    dbg_hub/inst/BSCANID.u_xsdbm_id/CORE_XSDB.UUT_MASTER/U_ICON_INTERFACE/U_CMD6_WR/U_WR_FIFO/SUBCORE_FIFO.xsdbm_v3_0_0_wrfifo_inst/inst_fifo_gen/gconvfifo.rf/grf.rf/gntv_or_sync_fifo.mem/gdm.dm_gen.dm/RAM_reg_0_15_6_11/WCLK
    SLICE_X36Y233        RAMD32                                       r  dbg_hub/inst/BSCANID.u_xsdbm_id/CORE_XSDB.UUT_MASTER/U_ICON_INTERFACE/U_CMD6_WR/U_WR_FIFO/SUBCORE_FIFO.xsdbm_v3_0_0_wrfifo_inst/inst_fifo_gen/gconvfifo.rf/grf.rf/gntv_or_sync_fifo.mem/gdm.dm_gen.dm/RAM_reg_0_15_6_11/RAMB/CLK
                         clock pessimism             -0.457     2.191    
    SLICE_X36Y233        RAMD32 (Hold_ramd32_CLK_I)
                                                      0.093     2.284    dbg_hub/inst/BSCANID.u_xsdbm_id/CORE_XSDB.UUT_MASTER/U_ICON_INTERFACE/U_CMD6_WR/U_WR_FIFO/SUBCORE_FIFO.xsdbm_v3_0_0_wrfifo_inst/inst_fifo_gen/gconvfifo.rf/grf.rf/gntv_or_sync_fifo.mem/gdm.dm_gen.dm/RAM_reg_0_15_6_11/RAMB
  -------------------------------------------------------------------
                         required time                         -2.284    
                         arrival time                           2.377    
  -------------------------------------------------------------------
                         slack                                  0.093    





Pulse Width Checks
--------------------------------------------------------------------------------------
Clock Name:         dbg_hub/inst/BSCANID.u_xsdbm_id/SWITCH_N_EXT_BSCAN.bscan_inst/SERIES7_BSCAN.bscan_inst/TCK
Waveform(ns):       { 0.000 16.500 }
Period(ns):         33.000
Sources:            { dbg_hub/inst/BSCANID.u_xsdbm_id/SWITCH_N_EXT_BSCAN.bscan_inst/SERIES7_BSCAN.bscan_inst/TCK }

Check Type        Corner  Lib Pin     Reference Pin  Required(ns)  Actual(ns)  Slack(ns)  Location       Pin
Min Period        n/a     BUFG/I      n/a            1.592         33.000      31.408     BUFGCTRL_X0Y4  dbg_hub/inst/BSCANID.u_xsdbm_id/SWITCH_N_EXT_BSCAN.u_bufg_icon_tck/I
Low Pulse Width   Slow    RAMD32/CLK  n/a            1.130         16.500      15.370     SLICE_X36Y234  dbg_hub/inst/BSCANID.u_xsdbm_id/CORE_XSDB.UUT_MASTER/U_ICON_INTERFACE/U_CMD6_WR/U_WR_FIFO/SUBCORE_FIFO.xsdbm_v3_0_0_wrfifo_inst/inst_fifo_gen/gconvfifo.rf/grf.rf/gntv_or_sync_fifo.mem/gdm.dm_gen.dm/RAM_reg_0_15_0_5/RAMA/CLK
High Pulse Width  Slow    RAMD32/CLK  n/a            1.130         16.500      15.370     SLICE_X36Y234  dbg_hub/inst/BSCANID.u_xsdbm_id/CORE_XSDB.UUT_MASTER/U_ICON_INTERFACE/U_CMD6_WR/U_WR_FIFO/SUBCORE_FIFO.xsdbm_v3_0_0_wrfifo_inst/inst_fifo_gen/gconvfifo.rf/grf.rf/gntv_or_sync_fifo.mem/gdm.dm_gen.dm/RAM_reg_0_15_0_5/RAMA/CLK



---------------------------------------------------------------------------------------------------
From Clock:  dbg_hub/inst/BSCANID.u_xsdbm_id/SWITCH_N_EXT_BSCAN.bscan_inst/SERIES7_BSCAN.bscan_inst/TCK
  To Clock:  clk

Setup :            0  Failing Endpoints,  Worst Slack       31.949ns,  Total Violation        0.000ns
Hold  :           NA  Failing Endpoints,  Worst Slack           NA  ,  Total Violation           NA
---------------------------------------------------------------------------------------------------


Max Delay Paths
--------------------------------------------------------------------------------------
Slack (MET) :             31.949ns  (required time - arrival time)
  Source:                 dbg_hub/inst/BSCANID.u_xsdbm_id/CORE_XSDB.UUT_MASTER/U_ICON_INTERFACE/U_CMD6_WR/U_WR_FIFO/SUBCORE_FIFO.xsdbm_v3_0_0_wrfifo_inst/inst_fifo_gen/gconvfifo.rf/grf.rf/gntv_or_sync_fifo.gcx.clkx/gnxpm_cdc.wr_pntr_gc_reg[3]/C
                            (rising edge-triggered cell FDCE clocked by dbg_hub/inst/BSCANID.u_xsdbm_id/SWITCH_N_EXT_BSCAN.bscan_inst/SERIES7_BSCAN.bscan_inst/TCK  {rise@0.000ns fall@16.500ns period=33.000ns})
  Destination:            dbg_hub/inst/BSCANID.u_xsdbm_id/CORE_XSDB.UUT_MASTER/U_ICON_INTERFACE/U_CMD6_WR/U_WR_FIFO/SUBCORE_FIFO.xsdbm_v3_0_0_wrfifo_inst/inst_fifo_gen/gconvfifo.rf/grf.rf/gntv_or_sync_fifo.gcx.clkx/gnxpm_cdc.gsync_stage[1].rd_stg_inst/Q_reg_reg[3]/D
                            (rising edge-triggered cell FDCE clocked by clk  {rise@0.000ns fall@5.000ns period=10.000ns})
  Path Group:             clk
  Path Type:              Setup (Max at Slow Process Corner)
  Requirement:            33.000ns  (MaxDelay Path 33.000ns)
  Data Path Delay:        0.843ns  (logic 0.348ns (41.298%)  route 0.495ns (58.702%))
  Logic Levels:           0  
  Timing Exception:       MaxDelay Path 33.000ns -datapath_only

    Location             Delay type                Incr(ns)  Path(ns)    Netlist Resource(s)
  -------------------------------------------------------------------    -------------------
    SLICE_X32Y232                                     0.000     0.000 r  dbg_hub/inst/BSCANID.u_xsdbm_id/CORE_XSDB.UUT_MASTER/U_ICON_INTERFACE/U_CMD6_WR/U_WR_FIFO/SUBCORE_FIFO.xsdbm_v3_0_0_wrfifo_inst/inst_fifo_gen/gconvfifo.rf/grf.rf/gntv_or_sync_fifo.gcx.clkx/gnxpm_cdc.wr_pntr_gc_reg[3]/C
    SLICE_X32Y232        FDCE (Prop_fdce_C_Q)         0.348     0.348 r  dbg_hub/inst/BSCANID.u_xsdbm_id/CORE_XSDB.UUT_MASTER/U_ICON_INTERFACE/U_CMD6_WR/U_WR_FIFO/SUBCORE_FIFO.xsdbm_v3_0_0_wrfifo_inst/inst_fifo_gen/gconvfifo.rf/grf.rf/gntv_or_sync_fifo.gcx.clkx/gnxpm_cdc.wr_pntr_gc_reg[3]/Q
                         net (fo=1, routed)           0.495     0.843    dbg_hub/inst/BSCANID.u_xsdbm_id/CORE_XSDB.UUT_MASTER/U_ICON_INTERFACE/U_CMD6_WR/U_WR_FIFO/SUBCORE_FIFO.xsdbm_v3_0_0_wrfifo_inst/inst_fifo_gen/gconvfifo.rf/grf.rf/gntv_or_sync_fifo.gcx.clkx/gnxpm_cdc.gsync_stage[1].rd_stg_inst/Q[3]
    SLICE_X32Y233        FDCE                                         r  dbg_hub/inst/BSCANID.u_xsdbm_id/CORE_XSDB.UUT_MASTER/U_ICON_INTERFACE/U_CMD6_WR/U_WR_FIFO/SUBCORE_FIFO.xsdbm_v3_0_0_wrfifo_inst/inst_fifo_gen/gconvfifo.rf/grf.rf/gntv_or_sync_fifo.gcx.clkx/gnxpm_cdc.gsync_stage[1].rd_stg_inst/Q_reg_reg[3]/D
  -------------------------------------------------------------------    -------------------

                         max delay                   33.000    33.000    
    SLICE_X32Y233        FDCE (Setup_fdce_C_D)       -0.208    32.792    dbg_hub/inst/BSCANID.u_xsdbm_id/CORE_XSDB.UUT_MASTER/U_ICON_INTERFACE/U_CMD6_WR/U_WR_FIFO/SUBCORE_FIFO.xsdbm_v3_0_0_wrfifo_inst/inst_fifo_gen/gconvfifo.rf/grf.rf/gntv_or_sync_fifo.gcx.clkx/gnxpm_cdc.gsync_stage[1].rd_stg_inst/Q_reg_reg[3]
  -------------------------------------------------------------------
                         required time                         32.792    
                         arrival time                          -0.843    
  -------------------------------------------------------------------
                         slack                                 31.949    





---------------------------------------------------------------------------------------------------
From Clock:  clk_pll_i
  To Clock:  ddr_clk

Setup :            0  Failing Endpoints,  Worst Slack       16.400ns,  Total Violation        0.000ns
Hold  :           NA  Failing Endpoints,  Worst Slack           NA  ,  Total Violation           NA
---------------------------------------------------------------------------------------------------


Max Delay Paths
--------------------------------------------------------------------------------------
Slack (MET) :             16.400ns  (required time - arrival time)
  Source:                 ddr3.u_axi_wrap_ddr/mig_axi/u_mig_axi_32_mig/u_ddr3_infrastructure/rstdiv0_sync_r1_reg_rep/C
                            (rising edge-triggered cell FDPE clocked by clk_pll_i  {rise@0.000ns fall@5.000ns period=10.000ns})
  Destination:            ddr3.u_axi_wrap_ddr/mig_axi/u_mig_axi_32_mig/temp_mon_enabled.u_tempmon/xadc_supplied_temperature.rst_r1_reg/D
                            (rising edge-triggered cell FDRE clocked by ddr_clk  {rise@0.000ns fall@2.500ns period=5.000ns})
  Path Group:             ddr_clk
  Path Type:              Setup (Max at Slow Process Corner)
  Requirement:            20.000ns  (MaxDelay Path 20.000ns)
  Data Path Delay:        3.525ns  (logic 0.433ns (12.284%)  route 3.092ns (87.716%))
  Logic Levels:           0  
  Timing Exception:       MaxDelay Path 20.000ns -datapath_only

    Location             Delay type                Incr(ns)  Path(ns)    Netlist Resource(s)
  -------------------------------------------------------------------    -------------------
    SLICE_X20Y246                                     0.000     0.000 r  ddr3.u_axi_wrap_ddr/mig_axi/u_mig_axi_32_mig/u_ddr3_infrastructure/rstdiv0_sync_r1_reg_rep/C
    SLICE_X20Y246        FDPE (Prop_fdpe_C_Q)         0.433     0.433 r  ddr3.u_axi_wrap_ddr/mig_axi/u_mig_axi_32_mig/u_ddr3_infrastructure/rstdiv0_sync_r1_reg_rep/Q
                         net (fo=32, routed)          3.092     3.525    ddr3.u_axi_wrap_ddr/mig_axi/u_mig_axi_32_mig/temp_mon_enabled.u_tempmon/in0
    SLICE_X11Y178        FDRE                                         r  ddr3.u_axi_wrap_ddr/mig_axi/u_mig_axi_32_mig/temp_mon_enabled.u_tempmon/xadc_supplied_temperature.rst_r1_reg/D
  -------------------------------------------------------------------    -------------------

                         max delay                   20.000    20.000    
    SLICE_X11Y178        FDRE (Setup_fdre_C_D)       -0.075    19.925    ddr3.u_axi_wrap_ddr/mig_axi/u_mig_axi_32_mig/temp_mon_enabled.u_tempmon/xadc_supplied_temperature.rst_r1_reg
  -------------------------------------------------------------------
                         required time                         19.925    
                         arrival time                          -3.525    
  -------------------------------------------------------------------
                         slack                                 16.400    





---------------------------------------------------------------------------------------------------
From Clock:  sync_pulse
  To Clock:  mem_refclk

Setup :            0  Failing Endpoints,  Worst Slack        0.978ns,  Total Violation        0.000ns
Hold  :            0  Failing Endpoints,  Worst Slack        0.673ns,  Total Violation        0.000ns
---------------------------------------------------------------------------------------------------


Max Delay Paths
--------------------------------------------------------------------------------------
Slack (MET) :             0.978ns  (required time - arrival time)
  Source:                 ddr3.u_axi_wrap_ddr/mig_axi/u_mig_axi_32_mig/u_ddr3_infrastructure/plle2_i/CLKOUT2
                            (clock source 'sync_pulse'  {rise@1.094ns fall@3.594ns period=40.000ns})
  Destination:            ddr3.u_axi_wrap_ddr/mig_axi/u_mig_axi_32_mig/u_memc_ui_top_axi/mem_intfc0/ddr_phy_top0/u_ddr_mc_phy_wrapper/u_ddr_mc_phy/ddr_phy_4lanes_0.u_ddr_phy_4lanes/phy_control_i/SYNCIN
                            (rising edge-triggered cell PHY_CONTROL clocked by mem_refclk  {rise@0.000ns fall@1.250ns period=2.500ns})
  Path Group:             mem_refclk
  Path Type:              Setup (Max at Slow Process Corner)
  Requirement:            1.406ns  (mem_refclk rise@2.500ns - sync_pulse rise@1.094ns)
  Data Path Delay:        0.528ns  (logic 0.000ns (0.000%)  route 0.528ns (100.000%))
  Logic Levels:           0  
  Clock Path Skew:        0.501ns (DCD - SCD + CPR)
    Destination Clock Delay (DCD):    6.058ns = ( 8.558 - 2.500 ) 
    Source Clock Delay      (SCD):    5.872ns = ( 6.966 - 1.094 ) 
    Clock Pessimism Removal (CPR):    0.315ns
  Clock Uncertainty:      0.219ns  ((TSJ^2 + DJ^2)^1/2) / 2 + PE
    Total System Jitter     (TSJ):    0.071ns
    Discrete Jitter          (DJ):    0.186ns
    Phase Error              (PE):    0.120ns

    Location             Delay type                Incr(ns)  Path(ns)    Netlist Resource(s)
  -------------------------------------------------------------------    -------------------
                         (clock sync_pulse rise edge)
                                                      1.094     1.094 r  
    AC19                                              0.000     1.094 r  clk (IN)
                         net (fo=0)                   0.000     1.094    clk
    AC19                 IBUF (Prop_ibuf_I_O)         1.416     2.510 r  clk_IBUF_inst/O
                         net (fo=1, routed)           2.602     5.112    clk_IBUF
    BUFGCTRL_X0Y0        BUFG (Prop_bufg_I_O)         0.081     5.193 r  clk_IBUF_BUFG_inst/O
                         net (fo=2166, routed)        1.696     6.889    ddr3.u_axi_wrap_ddr/mig_axi/u_mig_axi_32_mig/u_ddr3_infrastructure/mmcm_clk
  -------------------------------------------------------------------    -------------------
    PLLE2_ADV_X0Y4       PLLE2_ADV (Prop_plle2_adv_CLKIN1_CLKOUT2)
                                                      0.077     6.966 r  ddr3.u_axi_wrap_ddr/mig_axi/u_mig_axi_32_mig/u_ddr3_infrastructure/plle2_i/CLKOUT2
                         net (fo=7, routed)           0.528     7.494    ddr3.u_axi_wrap_ddr/mig_axi/u_mig_axi_32_mig/u_memc_ui_top_axi/mem_intfc0/ddr_phy_top0/u_ddr_mc_phy_wrapper/u_ddr_mc_phy/ddr_phy_4lanes_0.u_ddr_phy_4lanes/sync_pulse
    PHY_CONTROL_X0Y4     PHY_CONTROL                                  r  ddr3.u_axi_wrap_ddr/mig_axi/u_mig_axi_32_mig/u_memc_ui_top_axi/mem_intfc0/ddr_phy_top0/u_ddr_mc_phy_wrapper/u_ddr_mc_phy/ddr_phy_4lanes_0.u_ddr_phy_4lanes/phy_control_i/SYNCIN
  -------------------------------------------------------------------    -------------------

                         (clock mem_refclk rise edge)
                                                      2.500     2.500 r  
    AC19                                              0.000     2.500 r  clk (IN)
                         net (fo=0)                   0.000     2.500    clk
    AC19                 IBUF (Prop_ibuf_I_O)         1.350     3.850 r  clk_IBUF_inst/O
                         net (fo=1, routed)           2.471     6.321    clk_IBUF
    BUFGCTRL_X0Y0        BUFG (Prop_bufg_I_O)         0.077     6.398 r  clk_IBUF_BUFG_inst/O
                         net (fo=2166, routed)        1.586     7.984    ddr3.u_axi_wrap_ddr/mig_axi/u_mig_axi_32_mig/u_ddr3_infrastructure/mmcm_clk
    PLLE2_ADV_X0Y4       PLLE2_ADV (Prop_plle2_adv_CLKIN1_CLKOUT1)
                                                      0.073     8.057 r  ddr3.u_axi_wrap_ddr/mig_axi/u_mig_axi_32_mig/u_ddr3_infrastructure/plle2_i/CLKOUT1
                         net (fo=7, routed)           0.501     8.558    ddr3.u_axi_wrap_ddr/mig_axi/u_mig_axi_32_mig/u_memc_ui_top_axi/mem_intfc0/ddr_phy_top0/u_ddr_mc_phy_wrapper/u_ddr_mc_phy/ddr_phy_4lanes_0.u_ddr_phy_4lanes/mem_refclk
    PHY_CONTROL_X0Y4     PHY_CONTROL                                  r  ddr3.u_axi_wrap_ddr/mig_axi/u_mig_axi_32_mig/u_memc_ui_top_axi/mem_intfc0/ddr_phy_top0/u_ddr_mc_phy_wrapper/u_ddr_mc_phy/ddr_phy_4lanes_0.u_ddr_phy_4lanes/phy_control_i/MEMREFCLK
                         clock pessimism              0.315     8.873    
                         clock uncertainty           -0.219     8.654    
    PHY_CONTROL_X0Y4     PHY_CONTROL (Setup_phy_control_MEMREFCLK_SYNCIN)
                                                     -0.182     8.472    ddr3.u_axi_wrap_ddr/mig_axi/u_mig_axi_32_mig/u_memc_ui_top_axi/mem_intfc0/ddr_phy_top0/u_ddr_mc_phy_wrapper/u_ddr_mc_phy/ddr_phy_4lanes_0.u_ddr_phy_4lanes/phy_control_i
  -------------------------------------------------------------------
                         required time                          8.472    
                         arrival time                          -7.494    
  -------------------------------------------------------------------
                         slack                                  0.978    





Min Delay Paths
--------------------------------------------------------------------------------------
Slack (MET) :             0.673ns  (arrival time - required time)
  Source:                 ddr3.u_axi_wrap_ddr/mig_axi/u_mig_axi_32_mig/u_ddr3_infrastructure/plle2_i/CLKOUT2
                            (clock source 'sync_pulse'  {rise@1.094ns fall@3.594ns period=40.000ns})
  Destination:            ddr3.u_axi_wrap_ddr/mig_axi/u_mig_axi_32_mig/u_memc_ui_top_axi/mem_intfc0/ddr_phy_top0/u_ddr_mc_phy_wrapper/u_ddr_mc_phy/ddr_phy_4lanes_0.u_ddr_phy_4lanes/phy_control_i/SYNCIN
                            (rising edge-triggered cell PHY_CONTROL clocked by mem_refclk  {rise@0.000ns fall@1.250ns period=2.500ns})
  Path Group:             mem_refclk
  Path Type:              Hold (Min at Slow Process Corner)
  Requirement:            -1.094ns  (mem_refclk rise@2.500ns - sync_pulse fall@3.594ns)
  Data Path Delay:        0.501ns  (logic 0.000ns (0.000%)  route 0.501ns (100.000%))
  Logic Levels:           0  
  Clock Path Skew:        0.528ns (DCD - SCD - CPR)
    Destination Clock Delay (DCD):    6.400ns = ( 8.900 - 2.500 ) 
    Source Clock Delay      (SCD):    5.557ns = ( 9.150 - 3.594 ) 
    Clock Pessimism Removal (CPR):    0.315ns
  Clock Uncertainty:      0.219ns  ((TSJ^2 + DJ^2)^1/2) / 2 + PE
    Total System Jitter     (TSJ):    0.071ns
    Discrete Jitter          (DJ):    0.186ns
    Phase Error              (PE):    0.120ns

    Location             Delay type                Incr(ns)  Path(ns)    Netlist Resource(s)
  -------------------------------------------------------------------    -------------------
                         (clock sync_pulse fall edge)
                                                      3.594     3.594 f  
    AC19                                              0.000     3.594 f  clk (IN)
                         net (fo=0)                   0.000     3.594    clk
    AC19                 IBUF (Prop_ibuf_I_O)         1.350     4.944 f  clk_IBUF_inst/O
                         net (fo=1, routed)           2.471     7.414    clk_IBUF
    BUFGCTRL_X0Y0        BUFG (Prop_bufg_I_O)         0.077     7.491 f  clk_IBUF_BUFG_inst/O
                         net (fo=2166, routed)        1.586     9.077    ddr3.u_axi_wrap_ddr/mig_axi/u_mig_axi_32_mig/u_ddr3_infrastructure/mmcm_clk
  -------------------------------------------------------------------    -------------------
    PLLE2_ADV_X0Y4       PLLE2_ADV (Prop_plle2_adv_CLKIN1_CLKOUT2)
                                                      0.073     9.150 f  ddr3.u_axi_wrap_ddr/mig_axi/u_mig_axi_32_mig/u_ddr3_infrastructure/plle2_i/CLKOUT2
                         net (fo=7, routed)           0.501     9.651    ddr3.u_axi_wrap_ddr/mig_axi/u_mig_axi_32_mig/u_memc_ui_top_axi/mem_intfc0/ddr_phy_top0/u_ddr_mc_phy_wrapper/u_ddr_mc_phy/ddr_phy_4lanes_0.u_ddr_phy_4lanes/sync_pulse
    PHY_CONTROL_X0Y4     PHY_CONTROL                                  f  ddr3.u_axi_wrap_ddr/mig_axi/u_mig_axi_32_mig/u_memc_ui_top_axi/mem_intfc0/ddr_phy_top0/u_ddr_mc_phy_wrapper/u_ddr_mc_phy/ddr_phy_4lanes_0.u_ddr_phy_4lanes/phy_control_i/SYNCIN
  -------------------------------------------------------------------    -------------------

                         (clock mem_refclk rise edge)
                                                      2.500     2.500 r  
    AC19                                              0.000     2.500 r  clk (IN)
                         net (fo=0)                   0.000     2.500    clk
    AC19                 IBUF (Prop_ibuf_I_O)         1.416     3.916 r  clk_IBUF_inst/O
                         net (fo=1, routed)           2.602     6.518    clk_IBUF
    BUFGCTRL_X0Y0        BUFG (Prop_bufg_I_O)         0.081     6.599 r  clk_IBUF_BUFG_inst/O
                         net (fo=2166, routed)        1.696     8.295    ddr3.u_axi_wrap_ddr/mig_axi/u_mig_axi_32_mig/u_ddr3_infrastructure/mmcm_clk
    PLLE2_ADV_X0Y4       PLLE2_ADV (Prop_plle2_adv_CLKIN1_CLKOUT1)
                                                      0.077     8.372 r  ddr3.u_axi_wrap_ddr/mig_axi/u_mig_axi_32_mig/u_ddr3_infrastructure/plle2_i/CLKOUT1
                         net (fo=7, routed)           0.528     8.900    ddr3.u_axi_wrap_ddr/mig_axi/u_mig_axi_32_mig/u_memc_ui_top_axi/mem_intfc0/ddr_phy_top0/u_ddr_mc_phy_wrapper/u_ddr_mc_phy/ddr_phy_4lanes_0.u_ddr_phy_4lanes/mem_refclk
    PHY_CONTROL_X0Y4     PHY_CONTROL                                  r  ddr3.u_axi_wrap_ddr/mig_axi/u_mig_axi_32_mig/u_memc_ui_top_axi/mem_intfc0/ddr_phy_top0/u_ddr_mc_phy_wrapper/u_ddr_mc_phy/ddr_phy_4lanes_0.u_ddr_phy_4lanes/phy_control_i/MEMREFCLK
                         clock pessimism             -0.315     8.585    
                         clock uncertainty            0.219     8.804    
    PHY_CONTROL_X0Y4     PHY_CONTROL (Hold_phy_control_MEMREFCLK_SYNCIN)
                                                      0.174     8.978    ddr3.u_axi_wrap_ddr/mig_axi/u_mig_axi_32_mig/u_memc_ui_top_axi/mem_intfc0/ddr_phy_top0/u_ddr_mc_phy_wrapper/u_ddr_mc_phy/ddr_phy_4lanes_0.u_ddr_phy_4lanes/phy_control_i
  -------------------------------------------------------------------
                         required time                         -8.978    
                         arrival time                           9.651    
  -------------------------------------------------------------------
                         slack                                  0.673    





---------------------------------------------------------------------------------------------------
From Clock:  oserdes_clk
  To Clock:  oserdes_clkdiv

Setup :            0  Failing Endpoints,  Worst Slack        1.694ns,  Total Violation        0.000ns
Hold  :            0  Failing Endpoints,  Worst Slack        0.095ns,  Total Violation        0.000ns
---------------------------------------------------------------------------------------------------


Max Delay Paths
--------------------------------------------------------------------------------------
Slack (MET) :             1.694ns  (required time - arrival time)
  Source:                 ddr3.u_axi_wrap_ddr/mig_axi/u_mig_axi_32_mig/u_memc_ui_top_axi/mem_intfc0/ddr_phy_top0/u_ddr_mc_phy_wrapper/u_ddr_mc_phy/ddr_phy_4lanes_0.u_ddr_phy_4lanes/ddr_byte_lane_A.ddr_byte_lane_A/phaser_out/OCLK
                            (rising edge-triggered cell PHASER_OUT_PHY clocked by oserdes_clk  {rise@0.000ns fall@1.250ns period=2.500ns})
  Destination:            ddr3.u_axi_wrap_ddr/mig_axi/u_mig_axi_32_mig/u_memc_ui_top_axi/mem_intfc0/ddr_phy_top0/u_ddr_mc_phy_wrapper/u_ddr_mc_phy/ddr_phy_4lanes_0.u_ddr_phy_4lanes/ddr_byte_lane_A.ddr_byte_lane_A/out_fifo/RDEN
                            (rising edge-triggered cell OUT_FIFO clocked by oserdes_clkdiv  {rise@0.000ns fall@2.500ns period=5.000ns})
  Path Group:             oserdes_clkdiv
  Path Type:              Setup (Max at Slow Process Corner)
  Requirement:            2.500ns  (oserdes_clkdiv rise@5.000ns - oserdes_clk rise@2.500ns)
  Data Path Delay:        0.301ns  (logic 0.301ns (100.000%)  route 0.000ns (0.000%))
  Logic Levels:           0  
  Clock Path Skew:        0.133ns (DCD - SCD + CPR)
    Destination Clock Delay (DCD):    8.213ns = ( 13.213 - 5.000 ) 
    Source Clock Delay      (SCD):    8.477ns = ( 10.977 - 2.500 ) 
    Clock Pessimism Removal (CPR):    0.398ns
  Clock Uncertainty:      0.065ns  ((TSJ^2 + DJ^2)^1/2) / 2 + PE
    Total System Jitter     (TSJ):    0.071ns
    Discrete Jitter          (DJ):    0.109ns
    Phase Error              (PE):    0.000ns

    Location             Delay type                Incr(ns)  Path(ns)    Netlist Resource(s)
  -------------------------------------------------------------------    -------------------
                         (clock oserdes_clk rise edge)
                                                      2.500     2.500 r  
    AC19                                              0.000     2.500 r  clk (IN)
                         net (fo=0)                   0.000     2.500    clk
    AC19                 IBUF (Prop_ibuf_I_O)         1.416     3.916 r  clk_IBUF_inst/O
                         net (fo=1, routed)           2.602     6.518    clk_IBUF
    BUFGCTRL_X0Y0        BUFG (Prop_bufg_I_O)         0.081     6.599 r  clk_IBUF_BUFG_inst/O
                         net (fo=2166, routed)        1.696     8.295    ddr3.u_axi_wrap_ddr/mig_axi/u_mig_axi_32_mig/u_ddr3_infrastructure/mmcm_clk
    PLLE2_ADV_X0Y4       PLLE2_ADV (Prop_plle2_adv_CLKIN1_CLKOUT1)
                                                      0.077     8.372 r  ddr3.u_axi_wrap_ddr/mig_axi/u_mig_axi_32_mig/u_ddr3_infrastructure/plle2_i/CLKOUT1
                         net (fo=7, routed)           0.522     8.894    ddr3.u_axi_wrap_ddr/mig_axi/u_mig_axi_32_mig/u_memc_ui_top_axi/mem_intfc0/ddr_phy_top0/u_ddr_mc_phy_wrapper/u_ddr_mc_phy/ddr_phy_4lanes_0.u_ddr_phy_4lanes/ddr_byte_lane_A.ddr_byte_lane_A/mem_refclk
    PHASER_OUT_PHY_X0Y16 PHASER_OUT_PHY (Prop_phaser_out_phy_MEMREFCLK_OCLK)
                                                      2.083    10.977 r  ddr3.u_axi_wrap_ddr/mig_axi/u_mig_axi_32_mig/u_memc_ui_top_axi/mem_intfc0/ddr_phy_top0/u_ddr_mc_phy_wrapper/u_ddr_mc_phy/ddr_phy_4lanes_0.u_ddr_phy_4lanes/ddr_byte_lane_A.ddr_byte_lane_A/phaser_out/OCLK
  -------------------------------------------------------------------    -------------------
    PHASER_OUT_PHY_X0Y16 PHASER_OUT_PHY (Prop_phaser_out_phy_OCLK_RDENABLE)
                                                      0.301    11.278 r  ddr3.u_axi_wrap_ddr/mig_axi/u_mig_axi_32_mig/u_memc_ui_top_axi/mem_intfc0/ddr_phy_top0/u_ddr_mc_phy_wrapper/u_ddr_mc_phy/ddr_phy_4lanes_0.u_ddr_phy_4lanes/ddr_byte_lane_A.ddr_byte_lane_A/phaser_out/RDENABLE
                         net (fo=1, routed)           0.000    11.278    ddr3.u_axi_wrap_ddr/mig_axi/u_mig_axi_32_mig/u_memc_ui_top_axi/mem_intfc0/ddr_phy_top0/u_ddr_mc_phy_wrapper/u_ddr_mc_phy/ddr_phy_4lanes_0.u_ddr_phy_4lanes/ddr_byte_lane_A.ddr_byte_lane_A/po_rd_enable
    OUT_FIFO_X0Y16       OUT_FIFO                                     r  ddr3.u_axi_wrap_ddr/mig_axi/u_mig_axi_32_mig/u_memc_ui_top_axi/mem_intfc0/ddr_phy_top0/u_ddr_mc_phy_wrapper/u_ddr_mc_phy/ddr_phy_4lanes_0.u_ddr_phy_4lanes/ddr_byte_lane_A.ddr_byte_lane_A/out_fifo/RDEN
  -------------------------------------------------------------------    -------------------

                         (clock oserdes_clkdiv rise edge)
                                                      5.000     5.000 r  
    AC19                                              0.000     5.000 r  clk (IN)
                         net (fo=0)                   0.000     5.000    clk
    AC19                 IBUF (Prop_ibuf_I_O)         1.350     6.350 r  clk_IBUF_inst/O
                         net (fo=1, routed)           2.471     8.821    clk_IBUF
    BUFGCTRL_X0Y0        BUFG (Prop_bufg_I_O)         0.077     8.898 r  clk_IBUF_BUFG_inst/O
                         net (fo=2166, routed)        1.586    10.484    ddr3.u_axi_wrap_ddr/mig_axi/u_mig_axi_32_mig/u_ddr3_infrastructure/mmcm_clk
    PLLE2_ADV_X0Y4       PLLE2_ADV (Prop_plle2_adv_CLKIN1_CLKOUT1)
                                                      0.073    10.557 r  ddr3.u_axi_wrap_ddr/mig_axi/u_mig_axi_32_mig/u_ddr3_infrastructure/plle2_i/CLKOUT1
                         net (fo=7, routed)           0.496    11.053    ddr3.u_axi_wrap_ddr/mig_axi/u_mig_axi_32_mig/u_memc_ui_top_axi/mem_intfc0/ddr_phy_top0/u_ddr_mc_phy_wrapper/u_ddr_mc_phy/ddr_phy_4lanes_0.u_ddr_phy_4lanes/ddr_byte_lane_A.ddr_byte_lane_A/mem_refclk
    PHASER_OUT_PHY_X0Y16 PHASER_OUT_PHY (Prop_phaser_out_phy_MEMREFCLK_OCLK)
                                                      2.027    13.080 r  ddr3.u_axi_wrap_ddr/mig_axi/u_mig_axi_32_mig/u_memc_ui_top_axi/mem_intfc0/ddr_phy_top0/u_ddr_mc_phy_wrapper/u_ddr_mc_phy/ddr_phy_4lanes_0.u_ddr_phy_4lanes/ddr_byte_lane_A.ddr_byte_lane_A/phaser_out/OCLK
    PHASER_OUT_PHY_X0Y16 PHASER_OUT_PHY (Prop_phaser_out_phy_OCLK_OCLKDIV)
                                                      0.133    13.213 r  ddr3.u_axi_wrap_ddr/mig_axi/u_mig_axi_32_mig/u_memc_ui_top_axi/mem_intfc0/ddr_phy_top0/u_ddr_mc_phy_wrapper/u_ddr_mc_phy/ddr_phy_4lanes_0.u_ddr_phy_4lanes/ddr_byte_lane_A.ddr_byte_lane_A/phaser_out/OCLKDIV
                         net (fo=11, routed)          0.000    13.213    ddr3.u_axi_wrap_ddr/mig_axi/u_mig_axi_32_mig/u_memc_ui_top_axi/mem_intfc0/ddr_phy_top0/u_ddr_mc_phy_wrapper/u_ddr_mc_phy/ddr_phy_4lanes_0.u_ddr_phy_4lanes/ddr_byte_lane_A.ddr_byte_lane_A/oserdes_clkdiv
    OUT_FIFO_X0Y16       OUT_FIFO                                     r  ddr3.u_axi_wrap_ddr/mig_axi/u_mig_axi_32_mig/u_memc_ui_top_axi/mem_intfc0/ddr_phy_top0/u_ddr_mc_phy_wrapper/u_ddr_mc_phy/ddr_phy_4lanes_0.u_ddr_phy_4lanes/ddr_byte_lane_A.ddr_byte_lane_A/out_fifo/RDCLK
                         clock pessimism              0.398    13.610    
                         clock uncertainty           -0.065    13.545    
    OUT_FIFO_X0Y16       OUT_FIFO (Setup_out_fifo_RDCLK_RDEN)
                                                     -0.573    12.972    ddr3.u_axi_wrap_ddr/mig_axi/u_mig_axi_32_mig/u_memc_ui_top_axi/mem_intfc0/ddr_phy_top0/u_ddr_mc_phy_wrapper/u_ddr_mc_phy/ddr_phy_4lanes_0.u_ddr_phy_4lanes/ddr_byte_lane_A.ddr_byte_lane_A/out_fifo
  -------------------------------------------------------------------
                         required time                         12.972    
                         arrival time                         -11.278    
  -------------------------------------------------------------------
                         slack                                  1.694    





Min Delay Paths
--------------------------------------------------------------------------------------
Slack (MET) :             0.095ns  (arrival time - required time)
  Source:                 ddr3.u_axi_wrap_ddr/mig_axi/u_mig_axi_32_mig/u_memc_ui_top_axi/mem_intfc0/ddr_phy_top0/u_ddr_mc_phy_wrapper/u_ddr_mc_phy/ddr_phy_4lanes_0.u_ddr_phy_4lanes/ddr_byte_lane_A.ddr_byte_lane_A/phaser_out/OCLK
                            (rising edge-triggered cell PHASER_OUT_PHY clocked by oserdes_clk  {rise@0.000ns fall@1.250ns period=2.500ns})
  Destination:            ddr3.u_axi_wrap_ddr/mig_axi/u_mig_axi_32_mig/u_memc_ui_top_axi/mem_intfc0/ddr_phy_top0/u_ddr_mc_phy_wrapper/u_ddr_mc_phy/ddr_phy_4lanes_0.u_ddr_phy_4lanes/ddr_byte_lane_A.ddr_byte_lane_A/out_fifo/RDEN
                            (rising edge-triggered cell OUT_FIFO clocked by oserdes_clkdiv  {rise@0.000ns fall@2.500ns period=5.000ns})
  Path Group:             oserdes_clkdiv
  Path Type:              Hold (Min at Fast Process Corner)
  Requirement:            0.000ns  (oserdes_clkdiv rise@0.000ns - oserdes_clk rise@0.000ns)
  Data Path Delay:        0.172ns  (logic 0.172ns (100.000%)  route 0.000ns (0.000%))
  Logic Levels:           0  
  Clock Path Skew:        0.088ns (DCD - SCD - CPR)
    Destination Clock Delay (DCD):    4.823ns
    Source Clock Delay      (SCD):    4.114ns
    Clock Pessimism Removal (CPR):    0.621ns

    Location             Delay type                Incr(ns)  Path(ns)    Netlist Resource(s)
  -------------------------------------------------------------------    -------------------
                         (clock oserdes_clk rise edge)
                                                      0.000     0.000 r  
    AC19                                              0.000     0.000 r  clk (IN)
                         net (fo=0)                   0.000     0.000    clk
    AC19                 IBUF (Prop_ibuf_I_O)         0.253     0.253 r  clk_IBUF_inst/O
                         net (fo=1, routed)           1.074     1.327    clk_IBUF
    BUFGCTRL_X0Y0        BUFG (Prop_bufg_I_O)         0.026     1.353 r  clk_IBUF_BUFG_inst/O
                         net (fo=2166, routed)        0.701     2.054    ddr3.u_axi_wrap_ddr/mig_axi/u_mig_axi_32_mig/u_ddr3_infrastructure/mmcm_clk
    PLLE2_ADV_X0Y4       PLLE2_ADV (Prop_plle2_adv_CLKIN1_CLKOUT1)
                                                      0.050     2.104 r  ddr3.u_axi_wrap_ddr/mig_axi/u_mig_axi_32_mig/u_ddr3_infrastructure/plle2_i/CLKOUT1
                         net (fo=7, routed)           0.197     2.301    ddr3.u_axi_wrap_ddr/mig_axi/u_mig_axi_32_mig/u_memc_ui_top_axi/mem_intfc0/ddr_phy_top0/u_ddr_mc_phy_wrapper/u_ddr_mc_phy/ddr_phy_4lanes_0.u_ddr_phy_4lanes/ddr_byte_lane_A.ddr_byte_lane_A/mem_refclk
    PHASER_OUT_PHY_X0Y16 PHASER_OUT_PHY (Prop_phaser_out_phy_MEMREFCLK_OCLK)
                                                      1.813     4.114 r  ddr3.u_axi_wrap_ddr/mig_axi/u_mig_axi_32_mig/u_memc_ui_top_axi/mem_intfc0/ddr_phy_top0/u_ddr_mc_phy_wrapper/u_ddr_mc_phy/ddr_phy_4lanes_0.u_ddr_phy_4lanes/ddr_byte_lane_A.ddr_byte_lane_A/phaser_out/OCLK
  -------------------------------------------------------------------    -------------------
    PHASER_OUT_PHY_X0Y16 PHASER_OUT_PHY (Prop_phaser_out_phy_OCLK_RDENABLE)
                                                      0.172     4.286 r  ddr3.u_axi_wrap_ddr/mig_axi/u_mig_axi_32_mig/u_memc_ui_top_axi/mem_intfc0/ddr_phy_top0/u_ddr_mc_phy_wrapper/u_ddr_mc_phy/ddr_phy_4lanes_0.u_ddr_phy_4lanes/ddr_byte_lane_A.ddr_byte_lane_A/phaser_out/RDENABLE
                         net (fo=1, routed)           0.000     4.286    ddr3.u_axi_wrap_ddr/mig_axi/u_mig_axi_32_mig/u_memc_ui_top_axi/mem_intfc0/ddr_phy_top0/u_ddr_mc_phy_wrapper/u_ddr_mc_phy/ddr_phy_4lanes_0.u_ddr_phy_4lanes/ddr_byte_lane_A.ddr_byte_lane_A/po_rd_enable
    OUT_FIFO_X0Y16       OUT_FIFO                                     r  ddr3.u_axi_wrap_ddr/mig_axi/u_mig_axi_32_mig/u_memc_ui_top_axi/mem_intfc0/ddr_phy_top0/u_ddr_mc_phy_wrapper/u_ddr_mc_phy/ddr_phy_4lanes_0.u_ddr_phy_4lanes/ddr_byte_lane_A.ddr_byte_lane_A/out_fifo/RDEN
  -------------------------------------------------------------------    -------------------

                         (clock oserdes_clkdiv rise edge)
                                                      0.000     0.000 r  
    AC19                                              0.000     0.000 r  clk (IN)
                         net (fo=0)                   0.000     0.000    clk
    AC19                 IBUF (Prop_ibuf_I_O)         0.441     0.441 r  clk_IBUF_inst/O
                         net (fo=1, routed)           1.160     1.601    clk_IBUF
    BUFGCTRL_X0Y0        BUFG (Prop_bufg_I_O)         0.029     1.630 r  clk_IBUF_BUFG_inst/O
                         net (fo=2166, routed)        0.976     2.606    ddr3.u_axi_wrap_ddr/mig_axi/u_mig_axi_32_mig/u_ddr3_infrastructure/mmcm_clk
    PLLE2_ADV_X0Y4       PLLE2_ADV (Prop_plle2_adv_CLKIN1_CLKOUT1)
                                                      0.053     2.659 r  ddr3.u_axi_wrap_ddr/mig_axi/u_mig_axi_32_mig/u_ddr3_infrastructure/plle2_i/CLKOUT1
                         net (fo=7, routed)           0.218     2.877    ddr3.u_axi_wrap_ddr/mig_axi/u_mig_axi_32_mig/u_memc_ui_top_axi/mem_intfc0/ddr_phy_top0/u_ddr_mc_phy_wrapper/u_ddr_mc_phy/ddr_phy_4lanes_0.u_ddr_phy_4lanes/ddr_byte_lane_A.ddr_byte_lane_A/mem_refclk
    PHASER_OUT_PHY_X0Y16 PHASER_OUT_PHY (Prop_phaser_out_phy_MEMREFCLK_OCLK)
                                                      1.858     4.735 r  ddr3.u_axi_wrap_ddr/mig_axi/u_mig_axi_32_mig/u_memc_ui_top_axi/mem_intfc0/ddr_phy_top0/u_ddr_mc_phy_wrapper/u_ddr_mc_phy/ddr_phy_4lanes_0.u_ddr_phy_4lanes/ddr_byte_lane_A.ddr_byte_lane_A/phaser_out/OCLK
    PHASER_OUT_PHY_X0Y16 PHASER_OUT_PHY (Prop_phaser_out_phy_OCLK_OCLKDIV)
                                                      0.088     4.823 r  ddr3.u_axi_wrap_ddr/mig_axi/u_mig_axi_32_mig/u_memc_ui_top_axi/mem_intfc0/ddr_phy_top0/u_ddr_mc_phy_wrapper/u_ddr_mc_phy/ddr_phy_4lanes_0.u_ddr_phy_4lanes/ddr_byte_lane_A.ddr_byte_lane_A/phaser_out/OCLKDIV
                         net (fo=11, routed)          0.000     4.823    ddr3.u_axi_wrap_ddr/mig_axi/u_mig_axi_32_mig/u_memc_ui_top_axi/mem_intfc0/ddr_phy_top0/u_ddr_mc_phy_wrapper/u_ddr_mc_phy/ddr_phy_4lanes_0.u_ddr_phy_4lanes/ddr_byte_lane_A.ddr_byte_lane_A/oserdes_clkdiv
    OUT_FIFO_X0Y16       OUT_FIFO                                     r  ddr3.u_axi_wrap_ddr/mig_axi/u_mig_axi_32_mig/u_memc_ui_top_axi/mem_intfc0/ddr_phy_top0/u_ddr_mc_phy_wrapper/u_ddr_mc_phy/ddr_phy_4lanes_0.u_ddr_phy_4lanes/ddr_byte_lane_A.ddr_byte_lane_A/out_fifo/RDCLK
                         clock pessimism             -0.621     4.202    
    OUT_FIFO_X0Y16       OUT_FIFO (Hold_out_fifo_RDCLK_RDEN)
                                                     -0.011     4.191    ddr3.u_axi_wrap_ddr/mig_axi/u_mig_axi_32_mig/u_memc_ui_top_axi/mem_intfc0/ddr_phy_top0/u_ddr_mc_phy_wrapper/u_ddr_mc_phy/ddr_phy_4lanes_0.u_ddr_phy_4lanes/ddr_byte_lane_A.ddr_byte_lane_A/out_fifo
  -------------------------------------------------------------------
                         required time                         -4.191    
                         arrival time                           4.286    
  -------------------------------------------------------------------
                         slack                                  0.095    





---------------------------------------------------------------------------------------------------
From Clock:  oserdes_clk_1
  To Clock:  oserdes_clkdiv_1

Setup :            0  Failing Endpoints,  Worst Slack        1.694ns,  Total Violation        0.000ns
Hold  :            0  Failing Endpoints,  Worst Slack        0.095ns,  Total Violation        0.000ns
---------------------------------------------------------------------------------------------------


Max Delay Paths
--------------------------------------------------------------------------------------
Slack (MET) :             1.694ns  (required time - arrival time)
  Source:                 ddr3.u_axi_wrap_ddr/mig_axi/u_mig_axi_32_mig/u_memc_ui_top_axi/mem_intfc0/ddr_phy_top0/u_ddr_mc_phy_wrapper/u_ddr_mc_phy/ddr_phy_4lanes_0.u_ddr_phy_4lanes/ddr_byte_lane_B.ddr_byte_lane_B/phaser_out/OCLK
                            (rising edge-triggered cell PHASER_OUT_PHY clocked by oserdes_clk_1  {rise@0.000ns fall@1.250ns period=2.500ns})
  Destination:            ddr3.u_axi_wrap_ddr/mig_axi/u_mig_axi_32_mig/u_memc_ui_top_axi/mem_intfc0/ddr_phy_top0/u_ddr_mc_phy_wrapper/u_ddr_mc_phy/ddr_phy_4lanes_0.u_ddr_phy_4lanes/ddr_byte_lane_B.ddr_byte_lane_B/out_fifo/RDEN
                            (rising edge-triggered cell OUT_FIFO clocked by oserdes_clkdiv_1  {rise@0.000ns fall@2.500ns period=5.000ns})
  Path Group:             oserdes_clkdiv_1
  Path Type:              Setup (Max at Slow Process Corner)
  Requirement:            2.500ns  (oserdes_clkdiv_1 rise@5.000ns - oserdes_clk_1 rise@2.500ns)
  Data Path Delay:        0.301ns  (logic 0.301ns (100.000%)  route 0.000ns (0.000%))
  Logic Levels:           0  
  Clock Path Skew:        0.133ns (DCD - SCD + CPR)
    Destination Clock Delay (DCD):    8.203ns = ( 13.203 - 5.000 ) 
    Source Clock Delay      (SCD):    8.466ns = ( 10.966 - 2.500 ) 
    Clock Pessimism Removal (CPR):    0.397ns
  Clock Uncertainty:      0.065ns  ((TSJ^2 + DJ^2)^1/2) / 2 + PE
    Total System Jitter     (TSJ):    0.071ns
    Discrete Jitter          (DJ):    0.109ns
    Phase Error              (PE):    0.000ns

    Location             Delay type                Incr(ns)  Path(ns)    Netlist Resource(s)
  -------------------------------------------------------------------    -------------------
                         (clock oserdes_clk_1 rise edge)
                                                      2.500     2.500 r  
    AC19                                              0.000     2.500 r  clk (IN)
                         net (fo=0)                   0.000     2.500    clk
    AC19                 IBUF (Prop_ibuf_I_O)         1.416     3.916 r  clk_IBUF_inst/O
                         net (fo=1, routed)           2.602     6.518    clk_IBUF
    BUFGCTRL_X0Y0        BUFG (Prop_bufg_I_O)         0.081     6.599 r  clk_IBUF_BUFG_inst/O
                         net (fo=2166, routed)        1.696     8.295    ddr3.u_axi_wrap_ddr/mig_axi/u_mig_axi_32_mig/u_ddr3_infrastructure/mmcm_clk
    PLLE2_ADV_X0Y4       PLLE2_ADV (Prop_plle2_adv_CLKIN1_CLKOUT1)
                                                      0.077     8.372 r  ddr3.u_axi_wrap_ddr/mig_axi/u_mig_axi_32_mig/u_ddr3_infrastructure/plle2_i/CLKOUT1
                         net (fo=7, routed)           0.511     8.883    ddr3.u_axi_wrap_ddr/mig_axi/u_mig_axi_32_mig/u_memc_ui_top_axi/mem_intfc0/ddr_phy_top0/u_ddr_mc_phy_wrapper/u_ddr_mc_phy/ddr_phy_4lanes_0.u_ddr_phy_4lanes/ddr_byte_lane_B.ddr_byte_lane_B/mem_refclk
    PHASER_OUT_PHY_X0Y17 PHASER_OUT_PHY (Prop_phaser_out_phy_MEMREFCLK_OCLK)
                                                      2.083    10.966 r  ddr3.u_axi_wrap_ddr/mig_axi/u_mig_axi_32_mig/u_memc_ui_top_axi/mem_intfc0/ddr_phy_top0/u_ddr_mc_phy_wrapper/u_ddr_mc_phy/ddr_phy_4lanes_0.u_ddr_phy_4lanes/ddr_byte_lane_B.ddr_byte_lane_B/phaser_out/OCLK
  -------------------------------------------------------------------    -------------------
    PHASER_OUT_PHY_X0Y17 PHASER_OUT_PHY (Prop_phaser_out_phy_OCLK_RDENABLE)
                                                      0.301    11.267 r  ddr3.u_axi_wrap_ddr/mig_axi/u_mig_axi_32_mig/u_memc_ui_top_axi/mem_intfc0/ddr_phy_top0/u_ddr_mc_phy_wrapper/u_ddr_mc_phy/ddr_phy_4lanes_0.u_ddr_phy_4lanes/ddr_byte_lane_B.ddr_byte_lane_B/phaser_out/RDENABLE
                         net (fo=1, routed)           0.000    11.267    ddr3.u_axi_wrap_ddr/mig_axi/u_mig_axi_32_mig/u_memc_ui_top_axi/mem_intfc0/ddr_phy_top0/u_ddr_mc_phy_wrapper/u_ddr_mc_phy/ddr_phy_4lanes_0.u_ddr_phy_4lanes/ddr_byte_lane_B.ddr_byte_lane_B/po_rd_enable
    OUT_FIFO_X0Y17       OUT_FIFO                                     r  ddr3.u_axi_wrap_ddr/mig_axi/u_mig_axi_32_mig/u_memc_ui_top_axi/mem_intfc0/ddr_phy_top0/u_ddr_mc_phy_wrapper/u_ddr_mc_phy/ddr_phy_4lanes_0.u_ddr_phy_4lanes/ddr_byte_lane_B.ddr_byte_lane_B/out_fifo/RDEN
  -------------------------------------------------------------------    -------------------

                         (clock oserdes_clkdiv_1 rise edge)
                                                      5.000     5.000 r  
    AC19                                              0.000     5.000 r  clk (IN)
                         net (fo=0)                   0.000     5.000    clk
    AC19                 IBUF (Prop_ibuf_I_O)         1.350     6.350 r  clk_IBUF_inst/O
                         net (fo=1, routed)           2.471     8.821    clk_IBUF
    BUFGCTRL_X0Y0        BUFG (Prop_bufg_I_O)         0.077     8.898 r  clk_IBUF_BUFG_inst/O
                         net (fo=2166, routed)        1.586    10.484    ddr3.u_axi_wrap_ddr/mig_axi/u_mig_axi_32_mig/u_ddr3_infrastructure/mmcm_clk
    PLLE2_ADV_X0Y4       PLLE2_ADV (Prop_plle2_adv_CLKIN1_CLKOUT1)
                                                      0.073    10.557 r  ddr3.u_axi_wrap_ddr/mig_axi/u_mig_axi_32_mig/u_ddr3_infrastructure/plle2_i/CLKOUT1
                         net (fo=7, routed)           0.486    11.043    ddr3.u_axi_wrap_ddr/mig_axi/u_mig_axi_32_mig/u_memc_ui_top_axi/mem_intfc0/ddr_phy_top0/u_ddr_mc_phy_wrapper/u_ddr_mc_phy/ddr_phy_4lanes_0.u_ddr_phy_4lanes/ddr_byte_lane_B.ddr_byte_lane_B/mem_refclk
    PHASER_OUT_PHY_X0Y17 PHASER_OUT_PHY (Prop_phaser_out_phy_MEMREFCLK_OCLK)
                                                      2.027    13.070 r  ddr3.u_axi_wrap_ddr/mig_axi/u_mig_axi_32_mig/u_memc_ui_top_axi/mem_intfc0/ddr_phy_top0/u_ddr_mc_phy_wrapper/u_ddr_mc_phy/ddr_phy_4lanes_0.u_ddr_phy_4lanes/ddr_byte_lane_B.ddr_byte_lane_B/phaser_out/OCLK
    PHASER_OUT_PHY_X0Y17 PHASER_OUT_PHY (Prop_phaser_out_phy_OCLK_OCLKDIV)
                                                      0.133    13.203 r  ddr3.u_axi_wrap_ddr/mig_axi/u_mig_axi_32_mig/u_memc_ui_top_axi/mem_intfc0/ddr_phy_top0/u_ddr_mc_phy_wrapper/u_ddr_mc_phy/ddr_phy_4lanes_0.u_ddr_phy_4lanes/ddr_byte_lane_B.ddr_byte_lane_B/phaser_out/OCLKDIV
                         net (fo=11, routed)          0.000    13.203    ddr3.u_axi_wrap_ddr/mig_axi/u_mig_axi_32_mig/u_memc_ui_top_axi/mem_intfc0/ddr_phy_top0/u_ddr_mc_phy_wrapper/u_ddr_mc_phy/ddr_phy_4lanes_0.u_ddr_phy_4lanes/ddr_byte_lane_B.ddr_byte_lane_B/oserdes_clkdiv
    OUT_FIFO_X0Y17       OUT_FIFO                                     r  ddr3.u_axi_wrap_ddr/mig_axi/u_mig_axi_32_mig/u_memc_ui_top_axi/mem_intfc0/ddr_phy_top0/u_ddr_mc_phy_wrapper/u_ddr_mc_phy/ddr_phy_4lanes_0.u_ddr_phy_4lanes/ddr_byte_lane_B.ddr_byte_lane_B/out_fifo/RDCLK
                         clock pessimism              0.397    13.599    
                         clock uncertainty           -0.065    13.534    
    OUT_FIFO_X0Y17       OUT_FIFO (Setup_out_fifo_RDCLK_RDEN)
                                                     -0.573    12.961    ddr3.u_axi_wrap_ddr/mig_axi/u_mig_axi_32_mig/u_memc_ui_top_axi/mem_intfc0/ddr_phy_top0/u_ddr_mc_phy_wrapper/u_ddr_mc_phy/ddr_phy_4lanes_0.u_ddr_phy_4lanes/ddr_byte_lane_B.ddr_byte_lane_B/out_fifo
  -------------------------------------------------------------------
                         required time                         12.961    
                         arrival time                         -11.267    
  -------------------------------------------------------------------
                         slack                                  1.694    





Min Delay Paths
--------------------------------------------------------------------------------------
Slack (MET) :             0.095ns  (arrival time - required time)
  Source:                 ddr3.u_axi_wrap_ddr/mig_axi/u_mig_axi_32_mig/u_memc_ui_top_axi/mem_intfc0/ddr_phy_top0/u_ddr_mc_phy_wrapper/u_ddr_mc_phy/ddr_phy_4lanes_0.u_ddr_phy_4lanes/ddr_byte_lane_B.ddr_byte_lane_B/phaser_out/OCLK
                            (rising edge-triggered cell PHASER_OUT_PHY clocked by oserdes_clk_1  {rise@0.000ns fall@1.250ns period=2.500ns})
  Destination:            ddr3.u_axi_wrap_ddr/mig_axi/u_mig_axi_32_mig/u_memc_ui_top_axi/mem_intfc0/ddr_phy_top0/u_ddr_mc_phy_wrapper/u_ddr_mc_phy/ddr_phy_4lanes_0.u_ddr_phy_4lanes/ddr_byte_lane_B.ddr_byte_lane_B/out_fifo/RDEN
                            (rising edge-triggered cell OUT_FIFO clocked by oserdes_clkdiv_1  {rise@0.000ns fall@2.500ns period=5.000ns})
  Path Group:             oserdes_clkdiv_1
  Path Type:              Hold (Min at Fast Process Corner)
  Requirement:            0.000ns  (oserdes_clkdiv_1 rise@0.000ns - oserdes_clk_1 rise@0.000ns)
  Data Path Delay:        0.172ns  (logic 0.172ns (100.000%)  route 0.000ns (0.000%))
  Logic Levels:           0  
  Clock Path Skew:        0.088ns (DCD - SCD - CPR)
    Destination Clock Delay (DCD):    4.814ns
    Source Clock Delay      (SCD):    4.107ns
    Clock Pessimism Removal (CPR):    0.619ns

    Location             Delay type                Incr(ns)  Path(ns)    Netlist Resource(s)
  -------------------------------------------------------------------    -------------------
                         (clock oserdes_clk_1 rise edge)
                                                      0.000     0.000 r  
    AC19                                              0.000     0.000 r  clk (IN)
                         net (fo=0)                   0.000     0.000    clk
    AC19                 IBUF (Prop_ibuf_I_O)         0.253     0.253 r  clk_IBUF_inst/O
                         net (fo=1, routed)           1.074     1.327    clk_IBUF
    BUFGCTRL_X0Y0        BUFG (Prop_bufg_I_O)         0.026     1.353 r  clk_IBUF_BUFG_inst/O
                         net (fo=2166, routed)        0.701     2.054    ddr3.u_axi_wrap_ddr/mig_axi/u_mig_axi_32_mig/u_ddr3_infrastructure/mmcm_clk
    PLLE2_ADV_X0Y4       PLLE2_ADV (Prop_plle2_adv_CLKIN1_CLKOUT1)
                                                      0.050     2.104 r  ddr3.u_axi_wrap_ddr/mig_axi/u_mig_axi_32_mig/u_ddr3_infrastructure/plle2_i/CLKOUT1
                         net (fo=7, routed)           0.190     2.294    ddr3.u_axi_wrap_ddr/mig_axi/u_mig_axi_32_mig/u_memc_ui_top_axi/mem_intfc0/ddr_phy_top0/u_ddr_mc_phy_wrapper/u_ddr_mc_phy/ddr_phy_4lanes_0.u_ddr_phy_4lanes/ddr_byte_lane_B.ddr_byte_lane_B/mem_refclk
    PHASER_OUT_PHY_X0Y17 PHASER_OUT_PHY (Prop_phaser_out_phy_MEMREFCLK_OCLK)
                                                      1.813     4.107 r  ddr3.u_axi_wrap_ddr/mig_axi/u_mig_axi_32_mig/u_memc_ui_top_axi/mem_intfc0/ddr_phy_top0/u_ddr_mc_phy_wrapper/u_ddr_mc_phy/ddr_phy_4lanes_0.u_ddr_phy_4lanes/ddr_byte_lane_B.ddr_byte_lane_B/phaser_out/OCLK
  -------------------------------------------------------------------    -------------------
    PHASER_OUT_PHY_X0Y17 PHASER_OUT_PHY (Prop_phaser_out_phy_OCLK_RDENABLE)
                                                      0.172     4.279 r  ddr3.u_axi_wrap_ddr/mig_axi/u_mig_axi_32_mig/u_memc_ui_top_axi/mem_intfc0/ddr_phy_top0/u_ddr_mc_phy_wrapper/u_ddr_mc_phy/ddr_phy_4lanes_0.u_ddr_phy_4lanes/ddr_byte_lane_B.ddr_byte_lane_B/phaser_out/RDENABLE
                         net (fo=1, routed)           0.000     4.279    ddr3.u_axi_wrap_ddr/mig_axi/u_mig_axi_32_mig/u_memc_ui_top_axi/mem_intfc0/ddr_phy_top0/u_ddr_mc_phy_wrapper/u_ddr_mc_phy/ddr_phy_4lanes_0.u_ddr_phy_4lanes/ddr_byte_lane_B.ddr_byte_lane_B/po_rd_enable
    OUT_FIFO_X0Y17       OUT_FIFO                                     r  ddr3.u_axi_wrap_ddr/mig_axi/u_mig_axi_32_mig/u_memc_ui_top_axi/mem_intfc0/ddr_phy_top0/u_ddr_mc_phy_wrapper/u_ddr_mc_phy/ddr_phy_4lanes_0.u_ddr_phy_4lanes/ddr_byte_lane_B.ddr_byte_lane_B/out_fifo/RDEN
  -------------------------------------------------------------------    -------------------

                         (clock oserdes_clkdiv_1 rise edge)
                                                      0.000     0.000 r  
    AC19                                              0.000     0.000 r  clk (IN)
                         net (fo=0)                   0.000     0.000    clk
    AC19                 IBUF (Prop_ibuf_I_O)         0.441     0.441 r  clk_IBUF_inst/O
                         net (fo=1, routed)           1.160     1.601    clk_IBUF
    BUFGCTRL_X0Y0        BUFG (Prop_bufg_I_O)         0.029     1.630 r  clk_IBUF_BUFG_inst/O
                         net (fo=2166, routed)        0.976     2.606    ddr3.u_axi_wrap_ddr/mig_axi/u_mig_axi_32_mig/u_ddr3_infrastructure/mmcm_clk
    PLLE2_ADV_X0Y4       PLLE2_ADV (Prop_plle2_adv_CLKIN1_CLKOUT1)
                                                      0.053     2.659 r  ddr3.u_axi_wrap_ddr/mig_axi/u_mig_axi_32_mig/u_ddr3_infrastructure/plle2_i/CLKOUT1
                         net (fo=7, routed)           0.209     2.868    ddr3.u_axi_wrap_ddr/mig_axi/u_mig_axi_32_mig/u_memc_ui_top_axi/mem_intfc0/ddr_phy_top0/u_ddr_mc_phy_wrapper/u_ddr_mc_phy/ddr_phy_4lanes_0.u_ddr_phy_4lanes/ddr_byte_lane_B.ddr_byte_lane_B/mem_refclk
    PHASER_OUT_PHY_X0Y17 PHASER_OUT_PHY (Prop_phaser_out_phy_MEMREFCLK_OCLK)
                                                      1.858     4.726 r  ddr3.u_axi_wrap_ddr/mig_axi/u_mig_axi_32_mig/u_memc_ui_top_axi/mem_intfc0/ddr_phy_top0/u_ddr_mc_phy_wrapper/u_ddr_mc_phy/ddr_phy_4lanes_0.u_ddr_phy_4lanes/ddr_byte_lane_B.ddr_byte_lane_B/phaser_out/OCLK
    PHASER_OUT_PHY_X0Y17 PHASER_OUT_PHY (Prop_phaser_out_phy_OCLK_OCLKDIV)
                                                      0.088     4.814 r  ddr3.u_axi_wrap_ddr/mig_axi/u_mig_axi_32_mig/u_memc_ui_top_axi/mem_intfc0/ddr_phy_top0/u_ddr_mc_phy_wrapper/u_ddr_mc_phy/ddr_phy_4lanes_0.u_ddr_phy_4lanes/ddr_byte_lane_B.ddr_byte_lane_B/phaser_out/OCLKDIV
                         net (fo=11, routed)          0.000     4.814    ddr3.u_axi_wrap_ddr/mig_axi/u_mig_axi_32_mig/u_memc_ui_top_axi/mem_intfc0/ddr_phy_top0/u_ddr_mc_phy_wrapper/u_ddr_mc_phy/ddr_phy_4lanes_0.u_ddr_phy_4lanes/ddr_byte_lane_B.ddr_byte_lane_B/oserdes_clkdiv
    OUT_FIFO_X0Y17       OUT_FIFO                                     r  ddr3.u_axi_wrap_ddr/mig_axi/u_mig_axi_32_mig/u_memc_ui_top_axi/mem_intfc0/ddr_phy_top0/u_ddr_mc_phy_wrapper/u_ddr_mc_phy/ddr_phy_4lanes_0.u_ddr_phy_4lanes/ddr_byte_lane_B.ddr_byte_lane_B/out_fifo/RDCLK
                         clock pessimism             -0.619     4.195    
    OUT_FIFO_X0Y17       OUT_FIFO (Hold_out_fifo_RDCLK_RDEN)
                                                     -0.011     4.184    ddr3.u_axi_wrap_ddr/mig_axi/u_mig_axi_32_mig/u_memc_ui_top_axi/mem_intfc0/ddr_phy_top0/u_ddr_mc_phy_wrapper/u_ddr_mc_phy/ddr_phy_4lanes_0.u_ddr_phy_4lanes/ddr_byte_lane_B.ddr_byte_lane_B/out_fifo
  -------------------------------------------------------------------
                         required time                         -4.184    
                         arrival time                           4.279    
  -------------------------------------------------------------------
                         slack                                  0.095    





---------------------------------------------------------------------------------------------------
From Clock:  oserdes_clk_2
  To Clock:  oserdes_clkdiv_2

Setup :            0  Failing Endpoints,  Worst Slack        1.694ns,  Total Violation        0.000ns
Hold  :            0  Failing Endpoints,  Worst Slack        0.095ns,  Total Violation        0.000ns
---------------------------------------------------------------------------------------------------


Max Delay Paths
--------------------------------------------------------------------------------------
Slack (MET) :             1.694ns  (required time - arrival time)
  Source:                 ddr3.u_axi_wrap_ddr/mig_axi/u_mig_axi_32_mig/u_memc_ui_top_axi/mem_intfc0/ddr_phy_top0/u_ddr_mc_phy_wrapper/u_ddr_mc_phy/ddr_phy_4lanes_0.u_ddr_phy_4lanes/ddr_byte_lane_C.ddr_byte_lane_C/phaser_out/OCLK
                            (rising edge-triggered cell PHASER_OUT_PHY clocked by oserdes_clk_2  {rise@0.000ns fall@1.250ns period=2.500ns})
  Destination:            ddr3.u_axi_wrap_ddr/mig_axi/u_mig_axi_32_mig/u_memc_ui_top_axi/mem_intfc0/ddr_phy_top0/u_ddr_mc_phy_wrapper/u_ddr_mc_phy/ddr_phy_4lanes_0.u_ddr_phy_4lanes/ddr_byte_lane_C.ddr_byte_lane_C/out_fifo/RDEN
                            (rising edge-triggered cell OUT_FIFO clocked by oserdes_clkdiv_2  {rise@0.000ns fall@5.000ns period=10.000ns})
  Path Group:             oserdes_clkdiv_2
  Path Type:              Setup (Max at Slow Process Corner)
  Requirement:            2.500ns  (oserdes_clkdiv_2 rise@10.000ns - oserdes_clk_2 rise@7.500ns)
  Data Path Delay:        0.301ns  (logic 0.301ns (100.000%)  route 0.000ns (0.000%))
  Logic Levels:           0  
  Clock Path Skew:        0.133ns (DCD - SCD + CPR)
    Destination Clock Delay (DCD):    8.213ns = ( 18.213 - 10.000 ) 
    Source Clock Delay      (SCD):    8.477ns = ( 15.977 - 7.500 ) 
    Clock Pessimism Removal (CPR):    0.398ns
  Clock Uncertainty:      0.065ns  ((TSJ^2 + DJ^2)^1/2) / 2 + PE
    Total System Jitter     (TSJ):    0.071ns
    Discrete Jitter          (DJ):    0.109ns
    Phase Error              (PE):    0.000ns

    Location             Delay type                Incr(ns)  Path(ns)    Netlist Resource(s)
  -------------------------------------------------------------------    -------------------
                         (clock oserdes_clk_2 rise edge)
                                                      7.500     7.500 r  
    AC19                                              0.000     7.500 r  clk (IN)
                         net (fo=0)                   0.000     7.500    clk
    AC19                 IBUF (Prop_ibuf_I_O)         1.416     8.916 r  clk_IBUF_inst/O
                         net (fo=1, routed)           2.602    11.518    clk_IBUF
    BUFGCTRL_X0Y0        BUFG (Prop_bufg_I_O)         0.081    11.599 r  clk_IBUF_BUFG_inst/O
                         net (fo=2166, routed)        1.696    13.295    ddr3.u_axi_wrap_ddr/mig_axi/u_mig_axi_32_mig/u_ddr3_infrastructure/mmcm_clk
    PLLE2_ADV_X0Y4       PLLE2_ADV (Prop_plle2_adv_CLKIN1_CLKOUT1)
                                                      0.077    13.372 r  ddr3.u_axi_wrap_ddr/mig_axi/u_mig_axi_32_mig/u_ddr3_infrastructure/plle2_i/CLKOUT1
                         net (fo=7, routed)           0.522    13.894    ddr3.u_axi_wrap_ddr/mig_axi/u_mig_axi_32_mig/u_memc_ui_top_axi/mem_intfc0/ddr_phy_top0/u_ddr_mc_phy_wrapper/u_ddr_mc_phy/ddr_phy_4lanes_0.u_ddr_phy_4lanes/ddr_byte_lane_C.ddr_byte_lane_C/mem_refclk
    PHASER_OUT_PHY_X0Y18 PHASER_OUT_PHY (Prop_phaser_out_phy_MEMREFCLK_OCLK)
                                                      2.083    15.977 r  ddr3.u_axi_wrap_ddr/mig_axi/u_mig_axi_32_mig/u_memc_ui_top_axi/mem_intfc0/ddr_phy_top0/u_ddr_mc_phy_wrapper/u_ddr_mc_phy/ddr_phy_4lanes_0.u_ddr_phy_4lanes/ddr_byte_lane_C.ddr_byte_lane_C/phaser_out/OCLK
  -------------------------------------------------------------------    -------------------
    PHASER_OUT_PHY_X0Y18 PHASER_OUT_PHY (Prop_phaser_out_phy_OCLK_RDENABLE)
                                                      0.301    16.278 r  ddr3.u_axi_wrap_ddr/mig_axi/u_mig_axi_32_mig/u_memc_ui_top_axi/mem_intfc0/ddr_phy_top0/u_ddr_mc_phy_wrapper/u_ddr_mc_phy/ddr_phy_4lanes_0.u_ddr_phy_4lanes/ddr_byte_lane_C.ddr_byte_lane_C/phaser_out/RDENABLE
                         net (fo=1, routed)           0.000    16.278    ddr3.u_axi_wrap_ddr/mig_axi/u_mig_axi_32_mig/u_memc_ui_top_axi/mem_intfc0/ddr_phy_top0/u_ddr_mc_phy_wrapper/u_ddr_mc_phy/ddr_phy_4lanes_0.u_ddr_phy_4lanes/ddr_byte_lane_C.ddr_byte_lane_C/po_rd_enable
    OUT_FIFO_X0Y18       OUT_FIFO                                     r  ddr3.u_axi_wrap_ddr/mig_axi/u_mig_axi_32_mig/u_memc_ui_top_axi/mem_intfc0/ddr_phy_top0/u_ddr_mc_phy_wrapper/u_ddr_mc_phy/ddr_phy_4lanes_0.u_ddr_phy_4lanes/ddr_byte_lane_C.ddr_byte_lane_C/out_fifo/RDEN
  -------------------------------------------------------------------    -------------------

                         (clock oserdes_clkdiv_2 rise edge)
                                                     10.000    10.000 r  
    AC19                                              0.000    10.000 r  clk (IN)
                         net (fo=0)                   0.000    10.000    clk
    AC19                 IBUF (Prop_ibuf_I_O)         1.350    11.350 r  clk_IBUF_inst/O
                         net (fo=1, routed)           2.471    13.821    clk_IBUF
    BUFGCTRL_X0Y0        BUFG (Prop_bufg_I_O)         0.077    13.898 r  clk_IBUF_BUFG_inst/O
                         net (fo=2166, routed)        1.586    15.484    ddr3.u_axi_wrap_ddr/mig_axi/u_mig_axi_32_mig/u_ddr3_infrastructure/mmcm_clk
    PLLE2_ADV_X0Y4       PLLE2_ADV (Prop_plle2_adv_CLKIN1_CLKOUT1)
                                                      0.073    15.557 r  ddr3.u_axi_wrap_ddr/mig_axi/u_mig_axi_32_mig/u_ddr3_infrastructure/plle2_i/CLKOUT1
                         net (fo=7, routed)           0.496    16.053    ddr3.u_axi_wrap_ddr/mig_axi/u_mig_axi_32_mig/u_memc_ui_top_axi/mem_intfc0/ddr_phy_top0/u_ddr_mc_phy_wrapper/u_ddr_mc_phy/ddr_phy_4lanes_0.u_ddr_phy_4lanes/ddr_byte_lane_C.ddr_byte_lane_C/mem_refclk
    PHASER_OUT_PHY_X0Y18 PHASER_OUT_PHY (Prop_phaser_out_phy_MEMREFCLK_OCLK)
                                                      2.027    18.080 r  ddr3.u_axi_wrap_ddr/mig_axi/u_mig_axi_32_mig/u_memc_ui_top_axi/mem_intfc0/ddr_phy_top0/u_ddr_mc_phy_wrapper/u_ddr_mc_phy/ddr_phy_4lanes_0.u_ddr_phy_4lanes/ddr_byte_lane_C.ddr_byte_lane_C/phaser_out/OCLK
    PHASER_OUT_PHY_X0Y18 PHASER_OUT_PHY (Prop_phaser_out_phy_OCLK_OCLKDIV)
                                                      0.133    18.213 r  ddr3.u_axi_wrap_ddr/mig_axi/u_mig_axi_32_mig/u_memc_ui_top_axi/mem_intfc0/ddr_phy_top0/u_ddr_mc_phy_wrapper/u_ddr_mc_phy/ddr_phy_4lanes_0.u_ddr_phy_4lanes/ddr_byte_lane_C.ddr_byte_lane_C/phaser_out/OCLKDIV
                         net (fo=10, routed)          0.000    18.213    ddr3.u_axi_wrap_ddr/mig_axi/u_mig_axi_32_mig/u_memc_ui_top_axi/mem_intfc0/ddr_phy_top0/u_ddr_mc_phy_wrapper/u_ddr_mc_phy/ddr_phy_4lanes_0.u_ddr_phy_4lanes/ddr_byte_lane_C.ddr_byte_lane_C/oserdes_clkdiv
    OUT_FIFO_X0Y18       OUT_FIFO                                     r  ddr3.u_axi_wrap_ddr/mig_axi/u_mig_axi_32_mig/u_memc_ui_top_axi/mem_intfc0/ddr_phy_top0/u_ddr_mc_phy_wrapper/u_ddr_mc_phy/ddr_phy_4lanes_0.u_ddr_phy_4lanes/ddr_byte_lane_C.ddr_byte_lane_C/out_fifo/RDCLK
                         clock pessimism              0.398    18.610    
                         clock uncertainty           -0.065    18.545    
    OUT_FIFO_X0Y18       OUT_FIFO (Setup_out_fifo_RDCLK_RDEN)
                                                     -0.573    17.972    ddr3.u_axi_wrap_ddr/mig_axi/u_mig_axi_32_mig/u_memc_ui_top_axi/mem_intfc0/ddr_phy_top0/u_ddr_mc_phy_wrapper/u_ddr_mc_phy/ddr_phy_4lanes_0.u_ddr_phy_4lanes/ddr_byte_lane_C.ddr_byte_lane_C/out_fifo
  -------------------------------------------------------------------
                         required time                         17.972    
                         arrival time                         -16.278    
  -------------------------------------------------------------------
                         slack                                  1.694    





Min Delay Paths
--------------------------------------------------------------------------------------
Slack (MET) :             0.095ns  (arrival time - required time)
  Source:                 ddr3.u_axi_wrap_ddr/mig_axi/u_mig_axi_32_mig/u_memc_ui_top_axi/mem_intfc0/ddr_phy_top0/u_ddr_mc_phy_wrapper/u_ddr_mc_phy/ddr_phy_4lanes_0.u_ddr_phy_4lanes/ddr_byte_lane_C.ddr_byte_lane_C/phaser_out/OCLK
                            (rising edge-triggered cell PHASER_OUT_PHY clocked by oserdes_clk_2  {rise@0.000ns fall@1.250ns period=2.500ns})
  Destination:            ddr3.u_axi_wrap_ddr/mig_axi/u_mig_axi_32_mig/u_memc_ui_top_axi/mem_intfc0/ddr_phy_top0/u_ddr_mc_phy_wrapper/u_ddr_mc_phy/ddr_phy_4lanes_0.u_ddr_phy_4lanes/ddr_byte_lane_C.ddr_byte_lane_C/out_fifo/RDEN
                            (rising edge-triggered cell OUT_FIFO clocked by oserdes_clkdiv_2  {rise@0.000ns fall@5.000ns period=10.000ns})
  Path Group:             oserdes_clkdiv_2
  Path Type:              Hold (Min at Fast Process Corner)
  Requirement:            0.000ns  (oserdes_clkdiv_2 rise@0.000ns - oserdes_clk_2 rise@0.000ns)
  Data Path Delay:        0.172ns  (logic 0.172ns (100.000%)  route 0.000ns (0.000%))
  Logic Levels:           0  
  Clock Path Skew:        0.088ns (DCD - SCD - CPR)
    Destination Clock Delay (DCD):    4.823ns
    Source Clock Delay      (SCD):    4.114ns
    Clock Pessimism Removal (CPR):    0.621ns

    Location             Delay type                Incr(ns)  Path(ns)    Netlist Resource(s)
  -------------------------------------------------------------------    -------------------
                         (clock oserdes_clk_2 rise edge)
                                                      0.000     0.000 r  
    AC19                                              0.000     0.000 r  clk (IN)
                         net (fo=0)                   0.000     0.000    clk
    AC19                 IBUF (Prop_ibuf_I_O)         0.253     0.253 r  clk_IBUF_inst/O
                         net (fo=1, routed)           1.074     1.327    clk_IBUF
    BUFGCTRL_X0Y0        BUFG (Prop_bufg_I_O)         0.026     1.353 r  clk_IBUF_BUFG_inst/O
                         net (fo=2166, routed)        0.701     2.054    ddr3.u_axi_wrap_ddr/mig_axi/u_mig_axi_32_mig/u_ddr3_infrastructure/mmcm_clk
    PLLE2_ADV_X0Y4       PLLE2_ADV (Prop_plle2_adv_CLKIN1_CLKOUT1)
                                                      0.050     2.104 r  ddr3.u_axi_wrap_ddr/mig_axi/u_mig_axi_32_mig/u_ddr3_infrastructure/plle2_i/CLKOUT1
                         net (fo=7, routed)           0.197     2.301    ddr3.u_axi_wrap_ddr/mig_axi/u_mig_axi_32_mig/u_memc_ui_top_axi/mem_intfc0/ddr_phy_top0/u_ddr_mc_phy_wrapper/u_ddr_mc_phy/ddr_phy_4lanes_0.u_ddr_phy_4lanes/ddr_byte_lane_C.ddr_byte_lane_C/mem_refclk
    PHASER_OUT_PHY_X0Y18 PHASER_OUT_PHY (Prop_phaser_out_phy_MEMREFCLK_OCLK)
                                                      1.813     4.114 r  ddr3.u_axi_wrap_ddr/mig_axi/u_mig_axi_32_mig/u_memc_ui_top_axi/mem_intfc0/ddr_phy_top0/u_ddr_mc_phy_wrapper/u_ddr_mc_phy/ddr_phy_4lanes_0.u_ddr_phy_4lanes/ddr_byte_lane_C.ddr_byte_lane_C/phaser_out/OCLK
  -------------------------------------------------------------------    -------------------
    PHASER_OUT_PHY_X0Y18 PHASER_OUT_PHY (Prop_phaser_out_phy_OCLK_RDENABLE)
                                                      0.172     4.286 r  ddr3.u_axi_wrap_ddr/mig_axi/u_mig_axi_32_mig/u_memc_ui_top_axi/mem_intfc0/ddr_phy_top0/u_ddr_mc_phy_wrapper/u_ddr_mc_phy/ddr_phy_4lanes_0.u_ddr_phy_4lanes/ddr_byte_lane_C.ddr_byte_lane_C/phaser_out/RDENABLE
                         net (fo=1, routed)           0.000     4.286    ddr3.u_axi_wrap_ddr/mig_axi/u_mig_axi_32_mig/u_memc_ui_top_axi/mem_intfc0/ddr_phy_top0/u_ddr_mc_phy_wrapper/u_ddr_mc_phy/ddr_phy_4lanes_0.u_ddr_phy_4lanes/ddr_byte_lane_C.ddr_byte_lane_C/po_rd_enable
    OUT_FIFO_X0Y18       OUT_FIFO                                     r  ddr3.u_axi_wrap_ddr/mig_axi/u_mig_axi_32_mig/u_memc_ui_top_axi/mem_intfc0/ddr_phy_top0/u_ddr_mc_phy_wrapper/u_ddr_mc_phy/ddr_phy_4lanes_0.u_ddr_phy_4lanes/ddr_byte_lane_C.ddr_byte_lane_C/out_fifo/RDEN
  -------------------------------------------------------------------    -------------------

                         (clock oserdes_clkdiv_2 rise edge)
                                                      0.000     0.000 r  
    AC19                                              0.000     0.000 r  clk (IN)
                         net (fo=0)                   0.000     0.000    clk
    AC19                 IBUF (Prop_ibuf_I_O)         0.441     0.441 r  clk_IBUF_inst/O
                         net (fo=1, routed)           1.160     1.601    clk_IBUF
    BUFGCTRL_X0Y0        BUFG (Prop_bufg_I_O)         0.029     1.630 r  clk_IBUF_BUFG_inst/O
                         net (fo=2166, routed)        0.976     2.606    ddr3.u_axi_wrap_ddr/mig_axi/u_mig_axi_32_mig/u_ddr3_infrastructure/mmcm_clk
    PLLE2_ADV_X0Y4       PLLE2_ADV (Prop_plle2_adv_CLKIN1_CLKOUT1)
                                                      0.053     2.659 r  ddr3.u_axi_wrap_ddr/mig_axi/u_mig_axi_32_mig/u_ddr3_infrastructure/plle2_i/CLKOUT1
                         net (fo=7, routed)           0.218     2.877    ddr3.u_axi_wrap_ddr/mig_axi/u_mig_axi_32_mig/u_memc_ui_top_axi/mem_intfc0/ddr_phy_top0/u_ddr_mc_phy_wrapper/u_ddr_mc_phy/ddr_phy_4lanes_0.u_ddr_phy_4lanes/ddr_byte_lane_C.ddr_byte_lane_C/mem_refclk
    PHASER_OUT_PHY_X0Y18 PHASER_OUT_PHY (Prop_phaser_out_phy_MEMREFCLK_OCLK)
                                                      1.858     4.735 r  ddr3.u_axi_wrap_ddr/mig_axi/u_mig_axi_32_mig/u_memc_ui_top_axi/mem_intfc0/ddr_phy_top0/u_ddr_mc_phy_wrapper/u_ddr_mc_phy/ddr_phy_4lanes_0.u_ddr_phy_4lanes/ddr_byte_lane_C.ddr_byte_lane_C/phaser_out/OCLK
    PHASER_OUT_PHY_X0Y18 PHASER_OUT_PHY (Prop_phaser_out_phy_OCLK_OCLKDIV)
                                                      0.088     4.823 r  ddr3.u_axi_wrap_ddr/mig_axi/u_mig_axi_32_mig/u_memc_ui_top_axi/mem_intfc0/ddr_phy_top0/u_ddr_mc_phy_wrapper/u_ddr_mc_phy/ddr_phy_4lanes_0.u_ddr_phy_4lanes/ddr_byte_lane_C.ddr_byte_lane_C/phaser_out/OCLKDIV
                         net (fo=10, routed)          0.000     4.823    ddr3.u_axi_wrap_ddr/mig_axi/u_mig_axi_32_mig/u_memc_ui_top_axi/mem_intfc0/ddr_phy_top0/u_ddr_mc_phy_wrapper/u_ddr_mc_phy/ddr_phy_4lanes_0.u_ddr_phy_4lanes/ddr_byte_lane_C.ddr_byte_lane_C/oserdes_clkdiv
    OUT_FIFO_X0Y18       OUT_FIFO                                     r  ddr3.u_axi_wrap_ddr/mig_axi/u_mig_axi_32_mig/u_memc_ui_top_axi/mem_intfc0/ddr_phy_top0/u_ddr_mc_phy_wrapper/u_ddr_mc_phy/ddr_phy_4lanes_0.u_ddr_phy_4lanes/ddr_byte_lane_C.ddr_byte_lane_C/out_fifo/RDCLK
                         clock pessimism             -0.621     4.202    
    OUT_FIFO_X0Y18       OUT_FIFO (Hold_out_fifo_RDCLK_RDEN)
                                                     -0.011     4.191    ddr3.u_axi_wrap_ddr/mig_axi/u_mig_axi_32_mig/u_memc_ui_top_axi/mem_intfc0/ddr_phy_top0/u_ddr_mc_phy_wrapper/u_ddr_mc_phy/ddr_phy_4lanes_0.u_ddr_phy_4lanes/ddr_byte_lane_C.ddr_byte_lane_C/out_fifo
  -------------------------------------------------------------------
                         required time                         -4.191    
                         arrival time                           4.286    
  -------------------------------------------------------------------
                         slack                                  0.095    





---------------------------------------------------------------------------------------------------
From Clock:  oserdes_clk_3
  To Clock:  oserdes_clkdiv_3

Setup :            0  Failing Endpoints,  Worst Slack        1.694ns,  Total Violation        0.000ns
Hold  :            0  Failing Endpoints,  Worst Slack        0.095ns,  Total Violation        0.000ns
---------------------------------------------------------------------------------------------------


Max Delay Paths
--------------------------------------------------------------------------------------
Slack (MET) :             1.694ns  (required time - arrival time)
  Source:                 ddr3.u_axi_wrap_ddr/mig_axi/u_mig_axi_32_mig/u_memc_ui_top_axi/mem_intfc0/ddr_phy_top0/u_ddr_mc_phy_wrapper/u_ddr_mc_phy/ddr_phy_4lanes_0.u_ddr_phy_4lanes/ddr_byte_lane_D.ddr_byte_lane_D/phaser_out/OCLK
                            (rising edge-triggered cell PHASER_OUT_PHY clocked by oserdes_clk_3  {rise@0.000ns fall@1.250ns period=2.500ns})
  Destination:            ddr3.u_axi_wrap_ddr/mig_axi/u_mig_axi_32_mig/u_memc_ui_top_axi/mem_intfc0/ddr_phy_top0/u_ddr_mc_phy_wrapper/u_ddr_mc_phy/ddr_phy_4lanes_0.u_ddr_phy_4lanes/ddr_byte_lane_D.ddr_byte_lane_D/out_fifo/RDEN
                            (rising edge-triggered cell OUT_FIFO clocked by oserdes_clkdiv_3  {rise@0.000ns fall@5.000ns period=10.000ns})
  Path Group:             oserdes_clkdiv_3
  Path Type:              Setup (Max at Slow Process Corner)
  Requirement:            2.500ns  (oserdes_clkdiv_3 rise@10.000ns - oserdes_clk_3 rise@7.500ns)
  Data Path Delay:        0.301ns  (logic 0.301ns (100.000%)  route 0.000ns (0.000%))
  Logic Levels:           0  
  Clock Path Skew:        0.133ns (DCD - SCD + CPR)
    Destination Clock Delay (DCD):    8.203ns = ( 18.203 - 10.000 ) 
    Source Clock Delay      (SCD):    8.466ns = ( 15.966 - 7.500 ) 
    Clock Pessimism Removal (CPR):    0.397ns
  Clock Uncertainty:      0.065ns  ((TSJ^2 + DJ^2)^1/2) / 2 + PE
    Total System Jitter     (TSJ):    0.071ns
    Discrete Jitter          (DJ):    0.109ns
    Phase Error              (PE):    0.000ns

    Location             Delay type                Incr(ns)  Path(ns)    Netlist Resource(s)
  -------------------------------------------------------------------    -------------------
                         (clock oserdes_clk_3 rise edge)
                                                      7.500     7.500 r  
    AC19                                              0.000     7.500 r  clk (IN)
                         net (fo=0)                   0.000     7.500    clk
    AC19                 IBUF (Prop_ibuf_I_O)         1.416     8.916 r  clk_IBUF_inst/O
                         net (fo=1, routed)           2.602    11.518    clk_IBUF
    BUFGCTRL_X0Y0        BUFG (Prop_bufg_I_O)         0.081    11.599 r  clk_IBUF_BUFG_inst/O
                         net (fo=2166, routed)        1.696    13.295    ddr3.u_axi_wrap_ddr/mig_axi/u_mig_axi_32_mig/u_ddr3_infrastructure/mmcm_clk
    PLLE2_ADV_X0Y4       PLLE2_ADV (Prop_plle2_adv_CLKIN1_CLKOUT1)
                                                      0.077    13.372 r  ddr3.u_axi_wrap_ddr/mig_axi/u_mig_axi_32_mig/u_ddr3_infrastructure/plle2_i/CLKOUT1
                         net (fo=7, routed)           0.511    13.883    ddr3.u_axi_wrap_ddr/mig_axi/u_mig_axi_32_mig/u_memc_ui_top_axi/mem_intfc0/ddr_phy_top0/u_ddr_mc_phy_wrapper/u_ddr_mc_phy/ddr_phy_4lanes_0.u_ddr_phy_4lanes/ddr_byte_lane_D.ddr_byte_lane_D/mem_refclk
    PHASER_OUT_PHY_X0Y19 PHASER_OUT_PHY (Prop_phaser_out_phy_MEMREFCLK_OCLK)
                                                      2.083    15.966 r  ddr3.u_axi_wrap_ddr/mig_axi/u_mig_axi_32_mig/u_memc_ui_top_axi/mem_intfc0/ddr_phy_top0/u_ddr_mc_phy_wrapper/u_ddr_mc_phy/ddr_phy_4lanes_0.u_ddr_phy_4lanes/ddr_byte_lane_D.ddr_byte_lane_D/phaser_out/OCLK
  -------------------------------------------------------------------    -------------------
    PHASER_OUT_PHY_X0Y19 PHASER_OUT_PHY (Prop_phaser_out_phy_OCLK_RDENABLE)
                                                      0.301    16.267 r  ddr3.u_axi_wrap_ddr/mig_axi/u_mig_axi_32_mig/u_memc_ui_top_axi/mem_intfc0/ddr_phy_top0/u_ddr_mc_phy_wrapper/u_ddr_mc_phy/ddr_phy_4lanes_0.u_ddr_phy_4lanes/ddr_byte_lane_D.ddr_byte_lane_D/phaser_out/RDENABLE
                         net (fo=1, routed)           0.000    16.267    ddr3.u_axi_wrap_ddr/mig_axi/u_mig_axi_32_mig/u_memc_ui_top_axi/mem_intfc0/ddr_phy_top0/u_ddr_mc_phy_wrapper/u_ddr_mc_phy/ddr_phy_4lanes_0.u_ddr_phy_4lanes/ddr_byte_lane_D.ddr_byte_lane_D/po_rd_enable
    OUT_FIFO_X0Y19       OUT_FIFO                                     r  ddr3.u_axi_wrap_ddr/mig_axi/u_mig_axi_32_mig/u_memc_ui_top_axi/mem_intfc0/ddr_phy_top0/u_ddr_mc_phy_wrapper/u_ddr_mc_phy/ddr_phy_4lanes_0.u_ddr_phy_4lanes/ddr_byte_lane_D.ddr_byte_lane_D/out_fifo/RDEN
  -------------------------------------------------------------------    -------------------

                         (clock oserdes_clkdiv_3 rise edge)
                                                     10.000    10.000 r  
    AC19                                              0.000    10.000 r  clk (IN)
                         net (fo=0)                   0.000    10.000    clk
    AC19                 IBUF (Prop_ibuf_I_O)         1.350    11.350 r  clk_IBUF_inst/O
                         net (fo=1, routed)           2.471    13.821    clk_IBUF
    BUFGCTRL_X0Y0        BUFG (Prop_bufg_I_O)         0.077    13.898 r  clk_IBUF_BUFG_inst/O
                         net (fo=2166, routed)        1.586    15.484    ddr3.u_axi_wrap_ddr/mig_axi/u_mig_axi_32_mig/u_ddr3_infrastructure/mmcm_clk
    PLLE2_ADV_X0Y4       PLLE2_ADV (Prop_plle2_adv_CLKIN1_CLKOUT1)
                                                      0.073    15.557 r  ddr3.u_axi_wrap_ddr/mig_axi/u_mig_axi_32_mig/u_ddr3_infrastructure/plle2_i/CLKOUT1
                         net (fo=7, routed)           0.486    16.043    ddr3.u_axi_wrap_ddr/mig_axi/u_mig_axi_32_mig/u_memc_ui_top_axi/mem_intfc0/ddr_phy_top0/u_ddr_mc_phy_wrapper/u_ddr_mc_phy/ddr_phy_4lanes_0.u_ddr_phy_4lanes/ddr_byte_lane_D.ddr_byte_lane_D/mem_refclk
    PHASER_OUT_PHY_X0Y19 PHASER_OUT_PHY (Prop_phaser_out_phy_MEMREFCLK_OCLK)
                                                      2.027    18.070 r  ddr3.u_axi_wrap_ddr/mig_axi/u_mig_axi_32_mig/u_memc_ui_top_axi/mem_intfc0/ddr_phy_top0/u_ddr_mc_phy_wrapper/u_ddr_mc_phy/ddr_phy_4lanes_0.u_ddr_phy_4lanes/ddr_byte_lane_D.ddr_byte_lane_D/phaser_out/OCLK
    PHASER_OUT_PHY_X0Y19 PHASER_OUT_PHY (Prop_phaser_out_phy_OCLK_OCLKDIV)
                                                      0.133    18.203 r  ddr3.u_axi_wrap_ddr/mig_axi/u_mig_axi_32_mig/u_memc_ui_top_axi/mem_intfc0/ddr_phy_top0/u_ddr_mc_phy_wrapper/u_ddr_mc_phy/ddr_phy_4lanes_0.u_ddr_phy_4lanes/ddr_byte_lane_D.ddr_byte_lane_D/phaser_out/OCLKDIV
                         net (fo=13, routed)          0.000    18.203    ddr3.u_axi_wrap_ddr/mig_axi/u_mig_axi_32_mig/u_memc_ui_top_axi/mem_intfc0/ddr_phy_top0/u_ddr_mc_phy_wrapper/u_ddr_mc_phy/ddr_phy_4lanes_0.u_ddr_phy_4lanes/ddr_byte_lane_D.ddr_byte_lane_D/oserdes_clkdiv
    OUT_FIFO_X0Y19       OUT_FIFO                                     r  ddr3.u_axi_wrap_ddr/mig_axi/u_mig_axi_32_mig/u_memc_ui_top_axi/mem_intfc0/ddr_phy_top0/u_ddr_mc_phy_wrapper/u_ddr_mc_phy/ddr_phy_4lanes_0.u_ddr_phy_4lanes/ddr_byte_lane_D.ddr_byte_lane_D/out_fifo/RDCLK
                         clock pessimism              0.397    18.599    
                         clock uncertainty           -0.065    18.534    
    OUT_FIFO_X0Y19       OUT_FIFO (Setup_out_fifo_RDCLK_RDEN)
                                                     -0.573    17.961    ddr3.u_axi_wrap_ddr/mig_axi/u_mig_axi_32_mig/u_memc_ui_top_axi/mem_intfc0/ddr_phy_top0/u_ddr_mc_phy_wrapper/u_ddr_mc_phy/ddr_phy_4lanes_0.u_ddr_phy_4lanes/ddr_byte_lane_D.ddr_byte_lane_D/out_fifo
  -------------------------------------------------------------------
                         required time                         17.961    
                         arrival time                         -16.267    
  -------------------------------------------------------------------
                         slack                                  1.694    





Min Delay Paths
--------------------------------------------------------------------------------------
Slack (MET) :             0.095ns  (arrival time - required time)
  Source:                 ddr3.u_axi_wrap_ddr/mig_axi/u_mig_axi_32_mig/u_memc_ui_top_axi/mem_intfc0/ddr_phy_top0/u_ddr_mc_phy_wrapper/u_ddr_mc_phy/ddr_phy_4lanes_0.u_ddr_phy_4lanes/ddr_byte_lane_D.ddr_byte_lane_D/phaser_out/OCLK
                            (rising edge-triggered cell PHASER_OUT_PHY clocked by oserdes_clk_3  {rise@0.000ns fall@1.250ns period=2.500ns})
  Destination:            ddr3.u_axi_wrap_ddr/mig_axi/u_mig_axi_32_mig/u_memc_ui_top_axi/mem_intfc0/ddr_phy_top0/u_ddr_mc_phy_wrapper/u_ddr_mc_phy/ddr_phy_4lanes_0.u_ddr_phy_4lanes/ddr_byte_lane_D.ddr_byte_lane_D/out_fifo/RDEN
                            (rising edge-triggered cell OUT_FIFO clocked by oserdes_clkdiv_3  {rise@0.000ns fall@5.000ns period=10.000ns})
  Path Group:             oserdes_clkdiv_3
  Path Type:              Hold (Min at Fast Process Corner)
  Requirement:            0.000ns  (oserdes_clkdiv_3 rise@0.000ns - oserdes_clk_3 rise@0.000ns)
  Data Path Delay:        0.172ns  (logic 0.172ns (100.000%)  route 0.000ns (0.000%))
  Logic Levels:           0  
  Clock Path Skew:        0.088ns (DCD - SCD - CPR)
    Destination Clock Delay (DCD):    4.814ns
    Source Clock Delay      (SCD):    4.107ns
    Clock Pessimism Removal (CPR):    0.619ns

    Location             Delay type                Incr(ns)  Path(ns)    Netlist Resource(s)
  -------------------------------------------------------------------    -------------------
                         (clock oserdes_clk_3 rise edge)
                                                      0.000     0.000 r  
    AC19                                              0.000     0.000 r  clk (IN)
                         net (fo=0)                   0.000     0.000    clk
    AC19                 IBUF (Prop_ibuf_I_O)         0.253     0.253 r  clk_IBUF_inst/O
                         net (fo=1, routed)           1.074     1.327    clk_IBUF
    BUFGCTRL_X0Y0        BUFG (Prop_bufg_I_O)         0.026     1.353 r  clk_IBUF_BUFG_inst/O
                         net (fo=2166, routed)        0.701     2.054    ddr3.u_axi_wrap_ddr/mig_axi/u_mig_axi_32_mig/u_ddr3_infrastructure/mmcm_clk
    PLLE2_ADV_X0Y4       PLLE2_ADV (Prop_plle2_adv_CLKIN1_CLKOUT1)
                                                      0.050     2.104 r  ddr3.u_axi_wrap_ddr/mig_axi/u_mig_axi_32_mig/u_ddr3_infrastructure/plle2_i/CLKOUT1
                         net (fo=7, routed)           0.190     2.294    ddr3.u_axi_wrap_ddr/mig_axi/u_mig_axi_32_mig/u_memc_ui_top_axi/mem_intfc0/ddr_phy_top0/u_ddr_mc_phy_wrapper/u_ddr_mc_phy/ddr_phy_4lanes_0.u_ddr_phy_4lanes/ddr_byte_lane_D.ddr_byte_lane_D/mem_refclk
    PHASER_OUT_PHY_X0Y19 PHASER_OUT_PHY (Prop_phaser_out_phy_MEMREFCLK_OCLK)
                                                      1.813     4.107 r  ddr3.u_axi_wrap_ddr/mig_axi/u_mig_axi_32_mig/u_memc_ui_top_axi/mem_intfc0/ddr_phy_top0/u_ddr_mc_phy_wrapper/u_ddr_mc_phy/ddr_phy_4lanes_0.u_ddr_phy_4lanes/ddr_byte_lane_D.ddr_byte_lane_D/phaser_out/OCLK
  -------------------------------------------------------------------    -------------------
    PHASER_OUT_PHY_X0Y19 PHASER_OUT_PHY (Prop_phaser_out_phy_OCLK_RDENABLE)
                                                      0.172     4.279 r  ddr3.u_axi_wrap_ddr/mig_axi/u_mig_axi_32_mig/u_memc_ui_top_axi/mem_intfc0/ddr_phy_top0/u_ddr_mc_phy_wrapper/u_ddr_mc_phy/ddr_phy_4lanes_0.u_ddr_phy_4lanes/ddr_byte_lane_D.ddr_byte_lane_D/phaser_out/RDENABLE
                         net (fo=1, routed)           0.000     4.279    ddr3.u_axi_wrap_ddr/mig_axi/u_mig_axi_32_mig/u_memc_ui_top_axi/mem_intfc0/ddr_phy_top0/u_ddr_mc_phy_wrapper/u_ddr_mc_phy/ddr_phy_4lanes_0.u_ddr_phy_4lanes/ddr_byte_lane_D.ddr_byte_lane_D/po_rd_enable
    OUT_FIFO_X0Y19       OUT_FIFO                                     r  ddr3.u_axi_wrap_ddr/mig_axi/u_mig_axi_32_mig/u_memc_ui_top_axi/mem_intfc0/ddr_phy_top0/u_ddr_mc_phy_wrapper/u_ddr_mc_phy/ddr_phy_4lanes_0.u_ddr_phy_4lanes/ddr_byte_lane_D.ddr_byte_lane_D/out_fifo/RDEN
  -------------------------------------------------------------------    -------------------

                         (clock oserdes_clkdiv_3 rise edge)
                                                      0.000     0.000 r  
    AC19                                              0.000     0.000 r  clk (IN)
                         net (fo=0)                   0.000     0.000    clk
    AC19                 IBUF (Prop_ibuf_I_O)         0.441     0.441 r  clk_IBUF_inst/O
                         net (fo=1, routed)           1.160     1.601    clk_IBUF
    BUFGCTRL_X0Y0        BUFG (Prop_bufg_I_O)         0.029     1.630 r  clk_IBUF_BUFG_inst/O
                         net (fo=2166, routed)        0.976     2.606    ddr3.u_axi_wrap_ddr/mig_axi/u_mig_axi_32_mig/u_ddr3_infrastructure/mmcm_clk
    PLLE2_ADV_X0Y4       PLLE2_ADV (Prop_plle2_adv_CLKIN1_CLKOUT1)
                                                      0.053     2.659 r  ddr3.u_axi_wrap_ddr/mig_axi/u_mig_axi_32_mig/u_ddr3_infrastructure/plle2_i/CLKOUT1
                         net (fo=7, routed)           0.209     2.868    ddr3.u_axi_wrap_ddr/mig_axi/u_mig_axi_32_mig/u_memc_ui_top_axi/mem_intfc0/ddr_phy_top0/u_ddr_mc_phy_wrapper/u_ddr_mc_phy/ddr_phy_4lanes_0.u_ddr_phy_4lanes/ddr_byte_lane_D.ddr_byte_lane_D/mem_refclk
    PHASER_OUT_PHY_X0Y19 PHASER_OUT_PHY (Prop_phaser_out_phy_MEMREFCLK_OCLK)
                                                      1.858     4.726 r  ddr3.u_axi_wrap_ddr/mig_axi/u_mig_axi_32_mig/u_memc_ui_top_axi/mem_intfc0/ddr_phy_top0/u_ddr_mc_phy_wrapper/u_ddr_mc_phy/ddr_phy_4lanes_0.u_ddr_phy_4lanes/ddr_byte_lane_D.ddr_byte_lane_D/phaser_out/OCLK
    PHASER_OUT_PHY_X0Y19 PHASER_OUT_PHY (Prop_phaser_out_phy_OCLK_OCLKDIV)
                                                      0.088     4.814 r  ddr3.u_axi_wrap_ddr/mig_axi/u_mig_axi_32_mig/u_memc_ui_top_axi/mem_intfc0/ddr_phy_top0/u_ddr_mc_phy_wrapper/u_ddr_mc_phy/ddr_phy_4lanes_0.u_ddr_phy_4lanes/ddr_byte_lane_D.ddr_byte_lane_D/phaser_out/OCLKDIV
                         net (fo=13, routed)          0.000     4.814    ddr3.u_axi_wrap_ddr/mig_axi/u_mig_axi_32_mig/u_memc_ui_top_axi/mem_intfc0/ddr_phy_top0/u_ddr_mc_phy_wrapper/u_ddr_mc_phy/ddr_phy_4lanes_0.u_ddr_phy_4lanes/ddr_byte_lane_D.ddr_byte_lane_D/oserdes_clkdiv
    OUT_FIFO_X0Y19       OUT_FIFO                                     r  ddr3.u_axi_wrap_ddr/mig_axi/u_mig_axi_32_mig/u_memc_ui_top_axi/mem_intfc0/ddr_phy_top0/u_ddr_mc_phy_wrapper/u_ddr_mc_phy/ddr_phy_4lanes_0.u_ddr_phy_4lanes/ddr_byte_lane_D.ddr_byte_lane_D/out_fifo/RDCLK
                         clock pessimism             -0.619     4.195    
    OUT_FIFO_X0Y19       OUT_FIFO (Hold_out_fifo_RDCLK_RDEN)
                                                     -0.011     4.184    ddr3.u_axi_wrap_ddr/mig_axi/u_mig_axi_32_mig/u_memc_ui_top_axi/mem_intfc0/ddr_phy_top0/u_ddr_mc_phy_wrapper/u_ddr_mc_phy/ddr_phy_4lanes_0.u_ddr_phy_4lanes/ddr_byte_lane_D.ddr_byte_lane_D/out_fifo
  -------------------------------------------------------------------
                         required time                         -4.184    
                         arrival time                           4.279    
  -------------------------------------------------------------------
                         slack                                  0.095    





---------------------------------------------------------------------------------------------------
From Clock:  ddr_clk
  To Clock:  clk_pll_i

Setup :            0  Failing Endpoints,  Worst Slack       17.566ns,  Total Violation        0.000ns
Hold  :            0  Failing Endpoints,  Worst Slack        0.058ns,  Total Violation        0.000ns
---------------------------------------------------------------------------------------------------


Max Delay Paths
--------------------------------------------------------------------------------------
Slack (MET) :             17.566ns  (required time - arrival time)
  Source:                 ddr3.u_axi_wrap_ddr/mig_axi/u_mig_axi_32_mig/temp_mon_enabled.u_tempmon/xadc_supplied_temperature.temperature_reg[7]/C
                            (rising edge-triggered cell FDRE clocked by ddr_clk  {rise@0.000ns fall@2.500ns period=5.000ns})
  Destination:            ddr3.u_axi_wrap_ddr/mig_axi/u_mig_axi_32_mig/temp_mon_enabled.u_tempmon/device_temp_sync_r1_reg[7]/D
                            (rising edge-triggered cell FDRE clocked by clk_pll_i  {rise@0.000ns fall@5.000ns period=10.000ns})
  Path Group:             clk_pll_i
  Path Type:              Setup (Max at Slow Process Corner)
  Requirement:            20.000ns  (MaxDelay Path 20.000ns)
  Data Path Delay:        4.351ns  (logic 0.379ns (8.711%)  route 3.972ns (91.289%))
  Logic Levels:           0  
  Clock Path Skew:        2.210ns (DCD - SCD + CPR)
    Destination Clock Delay (DCD):    7.577ns
    Source Clock Delay      (SCD):    5.568ns
    Clock Pessimism Removal (CPR):    0.201ns
  Clock Uncertainty:      0.261ns  ((TSJ^2 + DJ^2)^1/2) / 2 + PE
    Total System Jitter     (TSJ):    0.071ns
    Discrete Jitter          (DJ):    0.209ns
    Phase Error              (PE):    0.151ns
  Timing Exception:       MaxDelay Path 20.000ns

    Location             Delay type                Incr(ns)  Path(ns)    Netlist Resource(s)
  -------------------------------------------------------------------    -------------------
                         (clock ddr_clk rise edge)    0.000     0.000 r  
    AC19                                              0.000     0.000 r  clk (IN)
                         net (fo=0)                   0.000     0.000    clk
    AC19                 IBUF (Prop_ibuf_I_O)         1.416     1.416 r  clk_IBUF_inst/O
                         net (fo=1, routed)           2.602     4.018    clk_IBUF
    BUFGCTRL_X0Y0        BUFG (Prop_bufg_I_O)         0.081     4.099 r  clk_IBUF_BUFG_inst/O
                         net (fo=2166, routed)        1.823     5.922    fpga_pll.u_clk_pll_ddr/inst/clk_in1
    PLLE2_ADV_X1Y0       PLLE2_ADV (Prop_plle2_adv_CLKIN1_CLKOUT0)
                                                     -4.192     1.730 r  fpga_pll.u_clk_pll_ddr/inst/plle2_adv_inst/CLKOUT0
                         net (fo=1, routed)           2.288     4.018    fpga_pll.u_clk_pll_ddr/inst/ddr_clk_clk_pll_ddr
    BUFGCTRL_X0Y1        BUFG (Prop_bufg_I_O)         0.081     4.099 r  fpga_pll.u_clk_pll_ddr/inst/clkout1_buf/O
                         net (fo=62, routed)          1.469     5.568    ddr3.u_axi_wrap_ddr/mig_axi/u_mig_axi_32_mig/temp_mon_enabled.u_tempmon/clk_ref_i
    SLICE_X9Y173         FDRE                                         r  ddr3.u_axi_wrap_ddr/mig_axi/u_mig_axi_32_mig/temp_mon_enabled.u_tempmon/xadc_supplied_temperature.temperature_reg[7]/C
  -------------------------------------------------------------------    -------------------
    SLICE_X9Y173         FDRE (Prop_fdre_C_Q)         0.379     5.947 r  ddr3.u_axi_wrap_ddr/mig_axi/u_mig_axi_32_mig/temp_mon_enabled.u_tempmon/xadc_supplied_temperature.temperature_reg[7]/Q
                         net (fo=1, routed)           3.972     9.919    ddr3.u_axi_wrap_ddr/mig_axi/u_mig_axi_32_mig/temp_mon_enabled.u_tempmon/device_temp_lcl[7]
    SLICE_X4Y172         FDRE                                         r  ddr3.u_axi_wrap_ddr/mig_axi/u_mig_axi_32_mig/temp_mon_enabled.u_tempmon/device_temp_sync_r1_reg[7]/D
  -------------------------------------------------------------------    -------------------

                         max delay                   20.000    20.000    
    AC19                                              0.000    20.000 r  clk (IN)
                         net (fo=0)                   0.000    20.000    clk
    AC19                 IBUF (Prop_ibuf_I_O)         1.350    21.350 r  clk_IBUF_inst/O
                         net (fo=1, routed)           2.471    23.821    clk_IBUF
    BUFGCTRL_X0Y0        BUFG (Prop_bufg_I_O)         0.077    23.898 r  clk_IBUF_BUFG_inst/O
                         net (fo=2166, routed)        1.586    25.484    ddr3.u_axi_wrap_ddr/mig_axi/u_mig_axi_32_mig/u_ddr3_infrastructure/mmcm_clk
    PLLE2_ADV_X0Y4       PLLE2_ADV (Prop_plle2_adv_CLKIN1_CLKOUT3)
                                                      0.073    25.557 r  ddr3.u_axi_wrap_ddr/mig_axi/u_mig_axi_32_mig/u_ddr3_infrastructure/plle2_i/CLKOUT3
                         net (fo=1, routed)           1.281    26.838    ddr3.u_axi_wrap_ddr/mig_axi/u_mig_axi_32_mig/u_ddr3_infrastructure/pll_clk3_out
    BUFHCE_X0Y48         BUFH (Prop_bufh_I_O)         0.069    26.907 r  ddr3.u_axi_wrap_ddr/mig_axi/u_mig_axi_32_mig/u_ddr3_infrastructure/u_bufh_pll_clk3/O
                         net (fo=1, routed)           0.805    27.712    ddr3.u_axi_wrap_ddr/mig_axi/u_mig_axi_32_mig/u_ddr3_infrastructure/pll_clk3
    MMCME2_ADV_X0Y4      MMCME2_ADV (Prop_mmcme2_adv_CLKIN1_CLKFBOUT)
                                                     -3.606    24.105 r  ddr3.u_axi_wrap_ddr/mig_axi/u_mig_axi_32_mig/u_ddr3_infrastructure/gen_mmcm.mmcm_i/CLKFBOUT
                         net (fo=1, routed)           1.964    26.070    ddr3.u_axi_wrap_ddr/mig_axi/u_mig_axi_32_mig/u_ddr3_infrastructure/clk_pll_i
    BUFGCTRL_X0Y16       BUFG (Prop_bufg_I_O)         0.077    26.147 r  ddr3.u_axi_wrap_ddr/mig_axi/u_mig_axi_32_mig/u_ddr3_infrastructure/u_bufg_clkdiv0/O
                         net (fo=7005, routed)        1.430    27.577    ddr3.u_axi_wrap_ddr/mig_axi/u_mig_axi_32_mig/temp_mon_enabled.u_tempmon/device_temp_r_reg[11]_0
    SLICE_X4Y172         FDRE                                         r  ddr3.u_axi_wrap_ddr/mig_axi/u_mig_axi_32_mig/temp_mon_enabled.u_tempmon/device_temp_sync_r1_reg[7]/C
                         clock pessimism              0.201    27.778    
                         clock uncertainty           -0.261    27.517    
    SLICE_X4Y172         FDRE (Setup_fdre_C_D)       -0.032    27.485    ddr3.u_axi_wrap_ddr/mig_axi/u_mig_axi_32_mig/temp_mon_enabled.u_tempmon/device_temp_sync_r1_reg[7]
  -------------------------------------------------------------------
                         required time                         27.485    
                         arrival time                          -9.919    
  -------------------------------------------------------------------
                         slack                                 17.566    





Min Delay Paths
--------------------------------------------------------------------------------------
Slack (MET) :             0.058ns  (arrival time - required time)
  Source:                 ddr3.u_axi_wrap_ddr/mig_axi/u_mig_axi_32_mig/temp_mon_enabled.u_tempmon/xadc_supplied_temperature.temperature_reg[9]/C
                            (rising edge-triggered cell FDRE clocked by ddr_clk  {rise@0.000ns fall@2.500ns period=5.000ns})
  Destination:            ddr3.u_axi_wrap_ddr/mig_axi/u_mig_axi_32_mig/temp_mon_enabled.u_tempmon/device_temp_sync_r1_reg[9]/D
                            (rising edge-triggered cell FDRE clocked by clk_pll_i  {rise@0.000ns fall@5.000ns period=10.000ns})
  Path Group:             clk_pll_i
  Path Type:              Hold (Min at Slow Process Corner)
  Requirement:            0.000ns  (clk_pll_i rise@0.000ns - ddr_clk rise@0.000ns)
  Data Path Delay:        3.165ns  (logic 0.347ns (10.965%)  route 2.818ns (89.035%))
  Logic Levels:           0  
  Clock Path Skew:        2.651ns (DCD - SCD - CPR)
    Destination Clock Delay (DCD):    8.113ns
    Source Clock Delay      (SCD):    5.261ns
    Clock Pessimism Removal (CPR):    0.201ns
  Clock Uncertainty:      0.261ns  ((TSJ^2 + DJ^2)^1/2) / 2 + PE
    Total System Jitter     (TSJ):    0.071ns
    Discrete Jitter          (DJ):    0.209ns
    Phase Error              (PE):    0.151ns

    Location             Delay type                Incr(ns)  Path(ns)    Netlist Resource(s)
  -------------------------------------------------------------------    -------------------
                         (clock ddr_clk rise edge)    0.000     0.000 r  
    AC19                                              0.000     0.000 r  clk (IN)
                         net (fo=0)                   0.000     0.000    clk
    AC19                 IBUF (Prop_ibuf_I_O)         1.350     1.350 r  clk_IBUF_inst/O
                         net (fo=1, routed)           2.471     3.821    clk_IBUF
    BUFGCTRL_X0Y0        BUFG (Prop_bufg_I_O)         0.077     3.898 r  clk_IBUF_BUFG_inst/O
                         net (fo=2166, routed)        1.706     5.604    fpga_pll.u_clk_pll_ddr/inst/clk_in1
    PLLE2_ADV_X1Y0       PLLE2_ADV (Prop_plle2_adv_CLKIN1_CLKOUT0)
                                                     -3.960     1.644 r  fpga_pll.u_clk_pll_ddr/inst/plle2_adv_inst/CLKOUT0
                         net (fo=1, routed)           2.177     3.821    fpga_pll.u_clk_pll_ddr/inst/ddr_clk_clk_pll_ddr
    BUFGCTRL_X0Y1        BUFG (Prop_bufg_I_O)         0.077     3.898 r  fpga_pll.u_clk_pll_ddr/inst/clkout1_buf/O
                         net (fo=62, routed)          1.363     5.261    ddr3.u_axi_wrap_ddr/mig_axi/u_mig_axi_32_mig/temp_mon_enabled.u_tempmon/clk_ref_i
    SLICE_X10Y173        FDRE                                         r  ddr3.u_axi_wrap_ddr/mig_axi/u_mig_axi_32_mig/temp_mon_enabled.u_tempmon/xadc_supplied_temperature.temperature_reg[9]/C
  -------------------------------------------------------------------    -------------------
    SLICE_X10Y173        FDRE (Prop_fdre_C_Q)         0.347     5.608 r  ddr3.u_axi_wrap_ddr/mig_axi/u_mig_axi_32_mig/temp_mon_enabled.u_tempmon/xadc_supplied_temperature.temperature_reg[9]/Q
                         net (fo=1, routed)           2.818     8.425    ddr3.u_axi_wrap_ddr/mig_axi/u_mig_axi_32_mig/temp_mon_enabled.u_tempmon/device_temp_lcl[9]
    SLICE_X6Y168         FDRE                                         r  ddr3.u_axi_wrap_ddr/mig_axi/u_mig_axi_32_mig/temp_mon_enabled.u_tempmon/device_temp_sync_r1_reg[9]/D
  -------------------------------------------------------------------    -------------------

                         (clock clk_pll_i rise edge)
                                                      0.000     0.000 r  
    AC19                                              0.000     0.000 r  clk (IN)
                         net (fo=0)                   0.000     0.000    clk
    AC19                 IBUF (Prop_ibuf_I_O)         1.416     1.416 r  clk_IBUF_inst/O
                         net (fo=1, routed)           2.602     4.018    clk_IBUF
    BUFGCTRL_X0Y0        BUFG (Prop_bufg_I_O)         0.081     4.099 r  clk_IBUF_BUFG_inst/O
                         net (fo=2166, routed)        1.696     5.795    ddr3.u_axi_wrap_ddr/mig_axi/u_mig_axi_32_mig/u_ddr3_infrastructure/mmcm_clk
    PLLE2_ADV_X0Y4       PLLE2_ADV (Prop_plle2_adv_CLKIN1_CLKOUT3)
                                                      0.077     5.872 r  ddr3.u_axi_wrap_ddr/mig_axi/u_mig_axi_32_mig/u_ddr3_infrastructure/plle2_i/CLKOUT3
                         net (fo=1, routed)           1.429     7.301    ddr3.u_axi_wrap_ddr/mig_axi/u_mig_axi_32_mig/u_ddr3_infrastructure/pll_clk3_out
    BUFHCE_X0Y48         BUFH (Prop_bufh_I_O)         0.106     7.407 r  ddr3.u_axi_wrap_ddr/mig_axi/u_mig_axi_32_mig/u_ddr3_infrastructure/u_bufh_pll_clk3/O
                         net (fo=1, routed)           0.841     8.248    ddr3.u_axi_wrap_ddr/mig_axi/u_mig_axi_32_mig/u_ddr3_infrastructure/pll_clk3
    MMCME2_ADV_X0Y4      MMCME2_ADV (Prop_mmcme2_adv_CLKIN1_CLKFBOUT)
                                                     -3.816     4.432 r  ddr3.u_axi_wrap_ddr/mig_axi/u_mig_axi_32_mig/u_ddr3_infrastructure/gen_mmcm.mmcm_i/CLKFBOUT
                         net (fo=1, routed)           2.061     6.493    ddr3.u_axi_wrap_ddr/mig_axi/u_mig_axi_32_mig/u_ddr3_infrastructure/clk_pll_i
    BUFGCTRL_X0Y16       BUFG (Prop_bufg_I_O)         0.081     6.574 r  ddr3.u_axi_wrap_ddr/mig_axi/u_mig_axi_32_mig/u_ddr3_infrastructure/u_bufg_clkdiv0/O
                         net (fo=7005, routed)        1.539     8.113    ddr3.u_axi_wrap_ddr/mig_axi/u_mig_axi_32_mig/temp_mon_enabled.u_tempmon/device_temp_r_reg[11]_0
    SLICE_X6Y168         FDRE                                         r  ddr3.u_axi_wrap_ddr/mig_axi/u_mig_axi_32_mig/temp_mon_enabled.u_tempmon/device_temp_sync_r1_reg[9]/C
                         clock pessimism             -0.201     7.912    
                         clock uncertainty            0.261     8.173    
    SLICE_X6Y168         FDRE (Hold_fdre_C_D)         0.195     8.368    ddr3.u_axi_wrap_ddr/mig_axi/u_mig_axi_32_mig/temp_mon_enabled.u_tempmon/device_temp_sync_r1_reg[9]
  -------------------------------------------------------------------
                         required time                         -8.368    
                         arrival time                           8.425    
  -------------------------------------------------------------------
                         slack                                  0.058    





---------------------------------------------------------------------------------------------------
From Clock:  sys_clk
  To Clock:  clk_pll_i

Setup :            0  Failing Endpoints,  Worst Slack        5.983ns,  Total Violation        0.000ns
Hold  :            0  Failing Endpoints,  Worst Slack        0.052ns,  Total Violation        0.000ns
---------------------------------------------------------------------------------------------------


Max Delay Paths
--------------------------------------------------------------------------------------
Slack (MET) :             5.983ns  (required time - arrival time)
  Source:                 ddr3.u_axi_wrap_ddr/u_Axi_CDC/awFifo/ram_reg_0_3_6_11/RAMC_D1/CLK
                            (rising edge-triggered cell RAMD32 clocked by sys_clk  {rise@0.000ns fall@5.000ns period=10.000ns})
  Destination:            ddr3.u_axi_wrap_ddr/u_Axi_CDC/awFifo/_zz_ram_port1_reg[11]/D
                            (rising edge-triggered cell FDRE clocked by clk_pll_i  {rise@0.000ns fall@5.000ns period=10.000ns})
  Path Group:             clk_pll_i
  Path Type:              Setup (Max at Slow Process Corner)
  Requirement:            10.000ns  (clk_pll_i rise@10.000ns - sys_clk rise@0.000ns)
  Data Path Delay:        6.012ns  (logic 1.084ns (18.032%)  route 4.928ns (81.968%))
  Logic Levels:           0  
  Clock Path Skew:        2.305ns (DCD - SCD + CPR)
    Destination Clock Delay (DCD):    7.677ns = ( 17.677 - 10.000 ) 
    Source Clock Delay      (SCD):    5.573ns
    Clock Pessimism Removal (CPR):    0.201ns
  Clock Uncertainty:      0.237ns  ((TSJ^2 + DJ^2)^1/2) / 2 + PE
    Total System Jitter     (TSJ):    0.071ns
    Discrete Jitter          (DJ):    0.184ns
    Phase Error              (PE):    0.139ns

    Location             Delay type                Incr(ns)  Path(ns)    Netlist Resource(s)
  -------------------------------------------------------------------    -------------------
                         (clock sys_clk rise edge)    0.000     0.000 r  
    AC19                                              0.000     0.000 r  clk (IN)
                         net (fo=0)                   0.000     0.000    clk
    AC19                 IBUF (Prop_ibuf_I_O)         1.416     1.416 r  clk_IBUF_inst/O
                         net (fo=1, routed)           2.602     4.018    clk_IBUF
    BUFGCTRL_X0Y0        BUFG (Prop_bufg_I_O)         0.081     4.099 r  clk_IBUF_BUFG_inst/O
                         net (fo=2166, routed)        1.536     5.635    fpga_pll.u_clk_pll/inst/clk_in1
    PLLE2_ADV_X0Y2       PLLE2_ADV (Prop_plle2_adv_CLKIN1_CLKOUT1)
                                                     -3.173     2.461 r  fpga_pll.u_clk_pll/inst/plle2_adv_inst/CLKOUT1
                         net (fo=1, routed)           1.557     4.018    fpga_pll.u_clk_pll/inst/sys_clk_clk_pll
    BUFGCTRL_X0Y3        BUFG (Prop_bufg_I_O)         0.081     4.099 r  fpga_pll.u_clk_pll/inst/clkout2_buf/O
                         net (fo=3291, routed)        1.474     5.573    ddr3.u_axi_wrap_ddr/u_Axi_CDC/awFifo/ram_reg_0_3_6_11/WCLK
    SLICE_X36Y195        RAMD32                                       r  ddr3.u_axi_wrap_ddr/u_Axi_CDC/awFifo/ram_reg_0_3_6_11/RAMC_D1/CLK
  -------------------------------------------------------------------    -------------------
    SLICE_X36Y195        RAMD32 (Prop_ramd32_CLK_O)
                                                      1.084     6.657 r  ddr3.u_axi_wrap_ddr/u_Axi_CDC/awFifo/ram_reg_0_3_6_11/RAMC_D1/O
                         net (fo=1, routed)           4.928    11.585    ddr3.u_axi_wrap_ddr/u_Axi_CDC/awFifo/_zz_ram_port10[11]
    SLICE_X34Y200        FDRE                                         r  ddr3.u_axi_wrap_ddr/u_Axi_CDC/awFifo/_zz_ram_port1_reg[11]/D
  -------------------------------------------------------------------    -------------------

                         (clock clk_pll_i rise edge)
                                                     10.000    10.000 r  
    AC19                                              0.000    10.000 r  clk (IN)
                         net (fo=0)                   0.000    10.000    clk
    AC19                 IBUF (Prop_ibuf_I_O)         1.350    11.350 r  clk_IBUF_inst/O
                         net (fo=1, routed)           2.471    13.821    clk_IBUF
    BUFGCTRL_X0Y0        BUFG (Prop_bufg_I_O)         0.077    13.898 r  clk_IBUF_BUFG_inst/O
                         net (fo=2166, routed)        1.586    15.484    ddr3.u_axi_wrap_ddr/mig_axi/u_mig_axi_32_mig/u_ddr3_infrastructure/mmcm_clk
    PLLE2_ADV_X0Y4       PLLE2_ADV (Prop_plle2_adv_CLKIN1_CLKOUT3)
                                                      0.073    15.557 r  ddr3.u_axi_wrap_ddr/mig_axi/u_mig_axi_32_mig/u_ddr3_infrastructure/plle2_i/CLKOUT3
                         net (fo=1, routed)           1.281    16.838    ddr3.u_axi_wrap_ddr/mig_axi/u_mig_axi_32_mig/u_ddr3_infrastructure/pll_clk3_out
    BUFHCE_X0Y48         BUFH (Prop_bufh_I_O)         0.069    16.907 r  ddr3.u_axi_wrap_ddr/mig_axi/u_mig_axi_32_mig/u_ddr3_infrastructure/u_bufh_pll_clk3/O
                         net (fo=1, routed)           0.805    17.712    ddr3.u_axi_wrap_ddr/mig_axi/u_mig_axi_32_mig/u_ddr3_infrastructure/pll_clk3
    MMCME2_ADV_X0Y4      MMCME2_ADV (Prop_mmcme2_adv_CLKIN1_CLKFBOUT)
                                                     -3.606    14.105 r  ddr3.u_axi_wrap_ddr/mig_axi/u_mig_axi_32_mig/u_ddr3_infrastructure/gen_mmcm.mmcm_i/CLKFBOUT
                         net (fo=1, routed)           1.964    16.070    ddr3.u_axi_wrap_ddr/mig_axi/u_mig_axi_32_mig/u_ddr3_infrastructure/clk_pll_i
    BUFGCTRL_X0Y16       BUFG (Prop_bufg_I_O)         0.077    16.147 r  ddr3.u_axi_wrap_ddr/mig_axi/u_mig_axi_32_mig/u_ddr3_infrastructure/u_bufg_clkdiv0/O
                         net (fo=7005, routed)        1.530    17.677    ddr3.u_axi_wrap_ddr/u_Axi_CDC/awFifo/ui_clk
    SLICE_X34Y200        FDRE                                         r  ddr3.u_axi_wrap_ddr/u_Axi_CDC/awFifo/_zz_ram_port1_reg[11]/C
                         clock pessimism              0.201    17.878    
                         clock uncertainty           -0.237    17.641    
    SLICE_X34Y200        FDRE (Setup_fdre_C_D)       -0.073    17.568    ddr3.u_axi_wrap_ddr/u_Axi_CDC/awFifo/_zz_ram_port1_reg[11]
  -------------------------------------------------------------------
                         required time                         17.568    
                         arrival time                         -11.585    
  -------------------------------------------------------------------
                         slack                                  5.983    





Min Delay Paths
--------------------------------------------------------------------------------------
Slack (MET) :             0.052ns  (arrival time - required time)
  Source:                 ddr3.u_axi_wrap_ddr/u_Axi_CDC/wFifo/ram_reg_0_7_12_17/RAMB_D1/CLK
                            (rising edge-triggered cell RAMD32 clocked by sys_clk  {rise@0.000ns fall@5.000ns period=10.000ns})
  Destination:            ddr3.u_axi_wrap_ddr/u_Axi_CDC/wFifo/_zz_ram_port1_reg[15]/D
                            (rising edge-triggered cell FDRE clocked by clk_pll_i  {rise@0.000ns fall@5.000ns period=10.000ns})
  Path Group:             clk_pll_i
  Path Type:              Hold (Min at Slow Process Corner)
  Requirement:            0.000ns  (clk_pll_i rise@0.000ns - sys_clk rise@0.000ns)
  Data Path Delay:        3.061ns  (logic 0.872ns (28.489%)  route 2.189ns (71.511%))
  Logic Levels:           0  
  Clock Path Skew:        2.580ns (DCD - SCD - CPR)
    Destination Clock Delay (DCD):    8.051ns
    Source Clock Delay      (SCD):    5.270ns
    Clock Pessimism Removal (CPR):    0.201ns
  Clock Uncertainty:      0.237ns  ((TSJ^2 + DJ^2)^1/2) / 2 + PE
    Total System Jitter     (TSJ):    0.071ns
    Discrete Jitter          (DJ):    0.184ns
    Phase Error              (PE):    0.139ns

    Location             Delay type                Incr(ns)  Path(ns)    Netlist Resource(s)
  -------------------------------------------------------------------    -------------------
                         (clock sys_clk rise edge)    0.000     0.000 r  
    AC19                                              0.000     0.000 r  clk (IN)
                         net (fo=0)                   0.000     0.000    clk
    AC19                 IBUF (Prop_ibuf_I_O)         1.350     1.350 r  clk_IBUF_inst/O
                         net (fo=1, routed)           2.471     3.821    clk_IBUF
    BUFGCTRL_X0Y0        BUFG (Prop_bufg_I_O)         0.077     3.898 r  clk_IBUF_BUFG_inst/O
                         net (fo=2166, routed)        1.434     5.331    fpga_pll.u_clk_pll/inst/clk_in1
    PLLE2_ADV_X0Y2       PLLE2_ADV (Prop_plle2_adv_CLKIN1_CLKOUT1)
                                                     -2.995     2.336 r  fpga_pll.u_clk_pll/inst/plle2_adv_inst/CLKOUT1
                         net (fo=1, routed)           1.484     3.821    fpga_pll.u_clk_pll/inst/sys_clk_clk_pll
    BUFGCTRL_X0Y3        BUFG (Prop_bufg_I_O)         0.077     3.898 r  fpga_pll.u_clk_pll/inst/clkout2_buf/O
                         net (fo=3291, routed)        1.372     5.270    ddr3.u_axi_wrap_ddr/u_Axi_CDC/wFifo/ram_reg_0_7_12_17/WCLK
    SLICE_X12Y185        RAMD32                                       r  ddr3.u_axi_wrap_ddr/u_Axi_CDC/wFifo/ram_reg_0_7_12_17/RAMB_D1/CLK
  -------------------------------------------------------------------    -------------------
    SLICE_X12Y185        RAMD32 (Prop_ramd32_CLK_O)
                                                      0.872     6.142 r  ddr3.u_axi_wrap_ddr/u_Axi_CDC/wFifo/ram_reg_0_7_12_17/RAMB_D1/O
                         net (fo=1, routed)           2.189     8.331    ddr3.u_axi_wrap_ddr/u_Axi_CDC/wFifo/_zz_ram_port10__0[15]
    SLICE_X10Y185        FDRE                                         r  ddr3.u_axi_wrap_ddr/u_Axi_CDC/wFifo/_zz_ram_port1_reg[15]/D
  -------------------------------------------------------------------    -------------------

                         (clock clk_pll_i rise edge)
                                                      0.000     0.000 r  
    AC19                                              0.000     0.000 r  clk (IN)
                         net (fo=0)                   0.000     0.000    clk
    AC19                 IBUF (Prop_ibuf_I_O)         1.416     1.416 r  clk_IBUF_inst/O
                         net (fo=1, routed)           2.602     4.018    clk_IBUF
    BUFGCTRL_X0Y0        BUFG (Prop_bufg_I_O)         0.081     4.099 r  clk_IBUF_BUFG_inst/O
                         net (fo=2166, routed)        1.696     5.795    ddr3.u_axi_wrap_ddr/mig_axi/u_mig_axi_32_mig/u_ddr3_infrastructure/mmcm_clk
    PLLE2_ADV_X0Y4       PLLE2_ADV (Prop_plle2_adv_CLKIN1_CLKOUT3)
                                                      0.077     5.872 r  ddr3.u_axi_wrap_ddr/mig_axi/u_mig_axi_32_mig/u_ddr3_infrastructure/plle2_i/CLKOUT3
                         net (fo=1, routed)           1.429     7.301    ddr3.u_axi_wrap_ddr/mig_axi/u_mig_axi_32_mig/u_ddr3_infrastructure/pll_clk3_out
    BUFHCE_X0Y48         BUFH (Prop_bufh_I_O)         0.106     7.407 r  ddr3.u_axi_wrap_ddr/mig_axi/u_mig_axi_32_mig/u_ddr3_infrastructure/u_bufh_pll_clk3/O
                         net (fo=1, routed)           0.841     8.248    ddr3.u_axi_wrap_ddr/mig_axi/u_mig_axi_32_mig/u_ddr3_infrastructure/pll_clk3
    MMCME2_ADV_X0Y4      MMCME2_ADV (Prop_mmcme2_adv_CLKIN1_CLKFBOUT)
                                                     -3.816     4.432 r  ddr3.u_axi_wrap_ddr/mig_axi/u_mig_axi_32_mig/u_ddr3_infrastructure/gen_mmcm.mmcm_i/CLKFBOUT
                         net (fo=1, routed)           2.061     6.493    ddr3.u_axi_wrap_ddr/mig_axi/u_mig_axi_32_mig/u_ddr3_infrastructure/clk_pll_i
    BUFGCTRL_X0Y16       BUFG (Prop_bufg_I_O)         0.081     6.574 r  ddr3.u_axi_wrap_ddr/mig_axi/u_mig_axi_32_mig/u_ddr3_infrastructure/u_bufg_clkdiv0/O
                         net (fo=7005, routed)        1.477     8.051    ddr3.u_axi_wrap_ddr/u_Axi_CDC/wFifo/ui_clk
    SLICE_X10Y185        FDRE                                         r  ddr3.u_axi_wrap_ddr/u_Axi_CDC/wFifo/_zz_ram_port1_reg[15]/C
                         clock pessimism             -0.201     7.850    
                         clock uncertainty            0.237     8.087    
    SLICE_X10Y185        FDRE (Hold_fdre_C_D)         0.191     8.278    ddr3.u_axi_wrap_ddr/u_Axi_CDC/wFifo/_zz_ram_port1_reg[15]
  -------------------------------------------------------------------
                         required time                         -8.278    
                         arrival time                           8.331    
  -------------------------------------------------------------------
                         slack                                  0.052    





---------------------------------------------------------------------------------------------------
From Clock:  clk_pll_i
  To Clock:  sys_clk

Setup :            0  Failing Endpoints,  Worst Slack        5.074ns,  Total Violation        0.000ns
Hold  :            0  Failing Endpoints,  Worst Slack        0.551ns,  Total Violation        0.000ns
---------------------------------------------------------------------------------------------------


Max Delay Paths
--------------------------------------------------------------------------------------
Slack (MET) :             5.074ns  (required time - arrival time)
  Source:                 ddr3.u_axi_wrap_ddr/u_Axi_CDC/rFifo/ram_reg_0_7_24_29/RAMA/CLK
                            (rising edge-triggered cell RAMD32 clocked by clk_pll_i  {rise@0.000ns fall@5.000ns period=10.000ns})
  Destination:            ddr3.u_axi_wrap_ddr/u_Axi_CDC/rFifo/_zz_ram_port1_reg[24]/D
                            (rising edge-triggered cell FDRE clocked by sys_clk  {rise@0.000ns fall@5.000ns period=10.000ns})
  Path Group:             sys_clk
  Path Type:              Setup (Max at Slow Process Corner)
  Requirement:            10.000ns  (sys_clk rise@10.000ns - clk_pll_i rise@0.000ns)
  Data Path Delay:        1.875ns  (logic 1.109ns (59.135%)  route 0.766ns (40.865%))
  Logic Levels:           0  
  Clock Path Skew:        -2.595ns (DCD - SCD + CPR)
    Destination Clock Delay (DCD):    5.434ns = ( 15.434 - 10.000 ) 
    Source Clock Delay      (SCD):    8.230ns
    Clock Pessimism Removal (CPR):    0.201ns
  Clock Uncertainty:      0.237ns  ((TSJ^2 + DJ^2)^1/2) / 2 + PE
    Total System Jitter     (TSJ):    0.071ns
    Discrete Jitter          (DJ):    0.184ns
    Phase Error              (PE):    0.139ns

    Location             Delay type                Incr(ns)  Path(ns)    Netlist Resource(s)
  -------------------------------------------------------------------    -------------------
                         (clock clk_pll_i rise edge)
                                                      0.000     0.000 r  
    AC19                                              0.000     0.000 r  clk (IN)
                         net (fo=0)                   0.000     0.000    clk
    AC19                 IBUF (Prop_ibuf_I_O)         1.416     1.416 r  clk_IBUF_inst/O
                         net (fo=1, routed)           2.602     4.018    clk_IBUF
    BUFGCTRL_X0Y0        BUFG (Prop_bufg_I_O)         0.081     4.099 r  clk_IBUF_BUFG_inst/O
                         net (fo=2166, routed)        1.696     5.795    ddr3.u_axi_wrap_ddr/mig_axi/u_mig_axi_32_mig/u_ddr3_infrastructure/mmcm_clk
    PLLE2_ADV_X0Y4       PLLE2_ADV (Prop_plle2_adv_CLKIN1_CLKOUT3)
                                                      0.077     5.872 r  ddr3.u_axi_wrap_ddr/mig_axi/u_mig_axi_32_mig/u_ddr3_infrastructure/plle2_i/CLKOUT3
                         net (fo=1, routed)           1.429     7.301    ddr3.u_axi_wrap_ddr/mig_axi/u_mig_axi_32_mig/u_ddr3_infrastructure/pll_clk3_out
    BUFHCE_X0Y48         BUFH (Prop_bufh_I_O)         0.106     7.407 r  ddr3.u_axi_wrap_ddr/mig_axi/u_mig_axi_32_mig/u_ddr3_infrastructure/u_bufh_pll_clk3/O
                         net (fo=1, routed)           0.841     8.248    ddr3.u_axi_wrap_ddr/mig_axi/u_mig_axi_32_mig/u_ddr3_infrastructure/pll_clk3
    MMCME2_ADV_X0Y4      MMCME2_ADV (Prop_mmcme2_adv_CLKIN1_CLKFBOUT)
                                                     -3.816     4.432 r  ddr3.u_axi_wrap_ddr/mig_axi/u_mig_axi_32_mig/u_ddr3_infrastructure/gen_mmcm.mmcm_i/CLKFBOUT
                         net (fo=1, routed)           2.061     6.493    ddr3.u_axi_wrap_ddr/mig_axi/u_mig_axi_32_mig/u_ddr3_infrastructure/clk_pll_i
    BUFGCTRL_X0Y16       BUFG (Prop_bufg_I_O)         0.081     6.574 r  ddr3.u_axi_wrap_ddr/mig_axi/u_mig_axi_32_mig/u_ddr3_infrastructure/u_bufg_clkdiv0/O
                         net (fo=7005, routed)        1.656     8.230    ddr3.u_axi_wrap_ddr/u_Axi_CDC/rFifo/ram_reg_0_7_24_29/WCLK
    SLICE_X20Y202        RAMD32                                       r  ddr3.u_axi_wrap_ddr/u_Axi_CDC/rFifo/ram_reg_0_7_24_29/RAMA/CLK
  -------------------------------------------------------------------    -------------------
    SLICE_X20Y202        RAMD32 (Prop_ramd32_CLK_O)
                                                      1.109     9.339 r  ddr3.u_axi_wrap_ddr/u_Axi_CDC/rFifo/ram_reg_0_7_24_29/RAMA/O
                         net (fo=1, routed)           0.766    10.105    ddr3.u_axi_wrap_ddr/u_Axi_CDC/rFifo/_zz_ram_port10__3[24]
    SLICE_X31Y202        FDRE                                         r  ddr3.u_axi_wrap_ddr/u_Axi_CDC/rFifo/_zz_ram_port1_reg[24]/D
  -------------------------------------------------------------------    -------------------

                         (clock sys_clk rise edge)   10.000    10.000 r  
    AC19                                              0.000    10.000 r  clk (IN)
                         net (fo=0)                   0.000    10.000    clk
    AC19                 IBUF (Prop_ibuf_I_O)         1.350    11.350 r  clk_IBUF_inst/O
                         net (fo=1, routed)           2.471    13.821    clk_IBUF
    BUFGCTRL_X0Y0        BUFG (Prop_bufg_I_O)         0.077    13.898 r  clk_IBUF_BUFG_inst/O
                         net (fo=2166, routed)        1.434    15.331    fpga_pll.u_clk_pll/inst/clk_in1
    PLLE2_ADV_X0Y2       PLLE2_ADV (Prop_plle2_adv_CLKIN1_CLKOUT1)
                                                     -2.995    12.336 r  fpga_pll.u_clk_pll/inst/plle2_adv_inst/CLKOUT1
                         net (fo=1, routed)           1.484    13.821    fpga_pll.u_clk_pll/inst/sys_clk_clk_pll
    BUFGCTRL_X0Y3        BUFG (Prop_bufg_I_O)         0.077    13.898 r  fpga_pll.u_clk_pll/inst/clkout2_buf/O
                         net (fo=3291, routed)        1.536    15.434    ddr3.u_axi_wrap_ddr/u_Axi_CDC/rFifo/sys_clk
    SLICE_X31Y202        FDRE                                         r  ddr3.u_axi_wrap_ddr/u_Axi_CDC/rFifo/_zz_ram_port1_reg[24]/C
                         clock pessimism              0.201    15.635    
                         clock uncertainty           -0.237    15.398    
    SLICE_X31Y202        FDRE (Setup_fdre_C_D)       -0.218    15.180    ddr3.u_axi_wrap_ddr/u_Axi_CDC/rFifo/_zz_ram_port1_reg[24]
  -------------------------------------------------------------------
                         required time                         15.180    
                         arrival time                         -10.105    
  -------------------------------------------------------------------
                         slack                                  5.074    





Min Delay Paths
--------------------------------------------------------------------------------------
Slack (MET) :             0.551ns  (arrival time - required time)
  Source:                 ddr3.u_axi_wrap_ddr/u_Axi_CDC/wFifo/popCC_ptrToPush_reg[2]/C
                            (rising edge-triggered cell FDCE clocked by clk_pll_i  {rise@0.000ns fall@5.000ns period=10.000ns})
  Destination:            ddr3.u_axi_wrap_ddr/u_Axi_CDC/wFifo/popToPushGray_buffercc/buffers_0_reg[2]/D
                            (rising edge-triggered cell FDCE clocked by sys_clk  {rise@0.000ns fall@5.000ns period=10.000ns})
  Path Group:             sys_clk
  Path Type:              Hold (Min at Fast Process Corner)
  Requirement:            0.000ns  (sys_clk rise@0.000ns - clk_pll_i rise@0.000ns)
  Data Path Delay:        0.227ns  (logic 0.141ns (61.993%)  route 0.086ns (38.007%))
  Logic Levels:           0  
  Clock Path Skew:        -0.646ns (DCD - SCD - CPR)
    Destination Clock Delay (DCD):    2.523ns
    Source Clock Delay      (SCD):    2.892ns
    Clock Pessimism Removal (CPR):    0.277ns
  Clock Uncertainty:      0.237ns  ((TSJ^2 + DJ^2)^1/2) / 2 + PE
    Total System Jitter     (TSJ):    0.071ns
    Discrete Jitter          (DJ):    0.184ns
    Phase Error              (PE):    0.139ns

    Location             Delay type                Incr(ns)  Path(ns)    Netlist Resource(s)
  -------------------------------------------------------------------    -------------------
                         (clock clk_pll_i rise edge)
                                                      0.000     0.000 r  
    AC19                                              0.000     0.000 r  clk (IN)
                         net (fo=0)                   0.000     0.000    clk
    AC19                 IBUF (Prop_ibuf_I_O)         0.253     0.253 r  clk_IBUF_inst/O
                         net (fo=1, routed)           1.074     1.327    clk_IBUF
    BUFGCTRL_X0Y0        BUFG (Prop_bufg_I_O)         0.026     1.353 r  clk_IBUF_BUFG_inst/O
                         net (fo=2166, routed)        0.701     2.054    ddr3.u_axi_wrap_ddr/mig_axi/u_mig_axi_32_mig/u_ddr3_infrastructure/mmcm_clk
    PLLE2_ADV_X0Y4       PLLE2_ADV (Prop_plle2_adv_CLKIN1_CLKOUT3)
                                                      0.050     2.104 r  ddr3.u_axi_wrap_ddr/mig_axi/u_mig_axi_32_mig/u_ddr3_infrastructure/plle2_i/CLKOUT3
                         net (fo=1, routed)           0.518     2.622    ddr3.u_axi_wrap_ddr/mig_axi/u_mig_axi_32_mig/u_ddr3_infrastructure/pll_clk3_out
    BUFHCE_X0Y48         BUFH (Prop_bufh_I_O)         0.020     2.642 r  ddr3.u_axi_wrap_ddr/mig_axi/u_mig_axi_32_mig/u_ddr3_infrastructure/u_bufh_pll_clk3/O
                         net (fo=1, routed)           0.326     2.968    ddr3.u_axi_wrap_ddr/mig_axi/u_mig_axi_32_mig/u_ddr3_infrastructure/pll_clk3
    MMCME2_ADV_X0Y4      MMCME2_ADV (Prop_mmcme2_adv_CLKIN1_CLKFBOUT)
                                                     -1.511     1.457 r  ddr3.u_axi_wrap_ddr/mig_axi/u_mig_axi_32_mig/u_ddr3_infrastructure/gen_mmcm.mmcm_i/CLKFBOUT
                         net (fo=1, routed)           0.790     2.248    ddr3.u_axi_wrap_ddr/mig_axi/u_mig_axi_32_mig/u_ddr3_infrastructure/clk_pll_i
    BUFGCTRL_X0Y16       BUFG (Prop_bufg_I_O)         0.026     2.274 r  ddr3.u_axi_wrap_ddr/mig_axi/u_mig_axi_32_mig/u_ddr3_infrastructure/u_bufg_clkdiv0/O
                         net (fo=7005, routed)        0.619     2.892    ddr3.u_axi_wrap_ddr/u_Axi_CDC/wFifo/ui_clk
    SLICE_X17Y189        FDCE                                         r  ddr3.u_axi_wrap_ddr/u_Axi_CDC/wFifo/popCC_ptrToPush_reg[2]/C
  -------------------------------------------------------------------    -------------------
    SLICE_X17Y189        FDCE (Prop_fdce_C_Q)         0.141     3.033 r  ddr3.u_axi_wrap_ddr/u_Axi_CDC/wFifo/popCC_ptrToPush_reg[2]/Q
                         net (fo=1, routed)           0.086     3.120    ddr3.u_axi_wrap_ddr/u_Axi_CDC/wFifo/popToPushGray_buffercc/buffers_0_reg[3]_0[2]
    SLICE_X16Y189        FDCE                                         r  ddr3.u_axi_wrap_ddr/u_Axi_CDC/wFifo/popToPushGray_buffercc/buffers_0_reg[2]/D
  -------------------------------------------------------------------    -------------------

                         (clock sys_clk rise edge)    0.000     0.000 r  
    AC19                                              0.000     0.000 r  clk (IN)
                         net (fo=0)                   0.000     0.000    clk
    AC19                 IBUF (Prop_ibuf_I_O)         0.441     0.441 r  clk_IBUF_inst/O
                         net (fo=1, routed)           1.160     1.601    clk_IBUF
    BUFGCTRL_X0Y0        BUFG (Prop_bufg_I_O)         0.029     1.630 r  clk_IBUF_BUFG_inst/O
                         net (fo=2166, routed)        0.884     2.513    fpga_pll.u_clk_pll/inst/clk_in1
    PLLE2_ADV_X0Y2       PLLE2_ADV (Prop_plle2_adv_CLKIN1_CLKOUT1)
                                                     -1.523     0.990 r  fpga_pll.u_clk_pll/inst/plle2_adv_inst/CLKOUT1
                         net (fo=1, routed)           0.611     1.601    fpga_pll.u_clk_pll/inst/sys_clk_clk_pll
    BUFGCTRL_X0Y3        BUFG (Prop_bufg_I_O)         0.029     1.630 r  fpga_pll.u_clk_pll/inst/clkout2_buf/O
                         net (fo=3291, routed)        0.894     2.523    ddr3.u_axi_wrap_ddr/u_Axi_CDC/wFifo/popToPushGray_buffercc/sys_clk
    SLICE_X16Y189        FDCE                                         r  ddr3.u_axi_wrap_ddr/u_Axi_CDC/wFifo/popToPushGray_buffercc/buffers_0_reg[2]/C
                         clock pessimism             -0.277     2.246    
                         clock uncertainty            0.237     2.483    
    SLICE_X16Y189        FDCE (Hold_fdce_C_D)         0.085     2.568    ddr3.u_axi_wrap_ddr/u_Axi_CDC/wFifo/popToPushGray_buffercc/buffers_0_reg[2]
  -------------------------------------------------------------------
                         required time                         -2.568    
                         arrival time                           3.120    
  -------------------------------------------------------------------
                         slack                                  0.551    





---------------------------------------------------------------------------------------------------
From Clock:  clk
  To Clock:  dbg_hub/inst/BSCANID.u_xsdbm_id/SWITCH_N_EXT_BSCAN.bscan_inst/SERIES7_BSCAN.bscan_inst/TCK

Setup :            0  Failing Endpoints,  Worst Slack        8.954ns,  Total Violation        0.000ns
Hold  :           NA  Failing Endpoints,  Worst Slack           NA  ,  Total Violation           NA
---------------------------------------------------------------------------------------------------


Max Delay Paths
--------------------------------------------------------------------------------------
Slack (MET) :             8.954ns  (required time - arrival time)
  Source:                 dbg_hub/inst/BSCANID.u_xsdbm_id/CORE_XSDB.UUT_MASTER/U_ICON_INTERFACE/U_CMD6_WR/U_WR_FIFO/SUBCORE_FIFO.xsdbm_v3_0_0_wrfifo_inst/inst_fifo_gen/gconvfifo.rf/grf.rf/gntv_or_sync_fifo.gcx.clkx/gnxpm_cdc.rd_pntr_gc_reg[3]/C
                            (rising edge-triggered cell FDCE clocked by clk  {rise@0.000ns fall@5.000ns period=10.000ns})
  Destination:            dbg_hub/inst/BSCANID.u_xsdbm_id/CORE_XSDB.UUT_MASTER/U_ICON_INTERFACE/U_CMD6_WR/U_WR_FIFO/SUBCORE_FIFO.xsdbm_v3_0_0_wrfifo_inst/inst_fifo_gen/gconvfifo.rf/grf.rf/gntv_or_sync_fifo.gcx.clkx/gnxpm_cdc.gsync_stage[1].wr_stg_inst/Q_reg_reg[3]/D
                            (rising edge-triggered cell FDCE clocked by dbg_hub/inst/BSCANID.u_xsdbm_id/SWITCH_N_EXT_BSCAN.bscan_inst/SERIES7_BSCAN.bscan_inst/TCK  {rise@0.000ns fall@16.500ns period=33.000ns})
  Path Group:             dbg_hub/inst/BSCANID.u_xsdbm_id/SWITCH_N_EXT_BSCAN.bscan_inst/SERIES7_BSCAN.bscan_inst/TCK
  Path Type:              Setup (Max at Slow Process Corner)
  Requirement:            10.000ns  (MaxDelay Path 10.000ns)
  Data Path Delay:        0.828ns  (logic 0.348ns (42.037%)  route 0.480ns (57.963%))
  Logic Levels:           0  
  Timing Exception:       MaxDelay Path 10.000ns -datapath_only

    Location             Delay type                Incr(ns)  Path(ns)    Netlist Resource(s)
  -------------------------------------------------------------------    -------------------
    SLICE_X32Y233                                     0.000     0.000 r  dbg_hub/inst/BSCANID.u_xsdbm_id/CORE_XSDB.UUT_MASTER/U_ICON_INTERFACE/U_CMD6_WR/U_WR_FIFO/SUBCORE_FIFO.xsdbm_v3_0_0_wrfifo_inst/inst_fifo_gen/gconvfifo.rf/grf.rf/gntv_or_sync_fifo.gcx.clkx/gnxpm_cdc.rd_pntr_gc_reg[3]/C
    SLICE_X32Y233        FDCE (Prop_fdce_C_Q)         0.348     0.348 r  dbg_hub/inst/BSCANID.u_xsdbm_id/CORE_XSDB.UUT_MASTER/U_ICON_INTERFACE/U_CMD6_WR/U_WR_FIFO/SUBCORE_FIFO.xsdbm_v3_0_0_wrfifo_inst/inst_fifo_gen/gconvfifo.rf/grf.rf/gntv_or_sync_fifo.gcx.clkx/gnxpm_cdc.rd_pntr_gc_reg[3]/Q
                         net (fo=1, routed)           0.480     0.828    dbg_hub/inst/BSCANID.u_xsdbm_id/CORE_XSDB.UUT_MASTER/U_ICON_INTERFACE/U_CMD6_WR/U_WR_FIFO/SUBCORE_FIFO.xsdbm_v3_0_0_wrfifo_inst/inst_fifo_gen/gconvfifo.rf/grf.rf/gntv_or_sync_fifo.gcx.clkx/gnxpm_cdc.gsync_stage[1].wr_stg_inst/Q[3]
    SLICE_X32Y231        FDCE                                         r  dbg_hub/inst/BSCANID.u_xsdbm_id/CORE_XSDB.UUT_MASTER/U_ICON_INTERFACE/U_CMD6_WR/U_WR_FIFO/SUBCORE_FIFO.xsdbm_v3_0_0_wrfifo_inst/inst_fifo_gen/gconvfifo.rf/grf.rf/gntv_or_sync_fifo.gcx.clkx/gnxpm_cdc.gsync_stage[1].wr_stg_inst/Q_reg_reg[3]/D
  -------------------------------------------------------------------    -------------------

                         max delay                   10.000    10.000    
    SLICE_X32Y231        FDCE (Setup_fdce_C_D)       -0.218     9.782    dbg_hub/inst/BSCANID.u_xsdbm_id/CORE_XSDB.UUT_MASTER/U_ICON_INTERFACE/U_CMD6_WR/U_WR_FIFO/SUBCORE_FIFO.xsdbm_v3_0_0_wrfifo_inst/inst_fifo_gen/gconvfifo.rf/grf.rf/gntv_or_sync_fifo.gcx.clkx/gnxpm_cdc.gsync_stage[1].wr_stg_inst/Q_reg_reg[3]
  -------------------------------------------------------------------
                         required time                          9.782    
                         arrival time                          -0.828    
  -------------------------------------------------------------------
                         slack                                  8.954    





---------------------------------------------------------------------------------------------------
Path Group:  **async_default**
From Clock:  clk
  To Clock:  clk

Setup :            0  Failing Endpoints,  Worst Slack        7.094ns,  Total Violation        0.000ns
Hold  :            0  Failing Endpoints,  Worst Slack        0.349ns,  Total Violation        0.000ns
---------------------------------------------------------------------------------------------------


Max Delay Paths
--------------------------------------------------------------------------------------
Slack (MET) :             7.094ns  (required time - arrival time)
  Source:                 dbg_hub/inst/BSCANID.u_xsdbm_id/CORE_XSDB.UUT_MASTER/U_ICON_INTERFACE/U_CMD1/ctl_reg_reg[0]/C
                            (rising edge-triggered cell FDRE clocked by clk  {rise@0.000ns fall@5.000ns period=10.000ns})
  Destination:            dbg_hub/inst/BSCANID.u_xsdbm_id/CORE_XSDB.UUT_MASTER/U_XSDB_BUS_CONTROLLER/clr_rd_req_reg/CLR
                            (recovery check against rising-edge clock clk  {rise@0.000ns fall@5.000ns period=10.000ns})
  Path Group:             **async_default**
  Path Type:              Recovery (Max at Slow Process Corner)
  Requirement:            10.000ns  (clk rise@10.000ns - clk rise@0.000ns)
  Data Path Delay:        2.494ns  (logic 0.379ns (15.199%)  route 2.115ns (84.801%))
  Logic Levels:           0  
  Clock Path Skew:        -0.046ns (DCD - SCD + CPR)
    Destination Clock Delay (DCD):    5.426ns = ( 15.426 - 10.000 ) 
    Source Clock Delay      (SCD):    5.747ns
    Clock Pessimism Removal (CPR):    0.275ns
  Clock Uncertainty:      0.035ns  ((TSJ^2 + TIJ^2)^1/2 + DJ) / 2 + PE
    Total System Jitter     (TSJ):    0.071ns
    Total Input Jitter      (TIJ):    0.000ns
    Discrete Jitter          (DJ):    0.000ns
    Phase Error              (PE):    0.000ns

    Location             Delay type                Incr(ns)  Path(ns)    Netlist Resource(s)
  -------------------------------------------------------------------    -------------------
                         (clock clk rise edge)        0.000     0.000 r  
    AC19                                              0.000     0.000 r  clk (IN)
                         net (fo=0)                   0.000     0.000    clk
    AC19                 IBUF (Prop_ibuf_I_O)         1.416     1.416 r  clk_IBUF_inst/O
                         net (fo=1, routed)           2.602     4.018    clk_IBUF
    BUFGCTRL_X0Y0        BUFG (Prop_bufg_I_O)         0.081     4.099 r  clk_IBUF_BUFG_inst/O
                         net (fo=2166, routed)        1.648     5.747    dbg_hub/inst/BSCANID.u_xsdbm_id/CORE_XSDB.UUT_MASTER/U_ICON_INTERFACE/U_CMD1/clk
    SLICE_X34Y241        FDRE                                         r  dbg_hub/inst/BSCANID.u_xsdbm_id/CORE_XSDB.UUT_MASTER/U_ICON_INTERFACE/U_CMD1/ctl_reg_reg[0]/C
  -------------------------------------------------------------------    -------------------
    SLICE_X34Y241        FDRE (Prop_fdre_C_Q)         0.379     6.126 f  dbg_hub/inst/BSCANID.u_xsdbm_id/CORE_XSDB.UUT_MASTER/U_ICON_INTERFACE/U_CMD1/ctl_reg_reg[0]/Q
                         net (fo=182, routed)         2.115     8.241    dbg_hub/inst/BSCANID.u_xsdbm_id/CORE_XSDB.UUT_MASTER/U_XSDB_BUS_CONTROLLER/out[0]
    SLICE_X38Y244        FDCE                                         f  dbg_hub/inst/BSCANID.u_xsdbm_id/CORE_XSDB.UUT_MASTER/U_XSDB_BUS_CONTROLLER/clr_rd_req_reg/CLR
  -------------------------------------------------------------------    -------------------

                         (clock clk rise edge)       10.000    10.000 r  
    AC19                                              0.000    10.000 r  clk (IN)
                         net (fo=0)                   0.000    10.000    clk
    AC19                 IBUF (Prop_ibuf_I_O)         1.350    11.350 r  clk_IBUF_inst/O
                         net (fo=1, routed)           2.471    13.821    clk_IBUF
    BUFGCTRL_X0Y0        BUFG (Prop_bufg_I_O)         0.077    13.898 r  clk_IBUF_BUFG_inst/O
                         net (fo=2166, routed)        1.528    15.426    dbg_hub/inst/BSCANID.u_xsdbm_id/CORE_XSDB.UUT_MASTER/U_XSDB_BUS_CONTROLLER/clk
    SLICE_X38Y244        FDCE                                         r  dbg_hub/inst/BSCANID.u_xsdbm_id/CORE_XSDB.UUT_MASTER/U_XSDB_BUS_CONTROLLER/clr_rd_req_reg/C
                         clock pessimism              0.275    15.701    
                         clock uncertainty           -0.035    15.666    
    SLICE_X38Y244        FDCE (Recov_fdce_C_CLR)     -0.331    15.335    dbg_hub/inst/BSCANID.u_xsdbm_id/CORE_XSDB.UUT_MASTER/U_XSDB_BUS_CONTROLLER/clr_rd_req_reg
  -------------------------------------------------------------------
                         required time                         15.335    
                         arrival time                          -8.241    
  -------------------------------------------------------------------
                         slack                                  7.094    





Min Delay Paths
--------------------------------------------------------------------------------------
Slack (MET) :             0.349ns  (arrival time - required time)
  Source:                 dbg_hub/inst/BSCANID.u_xsdbm_id/CORE_XSDB.UUT_MASTER/U_ICON_INTERFACE/U_CMD6_RD/U_RD_FIFO/SUBCORE_FIFO.xsdbm_v3_0_0_rdfifo_inst/inst_fifo_gen/gconvfifo.rf/grf.rf/rstblk/ngwrdrst.grst.g7serrst.wr_rst_reg_reg[1]/C
                            (rising edge-triggered cell FDPE clocked by clk  {rise@0.000ns fall@5.000ns period=10.000ns})
  Destination:            dbg_hub/inst/BSCANID.u_xsdbm_id/CORE_XSDB.UUT_MASTER/U_ICON_INTERFACE/U_CMD6_RD/U_RD_FIFO/SUBCORE_FIFO.xsdbm_v3_0_0_rdfifo_inst/inst_fifo_gen/gconvfifo.rf/grf.rf/gntv_or_sync_fifo.gl0.wr/wpntr/gic0.gc0.count_d1_reg[2]/CLR
                            (removal check against rising-edge clock clk  {rise@0.000ns fall@5.000ns period=10.000ns})
  Path Group:             **async_default**
  Path Type:              Removal (Min at Fast Process Corner)
  Requirement:            0.000ns  (clk rise@0.000ns - clk rise@0.000ns)
  Data Path Delay:        0.273ns  (logic 0.164ns (59.982%)  route 0.109ns (40.018%))
  Logic Levels:           0  
  Clock Path Skew:        0.016ns (DCD - SCD - CPR)
    Destination Clock Delay (DCD):    2.606ns
    Source Clock Delay      (SCD):    2.053ns
    Clock Pessimism Removal (CPR):    0.537ns

    Location             Delay type                Incr(ns)  Path(ns)    Netlist Resource(s)
  -------------------------------------------------------------------    -------------------
                         (clock clk rise edge)        0.000     0.000 r  
    AC19                                              0.000     0.000 r  clk (IN)
                         net (fo=0)                   0.000     0.000    clk
    AC19                 IBUF (Prop_ibuf_I_O)         0.253     0.253 r  clk_IBUF_inst/O
                         net (fo=1, routed)           1.074     1.327    clk_IBUF
    BUFGCTRL_X0Y0        BUFG (Prop_bufg_I_O)         0.026     1.353 r  clk_IBUF_BUFG_inst/O
                         net (fo=2166, routed)        0.700     2.053    dbg_hub/inst/BSCANID.u_xsdbm_id/CORE_XSDB.UUT_MASTER/U_ICON_INTERFACE/U_CMD6_RD/U_RD_FIFO/SUBCORE_FIFO.xsdbm_v3_0_0_rdfifo_inst/inst_fifo_gen/gconvfifo.rf/grf.rf/rstblk/wr_clk
    SLICE_X40Y242        FDPE                                         r  dbg_hub/inst/BSCANID.u_xsdbm_id/CORE_XSDB.UUT_MASTER/U_ICON_INTERFACE/U_CMD6_RD/U_RD_FIFO/SUBCORE_FIFO.xsdbm_v3_0_0_rdfifo_inst/inst_fifo_gen/gconvfifo.rf/grf.rf/rstblk/ngwrdrst.grst.g7serrst.wr_rst_reg_reg[1]/C
  -------------------------------------------------------------------    -------------------
    SLICE_X40Y242        FDPE (Prop_fdpe_C_Q)         0.164     2.217 f  dbg_hub/inst/BSCANID.u_xsdbm_id/CORE_XSDB.UUT_MASTER/U_ICON_INTERFACE/U_CMD6_RD/U_RD_FIFO/SUBCORE_FIFO.xsdbm_v3_0_0_rdfifo_inst/inst_fifo_gen/gconvfifo.rf/grf.rf/rstblk/ngwrdrst.grst.g7serrst.wr_rst_reg_reg[1]/Q
                         net (fo=12, routed)          0.109     2.326    dbg_hub/inst/BSCANID.u_xsdbm_id/CORE_XSDB.UUT_MASTER/U_ICON_INTERFACE/U_CMD6_RD/U_RD_FIFO/SUBCORE_FIFO.xsdbm_v3_0_0_rdfifo_inst/inst_fifo_gen/gconvfifo.rf/grf.rf/gntv_or_sync_fifo.gl0.wr/wpntr/gic0.gc0.count_reg[0]_0[0]
    SLICE_X39Y242        FDCE                                         f  dbg_hub/inst/BSCANID.u_xsdbm_id/CORE_XSDB.UUT_MASTER/U_ICON_INTERFACE/U_CMD6_RD/U_RD_FIFO/SUBCORE_FIFO.xsdbm_v3_0_0_rdfifo_inst/inst_fifo_gen/gconvfifo.rf/grf.rf/gntv_or_sync_fifo.gl0.wr/wpntr/gic0.gc0.count_d1_reg[2]/CLR
  -------------------------------------------------------------------    -------------------

                         (clock clk rise edge)        0.000     0.000 r  
    AC19                                              0.000     0.000 r  clk (IN)
                         net (fo=0)                   0.000     0.000    clk
    AC19                 IBUF (Prop_ibuf_I_O)         0.441     0.441 r  clk_IBUF_inst/O
                         net (fo=1, routed)           1.160     1.601    clk_IBUF
    BUFGCTRL_X0Y0        BUFG (Prop_bufg_I_O)         0.029     1.630 r  clk_IBUF_BUFG_inst/O
                         net (fo=2166, routed)        0.976     2.606    dbg_hub/inst/BSCANID.u_xsdbm_id/CORE_XSDB.UUT_MASTER/U_ICON_INTERFACE/U_CMD6_RD/U_RD_FIFO/SUBCORE_FIFO.xsdbm_v3_0_0_rdfifo_inst/inst_fifo_gen/gconvfifo.rf/grf.rf/gntv_or_sync_fifo.gl0.wr/wpntr/wr_clk
    SLICE_X39Y242        FDCE                                         r  dbg_hub/inst/BSCANID.u_xsdbm_id/CORE_XSDB.UUT_MASTER/U_ICON_INTERFACE/U_CMD6_RD/U_RD_FIFO/SUBCORE_FIFO.xsdbm_v3_0_0_rdfifo_inst/inst_fifo_gen/gconvfifo.rf/grf.rf/gntv_or_sync_fifo.gl0.wr/wpntr/gic0.gc0.count_d1_reg[2]/C
                         clock pessimism             -0.537     2.069    
    SLICE_X39Y242        FDCE (Remov_fdce_C_CLR)     -0.092     1.977    dbg_hub/inst/BSCANID.u_xsdbm_id/CORE_XSDB.UUT_MASTER/U_ICON_INTERFACE/U_CMD6_RD/U_RD_FIFO/SUBCORE_FIFO.xsdbm_v3_0_0_rdfifo_inst/inst_fifo_gen/gconvfifo.rf/grf.rf/gntv_or_sync_fifo.gl0.wr/wpntr/gic0.gc0.count_d1_reg[2]
  -------------------------------------------------------------------
                         required time                         -1.977    
                         arrival time                           2.326    
  -------------------------------------------------------------------
                         slack                                  0.349    





---------------------------------------------------------------------------------------------------
Path Group:  **async_default**
From Clock:  clk_pll_i
  To Clock:  clk_pll_i

Setup :            0  Failing Endpoints,  Worst Slack        5.965ns,  Total Violation        0.000ns
Hold  :            0  Failing Endpoints,  Worst Slack        0.809ns,  Total Violation        0.000ns
---------------------------------------------------------------------------------------------------


Max Delay Paths
--------------------------------------------------------------------------------------
Slack (MET) :             5.965ns  (required time - arrival time)
  Source:                 ddr3.u_axi_wrap_ddr/u_Axi_CDC/awFifo/bufferCC_12/buffers_1_reg/C
                            (rising edge-triggered cell FDCE clocked by clk_pll_i  {rise@0.000ns fall@5.000ns period=10.000ns})
  Destination:            ddr3.u_axi_wrap_ddr/u_Axi_CDC/wFifo/pushToPopGray_buffercc/buffers_0_reg[3]/CLR
                            (recovery check against rising-edge clock clk_pll_i  {rise@0.000ns fall@5.000ns period=10.000ns})
  Path Group:             **async_default**
  Path Type:              Recovery (Max at Slow Process Corner)
  Requirement:            10.000ns  (clk_pll_i rise@10.000ns - clk_pll_i rise@0.000ns)
  Data Path Delay:        3.456ns  (logic 0.590ns (17.072%)  route 2.866ns (82.928%))
  Logic Levels:           1  (LUT1=1)
  Clock Path Skew:        -0.188ns (DCD - SCD + CPR)
    Destination Clock Delay (DCD):    7.519ns = ( 17.519 - 10.000 ) 
    Source Clock Delay      (SCD):    8.140ns
    Clock Pessimism Removal (CPR):    0.433ns
  Clock Uncertainty:      0.060ns  ((TSJ^2 + DJ^2)^1/2) / 2 + PE
    Total System Jitter     (TSJ):    0.071ns
    Discrete Jitter          (DJ):    0.098ns
    Phase Error              (PE):    0.000ns

    Location             Delay type                Incr(ns)  Path(ns)    Netlist Resource(s)
  -------------------------------------------------------------------    -------------------
                         (clock clk_pll_i rise edge)
                                                      0.000     0.000 r  
    AC19                                              0.000     0.000 r  clk (IN)
                         net (fo=0)                   0.000     0.000    clk
    AC19                 IBUF (Prop_ibuf_I_O)         1.416     1.416 r  clk_IBUF_inst/O
                         net (fo=1, routed)           2.602     4.018    clk_IBUF
    BUFGCTRL_X0Y0        BUFG (Prop_bufg_I_O)         0.081     4.099 r  clk_IBUF_BUFG_inst/O
                         net (fo=2166, routed)        1.696     5.795    ddr3.u_axi_wrap_ddr/mig_axi/u_mig_axi_32_mig/u_ddr3_infrastructure/mmcm_clk
    PLLE2_ADV_X0Y4       PLLE2_ADV (Prop_plle2_adv_CLKIN1_CLKOUT3)
                                                      0.077     5.872 r  ddr3.u_axi_wrap_ddr/mig_axi/u_mig_axi_32_mig/u_ddr3_infrastructure/plle2_i/CLKOUT3
                         net (fo=1, routed)           1.429     7.301    ddr3.u_axi_wrap_ddr/mig_axi/u_mig_axi_32_mig/u_ddr3_infrastructure/pll_clk3_out
    BUFHCE_X0Y48         BUFH (Prop_bufh_I_O)         0.106     7.407 r  ddr3.u_axi_wrap_ddr/mig_axi/u_mig_axi_32_mig/u_ddr3_infrastructure/u_bufh_pll_clk3/O
                         net (fo=1, routed)           0.841     8.248    ddr3.u_axi_wrap_ddr/mig_axi/u_mig_axi_32_mig/u_ddr3_infrastructure/pll_clk3
    MMCME2_ADV_X0Y4      MMCME2_ADV (Prop_mmcme2_adv_CLKIN1_CLKFBOUT)
                                                     -3.816     4.432 r  ddr3.u_axi_wrap_ddr/mig_axi/u_mig_axi_32_mig/u_ddr3_infrastructure/gen_mmcm.mmcm_i/CLKFBOUT
                         net (fo=1, routed)           2.061     6.493    ddr3.u_axi_wrap_ddr/mig_axi/u_mig_axi_32_mig/u_ddr3_infrastructure/clk_pll_i
    BUFGCTRL_X0Y16       BUFG (Prop_bufg_I_O)         0.081     6.574 r  ddr3.u_axi_wrap_ddr/mig_axi/u_mig_axi_32_mig/u_ddr3_infrastructure/u_bufg_clkdiv0/O
                         net (fo=7005, routed)        1.566     8.140    ddr3.u_axi_wrap_ddr/u_Axi_CDC/awFifo/bufferCC_12/ui_clk
    SLICE_X45Y210        FDCE                                         r  ddr3.u_axi_wrap_ddr/u_Axi_CDC/awFifo/bufferCC_12/buffers_1_reg/C
  -------------------------------------------------------------------    -------------------
    SLICE_X45Y210        FDCE (Prop_fdce_C_Q)         0.348     8.488 r  ddr3.u_axi_wrap_ddr/u_Axi_CDC/awFifo/bufferCC_12/buffers_1_reg/Q
                         net (fo=1, routed)           0.685     9.173    ddr3.u_axi_wrap_ddr/u_Axi_CDC/awFifo/bufferCC_12/buffers_1
    SLICE_X45Y210        LUT1 (Prop_lut1_I0_O)        0.242     9.415 f  ddr3.u_axi_wrap_ddr/u_Axi_CDC/awFifo/bufferCC_12/popCC_popPtr[2]_i_2__0/O
                         net (fo=43, routed)          2.181    11.596    ddr3.u_axi_wrap_ddr/u_Axi_CDC/wFifo/pushToPopGray_buffercc/buffers_0_reg[3]_1
    SLICE_X13Y188        FDCE                                         f  ddr3.u_axi_wrap_ddr/u_Axi_CDC/wFifo/pushToPopGray_buffercc/buffers_0_reg[3]/CLR
  -------------------------------------------------------------------    -------------------

                         (clock clk_pll_i rise edge)
                                                     10.000    10.000 r  
    AC19                                              0.000    10.000 r  clk (IN)
                         net (fo=0)                   0.000    10.000    clk
    AC19                 IBUF (Prop_ibuf_I_O)         1.350    11.350 r  clk_IBUF_inst/O
                         net (fo=1, routed)           2.471    13.821    clk_IBUF
    BUFGCTRL_X0Y0        BUFG (Prop_bufg_I_O)         0.077    13.898 r  clk_IBUF_BUFG_inst/O
                         net (fo=2166, routed)        1.586    15.484    ddr3.u_axi_wrap_ddr/mig_axi/u_mig_axi_32_mig/u_ddr3_infrastructure/mmcm_clk
    PLLE2_ADV_X0Y4       PLLE2_ADV (Prop_plle2_adv_CLKIN1_CLKOUT3)
                                                      0.073    15.557 r  ddr3.u_axi_wrap_ddr/mig_axi/u_mig_axi_32_mig/u_ddr3_infrastructure/plle2_i/CLKOUT3
                         net (fo=1, routed)           1.281    16.838    ddr3.u_axi_wrap_ddr/mig_axi/u_mig_axi_32_mig/u_ddr3_infrastructure/pll_clk3_out
    BUFHCE_X0Y48         BUFH (Prop_bufh_I_O)         0.069    16.907 r  ddr3.u_axi_wrap_ddr/mig_axi/u_mig_axi_32_mig/u_ddr3_infrastructure/u_bufh_pll_clk3/O
                         net (fo=1, routed)           0.805    17.712    ddr3.u_axi_wrap_ddr/mig_axi/u_mig_axi_32_mig/u_ddr3_infrastructure/pll_clk3
    MMCME2_ADV_X0Y4      MMCME2_ADV (Prop_mmcme2_adv_CLKIN1_CLKFBOUT)
                                                     -3.606    14.105 r  ddr3.u_axi_wrap_ddr/mig_axi/u_mig_axi_32_mig/u_ddr3_infrastructure/gen_mmcm.mmcm_i/CLKFBOUT
                         net (fo=1, routed)           1.964    16.070    ddr3.u_axi_wrap_ddr/mig_axi/u_mig_axi_32_mig/u_ddr3_infrastructure/clk_pll_i
    BUFGCTRL_X0Y16       BUFG (Prop_bufg_I_O)         0.077    16.147 r  ddr3.u_axi_wrap_ddr/mig_axi/u_mig_axi_32_mig/u_ddr3_infrastructure/u_bufg_clkdiv0/O
                         net (fo=7005, routed)        1.372    17.519    ddr3.u_axi_wrap_ddr/u_Axi_CDC/wFifo/pushToPopGray_buffercc/ui_clk
    SLICE_X13Y188        FDCE                                         r  ddr3.u_axi_wrap_ddr/u_Axi_CDC/wFifo/pushToPopGray_buffercc/buffers_0_reg[3]/C
                         clock pessimism              0.433    17.952    
                         clock uncertainty           -0.060    17.892    
    SLICE_X13Y188        FDCE (Recov_fdce_C_CLR)     -0.331    17.561    ddr3.u_axi_wrap_ddr/u_Axi_CDC/wFifo/pushToPopGray_buffercc/buffers_0_reg[3]
  -------------------------------------------------------------------
                         required time                         17.561    
                         arrival time                         -11.596    
  -------------------------------------------------------------------
                         slack                                  5.965    





Min Delay Paths
--------------------------------------------------------------------------------------
Slack (MET) :             0.809ns  (arrival time - required time)
  Source:                 ddr3.u_axi_wrap_ddr/u_Axi_CDC/awFifo/bufferCC_12/buffers_1_reg/C
                            (rising edge-triggered cell FDCE clocked by clk_pll_i  {rise@0.000ns fall@5.000ns period=10.000ns})
  Destination:            ddr3.u_axi_wrap_ddr/u_Axi_CDC/arFifo/popCC_ptrToPush_reg[0]/CLR
                            (removal check against rising-edge clock clk_pll_i  {rise@0.000ns fall@5.000ns period=10.000ns})
  Path Group:             **async_default**
  Path Type:              Removal (Min at Fast Process Corner)
  Requirement:            0.000ns  (clk_pll_i rise@0.000ns - clk_pll_i rise@0.000ns)
  Data Path Delay:        0.754ns  (logic 0.227ns (30.121%)  route 0.527ns (69.879%))
  Logic Levels:           1  (LUT1=1)
  Clock Path Skew:        0.037ns (DCD - SCD - CPR)
    Destination Clock Delay (DCD):    3.806ns
    Source Clock Delay      (SCD):    2.942ns
    Clock Pessimism Removal (CPR):    0.827ns

    Location             Delay type                Incr(ns)  Path(ns)    Netlist Resource(s)
  -------------------------------------------------------------------    -------------------
                         (clock clk_pll_i rise edge)
                                                      0.000     0.000 r  
    AC19                                              0.000     0.000 r  clk (IN)
                         net (fo=0)                   0.000     0.000    clk
    AC19                 IBUF (Prop_ibuf_I_O)         0.253     0.253 r  clk_IBUF_inst/O
                         net (fo=1, routed)           1.074     1.327    clk_IBUF
    BUFGCTRL_X0Y0        BUFG (Prop_bufg_I_O)         0.026     1.353 r  clk_IBUF_BUFG_inst/O
                         net (fo=2166, routed)        0.701     2.054    ddr3.u_axi_wrap_ddr/mig_axi/u_mig_axi_32_mig/u_ddr3_infrastructure/mmcm_clk
    PLLE2_ADV_X0Y4       PLLE2_ADV (Prop_plle2_adv_CLKIN1_CLKOUT3)
                                                      0.050     2.104 r  ddr3.u_axi_wrap_ddr/mig_axi/u_mig_axi_32_mig/u_ddr3_infrastructure/plle2_i/CLKOUT3
                         net (fo=1, routed)           0.518     2.622    ddr3.u_axi_wrap_ddr/mig_axi/u_mig_axi_32_mig/u_ddr3_infrastructure/pll_clk3_out
    BUFHCE_X0Y48         BUFH (Prop_bufh_I_O)         0.020     2.642 r  ddr3.u_axi_wrap_ddr/mig_axi/u_mig_axi_32_mig/u_ddr3_infrastructure/u_bufh_pll_clk3/O
                         net (fo=1, routed)           0.326     2.968    ddr3.u_axi_wrap_ddr/mig_axi/u_mig_axi_32_mig/u_ddr3_infrastructure/pll_clk3
    MMCME2_ADV_X0Y4      MMCME2_ADV (Prop_mmcme2_adv_CLKIN1_CLKFBOUT)
                                                     -1.511     1.457 r  ddr3.u_axi_wrap_ddr/mig_axi/u_mig_axi_32_mig/u_ddr3_infrastructure/gen_mmcm.mmcm_i/CLKFBOUT
                         net (fo=1, routed)           0.790     2.248    ddr3.u_axi_wrap_ddr/mig_axi/u_mig_axi_32_mig/u_ddr3_infrastructure/clk_pll_i
    BUFGCTRL_X0Y16       BUFG (Prop_bufg_I_O)         0.026     2.274 r  ddr3.u_axi_wrap_ddr/mig_axi/u_mig_axi_32_mig/u_ddr3_infrastructure/u_bufg_clkdiv0/O
                         net (fo=7005, routed)        0.668     2.942    ddr3.u_axi_wrap_ddr/u_Axi_CDC/awFifo/bufferCC_12/ui_clk
    SLICE_X45Y210        FDCE                                         r  ddr3.u_axi_wrap_ddr/u_Axi_CDC/awFifo/bufferCC_12/buffers_1_reg/C
  -------------------------------------------------------------------    -------------------
    SLICE_X45Y210        FDCE (Prop_fdce_C_Q)         0.128     3.070 r  ddr3.u_axi_wrap_ddr/u_Axi_CDC/awFifo/bufferCC_12/buffers_1_reg/Q
                         net (fo=1, routed)           0.279     3.349    ddr3.u_axi_wrap_ddr/u_Axi_CDC/awFifo/bufferCC_12/buffers_1
    SLICE_X45Y210        LUT1 (Prop_lut1_I0_O)        0.099     3.448 f  ddr3.u_axi_wrap_ddr/u_Axi_CDC/awFifo/bufferCC_12/popCC_popPtr[2]_i_2__0/O
                         net (fo=43, routed)          0.248     3.695    ddr3.u_axi_wrap_ddr/u_Axi_CDC/arFifo/buffers_0_reg[2]
    SLICE_X47Y208        FDCE                                         f  ddr3.u_axi_wrap_ddr/u_Axi_CDC/arFifo/popCC_ptrToPush_reg[0]/CLR
  -------------------------------------------------------------------    -------------------

                         (clock clk_pll_i rise edge)
                                                      0.000     0.000 r  
    AC19                                              0.000     0.000 r  clk (IN)
                         net (fo=0)                   0.000     0.000    clk
    AC19                 IBUF (Prop_ibuf_I_O)         0.441     0.441 r  clk_IBUF_inst/O
                         net (fo=1, routed)           1.160     1.601    clk_IBUF
    BUFGCTRL_X0Y0        BUFG (Prop_bufg_I_O)         0.029     1.630 r  clk_IBUF_BUFG_inst/O
                         net (fo=2166, routed)        0.976     2.606    ddr3.u_axi_wrap_ddr/mig_axi/u_mig_axi_32_mig/u_ddr3_infrastructure/mmcm_clk
    PLLE2_ADV_X0Y4       PLLE2_ADV (Prop_plle2_adv_CLKIN1_CLKOUT3)
                                                      0.053     2.659 r  ddr3.u_axi_wrap_ddr/mig_axi/u_mig_axi_32_mig/u_ddr3_infrastructure/plle2_i/CLKOUT3
                         net (fo=1, routed)           0.577     3.236    ddr3.u_axi_wrap_ddr/mig_axi/u_mig_axi_32_mig/u_ddr3_infrastructure/pll_clk3_out
    BUFHCE_X0Y48         BUFH (Prop_bufh_I_O)         0.043     3.279 r  ddr3.u_axi_wrap_ddr/mig_axi/u_mig_axi_32_mig/u_ddr3_infrastructure/u_bufh_pll_clk3/O
                         net (fo=1, routed)           0.553     3.832    ddr3.u_axi_wrap_ddr/mig_axi/u_mig_axi_32_mig/u_ddr3_infrastructure/pll_clk3
    MMCME2_ADV_X0Y4      MMCME2_ADV (Prop_mmcme2_adv_CLKIN1_CLKFBOUT)
                                                     -1.858     1.974 r  ddr3.u_axi_wrap_ddr/mig_axi/u_mig_axi_32_mig/u_ddr3_infrastructure/gen_mmcm.mmcm_i/CLKFBOUT
                         net (fo=1, routed)           0.860     2.834    ddr3.u_axi_wrap_ddr/mig_axi/u_mig_axi_32_mig/u_ddr3_infrastructure/clk_pll_i
    BUFGCTRL_X0Y16       BUFG (Prop_bufg_I_O)         0.029     2.863 r  ddr3.u_axi_wrap_ddr/mig_axi/u_mig_axi_32_mig/u_ddr3_infrastructure/u_bufg_clkdiv0/O
                         net (fo=7005, routed)        0.943     3.806    ddr3.u_axi_wrap_ddr/u_Axi_CDC/arFifo/ui_clk
    SLICE_X47Y208        FDCE                                         r  ddr3.u_axi_wrap_ddr/u_Axi_CDC/arFifo/popCC_ptrToPush_reg[0]/C
                         clock pessimism             -0.827     2.979    
    SLICE_X47Y208        FDCE (Remov_fdce_C_CLR)     -0.092     2.887    ddr3.u_axi_wrap_ddr/u_Axi_CDC/arFifo/popCC_ptrToPush_reg[0]
  -------------------------------------------------------------------
                         required time                         -2.887    
                         arrival time                           3.695    
  -------------------------------------------------------------------
                         slack                                  0.809    





---------------------------------------------------------------------------------------------------
Path Group:  **async_default**
From Clock:  sys_clk
  To Clock:  clk_pll_i

Setup :            0  Failing Endpoints,  Worst Slack        6.973ns,  Total Violation        0.000ns
Hold  :            0  Failing Endpoints,  Worst Slack        0.485ns,  Total Violation        0.000ns
---------------------------------------------------------------------------------------------------


Max Delay Paths
--------------------------------------------------------------------------------------
Slack (MET) :             6.973ns  (required time - arrival time)
  Source:                 fpga_pll.u_rst_sys/delay_reg[1]/C
                            (rising edge-triggered cell FDCE clocked by sys_clk  {rise@0.000ns fall@5.000ns period=10.000ns})
  Destination:            ddr3.u_axi_wrap_ddr/u_Axi_CDC/awFifo/bufferCC_12/buffers_0_reg/CLR
                            (recovery check against rising-edge clock clk_pll_i  {rise@0.000ns fall@5.000ns period=10.000ns})
  Path Group:             **async_default**
  Path Type:              Recovery (Max at Slow Process Corner)
  Requirement:            10.000ns  (clk_pll_i rise@10.000ns - sys_clk rise@0.000ns)
  Data Path Delay:        4.337ns  (logic 0.505ns (11.645%)  route 3.832ns (88.355%))
  Logic Levels:           1  (LUT1=1)
  Clock Path Skew:        2.056ns (DCD - SCD + CPR)
    Destination Clock Delay (DCD):    7.597ns = ( 17.597 - 10.000 ) 
    Source Clock Delay      (SCD):    5.742ns
    Clock Pessimism Removal (CPR):    0.201ns
  Clock Uncertainty:      0.237ns  ((TSJ^2 + DJ^2)^1/2) / 2 + PE
    Total System Jitter     (TSJ):    0.071ns
    Discrete Jitter          (DJ):    0.184ns
    Phase Error              (PE):    0.139ns

    Location             Delay type                Incr(ns)  Path(ns)    Netlist Resource(s)
  -------------------------------------------------------------------    -------------------
                         (clock sys_clk rise edge)    0.000     0.000 r  
    AC19                                              0.000     0.000 r  clk (IN)
                         net (fo=0)                   0.000     0.000    clk
    AC19                 IBUF (Prop_ibuf_I_O)         1.416     1.416 r  clk_IBUF_inst/O
                         net (fo=1, routed)           2.602     4.018    clk_IBUF
    BUFGCTRL_X0Y0        BUFG (Prop_bufg_I_O)         0.081     4.099 r  clk_IBUF_BUFG_inst/O
                         net (fo=2166, routed)        1.536     5.635    fpga_pll.u_clk_pll/inst/clk_in1
    PLLE2_ADV_X0Y2       PLLE2_ADV (Prop_plle2_adv_CLKIN1_CLKOUT1)
                                                     -3.173     2.461 r  fpga_pll.u_clk_pll/inst/plle2_adv_inst/CLKOUT1
                         net (fo=1, routed)           1.557     4.018    fpga_pll.u_clk_pll/inst/sys_clk_clk_pll
    BUFGCTRL_X0Y3        BUFG (Prop_bufg_I_O)         0.081     4.099 r  fpga_pll.u_clk_pll/inst/clkout2_buf/O
                         net (fo=3291, routed)        1.643     5.742    fpga_pll.u_rst_sys/sys_clk
    SLICE_X29Y216        FDCE                                         r  fpga_pll.u_rst_sys/delay_reg[1]/C
  -------------------------------------------------------------------    -------------------
    SLICE_X29Y216        FDCE (Prop_fdce_C_Q)         0.379     6.121 r  fpga_pll.u_rst_sys/delay_reg[1]/Q
                         net (fo=58, routed)          2.397     8.518    fpga_pll.u_rst_sys/Q[0]
    SLICE_X46Y210        LUT1 (Prop_lut1_I0_O)        0.126     8.644 f  fpga_pll.u_rst_sys/pushCC_pushPtr[2]_i_3__1/O
                         net (fo=378, routed)         1.434    10.079    ddr3.u_axi_wrap_ddr/u_Axi_CDC/awFifo/bufferCC_12/prst
    SLICE_X45Y210        FDCE                                         f  ddr3.u_axi_wrap_ddr/u_Axi_CDC/awFifo/bufferCC_12/buffers_0_reg/CLR
  -------------------------------------------------------------------    -------------------

                         (clock clk_pll_i rise edge)
                                                     10.000    10.000 r  
    AC19                                              0.000    10.000 r  clk (IN)
                         net (fo=0)                   0.000    10.000    clk
    AC19                 IBUF (Prop_ibuf_I_O)         1.350    11.350 r  clk_IBUF_inst/O
                         net (fo=1, routed)           2.471    13.821    clk_IBUF
    BUFGCTRL_X0Y0        BUFG (Prop_bufg_I_O)         0.077    13.898 r  clk_IBUF_BUFG_inst/O
                         net (fo=2166, routed)        1.586    15.484    ddr3.u_axi_wrap_ddr/mig_axi/u_mig_axi_32_mig/u_ddr3_infrastructure/mmcm_clk
    PLLE2_ADV_X0Y4       PLLE2_ADV (Prop_plle2_adv_CLKIN1_CLKOUT3)
                                                      0.073    15.557 r  ddr3.u_axi_wrap_ddr/mig_axi/u_mig_axi_32_mig/u_ddr3_infrastructure/plle2_i/CLKOUT3
                         net (fo=1, routed)           1.281    16.838    ddr3.u_axi_wrap_ddr/mig_axi/u_mig_axi_32_mig/u_ddr3_infrastructure/pll_clk3_out
    BUFHCE_X0Y48         BUFH (Prop_bufh_I_O)         0.069    16.907 r  ddr3.u_axi_wrap_ddr/mig_axi/u_mig_axi_32_mig/u_ddr3_infrastructure/u_bufh_pll_clk3/O
                         net (fo=1, routed)           0.805    17.712    ddr3.u_axi_wrap_ddr/mig_axi/u_mig_axi_32_mig/u_ddr3_infrastructure/pll_clk3
    MMCME2_ADV_X0Y4      MMCME2_ADV (Prop_mmcme2_adv_CLKIN1_CLKFBOUT)
                                                     -3.606    14.105 r  ddr3.u_axi_wrap_ddr/mig_axi/u_mig_axi_32_mig/u_ddr3_infrastructure/gen_mmcm.mmcm_i/CLKFBOUT
                         net (fo=1, routed)           1.964    16.070    ddr3.u_axi_wrap_ddr/mig_axi/u_mig_axi_32_mig/u_ddr3_infrastructure/clk_pll_i
    BUFGCTRL_X0Y16       BUFG (Prop_bufg_I_O)         0.077    16.147 r  ddr3.u_axi_wrap_ddr/mig_axi/u_mig_axi_32_mig/u_ddr3_infrastructure/u_bufg_clkdiv0/O
                         net (fo=7005, routed)        1.450    17.597    ddr3.u_axi_wrap_ddr/u_Axi_CDC/awFifo/bufferCC_12/ui_clk
    SLICE_X45Y210        FDCE                                         r  ddr3.u_axi_wrap_ddr/u_Axi_CDC/awFifo/bufferCC_12/buffers_0_reg/C
                         clock pessimism              0.201    17.798    
                         clock uncertainty           -0.237    17.561    
    SLICE_X45Y210        FDCE (Recov_fdce_C_CLR)     -0.509    17.052    ddr3.u_axi_wrap_ddr/u_Axi_CDC/awFifo/bufferCC_12/buffers_0_reg
  -------------------------------------------------------------------
                         required time                         17.052    
                         arrival time                         -10.079    
  -------------------------------------------------------------------
                         slack                                  6.973    





Min Delay Paths
--------------------------------------------------------------------------------------
Slack (MET) :             0.485ns  (arrival time - required time)
  Source:                 fpga_pll.u_rst_sys/delay_reg[1]/C
                            (rising edge-triggered cell FDCE clocked by sys_clk  {rise@0.000ns fall@5.000ns period=10.000ns})
  Destination:            ddr3.u_axi_wrap_ddr/u_Axi_CDC/awFifo/bufferCC_12/buffers_0_reg/CLR
                            (removal check against rising-edge clock clk_pll_i  {rise@0.000ns fall@5.000ns period=10.000ns})
  Path Group:             **async_default**
  Path Type:              Removal (Min at Fast Process Corner)
  Requirement:            0.000ns  (clk_pll_i rise@0.000ns - sys_clk rise@0.000ns)
  Data Path Delay:        2.032ns  (logic 0.184ns (9.057%)  route 1.848ns (90.943%))
  Logic Levels:           1  (LUT1=1)
  Clock Path Skew:        1.474ns (DCD - SCD - CPR)
    Destination Clock Delay (DCD):    3.806ns
    Source Clock Delay      (SCD):    2.055ns
    Clock Pessimism Removal (CPR):    0.277ns
  Clock Uncertainty:      0.237ns  ((TSJ^2 + DJ^2)^1/2) / 2 + PE
    Total System Jitter     (TSJ):    0.071ns
    Discrete Jitter          (DJ):    0.184ns
    Phase Error              (PE):    0.139ns

    Location             Delay type                Incr(ns)  Path(ns)    Netlist Resource(s)
  -------------------------------------------------------------------    -------------------
                         (clock sys_clk rise edge)    0.000     0.000 r  
    AC19                                              0.000     0.000 r  clk (IN)
                         net (fo=0)                   0.000     0.000    clk
    AC19                 IBUF (Prop_ibuf_I_O)         0.253     0.253 r  clk_IBUF_inst/O
                         net (fo=1, routed)           1.074     1.327    clk_IBUF
    BUFGCTRL_X0Y0        BUFG (Prop_bufg_I_O)         0.026     1.353 r  clk_IBUF_BUFG_inst/O
                         net (fo=2166, routed)        0.615     1.967    fpga_pll.u_clk_pll/inst/clk_in1
    PLLE2_ADV_X0Y2       PLLE2_ADV (Prop_plle2_adv_CLKIN1_CLKOUT1)
                                                     -1.200     0.767 r  fpga_pll.u_clk_pll/inst/plle2_adv_inst/CLKOUT1
                         net (fo=1, routed)           0.560     1.327    fpga_pll.u_clk_pll/inst/sys_clk_clk_pll
    BUFGCTRL_X0Y3        BUFG (Prop_bufg_I_O)         0.026     1.353 r  fpga_pll.u_clk_pll/inst/clkout2_buf/O
                         net (fo=3291, routed)        0.702     2.055    fpga_pll.u_rst_sys/sys_clk
    SLICE_X29Y216        FDCE                                         r  fpga_pll.u_rst_sys/delay_reg[1]/C
  -------------------------------------------------------------------    -------------------
    SLICE_X29Y216        FDCE (Prop_fdce_C_Q)         0.141     2.196 r  fpga_pll.u_rst_sys/delay_reg[1]/Q
                         net (fo=58, routed)          1.173     3.369    fpga_pll.u_rst_sys/Q[0]
    SLICE_X46Y210        LUT1 (Prop_lut1_I0_O)        0.043     3.412 f  fpga_pll.u_rst_sys/pushCC_pushPtr[2]_i_3__1/O
                         net (fo=378, routed)         0.674     4.086    ddr3.u_axi_wrap_ddr/u_Axi_CDC/awFifo/bufferCC_12/prst
    SLICE_X45Y210        FDCE                                         f  ddr3.u_axi_wrap_ddr/u_Axi_CDC/awFifo/bufferCC_12/buffers_0_reg/CLR
  -------------------------------------------------------------------    -------------------

                         (clock clk_pll_i rise edge)
                                                      0.000     0.000 r  
    AC19                                              0.000     0.000 r  clk (IN)
                         net (fo=0)                   0.000     0.000    clk
    AC19                 IBUF (Prop_ibuf_I_O)         0.441     0.441 r  clk_IBUF_inst/O
                         net (fo=1, routed)           1.160     1.601    clk_IBUF
    BUFGCTRL_X0Y0        BUFG (Prop_bufg_I_O)         0.029     1.630 r  clk_IBUF_BUFG_inst/O
                         net (fo=2166, routed)        0.976     2.606    ddr3.u_axi_wrap_ddr/mig_axi/u_mig_axi_32_mig/u_ddr3_infrastructure/mmcm_clk
    PLLE2_ADV_X0Y4       PLLE2_ADV (Prop_plle2_adv_CLKIN1_CLKOUT3)
                                                      0.053     2.659 r  ddr3.u_axi_wrap_ddr/mig_axi/u_mig_axi_32_mig/u_ddr3_infrastructure/plle2_i/CLKOUT3
                         net (fo=1, routed)           0.577     3.236    ddr3.u_axi_wrap_ddr/mig_axi/u_mig_axi_32_mig/u_ddr3_infrastructure/pll_clk3_out
    BUFHCE_X0Y48         BUFH (Prop_bufh_I_O)         0.043     3.279 r  ddr3.u_axi_wrap_ddr/mig_axi/u_mig_axi_32_mig/u_ddr3_infrastructure/u_bufh_pll_clk3/O
                         net (fo=1, routed)           0.553     3.832    ddr3.u_axi_wrap_ddr/mig_axi/u_mig_axi_32_mig/u_ddr3_infrastructure/pll_clk3
    MMCME2_ADV_X0Y4      MMCME2_ADV (Prop_mmcme2_adv_CLKIN1_CLKFBOUT)
                                                     -1.858     1.974 r  ddr3.u_axi_wrap_ddr/mig_axi/u_mig_axi_32_mig/u_ddr3_infrastructure/gen_mmcm.mmcm_i/CLKFBOUT
                         net (fo=1, routed)           0.860     2.834    ddr3.u_axi_wrap_ddr/mig_axi/u_mig_axi_32_mig/u_ddr3_infrastructure/clk_pll_i
    BUFGCTRL_X0Y16       BUFG (Prop_bufg_I_O)         0.029     2.863 r  ddr3.u_axi_wrap_ddr/mig_axi/u_mig_axi_32_mig/u_ddr3_infrastructure/u_bufg_clkdiv0/O
                         net (fo=7005, routed)        0.943     3.806    ddr3.u_axi_wrap_ddr/u_Axi_CDC/awFifo/bufferCC_12/ui_clk
    SLICE_X45Y210        FDCE                                         r  ddr3.u_axi_wrap_ddr/u_Axi_CDC/awFifo/bufferCC_12/buffers_0_reg/C
                         clock pessimism             -0.277     3.529    
                         clock uncertainty            0.237     3.766    
    SLICE_X45Y210        FDCE (Remov_fdce_C_CLR)     -0.165     3.601    ddr3.u_axi_wrap_ddr/u_Axi_CDC/awFifo/bufferCC_12/buffers_0_reg
  -------------------------------------------------------------------
                         required time                         -3.601    
                         arrival time                           4.086    
  -------------------------------------------------------------------
                         slack                                  0.485    





---------------------------------------------------------------------------------------------------
Path Group:  **async_default**
From Clock:  cpu_clk
  To Clock:  cpu_clk

Setup :            0  Failing Endpoints,  Worst Slack       27.941ns,  Total Violation        0.000ns
Hold  :            0  Failing Endpoints,  Worst Slack        0.901ns,  Total Violation        0.000ns
---------------------------------------------------------------------------------------------------


Max Delay Paths
--------------------------------------------------------------------------------------
Slack (MET) :             27.941ns  (required time - arrival time)
  Source:                 fpga_pll.u_rst_cpu/delay_reg[1]/C
                            (rising edge-triggered cell FDCE clocked by cpu_clk  {rise@0.000ns fall@15.625ns period=31.250ns})
  Destination:            u_axi_clock_sync/awFifo/popToPushGray_buffercc/buffers_0_reg[0]/CLR
                            (recovery check against rising-edge clock cpu_clk  {rise@0.000ns fall@15.625ns period=31.250ns})
  Path Group:             **async_default**
  Path Type:              Recovery (Max at Slow Process Corner)
  Requirement:            31.250ns  (cpu_clk rise@31.250ns - cpu_clk rise@0.000ns)
  Data Path Delay:        2.866ns  (logic 0.484ns (16.889%)  route 2.382ns (83.111%))
  Logic Levels:           1  (LUT1=1)
  Clock Path Skew:        -0.047ns (DCD - SCD + CPR)
    Destination Clock Delay (DCD):    5.260ns = ( 36.510 - 31.250 ) 
    Source Clock Delay      (SCD):    5.574ns
    Clock Pessimism Removal (CPR):    0.267ns
  Clock Uncertainty:      0.065ns  ((TSJ^2 + DJ^2)^1/2) / 2 + PE
    Total System Jitter     (TSJ):    0.071ns
    Discrete Jitter          (DJ):    0.109ns
    Phase Error              (PE):    0.000ns

    Location             Delay type                Incr(ns)  Path(ns)    Netlist Resource(s)
  -------------------------------------------------------------------    -------------------
                         (clock cpu_clk rise edge)    0.000     0.000 r  
    AC19                                              0.000     0.000 r  clk (IN)
                         net (fo=0)                   0.000     0.000    clk
    AC19                 IBUF (Prop_ibuf_I_O)         1.416     1.416 r  clk_IBUF_inst/O
                         net (fo=1, routed)           2.602     4.018    clk_IBUF
    BUFGCTRL_X0Y0        BUFG (Prop_bufg_I_O)         0.081     4.099 r  clk_IBUF_BUFG_inst/O
                         net (fo=2166, routed)        1.536     5.635    fpga_pll.u_clk_pll/inst/clk_in1
    PLLE2_ADV_X0Y2       PLLE2_ADV (Prop_plle2_adv_CLKIN1_CLKOUT0)
                                                     -3.173     2.461 r  fpga_pll.u_clk_pll/inst/plle2_adv_inst/CLKOUT0
                         net (fo=1, routed)           1.557     4.018    fpga_pll.u_clk_pll/inst/cpu_clk_clk_pll
    BUFGCTRL_X0Y2        BUFG (Prop_bufg_I_O)         0.081     4.099 r  fpga_pll.u_clk_pll/inst/clkout1_buf/O
                         net (fo=25951, routed)       1.475     5.574    fpga_pll.u_rst_cpu/cpu_clk
    SLICE_X23Y165        FDCE                                         r  fpga_pll.u_rst_cpu/delay_reg[1]/C
  -------------------------------------------------------------------    -------------------
    SLICE_X23Y165        FDCE (Prop_fdce_C_Q)         0.379     5.953 r  fpga_pll.u_rst_cpu/delay_reg[1]/Q
                         net (fo=316, routed)         0.945     6.899    fpga_pll.u_rst_cpu/Q[0]
    SLICE_X21Y167        LUT1 (Prop_lut1_I0_O)        0.105     7.004 f  fpga_pll.u_rst_cpu/FSM_onehot_genblk1[3].state[3][4]_i_2/O
                         net (fo=78, routed)          1.436     8.440    u_axi_clock_sync/awFifo/popToPushGray_buffercc/buffers_0_reg[2]_0
    SLICE_X19Y176        FDCE                                         f  u_axi_clock_sync/awFifo/popToPushGray_buffercc/buffers_0_reg[0]/CLR
  -------------------------------------------------------------------    -------------------

                         (clock cpu_clk rise edge)   31.250    31.250 r  
    AC19                                              0.000    31.250 r  clk (IN)
                         net (fo=0)                   0.000    31.250    clk
    AC19                 IBUF (Prop_ibuf_I_O)         1.350    32.600 r  clk_IBUF_inst/O
                         net (fo=1, routed)           2.471    35.071    clk_IBUF
    BUFGCTRL_X0Y0        BUFG (Prop_bufg_I_O)         0.077    35.148 r  clk_IBUF_BUFG_inst/O
                         net (fo=2166, routed)        1.434    36.581    fpga_pll.u_clk_pll/inst/clk_in1
    PLLE2_ADV_X0Y2       PLLE2_ADV (Prop_plle2_adv_CLKIN1_CLKOUT0)
                                                     -2.995    33.586 r  fpga_pll.u_clk_pll/inst/plle2_adv_inst/CLKOUT0
                         net (fo=1, routed)           1.484    35.071    fpga_pll.u_clk_pll/inst/cpu_clk_clk_pll
    BUFGCTRL_X0Y2        BUFG (Prop_bufg_I_O)         0.077    35.148 r  fpga_pll.u_clk_pll/inst/clkout1_buf/O
                         net (fo=25951, routed)       1.362    36.510    u_axi_clock_sync/awFifo/popToPushGray_buffercc/cpu_clk
    SLICE_X19Y176        FDCE                                         r  u_axi_clock_sync/awFifo/popToPushGray_buffercc/buffers_0_reg[0]/C
                         clock pessimism              0.267    36.777    
                         clock uncertainty           -0.065    36.712    
    SLICE_X19Y176        FDCE (Recov_fdce_C_CLR)     -0.331    36.381    u_axi_clock_sync/awFifo/popToPushGray_buffercc/buffers_0_reg[0]
  -------------------------------------------------------------------
                         required time                         36.381    
                         arrival time                          -8.440    
  -------------------------------------------------------------------
                         slack                                 27.941    





Min Delay Paths
--------------------------------------------------------------------------------------
Slack (MET) :             0.901ns  (arrival time - required time)
  Source:                 fpga_pll.u_rst_cpu/delay_reg[1]/C
                            (rising edge-triggered cell FDCE clocked by cpu_clk  {rise@0.000ns fall@15.625ns period=31.250ns})
  Destination:            u_axi_clock_sync/wFifo/pushCC_pushPtr_reg[0]/CLR
                            (removal check against rising-edge clock cpu_clk  {rise@0.000ns fall@15.625ns period=31.250ns})
  Path Group:             **async_default**
  Path Type:              Removal (Min at Fast Process Corner)
  Requirement:            0.000ns  (cpu_clk rise@0.000ns - cpu_clk rise@0.000ns)
  Data Path Delay:        0.871ns  (logic 0.186ns (21.354%)  route 0.685ns (78.646%))
  Logic Levels:           1  (LUT1=1)
  Clock Path Skew:        0.037ns (DCD - SCD - CPR)
    Destination Clock Delay (DCD):    2.518ns
    Source Clock Delay      (SCD):    1.970ns
    Clock Pessimism Removal (CPR):    0.511ns

    Location             Delay type                Incr(ns)  Path(ns)    Netlist Resource(s)
  -------------------------------------------------------------------    -------------------
                         (clock cpu_clk rise edge)    0.000     0.000 r  
    AC19                                              0.000     0.000 r  clk (IN)
                         net (fo=0)                   0.000     0.000    clk
    AC19                 IBUF (Prop_ibuf_I_O)         0.253     0.253 r  clk_IBUF_inst/O
                         net (fo=1, routed)           1.074     1.327    clk_IBUF
    BUFGCTRL_X0Y0        BUFG (Prop_bufg_I_O)         0.026     1.353 r  clk_IBUF_BUFG_inst/O
                         net (fo=2166, routed)        0.615     1.967    fpga_pll.u_clk_pll/inst/clk_in1
    PLLE2_ADV_X0Y2       PLLE2_ADV (Prop_plle2_adv_CLKIN1_CLKOUT0)
                                                     -1.200     0.767 r  fpga_pll.u_clk_pll/inst/plle2_adv_inst/CLKOUT0
                         net (fo=1, routed)           0.560     1.327    fpga_pll.u_clk_pll/inst/cpu_clk_clk_pll
    BUFGCTRL_X0Y2        BUFG (Prop_bufg_I_O)         0.026     1.353 r  fpga_pll.u_clk_pll/inst/clkout1_buf/O
                         net (fo=25951, routed)       0.618     1.970    fpga_pll.u_rst_cpu/cpu_clk
    SLICE_X23Y165        FDCE                                         r  fpga_pll.u_rst_cpu/delay_reg[1]/C
  -------------------------------------------------------------------    -------------------
    SLICE_X23Y165        FDCE (Prop_fdce_C_Q)         0.141     2.111 r  fpga_pll.u_rst_cpu/delay_reg[1]/Q
                         net (fo=316, routed)         0.427     2.539    fpga_pll.u_rst_cpu/Q[0]
    SLICE_X21Y167        LUT1 (Prop_lut1_I0_O)        0.045     2.584 f  fpga_pll.u_rst_cpu/FSM_onehot_genblk1[3].state[3][4]_i_2/O
                         net (fo=78, routed)          0.258     2.841    u_axi_clock_sync/wFifo/buffers_1_reg[3]
    SLICE_X14Y167        FDCE                                         f  u_axi_clock_sync/wFifo/pushCC_pushPtr_reg[0]/CLR
  -------------------------------------------------------------------    -------------------

                         (clock cpu_clk rise edge)    0.000     0.000 r  
    AC19                                              0.000     0.000 r  clk (IN)
                         net (fo=0)                   0.000     0.000    clk
    AC19                 IBUF (Prop_ibuf_I_O)         0.441     0.441 r  clk_IBUF_inst/O
                         net (fo=1, routed)           1.160     1.601    clk_IBUF
    BUFGCTRL_X0Y0        BUFG (Prop_bufg_I_O)         0.029     1.630 r  clk_IBUF_BUFG_inst/O
                         net (fo=2166, routed)        0.884     2.513    fpga_pll.u_clk_pll/inst/clk_in1
    PLLE2_ADV_X0Y2       PLLE2_ADV (Prop_plle2_adv_CLKIN1_CLKOUT0)
                                                     -1.523     0.990 r  fpga_pll.u_clk_pll/inst/plle2_adv_inst/CLKOUT0
                         net (fo=1, routed)           0.611     1.601    fpga_pll.u_clk_pll/inst/cpu_clk_clk_pll
    BUFGCTRL_X0Y2        BUFG (Prop_bufg_I_O)         0.029     1.630 r  fpga_pll.u_clk_pll/inst/clkout1_buf/O
                         net (fo=25951, routed)       0.888     2.518    u_axi_clock_sync/wFifo/cpu_clk
    SLICE_X14Y167        FDCE                                         r  u_axi_clock_sync/wFifo/pushCC_pushPtr_reg[0]/C
                         clock pessimism             -0.511     2.007    
    SLICE_X14Y167        FDCE (Remov_fdce_C_CLR)     -0.067     1.940    u_axi_clock_sync/wFifo/pushCC_pushPtr_reg[0]
  -------------------------------------------------------------------
                         required time                         -1.940    
                         arrival time                           2.841    
  -------------------------------------------------------------------
                         slack                                  0.901    





---------------------------------------------------------------------------------------------------
Path Group:  **async_default**
From Clock:  dbg_hub/inst/BSCANID.u_xsdbm_id/SWITCH_N_EXT_BSCAN.bscan_inst/SERIES7_BSCAN.bscan_inst/TCK
  To Clock:  dbg_hub/inst/BSCANID.u_xsdbm_id/SWITCH_N_EXT_BSCAN.bscan_inst/SERIES7_BSCAN.bscan_inst/TCK

Setup :            0  Failing Endpoints,  Worst Slack       27.145ns,  Total Violation        0.000ns
Hold  :            0  Failing Endpoints,  Worst Slack        0.340ns,  Total Violation        0.000ns
---------------------------------------------------------------------------------------------------


Max Delay Paths
--------------------------------------------------------------------------------------
Slack (MET) :             27.145ns  (required time - arrival time)
  Source:                 dbg_hub/inst/BSCANID.u_xsdbm_id/SWITCH_N_EXT_BSCAN.bscan_switch/portno_reg[5]/C
                            (rising edge-triggered cell FDRE clocked by dbg_hub/inst/BSCANID.u_xsdbm_id/SWITCH_N_EXT_BSCAN.bscan_inst/SERIES7_BSCAN.bscan_inst/TCK  {rise@0.000ns fall@16.500ns period=33.000ns})
  Destination:            dbg_hub/inst/BSCANID.u_xsdbm_id/CORE_XSDB.U_ICON/U_CMD/iTARGET_reg[10]/CLR
                            (recovery check against rising-edge clock dbg_hub/inst/BSCANID.u_xsdbm_id/SWITCH_N_EXT_BSCAN.bscan_inst/SERIES7_BSCAN.bscan_inst/TCK  {rise@0.000ns fall@16.500ns period=33.000ns})
  Path Group:             **async_default**
  Path Type:              Recovery (Max at Slow Process Corner)
  Requirement:            33.000ns  (dbg_hub/inst/BSCANID.u_xsdbm_id/SWITCH_N_EXT_BSCAN.bscan_inst/SERIES7_BSCAN.bscan_inst/TCK rise@33.000ns - dbg_hub/inst/BSCANID.u_xsdbm_id/SWITCH_N_EXT_BSCAN.bscan_inst/SERIES7_BSCAN.bscan_inst/TCK rise@0.000ns)
  Data Path Delay:        5.490ns  (logic 0.957ns (17.431%)  route 4.533ns (82.569%))
  Logic Levels:           3  (LUT1=1 LUT4=1 LUT6=1)
  Clock Path Skew:        0.002ns (DCD - SCD + CPR)
    Destination Clock Delay (DCD):    3.956ns = ( 36.956 - 33.000 ) 
    Source Clock Delay      (SCD):    4.324ns
    Clock Pessimism Removal (CPR):    0.370ns
  Clock Uncertainty:      0.035ns  ((TSJ^2 + TIJ^2)^1/2 + DJ) / 2 + PE
    Total System Jitter     (TSJ):    0.071ns
    Total Input Jitter      (TIJ):    0.000ns
    Discrete Jitter          (DJ):    0.000ns
    Phase Error              (PE):    0.000ns

    Location             Delay type                Incr(ns)  Path(ns)    Netlist Resource(s)
  -------------------------------------------------------------------    -------------------
                         (clock dbg_hub/inst/BSCANID.u_xsdbm_id/SWITCH_N_EXT_BSCAN.bscan_inst/SERIES7_BSCAN.bscan_inst/TCK rise edge)
                                                      0.000     0.000 r  
    BSCAN_X0Y0           BSCANE2                      0.000     0.000 r  dbg_hub/inst/BSCANID.u_xsdbm_id/SWITCH_N_EXT_BSCAN.bscan_inst/SERIES7_BSCAN.bscan_inst/TCK
                         net (fo=1, routed)           2.705     2.705    dbg_hub/inst/BSCANID.u_xsdbm_id/tck_bs
    BUFGCTRL_X0Y4        BUFG (Prop_bufg_I_O)         0.081     2.786 r  dbg_hub/inst/BSCANID.u_xsdbm_id/SWITCH_N_EXT_BSCAN.u_bufg_icon_tck/O
                         net (fo=486, routed)         1.538     4.324    dbg_hub/inst/BSCANID.u_xsdbm_id/SWITCH_N_EXT_BSCAN.bscan_switch/s_bscan_tck
    SLICE_X5Y178         FDRE                                         r  dbg_hub/inst/BSCANID.u_xsdbm_id/SWITCH_N_EXT_BSCAN.bscan_switch/portno_reg[5]/C
  -------------------------------------------------------------------    -------------------
    SLICE_X5Y178         FDRE (Prop_fdre_C_Q)         0.348     4.672 f  dbg_hub/inst/BSCANID.u_xsdbm_id/SWITCH_N_EXT_BSCAN.bscan_switch/portno_reg[5]/Q
                         net (fo=1, routed)           0.554     5.227    dbg_hub/inst/BSCANID.u_xsdbm_id/SWITCH_N_EXT_BSCAN.bscan_switch/portno[5]
    SLICE_X5Y178         LUT6 (Prop_lut6_I5_O)        0.240     5.467 f  dbg_hub/inst/BSCANID.u_xsdbm_id/SWITCH_N_EXT_BSCAN.bscan_switch/m_bscan_drck[0]_INST_0_i_1/O
                         net (fo=5, routed)           0.496     5.963    dbg_hub/inst/BSCANID.u_xsdbm_id/SWITCH_N_EXT_BSCAN.bscan_switch/m_bscan_drck[0]_INST_0_i_1_n_0
    SLICE_X6Y178         LUT4 (Prop_lut4_I3_O)        0.105     6.068 r  dbg_hub/inst/BSCANID.u_xsdbm_id/SWITCH_N_EXT_BSCAN.bscan_switch/m_bscan_sel[0]_INST_0/O
                         net (fo=2, routed)           2.604     8.671    dbg_hub/inst/BSCANID.u_xsdbm_id/CORE_XSDB.U_ICON/U_CMD/iTARGET_reg[6]_0
    SLICE_X30Y238        LUT1 (Prop_lut1_I0_O)        0.264     8.935 f  dbg_hub/inst/BSCANID.u_xsdbm_id/CORE_XSDB.U_ICON/U_CMD/iTARGET[15]_i_2/O
                         net (fo=10, routed)          0.879     9.815    dbg_hub/inst/BSCANID.u_xsdbm_id/CORE_XSDB.U_ICON/U_CMD/iSEL_n
    SLICE_X30Y238        FDCE                                         f  dbg_hub/inst/BSCANID.u_xsdbm_id/CORE_XSDB.U_ICON/U_CMD/iTARGET_reg[10]/CLR
  -------------------------------------------------------------------    -------------------

                         (clock dbg_hub/inst/BSCANID.u_xsdbm_id/SWITCH_N_EXT_BSCAN.bscan_inst/SERIES7_BSCAN.bscan_inst/TCK rise edge)
                                                     33.000    33.000 r  
    BSCAN_X0Y0           BSCANE2                      0.000    33.000 r  dbg_hub/inst/BSCANID.u_xsdbm_id/SWITCH_N_EXT_BSCAN.bscan_inst/SERIES7_BSCAN.bscan_inst/TCK
                         net (fo=1, routed)           2.346    35.346    dbg_hub/inst/BSCANID.u_xsdbm_id/tck_bs
    BUFGCTRL_X0Y4        BUFG (Prop_bufg_I_O)         0.077    35.423 r  dbg_hub/inst/BSCANID.u_xsdbm_id/SWITCH_N_EXT_BSCAN.u_bufg_icon_tck/O
                         net (fo=486, routed)         1.533    36.956    dbg_hub/inst/BSCANID.u_xsdbm_id/CORE_XSDB.U_ICON/U_CMD/m_bscan_tck[0]
    SLICE_X30Y238        FDCE                                         r  dbg_hub/inst/BSCANID.u_xsdbm_id/CORE_XSDB.U_ICON/U_CMD/iTARGET_reg[10]/C
                         clock pessimism              0.370    37.326    
                         clock uncertainty           -0.035    37.291    
    SLICE_X30Y238        FDCE (Recov_fdce_C_CLR)     -0.331    36.960    dbg_hub/inst/BSCANID.u_xsdbm_id/CORE_XSDB.U_ICON/U_CMD/iTARGET_reg[10]
  -------------------------------------------------------------------
                         required time                         36.960    
                         arrival time                          -9.815    
  -------------------------------------------------------------------
                         slack                                 27.145    





Min Delay Paths
--------------------------------------------------------------------------------------
Slack (MET) :             0.340ns  (arrival time - required time)
  Source:                 dbg_hub/inst/BSCANID.u_xsdbm_id/CORE_XSDB.UUT_MASTER/U_ICON_INTERFACE/wrdata_rst_reg/C
                            (rising edge-triggered cell FDRE clocked by dbg_hub/inst/BSCANID.u_xsdbm_id/SWITCH_N_EXT_BSCAN.bscan_inst/SERIES7_BSCAN.bscan_inst/TCK  {rise@0.000ns fall@16.500ns period=33.000ns})
  Destination:            dbg_hub/inst/BSCANID.u_xsdbm_id/CORE_XSDB.UUT_MASTER/U_ICON_INTERFACE/U_CMD6_WR/U_WR_FIFO/SUBCORE_FIFO.xsdbm_v3_0_0_wrfifo_inst/inst_fifo_gen/gconvfifo.rf/grf.rf/rstblk/ngwrdrst.grst.g7serrst.rst_wr_reg1_reg/PRE
                            (removal check against rising-edge clock dbg_hub/inst/BSCANID.u_xsdbm_id/SWITCH_N_EXT_BSCAN.bscan_inst/SERIES7_BSCAN.bscan_inst/TCK  {rise@0.000ns fall@16.500ns period=33.000ns})
  Path Group:             **async_default**
  Path Type:              Removal (Min at Fast Process Corner)
  Requirement:            0.000ns  (dbg_hub/inst/BSCANID.u_xsdbm_id/SWITCH_N_EXT_BSCAN.bscan_inst/SERIES7_BSCAN.bscan_inst/TCK rise@0.000ns - dbg_hub/inst/BSCANID.u_xsdbm_id/SWITCH_N_EXT_BSCAN.bscan_inst/SERIES7_BSCAN.bscan_inst/TCK rise@0.000ns)
  Data Path Delay:        0.261ns  (logic 0.141ns (53.990%)  route 0.120ns (46.010%))
  Logic Levels:           0  
  Clock Path Skew:        0.016ns (DCD - SCD - CPR)
    Destination Clock Delay (DCD):    2.654ns
    Source Clock Delay      (SCD):    2.183ns
    Clock Pessimism Removal (CPR):    0.455ns

    Location             Delay type                Incr(ns)  Path(ns)    Netlist Resource(s)
  -------------------------------------------------------------------    -------------------
                         (clock dbg_hub/inst/BSCANID.u_xsdbm_id/SWITCH_N_EXT_BSCAN.bscan_inst/SERIES7_BSCAN.bscan_inst/TCK rise edge)
                                                      0.000     0.000 r  
    BSCAN_X0Y0           BSCANE2                      0.000     0.000 r  dbg_hub/inst/BSCANID.u_xsdbm_id/SWITCH_N_EXT_BSCAN.bscan_inst/SERIES7_BSCAN.bscan_inst/TCK
                         net (fo=1, routed)           1.454     1.454    dbg_hub/inst/BSCANID.u_xsdbm_id/tck_bs
    BUFGCTRL_X0Y4        BUFG (Prop_bufg_I_O)         0.026     1.480 r  dbg_hub/inst/BSCANID.u_xsdbm_id/SWITCH_N_EXT_BSCAN.u_bufg_icon_tck/O
                         net (fo=486, routed)         0.703     2.183    dbg_hub/inst/BSCANID.u_xsdbm_id/CORE_XSDB.UUT_MASTER/U_ICON_INTERFACE/m_bscan_tck[0]
    SLICE_X34Y238        FDRE                                         r  dbg_hub/inst/BSCANID.u_xsdbm_id/CORE_XSDB.UUT_MASTER/U_ICON_INTERFACE/wrdata_rst_reg/C
  -------------------------------------------------------------------    -------------------
    SLICE_X34Y238        FDRE (Prop_fdre_C_Q)         0.141     2.324 f  dbg_hub/inst/BSCANID.u_xsdbm_id/CORE_XSDB.UUT_MASTER/U_ICON_INTERFACE/wrdata_rst_reg/Q
                         net (fo=20, routed)          0.120     2.444    dbg_hub/inst/BSCANID.u_xsdbm_id/CORE_XSDB.UUT_MASTER/U_ICON_INTERFACE/U_CMD6_WR/U_WR_FIFO/SUBCORE_FIFO.xsdbm_v3_0_0_wrfifo_inst/inst_fifo_gen/gconvfifo.rf/grf.rf/rstblk/rst
    SLICE_X32Y238        FDPE                                         f  dbg_hub/inst/BSCANID.u_xsdbm_id/CORE_XSDB.UUT_MASTER/U_ICON_INTERFACE/U_CMD6_WR/U_WR_FIFO/SUBCORE_FIFO.xsdbm_v3_0_0_wrfifo_inst/inst_fifo_gen/gconvfifo.rf/grf.rf/rstblk/ngwrdrst.grst.g7serrst.rst_wr_reg1_reg/PRE
  -------------------------------------------------------------------    -------------------

                         (clock dbg_hub/inst/BSCANID.u_xsdbm_id/SWITCH_N_EXT_BSCAN.bscan_inst/SERIES7_BSCAN.bscan_inst/TCK rise edge)
                                                      0.000     0.000 r  
    BSCAN_X0Y0           BSCANE2                      0.000     0.000 r  dbg_hub/inst/BSCANID.u_xsdbm_id/SWITCH_N_EXT_BSCAN.bscan_inst/SERIES7_BSCAN.bscan_inst/TCK
                         net (fo=1, routed)           1.647     1.647    dbg_hub/inst/BSCANID.u_xsdbm_id/tck_bs
    BUFGCTRL_X0Y4        BUFG (Prop_bufg_I_O)         0.029     1.676 r  dbg_hub/inst/BSCANID.u_xsdbm_id/SWITCH_N_EXT_BSCAN.u_bufg_icon_tck/O
                         net (fo=486, routed)         0.978     2.654    dbg_hub/inst/BSCANID.u_xsdbm_id/CORE_XSDB.UUT_MASTER/U_ICON_INTERFACE/U_CMD6_WR/U_WR_FIFO/SUBCORE_FIFO.xsdbm_v3_0_0_wrfifo_inst/inst_fifo_gen/gconvfifo.rf/grf.rf/rstblk/wr_clk
    SLICE_X32Y238        FDPE                                         r  dbg_hub/inst/BSCANID.u_xsdbm_id/CORE_XSDB.UUT_MASTER/U_ICON_INTERFACE/U_CMD6_WR/U_WR_FIFO/SUBCORE_FIFO.xsdbm_v3_0_0_wrfifo_inst/inst_fifo_gen/gconvfifo.rf/grf.rf/rstblk/ngwrdrst.grst.g7serrst.rst_wr_reg1_reg/C
                         clock pessimism             -0.455     2.199    
    SLICE_X32Y238        FDPE (Remov_fdpe_C_PRE)     -0.095     2.104    dbg_hub/inst/BSCANID.u_xsdbm_id/CORE_XSDB.UUT_MASTER/U_ICON_INTERFACE/U_CMD6_WR/U_WR_FIFO/SUBCORE_FIFO.xsdbm_v3_0_0_wrfifo_inst/inst_fifo_gen/gconvfifo.rf/grf.rf/rstblk/ngwrdrst.grst.g7serrst.rst_wr_reg1_reg
  -------------------------------------------------------------------
                         required time                         -2.104    
                         arrival time                           2.444    
  -------------------------------------------------------------------
                         slack                                  0.340    





---------------------------------------------------------------------------------------------------
Path Group:  **async_default**
From Clock:  clk_pll_i
  To Clock:  sys_clk

Setup :            0  Failing Endpoints,  Worst Slack        4.608ns,  Total Violation        0.000ns
Hold  :            0  Failing Endpoints,  Worst Slack        1.335ns,  Total Violation        0.000ns
---------------------------------------------------------------------------------------------------


Max Delay Paths
--------------------------------------------------------------------------------------
Slack (MET) :             4.608ns  (required time - arrival time)
  Source:                 ddr3.u_axi_wrap_ddr/ddr_aresetn_reg/C
                            (rising edge-triggered cell FDRE clocked by clk_pll_i  {rise@0.000ns fall@5.000ns period=10.000ns})
  Destination:            ddr3.u_axi_wrap_ddr/u_Axi_CDC/bFifo/bufferCC_12/buffers_0_reg/CLR
                            (recovery check against rising-edge clock sys_clk  {rise@0.000ns fall@5.000ns period=10.000ns})
  Path Group:             **async_default**
  Path Type:              Recovery (Max at Slow Process Corner)
  Requirement:            10.000ns  (sys_clk rise@10.000ns - clk_pll_i rise@0.000ns)
  Data Path Delay:        2.248ns  (logic 0.538ns (23.934%)  route 1.710ns (76.066%))
  Logic Levels:           1  (LUT1=1)
  Clock Path Skew:        -2.576ns (DCD - SCD + CPR)
    Destination Clock Delay (DCD):    5.434ns = ( 15.434 - 10.000 ) 
    Source Clock Delay      (SCD):    8.211ns
    Clock Pessimism Removal (CPR):    0.201ns
  Clock Uncertainty:      0.237ns  ((TSJ^2 + DJ^2)^1/2) / 2 + PE
    Total System Jitter     (TSJ):    0.071ns
    Discrete Jitter          (DJ):    0.184ns
    Phase Error              (PE):    0.139ns

    Location             Delay type                Incr(ns)  Path(ns)    Netlist Resource(s)
  -------------------------------------------------------------------    -------------------
                         (clock clk_pll_i rise edge)
                                                      0.000     0.000 r  
    AC19                                              0.000     0.000 r  clk (IN)
                         net (fo=0)                   0.000     0.000    clk
    AC19                 IBUF (Prop_ibuf_I_O)         1.416     1.416 r  clk_IBUF_inst/O
                         net (fo=1, routed)           2.602     4.018    clk_IBUF
    BUFGCTRL_X0Y0        BUFG (Prop_bufg_I_O)         0.081     4.099 r  clk_IBUF_BUFG_inst/O
                         net (fo=2166, routed)        1.696     5.795    ddr3.u_axi_wrap_ddr/mig_axi/u_mig_axi_32_mig/u_ddr3_infrastructure/mmcm_clk
    PLLE2_ADV_X0Y4       PLLE2_ADV (Prop_plle2_adv_CLKIN1_CLKOUT3)
                                                      0.077     5.872 r  ddr3.u_axi_wrap_ddr/mig_axi/u_mig_axi_32_mig/u_ddr3_infrastructure/plle2_i/CLKOUT3
                         net (fo=1, routed)           1.429     7.301    ddr3.u_axi_wrap_ddr/mig_axi/u_mig_axi_32_mig/u_ddr3_infrastructure/pll_clk3_out
    BUFHCE_X0Y48         BUFH (Prop_bufh_I_O)         0.106     7.407 r  ddr3.u_axi_wrap_ddr/mig_axi/u_mig_axi_32_mig/u_ddr3_infrastructure/u_bufh_pll_clk3/O
                         net (fo=1, routed)           0.841     8.248    ddr3.u_axi_wrap_ddr/mig_axi/u_mig_axi_32_mig/u_ddr3_infrastructure/pll_clk3
    MMCME2_ADV_X0Y4      MMCME2_ADV (Prop_mmcme2_adv_CLKIN1_CLKFBOUT)
                                                     -3.816     4.432 r  ddr3.u_axi_wrap_ddr/mig_axi/u_mig_axi_32_mig/u_ddr3_infrastructure/gen_mmcm.mmcm_i/CLKFBOUT
                         net (fo=1, routed)           2.061     6.493    ddr3.u_axi_wrap_ddr/mig_axi/u_mig_axi_32_mig/u_ddr3_infrastructure/clk_pll_i
    BUFGCTRL_X0Y16       BUFG (Prop_bufg_I_O)         0.081     6.574 r  ddr3.u_axi_wrap_ddr/mig_axi/u_mig_axi_32_mig/u_ddr3_infrastructure/u_bufg_clkdiv0/O
                         net (fo=7005, routed)        1.637     8.211    ddr3.u_axi_wrap_ddr/ui_clk
    SLICE_X22Y223        FDRE                                         r  ddr3.u_axi_wrap_ddr/ddr_aresetn_reg/C
  -------------------------------------------------------------------    -------------------
    SLICE_X22Y223        FDRE (Prop_fdre_C_Q)         0.433     8.644 r  ddr3.u_axi_wrap_ddr/ddr_aresetn_reg/Q
                         net (fo=3, routed)           1.083     9.727    ddr3.u_axi_wrap_ddr/u_Axi_CDC/rFifo/popToPushGray_buffercc/aresetn
    SLICE_X29Y216        LUT1 (Prop_lut1_I0_O)        0.105     9.832 f  ddr3.u_axi_wrap_ddr/u_Axi_CDC/rFifo/popToPushGray_buffercc/pushCC_pushPtr[2]_i_3__0/O
                         net (fo=30, routed)          0.627    10.459    ddr3.u_axi_wrap_ddr/u_Axi_CDC/bFifo/bufferCC_12/buffers_0_reg_0
    SLICE_X28Y205        FDCE                                         f  ddr3.u_axi_wrap_ddr/u_Axi_CDC/bFifo/bufferCC_12/buffers_0_reg/CLR
  -------------------------------------------------------------------    -------------------

                         (clock sys_clk rise edge)   10.000    10.000 r  
    AC19                                              0.000    10.000 r  clk (IN)
                         net (fo=0)                   0.000    10.000    clk
    AC19                 IBUF (Prop_ibuf_I_O)         1.350    11.350 r  clk_IBUF_inst/O
                         net (fo=1, routed)           2.471    13.821    clk_IBUF
    BUFGCTRL_X0Y0        BUFG (Prop_bufg_I_O)         0.077    13.898 r  clk_IBUF_BUFG_inst/O
                         net (fo=2166, routed)        1.434    15.331    fpga_pll.u_clk_pll/inst/clk_in1
    PLLE2_ADV_X0Y2       PLLE2_ADV (Prop_plle2_adv_CLKIN1_CLKOUT1)
                                                     -2.995    12.336 r  fpga_pll.u_clk_pll/inst/plle2_adv_inst/CLKOUT1
                         net (fo=1, routed)           1.484    13.821    fpga_pll.u_clk_pll/inst/sys_clk_clk_pll
    BUFGCTRL_X0Y3        BUFG (Prop_bufg_I_O)         0.077    13.898 r  fpga_pll.u_clk_pll/inst/clkout2_buf/O
                         net (fo=3291, routed)        1.536    15.434    ddr3.u_axi_wrap_ddr/u_Axi_CDC/bFifo/bufferCC_12/sys_clk
    SLICE_X28Y205        FDCE                                         r  ddr3.u_axi_wrap_ddr/u_Axi_CDC/bFifo/bufferCC_12/buffers_0_reg/C
                         clock pessimism              0.201    15.635    
                         clock uncertainty           -0.237    15.398    
    SLICE_X28Y205        FDCE (Recov_fdce_C_CLR)     -0.331    15.067    ddr3.u_axi_wrap_ddr/u_Axi_CDC/bFifo/bufferCC_12/buffers_0_reg
  -------------------------------------------------------------------
                         required time                         15.067    
                         arrival time                         -10.459    
  -------------------------------------------------------------------
                         slack                                  4.608    





Min Delay Paths
--------------------------------------------------------------------------------------
Slack (MET) :             1.335ns  (arrival time - required time)
  Source:                 ddr3.u_axi_wrap_ddr/ddr_aresetn_reg/C
                            (rising edge-triggered cell FDRE clocked by clk_pll_i  {rise@0.000ns fall@5.000ns period=10.000ns})
  Destination:            fpga_pll.u_rst_sys/delay_reg[0]/CLR
                            (removal check against rising-edge clock sys_clk  {rise@0.000ns fall@5.000ns period=10.000ns})
  Path Group:             **async_default**
  Path Type:              Removal (Min at Fast Process Corner)
  Requirement:            0.000ns  (sys_clk rise@0.000ns - clk_pll_i rise@0.000ns)
  Data Path Delay:        0.839ns  (logic 0.209ns (24.901%)  route 0.630ns (75.099%))
  Logic Levels:           1  (LUT3=1)
  Clock Path Skew:        -0.641ns (DCD - SCD - CPR)
    Destination Clock Delay (DCD):    2.606ns
    Source Clock Delay      (SCD):    2.970ns
    Clock Pessimism Removal (CPR):    0.277ns
  Clock Uncertainty:      0.237ns  ((TSJ^2 + DJ^2)^1/2) / 2 + PE
    Total System Jitter     (TSJ):    0.071ns
    Discrete Jitter          (DJ):    0.184ns
    Phase Error              (PE):    0.139ns

    Location             Delay type                Incr(ns)  Path(ns)    Netlist Resource(s)
  -------------------------------------------------------------------    -------------------
                         (clock clk_pll_i rise edge)
                                                      0.000     0.000 r  
    AC19                                              0.000     0.000 r  clk (IN)
                         net (fo=0)                   0.000     0.000    clk
    AC19                 IBUF (Prop_ibuf_I_O)         0.253     0.253 r  clk_IBUF_inst/O
                         net (fo=1, routed)           1.074     1.327    clk_IBUF
    BUFGCTRL_X0Y0        BUFG (Prop_bufg_I_O)         0.026     1.353 r  clk_IBUF_BUFG_inst/O
                         net (fo=2166, routed)        0.701     2.054    ddr3.u_axi_wrap_ddr/mig_axi/u_mig_axi_32_mig/u_ddr3_infrastructure/mmcm_clk
    PLLE2_ADV_X0Y4       PLLE2_ADV (Prop_plle2_adv_CLKIN1_CLKOUT3)
                                                      0.050     2.104 r  ddr3.u_axi_wrap_ddr/mig_axi/u_mig_axi_32_mig/u_ddr3_infrastructure/plle2_i/CLKOUT3
                         net (fo=1, routed)           0.518     2.622    ddr3.u_axi_wrap_ddr/mig_axi/u_mig_axi_32_mig/u_ddr3_infrastructure/pll_clk3_out
    BUFHCE_X0Y48         BUFH (Prop_bufh_I_O)         0.020     2.642 r  ddr3.u_axi_wrap_ddr/mig_axi/u_mig_axi_32_mig/u_ddr3_infrastructure/u_bufh_pll_clk3/O
                         net (fo=1, routed)           0.326     2.968    ddr3.u_axi_wrap_ddr/mig_axi/u_mig_axi_32_mig/u_ddr3_infrastructure/pll_clk3
    MMCME2_ADV_X0Y4      MMCME2_ADV (Prop_mmcme2_adv_CLKIN1_CLKFBOUT)
                                                     -1.511     1.457 r  ddr3.u_axi_wrap_ddr/mig_axi/u_mig_axi_32_mig/u_ddr3_infrastructure/gen_mmcm.mmcm_i/CLKFBOUT
                         net (fo=1, routed)           0.790     2.248    ddr3.u_axi_wrap_ddr/mig_axi/u_mig_axi_32_mig/u_ddr3_infrastructure/clk_pll_i
    BUFGCTRL_X0Y16       BUFG (Prop_bufg_I_O)         0.026     2.274 r  ddr3.u_axi_wrap_ddr/mig_axi/u_mig_axi_32_mig/u_ddr3_infrastructure/u_bufg_clkdiv0/O
                         net (fo=7005, routed)        0.696     2.970    ddr3.u_axi_wrap_ddr/ui_clk
    SLICE_X22Y223        FDRE                                         r  ddr3.u_axi_wrap_ddr/ddr_aresetn_reg/C
  -------------------------------------------------------------------    -------------------
    SLICE_X22Y223        FDRE (Prop_fdre_C_Q)         0.164     3.134 r  ddr3.u_axi_wrap_ddr/ddr_aresetn_reg/Q
                         net (fo=3, routed)           0.396     3.530    ddr3.u_axi_wrap_ddr/ddr_aresetn
    SLICE_X29Y216        LUT3 (Prop_lut3_I2_O)        0.045     3.575 f  ddr3.u_axi_wrap_ddr/delay[1]_i_1/O
                         net (fo=2, routed)           0.235     3.809    fpga_pll.u_rst_sys/delay_reg[0]_0
    SLICE_X29Y216        FDCE                                         f  fpga_pll.u_rst_sys/delay_reg[0]/CLR
  -------------------------------------------------------------------    -------------------

                         (clock sys_clk rise edge)    0.000     0.000 r  
    AC19                                              0.000     0.000 r  clk (IN)
                         net (fo=0)                   0.000     0.000    clk
    AC19                 IBUF (Prop_ibuf_I_O)         0.441     0.441 r  clk_IBUF_inst/O
                         net (fo=1, routed)           1.160     1.601    clk_IBUF
    BUFGCTRL_X0Y0        BUFG (Prop_bufg_I_O)         0.029     1.630 r  clk_IBUF_BUFG_inst/O
                         net (fo=2166, routed)        0.884     2.513    fpga_pll.u_clk_pll/inst/clk_in1
    PLLE2_ADV_X0Y2       PLLE2_ADV (Prop_plle2_adv_CLKIN1_CLKOUT1)
                                                     -1.523     0.990 r  fpga_pll.u_clk_pll/inst/plle2_adv_inst/CLKOUT1
                         net (fo=1, routed)           0.611     1.601    fpga_pll.u_clk_pll/inst/sys_clk_clk_pll
    BUFGCTRL_X0Y3        BUFG (Prop_bufg_I_O)         0.029     1.630 r  fpga_pll.u_clk_pll/inst/clkout2_buf/O
                         net (fo=3291, routed)        0.976     2.606    fpga_pll.u_rst_sys/sys_clk
    SLICE_X29Y216        FDCE                                         r  fpga_pll.u_rst_sys/delay_reg[0]/C
                         clock pessimism             -0.277     2.329    
                         clock uncertainty            0.237     2.566    
    SLICE_X29Y216        FDCE (Remov_fdce_C_CLR)     -0.092     2.474    fpga_pll.u_rst_sys/delay_reg[0]
  -------------------------------------------------------------------
                         required time                         -2.474    
                         arrival time                           3.809    
  -------------------------------------------------------------------
                         slack                                  1.335    





---------------------------------------------------------------------------------------------------
Path Group:  **async_default**
From Clock:  sys_clk
  To Clock:  sys_clk

Setup :            0  Failing Endpoints,  Worst Slack        2.650ns,  Total Violation        0.000ns
Hold  :            0  Failing Endpoints,  Worst Slack        0.797ns,  Total Violation        0.000ns
---------------------------------------------------------------------------------------------------


Max Delay Paths
--------------------------------------------------------------------------------------
Slack (MET) :             2.650ns  (required time - arrival time)
  Source:                 fpga_pll.u_rst_sys/delay_reg[1]/C
                            (rising edge-triggered cell FDCE clocked by sys_clk  {rise@0.000ns fall@5.000ns period=10.000ns})
  Destination:            u_axi_clock_sync/rFifo/popToPushGray_buffercc/buffers_0_reg[3]/CLR
                            (recovery check against rising-edge clock sys_clk  {rise@0.000ns fall@5.000ns period=10.000ns})
  Path Group:             **async_default**
  Path Type:              Recovery (Max at Slow Process Corner)
  Requirement:            10.000ns  (sys_clk rise@10.000ns - sys_clk rise@0.000ns)
  Data Path Delay:        6.497ns  (logic 0.505ns (7.773%)  route 5.992ns (92.227%))
  Logic Levels:           1  (LUT1=1)
  Clock Path Skew:        -0.287ns (DCD - SCD + CPR)
    Destination Clock Delay (DCD):    5.247ns = ( 15.247 - 10.000 ) 
    Source Clock Delay      (SCD):    5.742ns
    Clock Pessimism Removal (CPR):    0.208ns
  Clock Uncertainty:      0.057ns  ((TSJ^2 + DJ^2)^1/2) / 2 + PE
    Total System Jitter     (TSJ):    0.071ns
    Discrete Jitter          (DJ):    0.089ns
    Phase Error              (PE):    0.000ns

    Location             Delay type                Incr(ns)  Path(ns)    Netlist Resource(s)
  -------------------------------------------------------------------    -------------------
                         (clock sys_clk rise edge)    0.000     0.000 r  
    AC19                                              0.000     0.000 r  clk (IN)
                         net (fo=0)                   0.000     0.000    clk
    AC19                 IBUF (Prop_ibuf_I_O)         1.416     1.416 r  clk_IBUF_inst/O
                         net (fo=1, routed)           2.602     4.018    clk_IBUF
    BUFGCTRL_X0Y0        BUFG (Prop_bufg_I_O)         0.081     4.099 r  clk_IBUF_BUFG_inst/O
                         net (fo=2166, routed)        1.536     5.635    fpga_pll.u_clk_pll/inst/clk_in1
    PLLE2_ADV_X0Y2       PLLE2_ADV (Prop_plle2_adv_CLKIN1_CLKOUT1)
                                                     -3.173     2.461 r  fpga_pll.u_clk_pll/inst/plle2_adv_inst/CLKOUT1
                         net (fo=1, routed)           1.557     4.018    fpga_pll.u_clk_pll/inst/sys_clk_clk_pll
    BUFGCTRL_X0Y3        BUFG (Prop_bufg_I_O)         0.081     4.099 r  fpga_pll.u_clk_pll/inst/clkout2_buf/O
                         net (fo=3291, routed)        1.643     5.742    fpga_pll.u_rst_sys/sys_clk
    SLICE_X29Y216        FDCE                                         r  fpga_pll.u_rst_sys/delay_reg[1]/C
  -------------------------------------------------------------------    -------------------
    SLICE_X29Y216        FDCE (Prop_fdce_C_Q)         0.379     6.121 r  fpga_pll.u_rst_sys/delay_reg[1]/Q
                         net (fo=58, routed)          2.397     8.518    fpga_pll.u_rst_sys/Q[0]
    SLICE_X46Y210        LUT1 (Prop_lut1_I0_O)        0.126     8.644 f  fpga_pll.u_rst_sys/pushCC_pushPtr[2]_i_3__1/O
                         net (fo=378, routed)         3.595    12.239    u_axi_clock_sync/rFifo/popToPushGray_buffercc/prst
    SLICE_X39Y178        FDCE                                         f  u_axi_clock_sync/rFifo/popToPushGray_buffercc/buffers_0_reg[3]/CLR
  -------------------------------------------------------------------    -------------------

                         (clock sys_clk rise edge)   10.000    10.000 r  
    AC19                                              0.000    10.000 r  clk (IN)
                         net (fo=0)                   0.000    10.000    clk
    AC19                 IBUF (Prop_ibuf_I_O)         1.350    11.350 r  clk_IBUF_inst/O
                         net (fo=1, routed)           2.471    13.821    clk_IBUF
    BUFGCTRL_X0Y0        BUFG (Prop_bufg_I_O)         0.077    13.898 r  clk_IBUF_BUFG_inst/O
                         net (fo=2166, routed)        1.434    15.331    fpga_pll.u_clk_pll/inst/clk_in1
    PLLE2_ADV_X0Y2       PLLE2_ADV (Prop_plle2_adv_CLKIN1_CLKOUT1)
                                                     -2.995    12.336 r  fpga_pll.u_clk_pll/inst/plle2_adv_inst/CLKOUT1
                         net (fo=1, routed)           1.484    13.821    fpga_pll.u_clk_pll/inst/sys_clk_clk_pll
    BUFGCTRL_X0Y3        BUFG (Prop_bufg_I_O)         0.077    13.898 r  fpga_pll.u_clk_pll/inst/clkout2_buf/O
                         net (fo=3291, routed)        1.349    15.247    u_axi_clock_sync/rFifo/popToPushGray_buffercc/sys_clk
    SLICE_X39Y178        FDCE                                         r  u_axi_clock_sync/rFifo/popToPushGray_buffercc/buffers_0_reg[3]/C
                         clock pessimism              0.208    15.455    
                         clock uncertainty           -0.057    15.398    
    SLICE_X39Y178        FDCE (Recov_fdce_C_CLR)     -0.509    14.889    u_axi_clock_sync/rFifo/popToPushGray_buffercc/buffers_0_reg[3]
  -------------------------------------------------------------------
                         required time                         14.889    
                         arrival time                         -12.239    
  -------------------------------------------------------------------
                         slack                                  2.650    





Min Delay Paths
--------------------------------------------------------------------------------------
Slack (MET) :             0.797ns  (arrival time - required time)
  Source:                 ddr3.u_axi_wrap_ddr/u_Axi_CDC/bFifo/bufferCC_12/buffers_1_reg/C
                            (rising edge-triggered cell FDCE clocked by sys_clk  {rise@0.000ns fall@5.000ns period=10.000ns})
  Destination:            ddr3.u_axi_wrap_ddr/u_Axi_CDC/bFifo/popCC_ptrToPush_reg[1]/CLR
                            (removal check against rising-edge clock sys_clk  {rise@0.000ns fall@5.000ns period=10.000ns})
  Path Group:             **async_default**
  Path Type:              Removal (Min at Fast Process Corner)
  Requirement:            0.000ns  (sys_clk rise@0.000ns - sys_clk rise@0.000ns)
  Data Path Delay:        0.744ns  (logic 0.227ns (30.526%)  route 0.517ns (69.474%))
  Logic Levels:           1  (LUT1=1)
  Clock Path Skew:        0.039ns (DCD - SCD - CPR)
    Destination Clock Delay (DCD):    2.614ns
    Source Clock Delay      (SCD):    2.060ns
    Clock Pessimism Removal (CPR):    0.515ns

    Location             Delay type                Incr(ns)  Path(ns)    Netlist Resource(s)
  -------------------------------------------------------------------    -------------------
                         (clock sys_clk rise edge)    0.000     0.000 r  
    AC19                                              0.000     0.000 r  clk (IN)
                         net (fo=0)                   0.000     0.000    clk
    AC19                 IBUF (Prop_ibuf_I_O)         0.253     0.253 r  clk_IBUF_inst/O
                         net (fo=1, routed)           1.074     1.327    clk_IBUF
    BUFGCTRL_X0Y0        BUFG (Prop_bufg_I_O)         0.026     1.353 r  clk_IBUF_BUFG_inst/O
                         net (fo=2166, routed)        0.615     1.967    fpga_pll.u_clk_pll/inst/clk_in1
    PLLE2_ADV_X0Y2       PLLE2_ADV (Prop_plle2_adv_CLKIN1_CLKOUT1)
                                                     -1.200     0.767 r  fpga_pll.u_clk_pll/inst/plle2_adv_inst/CLKOUT1
                         net (fo=1, routed)           0.560     1.327    fpga_pll.u_clk_pll/inst/sys_clk_clk_pll
    BUFGCTRL_X0Y3        BUFG (Prop_bufg_I_O)         0.026     1.353 r  fpga_pll.u_clk_pll/inst/clkout2_buf/O
                         net (fo=3291, routed)        0.707     2.060    ddr3.u_axi_wrap_ddr/u_Axi_CDC/bFifo/bufferCC_12/sys_clk
    SLICE_X28Y205        FDCE                                         r  ddr3.u_axi_wrap_ddr/u_Axi_CDC/bFifo/bufferCC_12/buffers_1_reg/C
  -------------------------------------------------------------------    -------------------
    SLICE_X28Y205        FDCE (Prop_fdce_C_Q)         0.128     2.188 r  ddr3.u_axi_wrap_ddr/u_Axi_CDC/bFifo/bufferCC_12/buffers_1_reg/Q
                         net (fo=1, routed)           0.279     2.467    ddr3.u_axi_wrap_ddr/u_Axi_CDC/bFifo/bufferCC_12/buffers_1
    SLICE_X28Y205        LUT1 (Prop_lut1_I0_O)        0.099     2.566 f  ddr3.u_axi_wrap_ddr/u_Axi_CDC/bFifo/bufferCC_12/popCC_popPtr[2]_i_2__1/O
                         net (fo=30, routed)          0.238     2.803    ddr3.u_axi_wrap_ddr/u_Axi_CDC/bFifo/buffers_1_reg
    SLICE_X27Y204        FDCE                                         f  ddr3.u_axi_wrap_ddr/u_Axi_CDC/bFifo/popCC_ptrToPush_reg[1]/CLR
  -------------------------------------------------------------------    -------------------

                         (clock sys_clk rise edge)    0.000     0.000 r  
    AC19                                              0.000     0.000 r  clk (IN)
                         net (fo=0)                   0.000     0.000    clk
    AC19                 IBUF (Prop_ibuf_I_O)         0.441     0.441 r  clk_IBUF_inst/O
                         net (fo=1, routed)           1.160     1.601    clk_IBUF
    BUFGCTRL_X0Y0        BUFG (Prop_bufg_I_O)         0.029     1.630 r  clk_IBUF_BUFG_inst/O
                         net (fo=2166, routed)        0.884     2.513    fpga_pll.u_clk_pll/inst/clk_in1
    PLLE2_ADV_X0Y2       PLLE2_ADV (Prop_plle2_adv_CLKIN1_CLKOUT1)
                                                     -1.523     0.990 r  fpga_pll.u_clk_pll/inst/plle2_adv_inst/CLKOUT1
                         net (fo=1, routed)           0.611     1.601    fpga_pll.u_clk_pll/inst/sys_clk_clk_pll
    BUFGCTRL_X0Y3        BUFG (Prop_bufg_I_O)         0.029     1.630 r  fpga_pll.u_clk_pll/inst/clkout2_buf/O
                         net (fo=3291, routed)        0.984     2.614    ddr3.u_axi_wrap_ddr/u_Axi_CDC/bFifo/sys_clk
    SLICE_X27Y204        FDCE                                         r  ddr3.u_axi_wrap_ddr/u_Axi_CDC/bFifo/popCC_ptrToPush_reg[1]/C
                         clock pessimism             -0.515     2.099    
    SLICE_X27Y204        FDCE (Remov_fdce_C_CLR)     -0.092     2.007    ddr3.u_axi_wrap_ddr/u_Axi_CDC/bFifo/popCC_ptrToPush_reg[1]
  -------------------------------------------------------------------
                         required time                         -2.007    
                         arrival time                           2.803    
  -------------------------------------------------------------------
                         slack                                  0.797    





---------------------------------------------------------------------------------------------------
Path Group:  **default**
From Clock:  clk_pll_i
  To Clock:  

Setup :            0  Failing Endpoints,  Worst Slack        2.773ns,  Total Violation        0.000ns
Hold  :           NA  Failing Endpoints,  Worst Slack           NA  ,  Total Violation           NA
---------------------------------------------------------------------------------------------------


Max Delay Paths
--------------------------------------------------------------------------------------
Slack (MET) :             2.773ns  (required time - arrival time)
  Source:                 ddr3.u_axi_wrap_ddr/mig_axi/u_mig_axi_32_mig/u_ddr3_infrastructure/rstdiv0_sync_r1_reg_rep/C
                            (rising edge-triggered cell FDPE clocked by clk_pll_i  {rise@0.000ns fall@5.000ns period=10.000ns})
  Destination:            ddr3.u_axi_wrap_ddr/mig_axi/u_mig_axi_32_mig/u_memc_ui_top_axi/mem_intfc0/ddr_phy_top0/u_ddr_mc_phy_wrapper/u_ddr_mc_phy/ddr_phy_4lanes_0.u_ddr_phy_4lanes/phy_control_i/RESET
  Path Group:             **default**
  Path Type:              Max at Slow Process Corner
  Requirement:            5.000ns  (MaxDelay Path 5.000ns)
  Data Path Delay:        2.227ns  (logic 0.433ns (19.442%)  route 1.794ns (80.558%))
  Logic Levels:           0  
  Output Delay:           0.000ns
  Timing Exception:       MaxDelay Path 5.000ns -datapath_only

    Location             Delay type                Incr(ns)  Path(ns)    Netlist Resource(s)
  -------------------------------------------------------------------    -------------------
    SLICE_X20Y246                                     0.000     0.000 r  ddr3.u_axi_wrap_ddr/mig_axi/u_mig_axi_32_mig/u_ddr3_infrastructure/rstdiv0_sync_r1_reg_rep/C
    SLICE_X20Y246        FDPE (Prop_fdpe_C_Q)         0.433     0.433 r  ddr3.u_axi_wrap_ddr/mig_axi/u_mig_axi_32_mig/u_ddr3_infrastructure/rstdiv0_sync_r1_reg_rep/Q
                         net (fo=32, routed)          1.794     2.227    ddr3.u_axi_wrap_ddr/mig_axi/u_mig_axi_32_mig/u_memc_ui_top_axi/mem_intfc0/ddr_phy_top0/u_ddr_mc_phy_wrapper/u_ddr_mc_phy/ddr_phy_4lanes_0.u_ddr_phy_4lanes/in0
    PHY_CONTROL_X0Y4     PHY_CONTROL                                  r  ddr3.u_axi_wrap_ddr/mig_axi/u_mig_axi_32_mig/u_memc_ui_top_axi/mem_intfc0/ddr_phy_top0/u_ddr_mc_phy_wrapper/u_ddr_mc_phy/ddr_phy_4lanes_0.u_ddr_phy_4lanes/phy_control_i/RESET
  -------------------------------------------------------------------    -------------------

                         max delay                    5.000     5.000    
    PHY_CONTROL_X0Y4     PHY_CONTROL                  0.000     5.000    ddr3.u_axi_wrap_ddr/mig_axi/u_mig_axi_32_mig/u_memc_ui_top_axi/mem_intfc0/ddr_phy_top0/u_ddr_mc_phy_wrapper/u_ddr_mc_phy/ddr_phy_4lanes_0.u_ddr_phy_4lanes/phy_control_i
                         output delay                -0.000     5.000    
  -------------------------------------------------------------------
                         required time                          5.000    
                         arrival time                          -2.227    
  -------------------------------------------------------------------
                         slack                                  2.773    





--------------------------------------------------------------------------------------
Path Group:  (none)
From Clock:  clk_pll_i
  To Clock:  

Max Delay             0 Endpoints
Min Delay             1 Endpoint
--------------------------------------------------------------------------------------


Min Delay Paths
--------------------------------------------------------------------------------------
Slack:                    inf
  Source:                 ddr3.u_axi_wrap_ddr/mig_axi/u_mig_axi_32_mig/u_ddr3_infrastructure/rstdiv0_sync_r1_reg_rep/C
                            (rising edge-triggered cell FDPE clocked by clk_pll_i  {rise@0.000ns fall@5.000ns period=10.000ns})
  Destination:            ddr3.u_axi_wrap_ddr/mig_axi/u_mig_axi_32_mig/u_memc_ui_top_axi/mem_intfc0/ddr_phy_top0/u_ddr_mc_phy_wrapper/u_ddr_mc_phy/ddr_phy_4lanes_0.u_ddr_phy_4lanes/phy_control_i/RESET
  Path Group:             (none)
  Path Type:              Min at Fast Process Corner
  Data Path Delay:        1.149ns  (logic 0.164ns (14.272%)  route 0.985ns (85.728%))
  Logic Levels:           0  
  Clock Uncertainty:      0.168ns  ((TSJ^2 + DJ^2)^1/2) / 2 + PE
    Total System Jitter     (TSJ):    0.050ns
    Discrete Jitter          (DJ):    0.096ns
    Phase Error              (PE):    0.114ns
  Timing Exception:       False Path

    Location             Delay type                Incr(ns)  Path(ns)    Netlist Resource(s)
  -------------------------------------------------------------------    -------------------
                         (clock clk_pll_i rise edge)
                                                      0.000     0.000 r  
    AC19                                              0.000     0.000 r  clk (IN)
                         net (fo=0)                   0.000     0.000    clk
    AC19                 IBUF (Prop_ibuf_I_O)         0.253     0.253 r  clk_IBUF_inst/O
                         net (fo=1, routed)           1.074     1.327    clk_IBUF
    BUFGCTRL_X0Y0        BUFG (Prop_bufg_I_O)         0.026     1.353 r  clk_IBUF_BUFG_inst/O
                         net (fo=2166, routed)        0.701     2.054    ddr3.u_axi_wrap_ddr/mig_axi/u_mig_axi_32_mig/u_ddr3_infrastructure/mmcm_clk
    PLLE2_ADV_X0Y4       PLLE2_ADV (Prop_plle2_adv_CLKIN1_CLKOUT3)
                                                      0.050     2.104 r  ddr3.u_axi_wrap_ddr/mig_axi/u_mig_axi_32_mig/u_ddr3_infrastructure/plle2_i/CLKOUT3
                         net (fo=1, routed)           0.518     2.622    ddr3.u_axi_wrap_ddr/mig_axi/u_mig_axi_32_mig/u_ddr3_infrastructure/pll_clk3_out
    BUFHCE_X0Y48         BUFH (Prop_bufh_I_O)         0.020     2.642 r  ddr3.u_axi_wrap_ddr/mig_axi/u_mig_axi_32_mig/u_ddr3_infrastructure/u_bufh_pll_clk3/O
                         net (fo=1, routed)           0.326     2.968    ddr3.u_axi_wrap_ddr/mig_axi/u_mig_axi_32_mig/u_ddr3_infrastructure/pll_clk3
    MMCME2_ADV_X0Y4      MMCME2_ADV (Prop_mmcme2_adv_CLKIN1_CLKFBOUT)
                                                     -1.511     1.457 r  ddr3.u_axi_wrap_ddr/mig_axi/u_mig_axi_32_mig/u_ddr3_infrastructure/gen_mmcm.mmcm_i/CLKFBOUT
                         net (fo=1, routed)           0.790     2.248    ddr3.u_axi_wrap_ddr/mig_axi/u_mig_axi_32_mig/u_ddr3_infrastructure/clk_pll_i
    BUFGCTRL_X0Y16       BUFG (Prop_bufg_I_O)         0.026     2.274 r  ddr3.u_axi_wrap_ddr/mig_axi/u_mig_axi_32_mig/u_ddr3_infrastructure/u_bufg_clkdiv0/O
                         net (fo=7005, routed)        0.708     2.982    ddr3.u_axi_wrap_ddr/mig_axi/u_mig_axi_32_mig/u_ddr3_infrastructure/CLK
    SLICE_X20Y246        FDPE                                         r  ddr3.u_axi_wrap_ddr/mig_axi/u_mig_axi_32_mig/u_ddr3_infrastructure/rstdiv0_sync_r1_reg_rep/C
  -------------------------------------------------------------------    -------------------
    SLICE_X20Y246        FDPE (Prop_fdpe_C_Q)         0.164     3.146 r  ddr3.u_axi_wrap_ddr/mig_axi/u_mig_axi_32_mig/u_ddr3_infrastructure/rstdiv0_sync_r1_reg_rep/Q
                         net (fo=32, routed)          0.985     4.131    ddr3.u_axi_wrap_ddr/mig_axi/u_mig_axi_32_mig/u_memc_ui_top_axi/mem_intfc0/ddr_phy_top0/u_ddr_mc_phy_wrapper/u_ddr_mc_phy/ddr_phy_4lanes_0.u_ddr_phy_4lanes/in0
    PHY_CONTROL_X0Y4     PHY_CONTROL                                  r  ddr3.u_axi_wrap_ddr/mig_axi/u_mig_axi_32_mig/u_memc_ui_top_axi/mem_intfc0/ddr_phy_top0/u_ddr_mc_phy_wrapper/u_ddr_mc_phy/ddr_phy_4lanes_0.u_ddr_phy_4lanes/phy_control_i/RESET
  -------------------------------------------------------------------    -------------------





--------------------------------------------------------------------------------------
Path Group:  (none)
From Clock:  clk
  To Clock:  clk

Max Delay           210 Endpoints
Min Delay           210 Endpoints
--------------------------------------------------------------------------------------


Max Delay Paths
--------------------------------------------------------------------------------------
Slack:                    inf
  Source:                 vio/inst/DECODER_INST/Hold_probe_in_reg/C
                            (rising edge-triggered cell FDRE clocked by clk  {rise@0.000ns fall@5.000ns period=10.000ns})
  Destination:            vio/inst/PROBE_IN_INST/probe_in_reg_reg[53]/CE
                            (rising edge-triggered cell FDRE clocked by clk  {rise@0.000ns fall@5.000ns period=10.000ns})
  Path Group:             (none)
  Path Type:              Setup (Max at Slow Process Corner)
  Data Path Delay:        7.226ns  (logic 0.484ns (6.698%)  route 6.742ns (93.302%))
  Logic Levels:           1  (LUT1=1)
  Clock Path Skew:        -0.543ns (DCD - SCD + CPR)
    Destination Clock Delay (DCD):    5.187ns
    Source Clock Delay      (SCD):    5.730ns
    Clock Pessimism Removal (CPR):    0.000ns
  Clock Uncertainty:      0.035ns  ((TSJ^2 + TIJ^2)^1/2 + DJ) / 2 + PE
    Total System Jitter     (TSJ):    0.071ns
    Total Input Jitter      (TIJ):    0.000ns
    Discrete Jitter          (DJ):    0.000ns
    Phase Error              (PE):    0.000ns
  Timing Exception:       False Path

    Location             Delay type                Incr(ns)  Path(ns)    Netlist Resource(s)
  -------------------------------------------------------------------    -------------------
                         (clock clk rise edge)        0.000     0.000 r  
    AC19                                              0.000     0.000 r  clk (IN)
                         net (fo=0)                   0.000     0.000    clk
    AC19                 IBUF (Prop_ibuf_I_O)         1.416     1.416 r  clk_IBUF_inst/O
                         net (fo=1, routed)           2.602     4.018    clk_IBUF
    BUFGCTRL_X0Y0        BUFG (Prop_bufg_I_O)         0.081     4.099 r  clk_IBUF_BUFG_inst/O
                         net (fo=2166, routed)        1.631     5.730    vio/inst/DECODER_INST/out
    SLICE_X32Y225        FDRE                                         r  vio/inst/DECODER_INST/Hold_probe_in_reg/C
  -------------------------------------------------------------------    -------------------
    SLICE_X32Y225        FDRE (Prop_fdre_C_Q)         0.379     6.109 f  vio/inst/DECODER_INST/Hold_probe_in_reg/Q
                         net (fo=1, routed)           1.027     7.136    vio/inst/DECODER_INST/Hold_probe_in
    SLICE_X42Y220        LUT1 (Prop_lut1_I0_O)        0.105     7.241 r  vio/inst/DECODER_INST/probe_in_reg[83]_i_1/O
                         net (fo=84, routed)          5.715    12.956    vio/inst/PROBE_IN_INST/E[0]
    SLICE_X102Y161       FDRE                                         r  vio/inst/PROBE_IN_INST/probe_in_reg_reg[53]/CE
  -------------------------------------------------------------------    -------------------

                         (clock clk rise edge)        0.000     0.000 r  
    AC19                                              0.000     0.000 r  clk (IN)
                         net (fo=0)                   0.000     0.000    clk
    AC19                 IBUF (Prop_ibuf_I_O)         1.350     1.350 r  clk_IBUF_inst/O
                         net (fo=1, routed)           2.471     3.821    clk_IBUF
    BUFGCTRL_X0Y0        BUFG (Prop_bufg_I_O)         0.077     3.898 r  clk_IBUF_BUFG_inst/O
                         net (fo=2166, routed)        1.289     5.187    vio/inst/PROBE_IN_INST/clk
    SLICE_X102Y161       FDRE                                         r  vio/inst/PROBE_IN_INST/probe_in_reg_reg[53]/C





Min Delay Paths
--------------------------------------------------------------------------------------
Slack:                    inf
  Source:                 vio/inst/PROBE_IN_INST/probe_in_reg_reg[4]/C
                            (rising edge-triggered cell FDRE clocked by clk  {rise@0.000ns fall@5.000ns period=10.000ns})
  Destination:            vio/inst/PROBE_IN_INST/data_int_sync1_reg[4]/D
                            (rising edge-triggered cell FDRE clocked by clk  {rise@0.000ns fall@5.000ns period=10.000ns})
  Path Group:             (none)
  Path Type:              Hold (Min at Fast Process Corner)
  Data Path Delay:        0.246ns  (logic 0.148ns (60.062%)  route 0.098ns (39.938%))
  Logic Levels:           0  
  Clock Path Skew:        0.545ns (DCD - SCD - CPR)
    Destination Clock Delay (DCD):    2.460ns
    Source Clock Delay      (SCD):    1.915ns
    Clock Pessimism Removal (CPR):    -0.000ns
  Clock Uncertainty:      0.035ns  ((TSJ^2 + TIJ^2)^1/2 + DJ) / 2 + PE
    Total System Jitter     (TSJ):    0.071ns
    Total Input Jitter      (TIJ):    0.000ns
    Discrete Jitter          (DJ):    0.000ns
    Phase Error              (PE):    0.000ns
  Timing Exception:       False Path

    Location             Delay type                Incr(ns)  Path(ns)    Netlist Resource(s)
  -------------------------------------------------------------------    -------------------
                         (clock clk rise edge)        0.000     0.000 r  
    AC19                                              0.000     0.000 r  clk (IN)
                         net (fo=0)                   0.000     0.000    clk
    AC19                 IBUF (Prop_ibuf_I_O)         0.253     0.253 r  clk_IBUF_inst/O
                         net (fo=1, routed)           1.074     1.327    clk_IBUF
    BUFGCTRL_X0Y0        BUFG (Prop_bufg_I_O)         0.026     1.353 r  clk_IBUF_BUFG_inst/O
                         net (fo=2166, routed)        0.563     1.915    vio/inst/PROBE_IN_INST/clk
    SLICE_X72Y173        FDRE                                         r  vio/inst/PROBE_IN_INST/probe_in_reg_reg[4]/C
  -------------------------------------------------------------------    -------------------
    SLICE_X72Y173        FDRE (Prop_fdre_C_Q)         0.148     2.063 r  vio/inst/PROBE_IN_INST/probe_in_reg_reg[4]/Q
                         net (fo=1, routed)           0.098     2.162    vio/inst/PROBE_IN_INST/probe_in_reg[4]
    SLICE_X70Y173        FDRE                                         r  vio/inst/PROBE_IN_INST/data_int_sync1_reg[4]/D
  -------------------------------------------------------------------    -------------------

                         (clock clk rise edge)        0.000     0.000 r  
    AC19                                              0.000     0.000 r  clk (IN)
                         net (fo=0)                   0.000     0.000    clk
    AC19                 IBUF (Prop_ibuf_I_O)         0.441     0.441 r  clk_IBUF_inst/O
                         net (fo=1, routed)           1.160     1.601    clk_IBUF
    BUFGCTRL_X0Y0        BUFG (Prop_bufg_I_O)         0.029     1.630 r  clk_IBUF_BUFG_inst/O
                         net (fo=2166, routed)        0.831     2.460    vio/inst/PROBE_IN_INST/out
    SLICE_X70Y173        FDRE                                         r  vio/inst/PROBE_IN_INST/data_int_sync1_reg[4]/C





--------------------------------------------------------------------------------------
Path Group:  (none)
From Clock:  cpu_clk
  To Clock:  clk

Max Delay            64 Endpoints
Min Delay            64 Endpoints
--------------------------------------------------------------------------------------


Max Delay Paths
--------------------------------------------------------------------------------------
Slack:                    inf
  Source:                 u_cpu/inner_cpu/dcache/index_reg_reg[0]_rep__0/C
                            (rising edge-triggered cell FDRE clocked by cpu_clk  {rise@0.000ns fall@15.625ns period=31.250ns})
  Destination:            vio/inst/PROBE_IN_INST/probe_in_reg_reg[39]/D
                            (rising edge-triggered cell FDRE clocked by clk  {rise@0.000ns fall@5.000ns period=10.000ns})
  Path Group:             (none)
  Path Type:              Setup (Max at Slow Process Corner)
  Data Path Delay:        28.843ns  (logic 4.976ns (17.252%)  route 23.867ns (82.748%))
  Logic Levels:           36  (LUT2=2 LUT3=5 LUT4=3 LUT5=8 LUT6=16 MUXF7=1 MUXF8=1)
  Clock Path Skew:        -0.333ns (DCD - SCD + CPR)
    Destination Clock Delay (DCD):    5.161ns
    Source Clock Delay      (SCD):    5.494ns
    Clock Pessimism Removal (CPR):    0.000ns
  Clock Uncertainty:      0.143ns  ((TSJ^2 + DJ^2)^1/2) / 2 + PE
    Total System Jitter     (TSJ):    0.071ns
    Discrete Jitter          (DJ):    0.109ns
    Phase Error              (PE):    0.078ns
  Timing Exception:       Asynchronous Clock Groups

    Location             Delay type                Incr(ns)  Path(ns)    Netlist Resource(s)
  -------------------------------------------------------------------    -------------------
                         (clock cpu_clk rise edge)    0.000     0.000 r  
    AC19                                              0.000     0.000 r  clk (IN)
                         net (fo=0)                   0.000     0.000    clk
    AC19                 IBUF (Prop_ibuf_I_O)         1.416     1.416 r  clk_IBUF_inst/O
                         net (fo=1, routed)           2.602     4.018    clk_IBUF
    BUFGCTRL_X0Y0        BUFG (Prop_bufg_I_O)         0.081     4.099 r  clk_IBUF_BUFG_inst/O
                         net (fo=2166, routed)        1.536     5.635    fpga_pll.u_clk_pll/inst/clk_in1
    PLLE2_ADV_X0Y2       PLLE2_ADV (Prop_plle2_adv_CLKIN1_CLKOUT0)
                                                     -3.173     2.461 r  fpga_pll.u_clk_pll/inst/plle2_adv_inst/CLKOUT0
                         net (fo=1, routed)           1.557     4.018    fpga_pll.u_clk_pll/inst/cpu_clk_clk_pll
    BUFGCTRL_X0Y2        BUFG (Prop_bufg_I_O)         0.081     4.099 r  fpga_pll.u_clk_pll/inst/clkout1_buf/O
                         net (fo=25951, routed)       1.395     5.494    u_cpu/inner_cpu/dcache/aclk
    SLICE_X44Y162        FDRE                                         r  u_cpu/inner_cpu/dcache/index_reg_reg[0]_rep__0/C
  -------------------------------------------------------------------    -------------------
    SLICE_X44Y162        FDRE (Prop_fdre_C_Q)         0.433     5.927 r  u_cpu/inner_cpu/dcache/index_reg_reg[0]_rep__0/Q
                         net (fo=105, routed)         1.251     7.178    u_cpu/inner_cpu/dcache/dcache_way1_ram/DretireInst_2[15]_INST_0_i_46_1
    SLICE_X46Y157        LUT6 (Prop_lut6_I4_O)        0.105     7.283 r  u_cpu/inner_cpu/dcache/dcache_way1_ram/mem_reg_0_i_295/O
                         net (fo=1, routed)           0.000     7.283    u_cpu/inner_cpu/dcache/dcache_way1_ram/mem_reg_0_i_295_n_0
    SLICE_X46Y157        MUXF7 (Prop_muxf7_I1_O)      0.206     7.489 r  u_cpu/inner_cpu/dcache/dcache_way1_ram/mem_reg_0_i_268__0/O
                         net (fo=1, routed)           0.000     7.489    u_cpu/inner_cpu/dcache/dcache_way1_ram/mem_reg_0_i_268__0_n_0
    SLICE_X46Y157        MUXF8 (Prop_muxf8_I0_O)      0.082     7.571 r  u_cpu/inner_cpu/dcache/dcache_way1_ram/mem_reg_0_i_244__0/O
                         net (fo=1, routed)           0.929     8.500    u_cpu/inner_cpu/dcache/dcache_way1_ram/mem_reg_0_i_244__0_n_0
    SLICE_X42Y159        LUT6 (Prop_lut6_I5_O)        0.259     8.759 f  u_cpu/inner_cpu/dcache/dcache_way1_ram/mem_reg_0_i_234__0/O
                         net (fo=3, routed)           0.498     9.256    u_cpu/inner_cpu/dcache/dcache_way1_ram/index_reg_reg[4]_0
    SLICE_X43Y159        LUT4 (Prop_lut4_I2_O)        0.105     9.361 f  u_cpu/inner_cpu/dcache/dcache_way1_ram/mem_reg_0_i_156__0/O
                         net (fo=91, routed)          0.481     9.842    u_cpu/inner_cpu/dcache/dcache_way1_ram/index_reg_reg[6]_1
    SLICE_X44Y157        LUT5 (Prop_lut5_I0_O)        0.105     9.947 f  u_cpu/inner_cpu/dcache/dcache_way1_ram/DretireInst_2[14]_INST_0_i_4/O
                         net (fo=86, routed)          0.472    10.419    u_cpu/inner_cpu/dcache/dcache_way1_ram/index_reg_reg[6]_0
    SLICE_X44Y154        LUT5 (Prop_lut5_I3_O)        0.264    10.683 f  u_cpu/inner_cpu/dcache/dcache_way1_ram/DretireInst_2[14]_INST_0_i_1/O
                         net (fo=7, routed)           0.634    11.317    u_cpu/inner_cpu/dcache/dcache_way1_ram_n_268
    SLICE_X45Y151        LUT6 (Prop_lut6_I1_O)        0.105    11.422 r  u_cpu/inner_cpu/dcache/DretireInst_2[14]_INST_0/O
                         net (fo=38, routed)          1.133    12.555    u_cpu/inner_cpu/core_0/u_mem_disambig/DretireInst_2[12]_INST_0_i_1
    SLICE_X70Y138        LUT5 (Prop_lut5_I1_O)        0.105    12.660 f  u_cpu/inner_cpu/core_0/u_mem_disambig/DretireInst_2[12]_INST_0_i_3/O
                         net (fo=1, routed)           0.228    12.888    u_cpu/inner_cpu/core_0/u_mul_a/WB_b_ok_reg_1
    SLICE_X73Y138        LUT6 (Prop_lut6_I5_O)        0.105    12.993 f  u_cpu/inner_cpu/core_0/u_mul_a/DretireInst_2[12]_INST_0_i_1/O
                         net (fo=4, routed)           0.710    13.703    u_cpu/inner_cpu/core_0/u_mul_a/DretireInst_2[12]_INST_0_i_1_n_0
    SLICE_X78Y138        LUT4 (Prop_lut4_I2_O)        0.105    13.808 f  u_cpu/inner_cpu/core_0/u_mul_a/DretireInst_2[12]_INST_0/O
                         net (fo=20, routed)          0.478    14.286    u_cpu/inner_cpu/core_0/u_mul_a/WB_a_ok_reg
    SLICE_X79Y139        LUT5 (Prop_lut5_I0_O)        0.105    14.391 r  u_cpu/inner_cpu/core_0/u_mul_a/DretireInst_2[16]_INST_0_i_1/O
                         net (fo=16, routed)          1.152    15.543    u_cpu/inner_cpu/core_0/u_mul_a/DretireInst_2[16]_INST_0_i_1_0[0]
    SLICE_X89Y155        LUT3 (Prop_lut3_I0_O)        0.105    15.648 r  u_cpu/inner_cpu/core_0/u_mul_a/DretireInst_2[15]_INST_0_i_5/O
                         net (fo=2, routed)           0.538    16.187    u_cpu/inner_cpu/core_0/u_mmu/u_tlb/data_tlb/mmu_d_valid
    SLICE_X89Y157        LUT5 (Prop_lut5_I4_O)        0.105    16.292 r  u_cpu/inner_cpu/core_0/u_mmu/u_tlb/data_tlb/DretireInst_2[15]_INST_0_i_1/O
                         net (fo=8, routed)           0.442    16.733    u_cpu/inner_cpu/core_0/u_lsu/mmu_d_ok
    SLICE_X89Y156        LUT3 (Prop_lut3_I1_O)        0.105    16.838 r  u_cpu/inner_cpu/core_0/u_lsu/DretireInst_2[15]_INST_0/O
                         net (fo=4, routed)           0.333    17.171    u_cpu/inner_cpu/core_0/u_mul_a/store_addr_ready_reg[7]
    SLICE_X89Y154        LUT6 (Prop_lut6_I1_O)        0.105    17.276 r  u_cpu/inner_cpu/core_0/u_mul_a/DretireInst_2[13]_INST_0_i_2/O
                         net (fo=5, routed)           0.692    17.967    u_cpu/inner_cpu/core_0/u_mul_a/DretireInst_2[13]_INST_0_i_2_n_0
    SLICE_X92Y145        LUT2 (Prop_lut2_I0_O)        0.105    18.072 f  u_cpu/inner_cpu/core_0/u_mul_a/DretireInst_2[13]_INST_0_i_1/O
                         net (fo=168, routed)         0.639    18.711    u_cpu/inner_cpu/core_0/u_rename/wk_ex1a_v0
    SLICE_X103Y141       LUT3 (Prop_lut3_I1_O)        0.105    18.816 r  u_cpu/inner_cpu/core_0/u_rename/tail[0]_i_3/O
                         net (fo=146, routed)         0.838    19.654    u_cpu/inner_cpu/core_0/u_ibuf/rob_alloc_a_v
    SLICE_X103Y120       LUT6 (Prop_lut6_I0_O)        0.105    19.759 r  u_cpu/inner_cpu/core_0/u_ibuf/e_p_dst_reg_0_7_0_5_i_7__0/O
                         net (fo=51, routed)          0.528    20.287    u_cpu/inner_cpu/core_0/u_ibuf/p_1_in
    SLICE_X100Y118       LUT6 (Prop_lut6_I0_O)        0.105    20.392 r  u_cpu/inner_cpu/core_0/u_ibuf/DretireInst_2[7]_INST_0_i_14/O
                         net (fo=19, routed)          1.267    21.660    u_cpu/inner_cpu/core_0/u_rename/e_p_src1_reg[7][0]
    SLICE_X99Y99         LUT5 (Prop_lut5_I1_O)        0.126    21.786 r  u_cpu/inner_cpu/core_0/u_rename/DretireInst_2[7]_INST_0_i_8/O
                         net (fo=88, routed)          0.596    22.381    u_cpu/inner_cpu/core_0/u_rename/free_list_reg[27][3]_0
    SLICE_X94Y106        LUT6 (Prop_lut6_I1_O)        0.275    22.656 r  u_cpu/inner_cpu/core_0/u_rename/e_src1_val[0][31]_i_31__0/O
                         net (fo=1, routed)           0.874    23.530    u_cpu/inner_cpu/core_0/u_rename/e_src1_val[0][31]_i_31__0_n_0
    SLICE_X94Y108        LUT3 (Prop_lut3_I2_O)        0.105    23.635 f  u_cpu/inner_cpu/core_0/u_rename/e_src1_val[0][31]_i_18__0/O
                         net (fo=35, routed)          0.816    24.452    u_cpu/inner_cpu/core_0/u_rename/e_src1_val[0][31]_i_18__0_n_0
    SLICE_X89Y108        LUT4 (Prop_lut4_I3_O)        0.124    24.576 f  u_cpu/inner_cpu/core_0/u_rename/e_src1_val[0][31]_i_29__0/O
                         net (fo=33, routed)          1.409    25.984    u_cpu/inner_cpu/core_0/u_rename/e_src1_val[0][31]_i_29__0_n_0
    SLICE_X93Y128        LUT5 (Prop_lut5_I0_O)        0.267    26.251 f  u_cpu/inner_cpu/core_0/u_rename/e_src1_ready[3]_i_11/O
                         net (fo=1, routed)           0.334    26.585    u_cpu/inner_cpu/core_0/u_rename/e_src1_ready[3]_i_11_n_0
    SLICE_X94Y128        LUT6 (Prop_lut6_I0_O)        0.105    26.690 f  u_cpu/inner_cpu/core_0/u_rename/e_src1_ready[3]_i_6/O
                         net (fo=1, routed)           0.130    26.820    u_cpu/inner_cpu/core_0/u_ibuf/e_src1_ready_reg[3]_1
    SLICE_X94Y128        LUT6 (Prop_lut6_I5_O)        0.105    26.925 f  u_cpu/inner_cpu/core_0/u_ibuf/e_src1_ready[3]_i_2/O
                         net (fo=9, routed)           0.711    27.636    u_cpu/inner_cpu/core_0/u_ibuf/ro_b_src1_ok
    SLICE_X107Y129       LUT3 (Prop_lut3_I0_O)        0.105    27.741 r  u_cpu/inner_cpu/core_0/u_ibuf/DretireInst_2[24]_INST_0_i_2/O
                         net (fo=1, routed)           0.355    28.096    u_cpu/inner_cpu/core_0/u_rs_alu1/DretireInst_2[24]_INST_0_0
    SLICE_X108Y128       LUT6 (Prop_lut6_I4_O)        0.105    28.201 r  u_cpu/inner_cpu/core_0/u_rs_alu1/DretireInst_2[24]_INST_0_i_1/O
                         net (fo=2, routed)           0.567    28.768    u_cpu/inner_cpu/core_0/u_rs_alu1/DretireInst_2[24]_INST_0_i_1_n_0
    SLICE_X107Y139       LUT2 (Prop_lut2_I0_O)        0.105    28.873 f  u_cpu/inner_cpu/core_0/u_rs_alu1/DretireInst_2[24]_INST_0/O
                         net (fo=10, routed)          0.507    29.380    u_cpu/inner_cpu/core_0/u_rs_alu1/e_valid_reg[7]_0
    SLICE_X107Y142       LUT5 (Prop_lut5_I4_O)        0.105    29.485 r  u_cpu/inner_cpu/core_0/u_rs_alu1/DretireInst_2[23]_INST_0_i_2/O
                         net (fo=3, routed)           0.374    29.859    u_cpu/inner_cpu/core_0/u_rs_alu1/DretireInst_2[23]_INST_0_i_2_n_0
    SLICE_X106Y145       LUT6 (Prop_lut6_I5_O)        0.105    29.964 f  u_cpu/inner_cpu/core_0/u_rs_alu1/DretireInst_2[23]_INST_0_i_44/O
                         net (fo=1, routed)           0.481    30.446    u_cpu/inner_cpu/core_0/u_mem_disambig/rs_alu1_iss_load
    SLICE_X109Y149       LUT6 (Prop_lut6_I0_O)        0.105    30.551 r  u_cpu/inner_cpu/core_0/u_mem_disambig/DretireInst_2[23]_INST_0_i_15/O
                         net (fo=1, routed)           0.463    31.013    u_cpu/inner_cpu/core_0/u_mem_disambig/DretireInst_2[23]_INST_0_i_15_n_0
    SLICE_X108Y145       LUT6 (Prop_lut6_I5_O)        0.105    31.118 f  u_cpu/inner_cpu/core_0/u_mem_disambig/DretireInst_2[23]_INST_0_i_4/O
                         net (fo=3, routed)           0.671    31.789    u_cpu/inner_cpu/core_0/u_rs_alu1/rs_alu1_load_blocked
    SLICE_X105Y144       LUT6 (Prop_lut6_I4_O)        0.105    31.894 r  u_cpu/inner_cpu/core_0/u_rs_alu1/DretireInst_2[23]_INST_0/O
                         net (fo=1, routed)           2.338    34.232    u_cpu/debug_status1[23]
    SLICE_X68Y174        LUT6 (Prop_lut6_I5_O)        0.105    34.337 r  u_cpu/vio_num_data_inferred_i_9/O
                         net (fo=1, routed)           0.000    34.337    vio/inst/PROBE_IN_INST/D[39]
    SLICE_X68Y174        FDRE                                         r  vio/inst/PROBE_IN_INST/probe_in_reg_reg[39]/D
  -------------------------------------------------------------------    -------------------

                         (clock clk rise edge)        0.000     0.000 r  
    AC19                                              0.000     0.000 r  clk (IN)
                         net (fo=0)                   0.000     0.000    clk
    AC19                 IBUF (Prop_ibuf_I_O)         1.350     1.350 r  clk_IBUF_inst/O
                         net (fo=1, routed)           2.471     3.821    clk_IBUF
    BUFGCTRL_X0Y0        BUFG (Prop_bufg_I_O)         0.077     3.898 r  clk_IBUF_BUFG_inst/O
                         net (fo=2166, routed)        1.263     5.161    vio/inst/PROBE_IN_INST/clk
    SLICE_X68Y174        FDRE                                         r  vio/inst/PROBE_IN_INST/probe_in_reg_reg[39]/C





Min Delay Paths
--------------------------------------------------------------------------------------
Slack:                    inf
  Source:                 u_cpu/inner_cpu/wb_a_pc_d_reg[18]/C
                            (rising edge-triggered cell FDRE clocked by cpu_clk  {rise@0.000ns fall@15.625ns period=31.250ns})
  Destination:            vio/inst/PROBE_IN_INST/probe_in_reg_reg[70]/D
                            (rising edge-triggered cell FDRE clocked by clk  {rise@0.000ns fall@5.000ns period=10.000ns})
  Path Group:             (none)
  Path Type:              Hold (Min at Fast Process Corner)
  Data Path Delay:        0.276ns  (logic 0.186ns (67.282%)  route 0.090ns (32.718%))
  Logic Levels:           1  (LUT6=1)
  Clock Path Skew:        0.547ns (DCD - SCD - CPR)
    Destination Clock Delay (DCD):    2.476ns
    Source Clock Delay      (SCD):    1.929ns
    Clock Pessimism Removal (CPR):    -0.000ns
  Clock Uncertainty:      0.143ns  ((TSJ^2 + DJ^2)^1/2) / 2 + PE
    Total System Jitter     (TSJ):    0.071ns
    Discrete Jitter          (DJ):    0.109ns
    Phase Error              (PE):    0.078ns
  Timing Exception:       Asynchronous Clock Groups

    Location             Delay type                Incr(ns)  Path(ns)    Netlist Resource(s)
  -------------------------------------------------------------------    -------------------
                         (clock cpu_clk rise edge)    0.000     0.000 r  
    AC19                                              0.000     0.000 r  clk (IN)
                         net (fo=0)                   0.000     0.000    clk
    AC19                 IBUF (Prop_ibuf_I_O)         0.253     0.253 r  clk_IBUF_inst/O
                         net (fo=1, routed)           1.074     1.327    clk_IBUF
    BUFGCTRL_X0Y0        BUFG (Prop_bufg_I_O)         0.026     1.353 r  clk_IBUF_BUFG_inst/O
                         net (fo=2166, routed)        0.615     1.967    fpga_pll.u_clk_pll/inst/clk_in1
    PLLE2_ADV_X0Y2       PLLE2_ADV (Prop_plle2_adv_CLKIN1_CLKOUT0)
                                                     -1.200     0.767 r  fpga_pll.u_clk_pll/inst/plle2_adv_inst/CLKOUT0
                         net (fo=1, routed)           0.560     1.327    fpga_pll.u_clk_pll/inst/cpu_clk_clk_pll
    BUFGCTRL_X0Y2        BUFG (Prop_bufg_I_O)         0.026     1.353 r  fpga_pll.u_clk_pll/inst/clkout1_buf/O
                         net (fo=25951, routed)       0.577     1.929    u_cpu/inner_cpu/aclk
    SLICE_X101Y163       FDRE                                         r  u_cpu/inner_cpu/wb_a_pc_d_reg[18]/C
  -------------------------------------------------------------------    -------------------
    SLICE_X101Y163       FDRE (Prop_fdre_C_Q)         0.141     2.070 r  u_cpu/inner_cpu/wb_a_pc_d_reg[18]/Q
                         net (fo=1, routed)           0.090     2.161    u_cpu/debug_wb_pc_commit[18]
    SLICE_X100Y163       LUT6 (Prop_lut6_I5_O)        0.045     2.206 r  u_cpu/debug_wb_pc_inferred_i_14/O
                         net (fo=1, routed)           0.000     2.206    vio/inst/PROBE_IN_INST/D[70]
    SLICE_X100Y163       FDRE                                         r  vio/inst/PROBE_IN_INST/probe_in_reg_reg[70]/D
  -------------------------------------------------------------------    -------------------

                         (clock clk rise edge)        0.000     0.000 r  
    AC19                                              0.000     0.000 r  clk (IN)
                         net (fo=0)                   0.000     0.000    clk
    AC19                 IBUF (Prop_ibuf_I_O)         0.441     0.441 r  clk_IBUF_inst/O
                         net (fo=1, routed)           1.160     1.601    clk_IBUF
    BUFGCTRL_X0Y0        BUFG (Prop_bufg_I_O)         0.029     1.630 r  clk_IBUF_BUFG_inst/O
                         net (fo=2166, routed)        0.846     2.476    vio/inst/PROBE_IN_INST/clk
    SLICE_X100Y163       FDRE                                         r  vio/inst/PROBE_IN_INST/probe_in_reg_reg[70]/C





--------------------------------------------------------------------------------------
Path Group:  (none)
From Clock:  dbg_hub/inst/BSCANID.u_xsdbm_id/SWITCH_N_EXT_BSCAN.bscan_inst/SERIES7_BSCAN.bscan_inst/TCK
  To Clock:  clk

Max Delay            79 Endpoints
Min Delay            87 Endpoints
--------------------------------------------------------------------------------------


Max Delay Paths
--------------------------------------------------------------------------------------
Slack:                    inf
  Source:                 dbg_hub/inst/BSCANID.u_xsdbm_id/CORE_XSDB.UUT_MASTER/U_ICON_INTERFACE/U_CMD6_WR/U_WR_FIFO/SUBCORE_FIFO.xsdbm_v3_0_0_wrfifo_inst/inst_fifo_gen/gconvfifo.rf/grf.rf/gntv_or_sync_fifo.mem/gdm.dm_gen.dm/RAM_reg_0_15_0_5/RAMC_D1/CLK
                            (rising edge-triggered cell RAMD32 clocked by dbg_hub/inst/BSCANID.u_xsdbm_id/SWITCH_N_EXT_BSCAN.bscan_inst/SERIES7_BSCAN.bscan_inst/TCK  {rise@0.000ns fall@16.500ns period=33.000ns})
  Destination:            dbg_hub/inst/BSCANID.u_xsdbm_id/CORE_XSDB.UUT_MASTER/U_ICON_INTERFACE/U_CMD6_WR/U_WR_FIFO/SUBCORE_FIFO.xsdbm_v3_0_0_wrfifo_inst/inst_fifo_gen/gconvfifo.rf/grf.rf/gntv_or_sync_fifo.mem/gdm.dm_gen.dm/gpr1.dout_i_reg[5]/D
                            (rising edge-triggered cell FDRE clocked by clk  {rise@0.000ns fall@5.000ns period=10.000ns})
  Path Group:             (none)
  Path Type:              Setup (Max at Slow Process Corner)
  Data Path Delay:        1.601ns  (logic 1.084ns (67.713%)  route 0.517ns (32.287%))
  Logic Levels:           0  
  Clock Path Skew:        0.994ns (DCD - SCD + CPR)
    Destination Clock Delay (DCD):    5.421ns
    Source Clock Delay      (SCD):    4.426ns
    Clock Pessimism Removal (CPR):    0.000ns
  Clock Uncertainty:      0.035ns  ((TSJ^2 + TIJ^2)^1/2 + DJ) / 2 + PE
    Total System Jitter     (TSJ):    0.071ns
    Total Input Jitter      (TIJ):    0.000ns
    Discrete Jitter          (DJ):    0.000ns
    Phase Error              (PE):    0.000ns
  Timing Exception:       False Path

    Location             Delay type                Incr(ns)  Path(ns)    Netlist Resource(s)
  -------------------------------------------------------------------    -------------------
                         (clock dbg_hub/inst/BSCANID.u_xsdbm_id/SWITCH_N_EXT_BSCAN.bscan_inst/SERIES7_BSCAN.bscan_inst/TCK rise edge)
                                                      0.000     0.000 r  
    BSCAN_X0Y0           BSCANE2                      0.000     0.000 r  dbg_hub/inst/BSCANID.u_xsdbm_id/SWITCH_N_EXT_BSCAN.bscan_inst/SERIES7_BSCAN.bscan_inst/TCK
                         net (fo=1, routed)           2.705     2.705    dbg_hub/inst/BSCANID.u_xsdbm_id/tck_bs
    BUFGCTRL_X0Y4        BUFG (Prop_bufg_I_O)         0.081     2.786 r  dbg_hub/inst/BSCANID.u_xsdbm_id/SWITCH_N_EXT_BSCAN.u_bufg_icon_tck/O
                         net (fo=486, routed)         1.640     4.426    dbg_hub/inst/BSCANID.u_xsdbm_id/CORE_XSDB.UUT_MASTER/U_ICON_INTERFACE/U_CMD6_WR/U_WR_FIFO/SUBCORE_FIFO.xsdbm_v3_0_0_wrfifo_inst/inst_fifo_gen/gconvfifo.rf/grf.rf/gntv_or_sync_fifo.mem/gdm.dm_gen.dm/RAM_reg_0_15_0_5/WCLK
    SLICE_X36Y234        RAMD32                                       r  dbg_hub/inst/BSCANID.u_xsdbm_id/CORE_XSDB.UUT_MASTER/U_ICON_INTERFACE/U_CMD6_WR/U_WR_FIFO/SUBCORE_FIFO.xsdbm_v3_0_0_wrfifo_inst/inst_fifo_gen/gconvfifo.rf/grf.rf/gntv_or_sync_fifo.mem/gdm.dm_gen.dm/RAM_reg_0_15_0_5/RAMC_D1/CLK
  -------------------------------------------------------------------    -------------------
    SLICE_X36Y234        RAMD32 (Prop_ramd32_CLK_O)
                                                      1.084     5.510 r  dbg_hub/inst/BSCANID.u_xsdbm_id/CORE_XSDB.UUT_MASTER/U_ICON_INTERFACE/U_CMD6_WR/U_WR_FIFO/SUBCORE_FIFO.xsdbm_v3_0_0_wrfifo_inst/inst_fifo_gen/gconvfifo.rf/grf.rf/gntv_or_sync_fifo.mem/gdm.dm_gen.dm/RAM_reg_0_15_0_5/RAMC_D1/O
                         net (fo=1, routed)           0.517     6.027    dbg_hub/inst/BSCANID.u_xsdbm_id/CORE_XSDB.UUT_MASTER/U_ICON_INTERFACE/U_CMD6_WR/U_WR_FIFO/SUBCORE_FIFO.xsdbm_v3_0_0_wrfifo_inst/inst_fifo_gen/gconvfifo.rf/grf.rf/gntv_or_sync_fifo.mem/gdm.dm_gen.dm/dout_i0[5]
    SLICE_X37Y232        FDRE                                         r  dbg_hub/inst/BSCANID.u_xsdbm_id/CORE_XSDB.UUT_MASTER/U_ICON_INTERFACE/U_CMD6_WR/U_WR_FIFO/SUBCORE_FIFO.xsdbm_v3_0_0_wrfifo_inst/inst_fifo_gen/gconvfifo.rf/grf.rf/gntv_or_sync_fifo.mem/gdm.dm_gen.dm/gpr1.dout_i_reg[5]/D
  -------------------------------------------------------------------    -------------------

                         (clock clk rise edge)        0.000     0.000 r  
    AC19                                              0.000     0.000 r  clk (IN)
                         net (fo=0)                   0.000     0.000    clk
    AC19                 IBUF (Prop_ibuf_I_O)         1.350     1.350 r  clk_IBUF_inst/O
                         net (fo=1, routed)           2.471     3.821    clk_IBUF
    BUFGCTRL_X0Y0        BUFG (Prop_bufg_I_O)         0.077     3.898 r  clk_IBUF_BUFG_inst/O
                         net (fo=2166, routed)        1.523     5.421    dbg_hub/inst/BSCANID.u_xsdbm_id/CORE_XSDB.UUT_MASTER/U_ICON_INTERFACE/U_CMD6_WR/U_WR_FIFO/SUBCORE_FIFO.xsdbm_v3_0_0_wrfifo_inst/inst_fifo_gen/gconvfifo.rf/grf.rf/gntv_or_sync_fifo.mem/gdm.dm_gen.dm/rd_clk
    SLICE_X37Y232        FDRE                                         r  dbg_hub/inst/BSCANID.u_xsdbm_id/CORE_XSDB.UUT_MASTER/U_ICON_INTERFACE/U_CMD6_WR/U_WR_FIFO/SUBCORE_FIFO.xsdbm_v3_0_0_wrfifo_inst/inst_fifo_gen/gconvfifo.rf/grf.rf/gntv_or_sync_fifo.mem/gdm.dm_gen.dm/gpr1.dout_i_reg[5]/C





Min Delay Paths
--------------------------------------------------------------------------------------
Slack:                    inf
  Source:                 dbg_hub/inst/BSCANID.u_xsdbm_id/CORE_XSDB.UUT_MASTER/U_ICON_INTERFACE/U_CMD6_WR/U_WR_FIFO/SUBCORE_FIFO.xsdbm_v3_0_0_wrfifo_inst/inst_fifo_gen/gconvfifo.rf/grf.rf/gntv_or_sync_fifo.gcx.clkx/gnxpm_cdc.wr_pntr_gc_reg[1]/C
                            (rising edge-triggered cell FDCE clocked by dbg_hub/inst/BSCANID.u_xsdbm_id/SWITCH_N_EXT_BSCAN.bscan_inst/SERIES7_BSCAN.bscan_inst/TCK  {rise@0.000ns fall@16.500ns period=33.000ns})
  Destination:            dbg_hub/inst/BSCANID.u_xsdbm_id/CORE_XSDB.UUT_MASTER/U_ICON_INTERFACE/U_CMD6_WR/U_WR_FIFO/SUBCORE_FIFO.xsdbm_v3_0_0_wrfifo_inst/inst_fifo_gen/gconvfifo.rf/grf.rf/gntv_or_sync_fifo.gcx.clkx/gnxpm_cdc.gsync_stage[1].rd_stg_inst/Q_reg_reg[1]/D
                            (rising edge-triggered cell FDCE clocked by clk  {rise@0.000ns fall@5.000ns period=10.000ns})
  Path Group:             (none)
  Path Type:              Hold (Min at Fast Process Corner)
  Data Path Delay:        0.245ns  (logic 0.128ns (52.216%)  route 0.117ns (47.784%))
  Logic Levels:           0  
  Clock Path Skew:        0.423ns (DCD - SCD - CPR)
    Destination Clock Delay (DCD):    2.603ns
    Source Clock Delay      (SCD):    2.180ns
    Clock Pessimism Removal (CPR):    -0.000ns
  Clock Uncertainty:      0.035ns  ((TSJ^2 + TIJ^2)^1/2 + DJ) / 2 + PE
    Total System Jitter     (TSJ):    0.071ns
    Total Input Jitter      (TIJ):    0.000ns
    Discrete Jitter          (DJ):    0.000ns
    Phase Error              (PE):    0.000ns
  Timing Exception:       False Path

    Location             Delay type                Incr(ns)  Path(ns)    Netlist Resource(s)
  -------------------------------------------------------------------    -------------------
                         (clock dbg_hub/inst/BSCANID.u_xsdbm_id/SWITCH_N_EXT_BSCAN.bscan_inst/SERIES7_BSCAN.bscan_inst/TCK rise edge)
                                                      0.000     0.000 r  
    BSCAN_X0Y0           BSCANE2                      0.000     0.000 r  dbg_hub/inst/BSCANID.u_xsdbm_id/SWITCH_N_EXT_BSCAN.bscan_inst/SERIES7_BSCAN.bscan_inst/TCK
                         net (fo=1, routed)           1.454     1.454    dbg_hub/inst/BSCANID.u_xsdbm_id/tck_bs
    BUFGCTRL_X0Y4        BUFG (Prop_bufg_I_O)         0.026     1.480 r  dbg_hub/inst/BSCANID.u_xsdbm_id/SWITCH_N_EXT_BSCAN.u_bufg_icon_tck/O
                         net (fo=486, routed)         0.700     2.180    dbg_hub/inst/BSCANID.u_xsdbm_id/CORE_XSDB.UUT_MASTER/U_ICON_INTERFACE/U_CMD6_WR/U_WR_FIFO/SUBCORE_FIFO.xsdbm_v3_0_0_wrfifo_inst/inst_fifo_gen/gconvfifo.rf/grf.rf/gntv_or_sync_fifo.gcx.clkx/wr_clk
    SLICE_X33Y233        FDCE                                         r  dbg_hub/inst/BSCANID.u_xsdbm_id/CORE_XSDB.UUT_MASTER/U_ICON_INTERFACE/U_CMD6_WR/U_WR_FIFO/SUBCORE_FIFO.xsdbm_v3_0_0_wrfifo_inst/inst_fifo_gen/gconvfifo.rf/grf.rf/gntv_or_sync_fifo.gcx.clkx/gnxpm_cdc.wr_pntr_gc_reg[1]/C
  -------------------------------------------------------------------    -------------------
    SLICE_X33Y233        FDCE (Prop_fdce_C_Q)         0.128     2.308 r  dbg_hub/inst/BSCANID.u_xsdbm_id/CORE_XSDB.UUT_MASTER/U_ICON_INTERFACE/U_CMD6_WR/U_WR_FIFO/SUBCORE_FIFO.xsdbm_v3_0_0_wrfifo_inst/inst_fifo_gen/gconvfifo.rf/grf.rf/gntv_or_sync_fifo.gcx.clkx/gnxpm_cdc.wr_pntr_gc_reg[1]/Q
                         net (fo=1, routed)           0.117     2.425    dbg_hub/inst/BSCANID.u_xsdbm_id/CORE_XSDB.UUT_MASTER/U_ICON_INTERFACE/U_CMD6_WR/U_WR_FIFO/SUBCORE_FIFO.xsdbm_v3_0_0_wrfifo_inst/inst_fifo_gen/gconvfifo.rf/grf.rf/gntv_or_sync_fifo.gcx.clkx/gnxpm_cdc.gsync_stage[1].rd_stg_inst/Q[1]
    SLICE_X32Y233        FDCE                                         r  dbg_hub/inst/BSCANID.u_xsdbm_id/CORE_XSDB.UUT_MASTER/U_ICON_INTERFACE/U_CMD6_WR/U_WR_FIFO/SUBCORE_FIFO.xsdbm_v3_0_0_wrfifo_inst/inst_fifo_gen/gconvfifo.rf/grf.rf/gntv_or_sync_fifo.gcx.clkx/gnxpm_cdc.gsync_stage[1].rd_stg_inst/Q_reg_reg[1]/D
  -------------------------------------------------------------------    -------------------

                         (clock clk rise edge)        0.000     0.000 r  
    AC19                                              0.000     0.000 r  clk (IN)
                         net (fo=0)                   0.000     0.000    clk
    AC19                 IBUF (Prop_ibuf_I_O)         0.441     0.441 r  clk_IBUF_inst/O
                         net (fo=1, routed)           1.160     1.601    clk_IBUF
    BUFGCTRL_X0Y0        BUFG (Prop_bufg_I_O)         0.029     1.630 r  clk_IBUF_BUFG_inst/O
                         net (fo=2166, routed)        0.973     2.603    dbg_hub/inst/BSCANID.u_xsdbm_id/CORE_XSDB.UUT_MASTER/U_ICON_INTERFACE/U_CMD6_WR/U_WR_FIFO/SUBCORE_FIFO.xsdbm_v3_0_0_wrfifo_inst/inst_fifo_gen/gconvfifo.rf/grf.rf/gntv_or_sync_fifo.gcx.clkx/gnxpm_cdc.gsync_stage[1].rd_stg_inst/rd_clk
    SLICE_X32Y233        FDCE                                         r  dbg_hub/inst/BSCANID.u_xsdbm_id/CORE_XSDB.UUT_MASTER/U_ICON_INTERFACE/U_CMD6_WR/U_WR_FIFO/SUBCORE_FIFO.xsdbm_v3_0_0_wrfifo_inst/inst_fifo_gen/gconvfifo.rf/grf.rf/gntv_or_sync_fifo.gcx.clkx/gnxpm_cdc.gsync_stage[1].rd_stg_inst/Q_reg_reg[1]/C





--------------------------------------------------------------------------------------
Path Group:  (none)
From Clock:  sys_clk
  To Clock:  clk

Max Delay            93 Endpoints
Min Delay            93 Endpoints
--------------------------------------------------------------------------------------


Max Delay Paths
--------------------------------------------------------------------------------------
Slack:                    inf
  Source:                 u_jtag_axi_wrap/u_jtag_axi/inst/jtag_axi_engine_u/status_reg_datain_reg[9]/C
                            (rising edge-triggered cell FDRE clocked by sys_clk  {rise@0.000ns fall@5.000ns period=10.000ns})
  Destination:            u_jtag_axi_wrap/u_jtag_axi/inst/jtag_axi_engine_u/status_reg_datain_ff_reg[9]/D
                            (rising edge-triggered cell FDRE clocked by clk  {rise@0.000ns fall@5.000ns period=10.000ns})
  Path Group:             (none)
  Path Type:              Setup (Max at Slow Process Corner)
  Data Path Delay:        1.369ns  (logic 0.433ns (31.625%)  route 0.936ns (68.375%))
  Logic Levels:           0  
  Clock Path Skew:        -0.150ns (DCD - SCD + CPR)
    Destination Clock Delay (DCD):    5.348ns
    Source Clock Delay      (SCD):    5.497ns
    Clock Pessimism Removal (CPR):    0.000ns
  Clock Uncertainty:      0.135ns  ((TSJ^2 + DJ^2)^1/2) / 2 + PE
    Total System Jitter     (TSJ):    0.071ns
    Discrete Jitter          (DJ):    0.089ns
    Phase Error              (PE):    0.078ns
  Timing Exception:       Asynchronous Clock Groups

    Location             Delay type                Incr(ns)  Path(ns)    Netlist Resource(s)
  -------------------------------------------------------------------    -------------------
                         (clock sys_clk rise edge)    0.000     0.000 r  
    AC19                                              0.000     0.000 r  clk (IN)
                         net (fo=0)                   0.000     0.000    clk
    AC19                 IBUF (Prop_ibuf_I_O)         1.416     1.416 r  clk_IBUF_inst/O
                         net (fo=1, routed)           2.602     4.018    clk_IBUF
    BUFGCTRL_X0Y0        BUFG (Prop_bufg_I_O)         0.081     4.099 r  clk_IBUF_BUFG_inst/O
                         net (fo=2166, routed)        1.536     5.635    fpga_pll.u_clk_pll/inst/clk_in1
    PLLE2_ADV_X0Y2       PLLE2_ADV (Prop_plle2_adv_CLKIN1_CLKOUT1)
                                                     -3.173     2.461 r  fpga_pll.u_clk_pll/inst/plle2_adv_inst/CLKOUT1
                         net (fo=1, routed)           1.557     4.018    fpga_pll.u_clk_pll/inst/sys_clk_clk_pll
    BUFGCTRL_X0Y3        BUFG (Prop_bufg_I_O)         0.081     4.099 r  fpga_pll.u_clk_pll/inst/clkout2_buf/O
                         net (fo=3291, routed)        1.398     5.497    u_jtag_axi_wrap/u_jtag_axi/inst/jtag_axi_engine_u/DEVICE_7SERIES.NO_BMM_INFO.SDP.WIDE_PRIM36_NO_ECC.ram
    SLICE_X48Y196        FDRE                                         r  u_jtag_axi_wrap/u_jtag_axi/inst/jtag_axi_engine_u/status_reg_datain_reg[9]/C
  -------------------------------------------------------------------    -------------------
    SLICE_X48Y196        FDRE (Prop_fdre_C_Q)         0.433     5.930 r  u_jtag_axi_wrap/u_jtag_axi/inst/jtag_axi_engine_u/status_reg_datain_reg[9]/Q
                         net (fo=1, routed)           0.936     6.866    u_jtag_axi_wrap/u_jtag_axi/inst/jtag_axi_engine_u/status_reg_datain[9]
    SLICE_X46Y212        FDRE                                         r  u_jtag_axi_wrap/u_jtag_axi/inst/jtag_axi_engine_u/status_reg_datain_ff_reg[9]/D
  -------------------------------------------------------------------    -------------------

                         (clock clk rise edge)        0.000     0.000 r  
    AC19                                              0.000     0.000 r  clk (IN)
                         net (fo=0)                   0.000     0.000    clk
    AC19                 IBUF (Prop_ibuf_I_O)         1.350     1.350 r  clk_IBUF_inst/O
                         net (fo=1, routed)           2.471     3.821    clk_IBUF
    BUFGCTRL_X0Y0        BUFG (Prop_bufg_I_O)         0.077     3.898 r  clk_IBUF_BUFG_inst/O
                         net (fo=2166, routed)        1.450     5.348    u_jtag_axi_wrap/u_jtag_axi/inst/jtag_axi_engine_u/xsdb_clk
    SLICE_X46Y212        FDRE                                         r  u_jtag_axi_wrap/u_jtag_axi/inst/jtag_axi_engine_u/status_reg_datain_ff_reg[9]/C





Min Delay Paths
--------------------------------------------------------------------------------------
Slack:                    inf
  Source:                 u_jtag_axi_wrap/u_jtag_axi/inst/jtag_axi_engine_u/wr_cmd_fifo_i/inst_fifo_gen/gconvfifo.rf/grf.rf/gntv_or_sync_fifo.gcx.clkx/rd_pntr_cdc_inst/src_gray_ff_reg[1]/C
                            (rising edge-triggered cell FDRE clocked by sys_clk  {rise@0.000ns fall@5.000ns period=10.000ns})
  Destination:            u_jtag_axi_wrap/u_jtag_axi/inst/jtag_axi_engine_u/wr_cmd_fifo_i/inst_fifo_gen/gconvfifo.rf/grf.rf/gntv_or_sync_fifo.gcx.clkx/rd_pntr_cdc_inst/dest_graysync_ff_reg[0][1]/D
                            (rising edge-triggered cell FDRE clocked by clk  {rise@0.000ns fall@5.000ns period=10.000ns})
  Path Group:             (none)
  Path Type:              Hold (Min at Fast Process Corner)
  Data Path Delay:        0.233ns  (logic 0.128ns (54.994%)  route 0.105ns (45.006%))
  Logic Levels:           0  
  Clock Path Skew:        0.546ns (DCD - SCD - CPR)
    Destination Clock Delay (DCD):    2.478ns
    Source Clock Delay      (SCD):    1.932ns
    Clock Pessimism Removal (CPR):    -0.000ns
  Clock Uncertainty:      0.135ns  ((TSJ^2 + DJ^2)^1/2) / 2 + PE
    Total System Jitter     (TSJ):    0.071ns
    Discrete Jitter          (DJ):    0.089ns
    Phase Error              (PE):    0.078ns
  Timing Exception:       Asynchronous Clock Groups

    Location             Delay type                Incr(ns)  Path(ns)    Netlist Resource(s)
  -------------------------------------------------------------------    -------------------
                         (clock sys_clk rise edge)    0.000     0.000 r  
    AC19                                              0.000     0.000 r  clk (IN)
                         net (fo=0)                   0.000     0.000    clk
    AC19                 IBUF (Prop_ibuf_I_O)         0.253     0.253 r  clk_IBUF_inst/O
                         net (fo=1, routed)           1.074     1.327    clk_IBUF
    BUFGCTRL_X0Y0        BUFG (Prop_bufg_I_O)         0.026     1.353 r  clk_IBUF_BUFG_inst/O
                         net (fo=2166, routed)        0.615     1.967    fpga_pll.u_clk_pll/inst/clk_in1
    PLLE2_ADV_X0Y2       PLLE2_ADV (Prop_plle2_adv_CLKIN1_CLKOUT1)
                                                     -1.200     0.767 r  fpga_pll.u_clk_pll/inst/plle2_adv_inst/CLKOUT1
                         net (fo=1, routed)           0.560     1.327    fpga_pll.u_clk_pll/inst/sys_clk_clk_pll
    BUFGCTRL_X0Y3        BUFG (Prop_bufg_I_O)         0.026     1.353 r  fpga_pll.u_clk_pll/inst/clkout2_buf/O
                         net (fo=3291, routed)        0.580     1.932    u_jtag_axi_wrap/u_jtag_axi/inst/jtag_axi_engine_u/wr_cmd_fifo_i/inst_fifo_gen/gconvfifo.rf/grf.rf/gntv_or_sync_fifo.gcx.clkx/rd_pntr_cdc_inst/src_clk
    SLICE_X43Y185        FDRE                                         r  u_jtag_axi_wrap/u_jtag_axi/inst/jtag_axi_engine_u/wr_cmd_fifo_i/inst_fifo_gen/gconvfifo.rf/grf.rf/gntv_or_sync_fifo.gcx.clkx/rd_pntr_cdc_inst/src_gray_ff_reg[1]/C
  -------------------------------------------------------------------    -------------------
    SLICE_X43Y185        FDRE (Prop_fdre_C_Q)         0.128     2.060 r  u_jtag_axi_wrap/u_jtag_axi/inst/jtag_axi_engine_u/wr_cmd_fifo_i/inst_fifo_gen/gconvfifo.rf/grf.rf/gntv_or_sync_fifo.gcx.clkx/rd_pntr_cdc_inst/src_gray_ff_reg[1]/Q
                         net (fo=1, routed)           0.105     2.165    u_jtag_axi_wrap/u_jtag_axi/inst/jtag_axi_engine_u/wr_cmd_fifo_i/inst_fifo_gen/gconvfifo.rf/grf.rf/gntv_or_sync_fifo.gcx.clkx/rd_pntr_cdc_inst/async_path[1]
    SLICE_X43Y184        FDRE                                         r  u_jtag_axi_wrap/u_jtag_axi/inst/jtag_axi_engine_u/wr_cmd_fifo_i/inst_fifo_gen/gconvfifo.rf/grf.rf/gntv_or_sync_fifo.gcx.clkx/rd_pntr_cdc_inst/dest_graysync_ff_reg[0][1]/D
  -------------------------------------------------------------------    -------------------

                         (clock clk rise edge)        0.000     0.000 r  
    AC19                                              0.000     0.000 r  clk (IN)
                         net (fo=0)                   0.000     0.000    clk
    AC19                 IBUF (Prop_ibuf_I_O)         0.441     0.441 r  clk_IBUF_inst/O
                         net (fo=1, routed)           1.160     1.601    clk_IBUF
    BUFGCTRL_X0Y0        BUFG (Prop_bufg_I_O)         0.029     1.630 r  clk_IBUF_BUFG_inst/O
                         net (fo=2166, routed)        0.848     2.478    u_jtag_axi_wrap/u_jtag_axi/inst/jtag_axi_engine_u/wr_cmd_fifo_i/inst_fifo_gen/gconvfifo.rf/grf.rf/gntv_or_sync_fifo.gcx.clkx/rd_pntr_cdc_inst/dest_clk
    SLICE_X43Y184        FDRE                                         r  u_jtag_axi_wrap/u_jtag_axi/inst/jtag_axi_engine_u/wr_cmd_fifo_i/inst_fifo_gen/gconvfifo.rf/grf.rf/gntv_or_sync_fifo.gcx.clkx/rd_pntr_cdc_inst/dest_graysync_ff_reg[0][1]/C





--------------------------------------------------------------------------------------
Path Group:  (none)
From Clock:  
  To Clock:  clk_pll_i

Max Delay            33 Endpoints
Min Delay            33 Endpoints
--------------------------------------------------------------------------------------


Max Delay Paths
--------------------------------------------------------------------------------------
Slack:                    inf
  Source:                 resetn_fpga
                            (input port)
  Destination:            ddr3.u_axi_wrap_ddr/mig_axi/u_mig_axi_32_mig/u_ddr3_infrastructure/rstdiv0_sync_r1_reg_rep/PRE
                            (recovery check against rising-edge clock clk_pll_i  {rise@0.000ns fall@5.000ns period=10.000ns})
  Path Group:             (none)
  Path Type:              Recovery (Max at Slow Process Corner)
  Data Path Delay:        12.401ns  (logic 1.646ns (13.272%)  route 10.755ns (86.728%))
  Logic Levels:           3  (IBUF=1 LUT2=1 LUT4=1)
  Clock Path Skew:        7.686ns (DCD - SCD + CPR)
    Destination Clock Delay (DCD):    7.686ns
    Source Clock Delay      (SCD):    0.000ns
    Clock Pessimism Removal (CPR):    0.000ns
  Clock Uncertainty:      0.168ns  ((TSJ^2 + DJ^2)^1/2) / 2 + PE
    Total System Jitter     (TSJ):    0.050ns
    Discrete Jitter          (DJ):    0.096ns
    Phase Error              (PE):    0.114ns
  Timing Exception:       False Path

    Location             Delay type                Incr(ns)  Path(ns)    Netlist Resource(s)
  -------------------------------------------------------------------    -------------------
    Y3                                                0.000     0.000 r  resetn_fpga (IN)
                         net (fo=0)                   0.000     0.000    resetn_fpga
    Y3                   IBUF (Prop_ibuf_I_O)         1.436     1.436 r  resetn_fpga_IBUF_inst/O
                         net (fo=2, routed)           5.162     6.598    ddr3.u_axi_wrap_ddr/resetn_fpga_IBUF
    SLICE_X54Y182        LUT2 (Prop_lut2_I0_O)        0.105     6.703 r  ddr3.u_axi_wrap_ddr/mig_axi_i_3/O
                         net (fo=4, routed)           3.294     9.997    ddr3.u_axi_wrap_ddr/mig_axi/u_mig_axi_32_mig/u_iodelay_ctrl/sys_rst_i
    SLICE_X0Y229         LUT4 (Prop_lut4_I2_O)        0.105    10.102 f  ddr3.u_axi_wrap_ddr/mig_axi/u_mig_axi_32_mig/u_iodelay_ctrl/rstdiv2_sync_r[11]_i_1/O
                         net (fo=33, routed)          2.299    12.401    ddr3.u_axi_wrap_ddr/mig_axi/u_mig_axi_32_mig/u_ddr3_infrastructure/rst_tmp
    SLICE_X20Y246        FDPE                                         f  ddr3.u_axi_wrap_ddr/mig_axi/u_mig_axi_32_mig/u_ddr3_infrastructure/rstdiv0_sync_r1_reg_rep/PRE
  -------------------------------------------------------------------    -------------------

                         (clock clk_pll_i rise edge)
                                                      0.000     0.000 r  
    AC19                                              0.000     0.000 r  clk (IN)
                         net (fo=0)                   0.000     0.000    clk
    AC19                 IBUF (Prop_ibuf_I_O)         1.350     1.350 r  clk_IBUF_inst/O
                         net (fo=1, routed)           2.471     3.821    clk_IBUF
    BUFGCTRL_X0Y0        BUFG (Prop_bufg_I_O)         0.077     3.898 r  clk_IBUF_BUFG_inst/O
                         net (fo=2166, routed)        1.586     5.484    ddr3.u_axi_wrap_ddr/mig_axi/u_mig_axi_32_mig/u_ddr3_infrastructure/mmcm_clk
    PLLE2_ADV_X0Y4       PLLE2_ADV (Prop_plle2_adv_CLKIN1_CLKOUT3)
                                                      0.073     5.557 r  ddr3.u_axi_wrap_ddr/mig_axi/u_mig_axi_32_mig/u_ddr3_infrastructure/plle2_i/CLKOUT3
                         net (fo=1, routed)           1.281     6.838    ddr3.u_axi_wrap_ddr/mig_axi/u_mig_axi_32_mig/u_ddr3_infrastructure/pll_clk3_out
    BUFHCE_X0Y48         BUFH (Prop_bufh_I_O)         0.069     6.907 r  ddr3.u_axi_wrap_ddr/mig_axi/u_mig_axi_32_mig/u_ddr3_infrastructure/u_bufh_pll_clk3/O
                         net (fo=1, routed)           0.805     7.712    ddr3.u_axi_wrap_ddr/mig_axi/u_mig_axi_32_mig/u_ddr3_infrastructure/pll_clk3
    MMCME2_ADV_X0Y4      MMCME2_ADV (Prop_mmcme2_adv_CLKIN1_CLKFBOUT)
                                                     -3.606     4.105 r  ddr3.u_axi_wrap_ddr/mig_axi/u_mig_axi_32_mig/u_ddr3_infrastructure/gen_mmcm.mmcm_i/CLKFBOUT
                         net (fo=1, routed)           1.964     6.070    ddr3.u_axi_wrap_ddr/mig_axi/u_mig_axi_32_mig/u_ddr3_infrastructure/clk_pll_i
    BUFGCTRL_X0Y16       BUFG (Prop_bufg_I_O)         0.077     6.147 r  ddr3.u_axi_wrap_ddr/mig_axi/u_mig_axi_32_mig/u_ddr3_infrastructure/u_bufg_clkdiv0/O
                         net (fo=7005, routed)        1.539     7.686    ddr3.u_axi_wrap_ddr/mig_axi/u_mig_axi_32_mig/u_ddr3_infrastructure/CLK
    SLICE_X20Y246        FDPE                                         r  ddr3.u_axi_wrap_ddr/mig_axi/u_mig_axi_32_mig/u_ddr3_infrastructure/rstdiv0_sync_r1_reg_rep/C





Min Delay Paths
--------------------------------------------------------------------------------------
Slack:                    inf
  Source:                 resetn_fpga
                            (input port)
  Destination:            ddr3.u_axi_wrap_ddr/mig_axi/u_mig_axi_32_mig/u_ddr3_infrastructure/rstdiv0_sync_r1_reg_rep__1/PRE
                            (removal check against rising-edge clock clk_pll_i  {rise@0.000ns fall@5.000ns period=10.000ns})
  Path Group:             (none)
  Path Type:              Removal (Min at Fast Process Corner)
  Data Path Delay:        5.334ns  (logic 0.362ns (6.795%)  route 4.972ns (93.205%))
  Logic Levels:           3  (IBUF=1 LUT2=1 LUT4=1)
  Clock Path Skew:        3.845ns (DCD - SCD - CPR)
    Destination Clock Delay (DCD):    3.845ns
    Source Clock Delay      (SCD):    0.000ns
    Clock Pessimism Removal (CPR):    -0.000ns
  Timing Exception:       False Path

    Location             Delay type                Incr(ns)  Path(ns)    Netlist Resource(s)
  -------------------------------------------------------------------    -------------------
    Y3                                                0.000     0.000 r  resetn_fpga (IN)
                         net (fo=0)                   0.000     0.000    resetn_fpga
    Y3                   IBUF (Prop_ibuf_I_O)         0.272     0.272 r  resetn_fpga_IBUF_inst/O
                         net (fo=2, routed)           2.672     2.944    ddr3.u_axi_wrap_ddr/resetn_fpga_IBUF
    SLICE_X54Y182        LUT2 (Prop_lut2_I0_O)        0.045     2.989 r  ddr3.u_axi_wrap_ddr/mig_axi_i_3/O
                         net (fo=4, routed)           1.848     4.837    ddr3.u_axi_wrap_ddr/mig_axi/u_mig_axi_32_mig/u_iodelay_ctrl/sys_rst_i
    SLICE_X0Y229         LUT4 (Prop_lut4_I2_O)        0.045     4.882 f  ddr3.u_axi_wrap_ddr/mig_axi/u_mig_axi_32_mig/u_iodelay_ctrl/rstdiv2_sync_r[11]_i_1/O
                         net (fo=33, routed)          0.452     5.334    ddr3.u_axi_wrap_ddr/mig_axi/u_mig_axi_32_mig/u_ddr3_infrastructure/rst_tmp
    SLICE_X12Y235        FDPE                                         f  ddr3.u_axi_wrap_ddr/mig_axi/u_mig_axi_32_mig/u_ddr3_infrastructure/rstdiv0_sync_r1_reg_rep__1/PRE
  -------------------------------------------------------------------    -------------------

                         (clock clk_pll_i rise edge)
                                                      0.000     0.000 r  
    AC19                                              0.000     0.000 r  clk (IN)
                         net (fo=0)                   0.000     0.000    clk
    AC19                 IBUF (Prop_ibuf_I_O)         0.441     0.441 r  clk_IBUF_inst/O
                         net (fo=1, routed)           1.160     1.601    clk_IBUF
    BUFGCTRL_X0Y0        BUFG (Prop_bufg_I_O)         0.029     1.630 r  clk_IBUF_BUFG_inst/O
                         net (fo=2166, routed)        0.976     2.606    ddr3.u_axi_wrap_ddr/mig_axi/u_mig_axi_32_mig/u_ddr3_infrastructure/mmcm_clk
    PLLE2_ADV_X0Y4       PLLE2_ADV (Prop_plle2_adv_CLKIN1_CLKOUT3)
                                                      0.053     2.659 r  ddr3.u_axi_wrap_ddr/mig_axi/u_mig_axi_32_mig/u_ddr3_infrastructure/plle2_i/CLKOUT3
                         net (fo=1, routed)           0.577     3.236    ddr3.u_axi_wrap_ddr/mig_axi/u_mig_axi_32_mig/u_ddr3_infrastructure/pll_clk3_out
    BUFHCE_X0Y48         BUFH (Prop_bufh_I_O)         0.043     3.279 r  ddr3.u_axi_wrap_ddr/mig_axi/u_mig_axi_32_mig/u_ddr3_infrastructure/u_bufh_pll_clk3/O
                         net (fo=1, routed)           0.553     3.832    ddr3.u_axi_wrap_ddr/mig_axi/u_mig_axi_32_mig/u_ddr3_infrastructure/pll_clk3
    MMCME2_ADV_X0Y4      MMCME2_ADV (Prop_mmcme2_adv_CLKIN1_CLKFBOUT)
                                                     -1.858     1.974 r  ddr3.u_axi_wrap_ddr/mig_axi/u_mig_axi_32_mig/u_ddr3_infrastructure/gen_mmcm.mmcm_i/CLKFBOUT
                         net (fo=1, routed)           0.860     2.834    ddr3.u_axi_wrap_ddr/mig_axi/u_mig_axi_32_mig/u_ddr3_infrastructure/clk_pll_i
    BUFGCTRL_X0Y16       BUFG (Prop_bufg_I_O)         0.029     2.863 r  ddr3.u_axi_wrap_ddr/mig_axi/u_mig_axi_32_mig/u_ddr3_infrastructure/u_bufg_clkdiv0/O
                         net (fo=7005, routed)        0.982     3.845    ddr3.u_axi_wrap_ddr/mig_axi/u_mig_axi_32_mig/u_ddr3_infrastructure/CLK
    SLICE_X12Y235        FDPE                                         r  ddr3.u_axi_wrap_ddr/mig_axi/u_mig_axi_32_mig/u_ddr3_infrastructure/rstdiv0_sync_r1_reg_rep__1/C





--------------------------------------------------------------------------------------
Path Group:  (none)
From Clock:  clk
  To Clock:  clk_pll_i

Max Delay            33 Endpoints
Min Delay            33 Endpoints
--------------------------------------------------------------------------------------


Max Delay Paths
--------------------------------------------------------------------------------------
Slack:                    inf
  Source:                 vio/inst/PROBE_OUT_ALL_INST/G_PROBE_OUT[0].PROBE_OUT0_INST/Probe_out_reg[0]/C
                            (rising edge-triggered cell FDSE clocked by clk  {rise@0.000ns fall@5.000ns period=10.000ns})
  Destination:            ddr3.u_axi_wrap_ddr/mig_axi/u_mig_axi_32_mig/u_ddr3_infrastructure/rstdiv0_sync_r1_reg_rep/PRE
                            (recovery check against rising-edge clock clk_pll_i  {rise@0.000ns fall@5.000ns period=10.000ns})
  Path Group:             (none)
  Path Type:              Recovery (Max at Slow Process Corner)
  Data Path Delay:        8.186ns  (logic 0.589ns (7.195%)  route 7.597ns (92.805%))
  Logic Levels:           2  (LUT2=1 LUT4=1)
  Clock Path Skew:        2.035ns (DCD - SCD + CPR)
    Destination Clock Delay (DCD):    7.686ns
    Source Clock Delay      (SCD):    5.651ns
    Clock Pessimism Removal (CPR):    0.000ns
  Clock Uncertainty:      0.174ns  ((TSJ^2 + DJ^2)^1/2) / 2 + PE
    Total System Jitter     (TSJ):    0.071ns
    Discrete Jitter          (DJ):    0.096ns
    Phase Error              (PE):    0.114ns
  Timing Exception:       False Path

    Location             Delay type                Incr(ns)  Path(ns)    Netlist Resource(s)
  -------------------------------------------------------------------    -------------------
                         (clock clk rise edge)        0.000     0.000 r  
    AC19                                              0.000     0.000 r  clk (IN)
                         net (fo=0)                   0.000     0.000    clk
    AC19                 IBUF (Prop_ibuf_I_O)         1.416     1.416 r  clk_IBUF_inst/O
                         net (fo=1, routed)           2.602     4.018    clk_IBUF
    BUFGCTRL_X0Y0        BUFG (Prop_bufg_I_O)         0.081     4.099 r  clk_IBUF_BUFG_inst/O
                         net (fo=2166, routed)        1.552     5.651    vio/inst/PROBE_OUT_ALL_INST/G_PROBE_OUT[0].PROBE_OUT0_INST/clk
    SLICE_X43Y224        FDSE                                         r  vio/inst/PROBE_OUT_ALL_INST/G_PROBE_OUT[0].PROBE_OUT0_INST/Probe_out_reg[0]/C
  -------------------------------------------------------------------    -------------------
    SLICE_X43Y224        FDSE (Prop_fdse_C_Q)         0.379     6.030 r  vio/inst/PROBE_OUT_ALL_INST/G_PROBE_OUT[0].PROBE_OUT0_INST/Probe_out_reg[0]/Q
                         net (fo=2, routed)           2.004     8.034    ddr3.u_axi_wrap_ddr/out
    SLICE_X54Y182        LUT2 (Prop_lut2_I1_O)        0.105     8.139 r  ddr3.u_axi_wrap_ddr/mig_axi_i_3/O
                         net (fo=4, routed)           3.294    11.433    ddr3.u_axi_wrap_ddr/mig_axi/u_mig_axi_32_mig/u_iodelay_ctrl/sys_rst_i
    SLICE_X0Y229         LUT4 (Prop_lut4_I2_O)        0.105    11.538 f  ddr3.u_axi_wrap_ddr/mig_axi/u_mig_axi_32_mig/u_iodelay_ctrl/rstdiv2_sync_r[11]_i_1/O
                         net (fo=33, routed)          2.299    13.837    ddr3.u_axi_wrap_ddr/mig_axi/u_mig_axi_32_mig/u_ddr3_infrastructure/rst_tmp
    SLICE_X20Y246        FDPE                                         f  ddr3.u_axi_wrap_ddr/mig_axi/u_mig_axi_32_mig/u_ddr3_infrastructure/rstdiv0_sync_r1_reg_rep/PRE
  -------------------------------------------------------------------    -------------------

                         (clock clk_pll_i rise edge)
                                                      0.000     0.000 r  
    AC19                                              0.000     0.000 r  clk (IN)
                         net (fo=0)                   0.000     0.000    clk
    AC19                 IBUF (Prop_ibuf_I_O)         1.350     1.350 r  clk_IBUF_inst/O
                         net (fo=1, routed)           2.471     3.821    clk_IBUF
    BUFGCTRL_X0Y0        BUFG (Prop_bufg_I_O)         0.077     3.898 r  clk_IBUF_BUFG_inst/O
                         net (fo=2166, routed)        1.586     5.484    ddr3.u_axi_wrap_ddr/mig_axi/u_mig_axi_32_mig/u_ddr3_infrastructure/mmcm_clk
    PLLE2_ADV_X0Y4       PLLE2_ADV (Prop_plle2_adv_CLKIN1_CLKOUT3)
                                                      0.073     5.557 r  ddr3.u_axi_wrap_ddr/mig_axi/u_mig_axi_32_mig/u_ddr3_infrastructure/plle2_i/CLKOUT3
                         net (fo=1, routed)           1.281     6.838    ddr3.u_axi_wrap_ddr/mig_axi/u_mig_axi_32_mig/u_ddr3_infrastructure/pll_clk3_out
    BUFHCE_X0Y48         BUFH (Prop_bufh_I_O)         0.069     6.907 r  ddr3.u_axi_wrap_ddr/mig_axi/u_mig_axi_32_mig/u_ddr3_infrastructure/u_bufh_pll_clk3/O
                         net (fo=1, routed)           0.805     7.712    ddr3.u_axi_wrap_ddr/mig_axi/u_mig_axi_32_mig/u_ddr3_infrastructure/pll_clk3
    MMCME2_ADV_X0Y4      MMCME2_ADV (Prop_mmcme2_adv_CLKIN1_CLKFBOUT)
                                                     -3.606     4.105 r  ddr3.u_axi_wrap_ddr/mig_axi/u_mig_axi_32_mig/u_ddr3_infrastructure/gen_mmcm.mmcm_i/CLKFBOUT
                         net (fo=1, routed)           1.964     6.070    ddr3.u_axi_wrap_ddr/mig_axi/u_mig_axi_32_mig/u_ddr3_infrastructure/clk_pll_i
    BUFGCTRL_X0Y16       BUFG (Prop_bufg_I_O)         0.077     6.147 r  ddr3.u_axi_wrap_ddr/mig_axi/u_mig_axi_32_mig/u_ddr3_infrastructure/u_bufg_clkdiv0/O
                         net (fo=7005, routed)        1.539     7.686    ddr3.u_axi_wrap_ddr/mig_axi/u_mig_axi_32_mig/u_ddr3_infrastructure/CLK
    SLICE_X20Y246        FDPE                                         r  ddr3.u_axi_wrap_ddr/mig_axi/u_mig_axi_32_mig/u_ddr3_infrastructure/rstdiv0_sync_r1_reg_rep/C





Min Delay Paths
--------------------------------------------------------------------------------------
Slack:                    inf
  Source:                 vio/inst/PROBE_OUT_ALL_INST/G_PROBE_OUT[0].PROBE_OUT0_INST/Probe_out_reg[0]/C
                            (rising edge-triggered cell FDSE clocked by clk  {rise@0.000ns fall@5.000ns period=10.000ns})
  Destination:            ddr3.u_axi_wrap_ddr/mig_axi/u_mig_axi_32_mig/u_ddr3_infrastructure/rstdiv0_sync_r1_reg_rep__1/PRE
                            (removal check against rising-edge clock clk_pll_i  {rise@0.000ns fall@5.000ns period=10.000ns})
  Path Group:             (none)
  Path Type:              Removal (Min at Fast Process Corner)
  Data Path Delay:        3.493ns  (logic 0.231ns (6.613%)  route 3.262ns (93.387%))
  Logic Levels:           2  (LUT2=1 LUT4=1)
  Clock Path Skew:        1.833ns (DCD - SCD - CPR)
    Destination Clock Delay (DCD):    3.845ns
    Source Clock Delay      (SCD):    2.012ns
    Clock Pessimism Removal (CPR):    -0.000ns
  Clock Uncertainty:      0.174ns  ((TSJ^2 + DJ^2)^1/2) / 2 + PE
    Total System Jitter     (TSJ):    0.071ns
    Discrete Jitter          (DJ):    0.096ns
    Phase Error              (PE):    0.114ns
  Timing Exception:       False Path

    Location             Delay type                Incr(ns)  Path(ns)    Netlist Resource(s)
  -------------------------------------------------------------------    -------------------
                         (clock clk rise edge)        0.000     0.000 r  
    AC19                                              0.000     0.000 r  clk (IN)
                         net (fo=0)                   0.000     0.000    clk
    AC19                 IBUF (Prop_ibuf_I_O)         0.253     0.253 r  clk_IBUF_inst/O
                         net (fo=1, routed)           1.074     1.327    clk_IBUF
    BUFGCTRL_X0Y0        BUFG (Prop_bufg_I_O)         0.026     1.353 r  clk_IBUF_BUFG_inst/O
                         net (fo=2166, routed)        0.659     2.012    vio/inst/PROBE_OUT_ALL_INST/G_PROBE_OUT[0].PROBE_OUT0_INST/clk
    SLICE_X43Y224        FDSE                                         r  vio/inst/PROBE_OUT_ALL_INST/G_PROBE_OUT[0].PROBE_OUT0_INST/Probe_out_reg[0]/C
  -------------------------------------------------------------------    -------------------
    SLICE_X43Y224        FDSE (Prop_fdse_C_Q)         0.141     2.153 r  vio/inst/PROBE_OUT_ALL_INST/G_PROBE_OUT[0].PROBE_OUT0_INST/Probe_out_reg[0]/Q
                         net (fo=2, routed)           0.963     3.115    ddr3.u_axi_wrap_ddr/out
    SLICE_X54Y182        LUT2 (Prop_lut2_I1_O)        0.045     3.160 r  ddr3.u_axi_wrap_ddr/mig_axi_i_3/O
                         net (fo=4, routed)           1.848     5.009    ddr3.u_axi_wrap_ddr/mig_axi/u_mig_axi_32_mig/u_iodelay_ctrl/sys_rst_i
    SLICE_X0Y229         LUT4 (Prop_lut4_I2_O)        0.045     5.054 f  ddr3.u_axi_wrap_ddr/mig_axi/u_mig_axi_32_mig/u_iodelay_ctrl/rstdiv2_sync_r[11]_i_1/O
                         net (fo=33, routed)          0.452     5.505    ddr3.u_axi_wrap_ddr/mig_axi/u_mig_axi_32_mig/u_ddr3_infrastructure/rst_tmp
    SLICE_X12Y235        FDPE                                         f  ddr3.u_axi_wrap_ddr/mig_axi/u_mig_axi_32_mig/u_ddr3_infrastructure/rstdiv0_sync_r1_reg_rep__1/PRE
  -------------------------------------------------------------------    -------------------

                         (clock clk_pll_i rise edge)
                                                      0.000     0.000 r  
    AC19                                              0.000     0.000 r  clk (IN)
                         net (fo=0)                   0.000     0.000    clk
    AC19                 IBUF (Prop_ibuf_I_O)         0.441     0.441 r  clk_IBUF_inst/O
                         net (fo=1, routed)           1.160     1.601    clk_IBUF
    BUFGCTRL_X0Y0        BUFG (Prop_bufg_I_O)         0.029     1.630 r  clk_IBUF_BUFG_inst/O
                         net (fo=2166, routed)        0.976     2.606    ddr3.u_axi_wrap_ddr/mig_axi/u_mig_axi_32_mig/u_ddr3_infrastructure/mmcm_clk
    PLLE2_ADV_X0Y4       PLLE2_ADV (Prop_plle2_adv_CLKIN1_CLKOUT3)
                                                      0.053     2.659 r  ddr3.u_axi_wrap_ddr/mig_axi/u_mig_axi_32_mig/u_ddr3_infrastructure/plle2_i/CLKOUT3
                         net (fo=1, routed)           0.577     3.236    ddr3.u_axi_wrap_ddr/mig_axi/u_mig_axi_32_mig/u_ddr3_infrastructure/pll_clk3_out
    BUFHCE_X0Y48         BUFH (Prop_bufh_I_O)         0.043     3.279 r  ddr3.u_axi_wrap_ddr/mig_axi/u_mig_axi_32_mig/u_ddr3_infrastructure/u_bufh_pll_clk3/O
                         net (fo=1, routed)           0.553     3.832    ddr3.u_axi_wrap_ddr/mig_axi/u_mig_axi_32_mig/u_ddr3_infrastructure/pll_clk3
    MMCME2_ADV_X0Y4      MMCME2_ADV (Prop_mmcme2_adv_CLKIN1_CLKFBOUT)
                                                     -1.858     1.974 r  ddr3.u_axi_wrap_ddr/mig_axi/u_mig_axi_32_mig/u_ddr3_infrastructure/gen_mmcm.mmcm_i/CLKFBOUT
                         net (fo=1, routed)           0.860     2.834    ddr3.u_axi_wrap_ddr/mig_axi/u_mig_axi_32_mig/u_ddr3_infrastructure/clk_pll_i
    BUFGCTRL_X0Y16       BUFG (Prop_bufg_I_O)         0.029     2.863 r  ddr3.u_axi_wrap_ddr/mig_axi/u_mig_axi_32_mig/u_ddr3_infrastructure/u_bufg_clkdiv0/O
                         net (fo=7005, routed)        0.982     3.845    ddr3.u_axi_wrap_ddr/mig_axi/u_mig_axi_32_mig/u_ddr3_infrastructure/CLK
    SLICE_X12Y235        FDPE                                         r  ddr3.u_axi_wrap_ddr/mig_axi/u_mig_axi_32_mig/u_ddr3_infrastructure/rstdiv0_sync_r1_reg_rep__1/C





--------------------------------------------------------------------------------------
Path Group:  (none)
From Clock:  mem_refclk
  To Clock:  clk_pll_i

Max Delay             2 Endpoints
Min Delay             2 Endpoints
--------------------------------------------------------------------------------------


Max Delay Paths
--------------------------------------------------------------------------------------
Slack:                    inf
  Source:                 ddr3.u_axi_wrap_ddr/mig_axi/u_mig_axi_32_mig/u_memc_ui_top_axi/mem_intfc0/ddr_phy_top0/u_ddr_mc_phy_wrapper/u_ddr_mc_phy/ddr_phy_4lanes_0.u_ddr_phy_4lanes/ddr_byte_lane_A.ddr_byte_lane_A/phaser_in_gen.phaser_in/MEMREFCLK
                            (rising edge-triggered cell PHASER_IN_PHY clocked by mem_refclk  {rise@0.000ns fall@1.250ns period=2.500ns})
  Destination:            ddr3.u_axi_wrap_ddr/mig_axi/u_mig_axi_32_mig/u_memc_ui_top_axi/mem_intfc0/ddr_phy_top0/u_ddr_calib_top/dqsfind_calib_left.u_ddr_phy_dqs_found_cal_hr/pi_dqs_found_lanes_r1_reg[0]/D
                            (rising edge-triggered cell FDRE clocked by clk_pll_i  {rise@0.000ns fall@5.000ns period=10.000ns})
  Path Group:             (none)
  Path Type:              Setup (Max at Slow Process Corner)
  Data Path Delay:        1.658ns  (logic 0.365ns (22.011%)  route 1.293ns (77.989%))
  Logic Levels:           0  
  Clock Path Skew:        1.358ns (DCD - SCD + CPR)
    Destination Clock Delay (DCD):    7.759ns
    Source Clock Delay      (SCD):    6.401ns
    Clock Pessimism Removal (CPR):    0.000ns
  Clock Uncertainty:      0.226ns  ((TSJ^2 + DJ^2)^1/2) / 2 + PE
    Total System Jitter     (TSJ):    0.071ns
    Discrete Jitter          (DJ):    0.098ns
    Phase Error              (PE):    0.166ns
  Timing Exception:       False Path

    Location             Delay type                Incr(ns)  Path(ns)    Netlist Resource(s)
  -------------------------------------------------------------------    -------------------
                         (clock mem_refclk rise edge)
                                                      0.000     0.000 r  
    AC19                                              0.000     0.000 r  clk (IN)
                         net (fo=0)                   0.000     0.000    clk
    AC19                 IBUF (Prop_ibuf_I_O)         1.416     1.416 r  clk_IBUF_inst/O
                         net (fo=1, routed)           2.602     4.018    clk_IBUF
    BUFGCTRL_X0Y0        BUFG (Prop_bufg_I_O)         0.081     4.099 r  clk_IBUF_BUFG_inst/O
                         net (fo=2166, routed)        1.696     5.795    ddr3.u_axi_wrap_ddr/mig_axi/u_mig_axi_32_mig/u_ddr3_infrastructure/mmcm_clk
    PLLE2_ADV_X0Y4       PLLE2_ADV (Prop_plle2_adv_CLKIN1_CLKOUT1)
                                                      0.077     5.872 r  ddr3.u_axi_wrap_ddr/mig_axi/u_mig_axi_32_mig/u_ddr3_infrastructure/plle2_i/CLKOUT1
                         net (fo=7, routed)           0.529     6.401    ddr3.u_axi_wrap_ddr/mig_axi/u_mig_axi_32_mig/u_memc_ui_top_axi/mem_intfc0/ddr_phy_top0/u_ddr_mc_phy_wrapper/u_ddr_mc_phy/ddr_phy_4lanes_0.u_ddr_phy_4lanes/ddr_byte_lane_A.ddr_byte_lane_A/mem_refclk
    PHASER_IN_PHY_X0Y16  PHASER_IN_PHY                                r  ddr3.u_axi_wrap_ddr/mig_axi/u_mig_axi_32_mig/u_memc_ui_top_axi/mem_intfc0/ddr_phy_top0/u_ddr_mc_phy_wrapper/u_ddr_mc_phy/ddr_phy_4lanes_0.u_ddr_phy_4lanes/ddr_byte_lane_A.ddr_byte_lane_A/phaser_in_gen.phaser_in/MEMREFCLK
  -------------------------------------------------------------------    -------------------
    PHASER_IN_PHY_X0Y16  PHASER_IN_PHY (Prop_phaser_in_phy_MEMREFCLK_DQSFOUND)
                                                      0.365     6.766 r  ddr3.u_axi_wrap_ddr/mig_axi/u_mig_axi_32_mig/u_memc_ui_top_axi/mem_intfc0/ddr_phy_top0/u_ddr_mc_phy_wrapper/u_ddr_mc_phy/ddr_phy_4lanes_0.u_ddr_phy_4lanes/ddr_byte_lane_A.ddr_byte_lane_A/phaser_in_gen.phaser_in/DQSFOUND
                         net (fo=1, routed)           1.293     8.059    ddr3.u_axi_wrap_ddr/mig_axi/u_mig_axi_32_mig/u_memc_ui_top_axi/mem_intfc0/ddr_phy_top0/u_ddr_calib_top/dqsfind_calib_left.u_ddr_phy_dqs_found_cal_hr/pi_dqs_found_lanes[0]
    SLICE_X0Y243         FDRE                                         r  ddr3.u_axi_wrap_ddr/mig_axi/u_mig_axi_32_mig/u_memc_ui_top_axi/mem_intfc0/ddr_phy_top0/u_ddr_calib_top/dqsfind_calib_left.u_ddr_phy_dqs_found_cal_hr/pi_dqs_found_lanes_r1_reg[0]/D
  -------------------------------------------------------------------    -------------------

                         (clock clk_pll_i rise edge)
                                                      0.000     0.000 r  
    AC19                                              0.000     0.000 r  clk (IN)
                         net (fo=0)                   0.000     0.000    clk
    AC19                 IBUF (Prop_ibuf_I_O)         1.350     1.350 r  clk_IBUF_inst/O
                         net (fo=1, routed)           2.471     3.821    clk_IBUF
    BUFGCTRL_X0Y0        BUFG (Prop_bufg_I_O)         0.077     3.898 r  clk_IBUF_BUFG_inst/O
                         net (fo=2166, routed)        1.586     5.484    ddr3.u_axi_wrap_ddr/mig_axi/u_mig_axi_32_mig/u_ddr3_infrastructure/mmcm_clk
    PLLE2_ADV_X0Y4       PLLE2_ADV (Prop_plle2_adv_CLKIN1_CLKOUT3)
                                                      0.073     5.557 r  ddr3.u_axi_wrap_ddr/mig_axi/u_mig_axi_32_mig/u_ddr3_infrastructure/plle2_i/CLKOUT3
                         net (fo=1, routed)           1.281     6.838    ddr3.u_axi_wrap_ddr/mig_axi/u_mig_axi_32_mig/u_ddr3_infrastructure/pll_clk3_out
    BUFHCE_X0Y48         BUFH (Prop_bufh_I_O)         0.069     6.907 r  ddr3.u_axi_wrap_ddr/mig_axi/u_mig_axi_32_mig/u_ddr3_infrastructure/u_bufh_pll_clk3/O
                         net (fo=1, routed)           0.805     7.712    ddr3.u_axi_wrap_ddr/mig_axi/u_mig_axi_32_mig/u_ddr3_infrastructure/pll_clk3
    MMCME2_ADV_X0Y4      MMCME2_ADV (Prop_mmcme2_adv_CLKIN1_CLKFBOUT)
                                                     -3.606     4.105 r  ddr3.u_axi_wrap_ddr/mig_axi/u_mig_axi_32_mig/u_ddr3_infrastructure/gen_mmcm.mmcm_i/CLKFBOUT
                         net (fo=1, routed)           1.964     6.070    ddr3.u_axi_wrap_ddr/mig_axi/u_mig_axi_32_mig/u_ddr3_infrastructure/clk_pll_i
    BUFGCTRL_X0Y16       BUFG (Prop_bufg_I_O)         0.077     6.147 r  ddr3.u_axi_wrap_ddr/mig_axi/u_mig_axi_32_mig/u_ddr3_infrastructure/u_bufg_clkdiv0/O
                         net (fo=7005, routed)        1.612     7.759    ddr3.u_axi_wrap_ddr/mig_axi/u_mig_axi_32_mig/u_memc_ui_top_axi/mem_intfc0/ddr_phy_top0/u_ddr_calib_top/dqsfind_calib_left.u_ddr_phy_dqs_found_cal_hr/CLK
    SLICE_X0Y243         FDRE                                         r  ddr3.u_axi_wrap_ddr/mig_axi/u_mig_axi_32_mig/u_memc_ui_top_axi/mem_intfc0/ddr_phy_top0/u_ddr_calib_top/dqsfind_calib_left.u_ddr_phy_dqs_found_cal_hr/pi_dqs_found_lanes_r1_reg[0]/C





Min Delay Paths
--------------------------------------------------------------------------------------
Slack:                    inf
  Source:                 ddr3.u_axi_wrap_ddr/mig_axi/u_mig_axi_32_mig/u_memc_ui_top_axi/mem_intfc0/ddr_phy_top0/u_ddr_mc_phy_wrapper/u_ddr_mc_phy/ddr_phy_4lanes_0.u_ddr_phy_4lanes/ddr_byte_lane_B.ddr_byte_lane_B/phaser_in_gen.phaser_in/MEMREFCLK
                            (rising edge-triggered cell PHASER_IN_PHY clocked by mem_refclk  {rise@0.000ns fall@1.250ns period=2.500ns})
  Destination:            ddr3.u_axi_wrap_ddr/mig_axi/u_mig_axi_32_mig/u_memc_ui_top_axi/mem_intfc0/ddr_phy_top0/u_ddr_calib_top/dqsfind_calib_left.u_ddr_phy_dqs_found_cal_hr/pi_dqs_found_lanes_r1_reg[1]/D
                            (rising edge-triggered cell FDRE clocked by clk_pll_i  {rise@0.000ns fall@5.000ns period=10.000ns})
  Path Group:             (none)
  Path Type:              Hold (Min at Fast Process Corner)
  Data Path Delay:        0.809ns  (logic 0.204ns (25.231%)  route 0.605ns (74.769%))
  Logic Levels:           0  
  Clock Path Skew:        1.572ns (DCD - SCD - CPR)
    Destination Clock Delay (DCD):    3.880ns
    Source Clock Delay      (SCD):    2.308ns
    Clock Pessimism Removal (CPR):    -0.000ns
  Clock Uncertainty:      0.226ns  ((TSJ^2 + DJ^2)^1/2) / 2 + PE
    Total System Jitter     (TSJ):    0.071ns
    Discrete Jitter          (DJ):    0.098ns
    Phase Error              (PE):    0.166ns
  Timing Exception:       False Path

    Location             Delay type                Incr(ns)  Path(ns)    Netlist Resource(s)
  -------------------------------------------------------------------    -------------------
                         (clock mem_refclk rise edge)
                                                      0.000     0.000 r  
    AC19                                              0.000     0.000 r  clk (IN)
                         net (fo=0)                   0.000     0.000    clk
    AC19                 IBUF (Prop_ibuf_I_O)         0.253     0.253 r  clk_IBUF_inst/O
                         net (fo=1, routed)           1.074     1.327    clk_IBUF
    BUFGCTRL_X0Y0        BUFG (Prop_bufg_I_O)         0.026     1.353 r  clk_IBUF_BUFG_inst/O
                         net (fo=2166, routed)        0.701     2.054    ddr3.u_axi_wrap_ddr/mig_axi/u_mig_axi_32_mig/u_ddr3_infrastructure/mmcm_clk
    PLLE2_ADV_X0Y4       PLLE2_ADV (Prop_plle2_adv_CLKIN1_CLKOUT1)
                                                      0.050     2.104 r  ddr3.u_axi_wrap_ddr/mig_axi/u_mig_axi_32_mig/u_ddr3_infrastructure/plle2_i/CLKOUT1
                         net (fo=7, routed)           0.204     2.308    ddr3.u_axi_wrap_ddr/mig_axi/u_mig_axi_32_mig/u_memc_ui_top_axi/mem_intfc0/ddr_phy_top0/u_ddr_mc_phy_wrapper/u_ddr_mc_phy/ddr_phy_4lanes_0.u_ddr_phy_4lanes/ddr_byte_lane_B.ddr_byte_lane_B/mem_refclk
    PHASER_IN_PHY_X0Y17  PHASER_IN_PHY                                r  ddr3.u_axi_wrap_ddr/mig_axi/u_mig_axi_32_mig/u_memc_ui_top_axi/mem_intfc0/ddr_phy_top0/u_ddr_mc_phy_wrapper/u_ddr_mc_phy/ddr_phy_4lanes_0.u_ddr_phy_4lanes/ddr_byte_lane_B.ddr_byte_lane_B/phaser_in_gen.phaser_in/MEMREFCLK
  -------------------------------------------------------------------    -------------------
    PHASER_IN_PHY_X0Y17  PHASER_IN_PHY (Prop_phaser_in_phy_MEMREFCLK_DQSFOUND)
                                                      0.204     2.512 r  ddr3.u_axi_wrap_ddr/mig_axi/u_mig_axi_32_mig/u_memc_ui_top_axi/mem_intfc0/ddr_phy_top0/u_ddr_mc_phy_wrapper/u_ddr_mc_phy/ddr_phy_4lanes_0.u_ddr_phy_4lanes/ddr_byte_lane_B.ddr_byte_lane_B/phaser_in_gen.phaser_in/DQSFOUND
                         net (fo=1, routed)           0.605     3.116    ddr3.u_axi_wrap_ddr/mig_axi/u_mig_axi_32_mig/u_memc_ui_top_axi/mem_intfc0/ddr_phy_top0/u_ddr_calib_top/dqsfind_calib_left.u_ddr_phy_dqs_found_cal_hr/pi_dqs_found_lanes[1]
    SLICE_X0Y240         FDRE                                         r  ddr3.u_axi_wrap_ddr/mig_axi/u_mig_axi_32_mig/u_memc_ui_top_axi/mem_intfc0/ddr_phy_top0/u_ddr_calib_top/dqsfind_calib_left.u_ddr_phy_dqs_found_cal_hr/pi_dqs_found_lanes_r1_reg[1]/D
  -------------------------------------------------------------------    -------------------

                         (clock clk_pll_i rise edge)
                                                      0.000     0.000 r  
    AC19                                              0.000     0.000 r  clk (IN)
                         net (fo=0)                   0.000     0.000    clk
    AC19                 IBUF (Prop_ibuf_I_O)         0.441     0.441 r  clk_IBUF_inst/O
                         net (fo=1, routed)           1.160     1.601    clk_IBUF
    BUFGCTRL_X0Y0        BUFG (Prop_bufg_I_O)         0.029     1.630 r  clk_IBUF_BUFG_inst/O
                         net (fo=2166, routed)        0.976     2.606    ddr3.u_axi_wrap_ddr/mig_axi/u_mig_axi_32_mig/u_ddr3_infrastructure/mmcm_clk
    PLLE2_ADV_X0Y4       PLLE2_ADV (Prop_plle2_adv_CLKIN1_CLKOUT3)
                                                      0.053     2.659 r  ddr3.u_axi_wrap_ddr/mig_axi/u_mig_axi_32_mig/u_ddr3_infrastructure/plle2_i/CLKOUT3
                         net (fo=1, routed)           0.577     3.236    ddr3.u_axi_wrap_ddr/mig_axi/u_mig_axi_32_mig/u_ddr3_infrastructure/pll_clk3_out
    BUFHCE_X0Y48         BUFH (Prop_bufh_I_O)         0.043     3.279 r  ddr3.u_axi_wrap_ddr/mig_axi/u_mig_axi_32_mig/u_ddr3_infrastructure/u_bufh_pll_clk3/O
                         net (fo=1, routed)           0.553     3.832    ddr3.u_axi_wrap_ddr/mig_axi/u_mig_axi_32_mig/u_ddr3_infrastructure/pll_clk3
    MMCME2_ADV_X0Y4      MMCME2_ADV (Prop_mmcme2_adv_CLKIN1_CLKFBOUT)
                                                     -1.858     1.974 r  ddr3.u_axi_wrap_ddr/mig_axi/u_mig_axi_32_mig/u_ddr3_infrastructure/gen_mmcm.mmcm_i/CLKFBOUT
                         net (fo=1, routed)           0.860     2.834    ddr3.u_axi_wrap_ddr/mig_axi/u_mig_axi_32_mig/u_ddr3_infrastructure/clk_pll_i
    BUFGCTRL_X0Y16       BUFG (Prop_bufg_I_O)         0.029     2.863 r  ddr3.u_axi_wrap_ddr/mig_axi/u_mig_axi_32_mig/u_ddr3_infrastructure/u_bufg_clkdiv0/O
                         net (fo=7005, routed)        1.017     3.880    ddr3.u_axi_wrap_ddr/mig_axi/u_mig_axi_32_mig/u_memc_ui_top_axi/mem_intfc0/ddr_phy_top0/u_ddr_calib_top/dqsfind_calib_left.u_ddr_phy_dqs_found_cal_hr/CLK
    SLICE_X0Y240         FDRE                                         r  ddr3.u_axi_wrap_ddr/mig_axi/u_mig_axi_32_mig/u_memc_ui_top_axi/mem_intfc0/ddr_phy_top0/u_ddr_calib_top/dqsfind_calib_left.u_ddr_phy_dqs_found_cal_hr/pi_dqs_found_lanes_r1_reg[1]/C





--------------------------------------------------------------------------------------
Path Group:  (none)
From Clock:  sys_clk
  To Clock:  cpu_clk

Max Delay            56 Endpoints
Min Delay            56 Endpoints
--------------------------------------------------------------------------------------


Max Delay Paths
--------------------------------------------------------------------------------------
Slack:                    inf
  Source:                 fpga_pll.u_rst_sys/delay_reg[1]/C
                            (rising edge-triggered cell FDCE clocked by sys_clk  {rise@0.000ns fall@5.000ns period=10.000ns})
  Destination:            u_axi_clock_sync/bFifo/bufferCC_12/buffers_0_reg/CLR
                            (recovery check against rising-edge clock cpu_clk  {rise@0.000ns fall@15.625ns period=31.250ns})
  Path Group:             (none)
  Path Type:              Recovery (Max at Slow Process Corner)
  Data Path Delay:        6.134ns  (logic 0.505ns (8.233%)  route 5.629ns (91.767%))
  Logic Levels:           1  (LUT1=1)
  Clock Path Skew:        -0.478ns (DCD - SCD + CPR)
    Destination Clock Delay (DCD):    5.264ns
    Source Clock Delay      (SCD):    5.742ns
    Clock Pessimism Removal (CPR):    0.000ns
  Clock Uncertainty:      0.185ns  ((TSJ^2 + DJ^2)^1/2) / 2 + PE
    Total System Jitter     (TSJ):    0.071ns
    Discrete Jitter          (DJ):    0.109ns
    Phase Error              (PE):    0.120ns
  Timing Exception:       Asynchronous Clock Groups

    Location             Delay type                Incr(ns)  Path(ns)    Netlist Resource(s)
  -------------------------------------------------------------------    -------------------
                         (clock sys_clk rise edge)    0.000     0.000 r  
    AC19                                              0.000     0.000 r  clk (IN)
                         net (fo=0)                   0.000     0.000    clk
    AC19                 IBUF (Prop_ibuf_I_O)         1.416     1.416 r  clk_IBUF_inst/O
                         net (fo=1, routed)           2.602     4.018    clk_IBUF
    BUFGCTRL_X0Y0        BUFG (Prop_bufg_I_O)         0.081     4.099 r  clk_IBUF_BUFG_inst/O
                         net (fo=2166, routed)        1.536     5.635    fpga_pll.u_clk_pll/inst/clk_in1
    PLLE2_ADV_X0Y2       PLLE2_ADV (Prop_plle2_adv_CLKIN1_CLKOUT1)
                                                     -3.173     2.461 r  fpga_pll.u_clk_pll/inst/plle2_adv_inst/CLKOUT1
                         net (fo=1, routed)           1.557     4.018    fpga_pll.u_clk_pll/inst/sys_clk_clk_pll
    BUFGCTRL_X0Y3        BUFG (Prop_bufg_I_O)         0.081     4.099 r  fpga_pll.u_clk_pll/inst/clkout2_buf/O
                         net (fo=3291, routed)        1.643     5.742    fpga_pll.u_rst_sys/sys_clk
    SLICE_X29Y216        FDCE                                         r  fpga_pll.u_rst_sys/delay_reg[1]/C
  -------------------------------------------------------------------    -------------------
    SLICE_X29Y216        FDCE (Prop_fdce_C_Q)         0.379     6.121 r  fpga_pll.u_rst_sys/delay_reg[1]/Q
                         net (fo=58, routed)          2.397     8.518    fpga_pll.u_rst_sys/Q[0]
    SLICE_X46Y210        LUT1 (Prop_lut1_I0_O)        0.126     8.644 f  fpga_pll.u_rst_sys/pushCC_pushPtr[2]_i_3__1/O
                         net (fo=378, routed)         3.231    11.876    u_axi_clock_sync/bFifo/bufferCC_12/prst
    SLICE_X21Y180        FDCE                                         f  u_axi_clock_sync/bFifo/bufferCC_12/buffers_0_reg/CLR
  -------------------------------------------------------------------    -------------------

                         (clock cpu_clk rise edge)    0.000     0.000 r  
    AC19                                              0.000     0.000 r  clk (IN)
                         net (fo=0)                   0.000     0.000    clk
    AC19                 IBUF (Prop_ibuf_I_O)         1.350     1.350 r  clk_IBUF_inst/O
                         net (fo=1, routed)           2.471     3.821    clk_IBUF
    BUFGCTRL_X0Y0        BUFG (Prop_bufg_I_O)         0.077     3.898 r  clk_IBUF_BUFG_inst/O
                         net (fo=2166, routed)        1.434     5.331    fpga_pll.u_clk_pll/inst/clk_in1
    PLLE2_ADV_X0Y2       PLLE2_ADV (Prop_plle2_adv_CLKIN1_CLKOUT0)
                                                     -2.995     2.336 r  fpga_pll.u_clk_pll/inst/plle2_adv_inst/CLKOUT0
                         net (fo=1, routed)           1.484     3.821    fpga_pll.u_clk_pll/inst/cpu_clk_clk_pll
    BUFGCTRL_X0Y2        BUFG (Prop_bufg_I_O)         0.077     3.898 r  fpga_pll.u_clk_pll/inst/clkout1_buf/O
                         net (fo=25951, routed)       1.366     5.264    u_axi_clock_sync/bFifo/bufferCC_12/cpu_clk
    SLICE_X21Y180        FDCE                                         r  u_axi_clock_sync/bFifo/bufferCC_12/buffers_0_reg/C





Min Delay Paths
--------------------------------------------------------------------------------------
Slack:                    inf
  Source:                 u_axi_clock_sync/awFifo/popCC_ptrToPush_reg[2]/C
                            (rising edge-triggered cell FDCE clocked by sys_clk  {rise@0.000ns fall@5.000ns period=10.000ns})
  Destination:            u_axi_clock_sync/awFifo/popToPushGray_buffercc/buffers_0_reg[2]/D
                            (rising edge-triggered cell FDCE clocked by cpu_clk  {rise@0.000ns fall@15.625ns period=31.250ns})
  Path Group:             (none)
  Path Type:              Hold (Min at Fast Process Corner)
  Data Path Delay:        0.253ns  (logic 0.141ns (55.728%)  route 0.112ns (44.272%))
  Logic Levels:           0  
  Clock Path Skew:        0.545ns (DCD - SCD - CPR)
    Destination Clock Delay (DCD):    2.510ns
    Source Clock Delay      (SCD):    1.965ns
    Clock Pessimism Removal (CPR):    -0.000ns
  Clock Uncertainty:      0.185ns  ((TSJ^2 + DJ^2)^1/2) / 2 + PE
    Total System Jitter     (TSJ):    0.071ns
    Discrete Jitter          (DJ):    0.109ns
    Phase Error              (PE):    0.120ns
  Timing Exception:       Asynchronous Clock Groups

    Location             Delay type                Incr(ns)  Path(ns)    Netlist Resource(s)
  -------------------------------------------------------------------    -------------------
                         (clock sys_clk rise edge)    0.000     0.000 r  
    AC19                                              0.000     0.000 r  clk (IN)
                         net (fo=0)                   0.000     0.000    clk
    AC19                 IBUF (Prop_ibuf_I_O)         0.253     0.253 r  clk_IBUF_inst/O
                         net (fo=1, routed)           1.074     1.327    clk_IBUF
    BUFGCTRL_X0Y0        BUFG (Prop_bufg_I_O)         0.026     1.353 r  clk_IBUF_BUFG_inst/O
                         net (fo=2166, routed)        0.615     1.967    fpga_pll.u_clk_pll/inst/clk_in1
    PLLE2_ADV_X0Y2       PLLE2_ADV (Prop_plle2_adv_CLKIN1_CLKOUT1)
                                                     -1.200     0.767 r  fpga_pll.u_clk_pll/inst/plle2_adv_inst/CLKOUT1
                         net (fo=1, routed)           0.560     1.327    fpga_pll.u_clk_pll/inst/sys_clk_clk_pll
    BUFGCTRL_X0Y3        BUFG (Prop_bufg_I_O)         0.026     1.353 r  fpga_pll.u_clk_pll/inst/clkout2_buf/O
                         net (fo=3291, routed)        0.613     1.965    u_axi_clock_sync/awFifo/sys_clk
    SLICE_X19Y177        FDCE                                         r  u_axi_clock_sync/awFifo/popCC_ptrToPush_reg[2]/C
  -------------------------------------------------------------------    -------------------
    SLICE_X19Y177        FDCE (Prop_fdce_C_Q)         0.141     2.106 r  u_axi_clock_sync/awFifo/popCC_ptrToPush_reg[2]/Q
                         net (fo=2, routed)           0.112     2.218    u_axi_clock_sync/awFifo/popToPushGray_buffercc/D[2]
    SLICE_X19Y176        FDCE                                         r  u_axi_clock_sync/awFifo/popToPushGray_buffercc/buffers_0_reg[2]/D
  -------------------------------------------------------------------    -------------------

                         (clock cpu_clk rise edge)    0.000     0.000 r  
    AC19                                              0.000     0.000 r  clk (IN)
                         net (fo=0)                   0.000     0.000    clk
    AC19                 IBUF (Prop_ibuf_I_O)         0.441     0.441 r  clk_IBUF_inst/O
                         net (fo=1, routed)           1.160     1.601    clk_IBUF
    BUFGCTRL_X0Y0        BUFG (Prop_bufg_I_O)         0.029     1.630 r  clk_IBUF_BUFG_inst/O
                         net (fo=2166, routed)        0.884     2.513    fpga_pll.u_clk_pll/inst/clk_in1
    PLLE2_ADV_X0Y2       PLLE2_ADV (Prop_plle2_adv_CLKIN1_CLKOUT0)
                                                     -1.523     0.990 r  fpga_pll.u_clk_pll/inst/plle2_adv_inst/CLKOUT0
                         net (fo=1, routed)           0.611     1.601    fpga_pll.u_clk_pll/inst/cpu_clk_clk_pll
    BUFGCTRL_X0Y2        BUFG (Prop_bufg_I_O)         0.029     1.630 r  fpga_pll.u_clk_pll/inst/clkout1_buf/O
                         net (fo=25951, routed)       0.881     2.510    u_axi_clock_sync/awFifo/popToPushGray_buffercc/cpu_clk
    SLICE_X19Y176        FDCE                                         r  u_axi_clock_sync/awFifo/popToPushGray_buffercc/buffers_0_reg[2]/C





--------------------------------------------------------------------------------------
Path Group:  (none)
From Clock:  clk
  To Clock:  dbg_hub/inst/BSCANID.u_xsdbm_id/SWITCH_N_EXT_BSCAN.bscan_inst/SERIES7_BSCAN.bscan_inst/TCK

Max Delay            95 Endpoints
Min Delay           103 Endpoints
--------------------------------------------------------------------------------------


Max Delay Paths
--------------------------------------------------------------------------------------
Slack:                    inf
  Source:                 dbg_hub/inst/BSCANID.u_xsdbm_id/CORE_XSDB.UUT_MASTER/U_ICON_INTERFACE/U_CMD1/ctl_reg_reg[0]/C
                            (rising edge-triggered cell FDRE clocked by clk  {rise@0.000ns fall@5.000ns period=10.000ns})
  Destination:            dbg_hub/inst/BSCANID.u_xsdbm_id/CORE_XSDB.UUT_MASTER/U_ICON_INTERFACE/ma_rst_1_reg/D
                            (rising edge-triggered cell FDRE clocked by dbg_hub/inst/BSCANID.u_xsdbm_id/SWITCH_N_EXT_BSCAN.bscan_inst/SERIES7_BSCAN.bscan_inst/TCK  {rise@0.000ns fall@16.500ns period=33.000ns})
  Path Group:             (none)
  Path Type:              Setup (Max at Slow Process Corner)
  Data Path Delay:        2.941ns  (logic 0.379ns (12.886%)  route 2.562ns (87.114%))
  Logic Levels:           0  
  Clock Path Skew:        -1.795ns (DCD - SCD + CPR)
    Destination Clock Delay (DCD):    3.952ns
    Source Clock Delay      (SCD):    5.747ns
    Clock Pessimism Removal (CPR):    0.000ns
  Clock Uncertainty:      0.035ns  ((TSJ^2 + TIJ^2)^1/2 + DJ) / 2 + PE
    Total System Jitter     (TSJ):    0.071ns
    Total Input Jitter      (TIJ):    0.000ns
    Discrete Jitter          (DJ):    0.000ns
    Phase Error              (PE):    0.000ns
  Timing Exception:       False Path

    Location             Delay type                Incr(ns)  Path(ns)    Netlist Resource(s)
  -------------------------------------------------------------------    -------------------
                         (clock clk rise edge)        0.000     0.000 r  
    AC19                                              0.000     0.000 r  clk (IN)
                         net (fo=0)                   0.000     0.000    clk
    AC19                 IBUF (Prop_ibuf_I_O)         1.416     1.416 r  clk_IBUF_inst/O
                         net (fo=1, routed)           2.602     4.018    clk_IBUF
    BUFGCTRL_X0Y0        BUFG (Prop_bufg_I_O)         0.081     4.099 r  clk_IBUF_BUFG_inst/O
                         net (fo=2166, routed)        1.648     5.747    dbg_hub/inst/BSCANID.u_xsdbm_id/CORE_XSDB.UUT_MASTER/U_ICON_INTERFACE/U_CMD1/clk
    SLICE_X34Y241        FDRE                                         r  dbg_hub/inst/BSCANID.u_xsdbm_id/CORE_XSDB.UUT_MASTER/U_ICON_INTERFACE/U_CMD1/ctl_reg_reg[0]/C
  -------------------------------------------------------------------    -------------------
    SLICE_X34Y241        FDRE (Prop_fdre_C_Q)         0.379     6.126 r  dbg_hub/inst/BSCANID.u_xsdbm_id/CORE_XSDB.UUT_MASTER/U_ICON_INTERFACE/U_CMD1/ctl_reg_reg[0]/Q
                         net (fo=182, routed)         2.562     8.688    dbg_hub/inst/BSCANID.u_xsdbm_id/CORE_XSDB.UUT_MASTER/U_ICON_INTERFACE/ma_rst
    SLICE_X34Y238        FDRE                                         r  dbg_hub/inst/BSCANID.u_xsdbm_id/CORE_XSDB.UUT_MASTER/U_ICON_INTERFACE/ma_rst_1_reg/D
  -------------------------------------------------------------------    -------------------

                         (clock dbg_hub/inst/BSCANID.u_xsdbm_id/SWITCH_N_EXT_BSCAN.bscan_inst/SERIES7_BSCAN.bscan_inst/TCK rise edge)
                                                      0.000     0.000 r  
    BSCAN_X0Y0           BSCANE2                      0.000     0.000 r  dbg_hub/inst/BSCANID.u_xsdbm_id/SWITCH_N_EXT_BSCAN.bscan_inst/SERIES7_BSCAN.bscan_inst/TCK
                         net (fo=1, routed)           2.346     2.346    dbg_hub/inst/BSCANID.u_xsdbm_id/tck_bs
    BUFGCTRL_X0Y4        BUFG (Prop_bufg_I_O)         0.077     2.423 r  dbg_hub/inst/BSCANID.u_xsdbm_id/SWITCH_N_EXT_BSCAN.u_bufg_icon_tck/O
                         net (fo=486, routed)         1.529     3.952    dbg_hub/inst/BSCANID.u_xsdbm_id/CORE_XSDB.UUT_MASTER/U_ICON_INTERFACE/m_bscan_tck[0]
    SLICE_X34Y238        FDRE                                         r  dbg_hub/inst/BSCANID.u_xsdbm_id/CORE_XSDB.UUT_MASTER/U_ICON_INTERFACE/ma_rst_1_reg/C





Min Delay Paths
--------------------------------------------------------------------------------------
Slack:                    inf
  Source:                 dbg_hub/inst/BSCANID.u_xsdbm_id/CORE_XSDB.UUT_MASTER/U_ICON_INTERFACE/U_CMD6_WR/U_WR_FIFO/SUBCORE_FIFO.xsdbm_v3_0_0_wrfifo_inst/inst_fifo_gen/gconvfifo.rf/grf.rf/gntv_or_sync_fifo.gcx.clkx/gnxpm_cdc.rd_pntr_gc_reg[1]/C
                            (rising edge-triggered cell FDCE clocked by clk  {rise@0.000ns fall@5.000ns period=10.000ns})
  Destination:            dbg_hub/inst/BSCANID.u_xsdbm_id/CORE_XSDB.UUT_MASTER/U_ICON_INTERFACE/U_CMD6_WR/U_WR_FIFO/SUBCORE_FIFO.xsdbm_v3_0_0_wrfifo_inst/inst_fifo_gen/gconvfifo.rf/grf.rf/gntv_or_sync_fifo.gcx.clkx/gnxpm_cdc.gsync_stage[1].wr_stg_inst/Q_reg_reg[1]/D
                            (rising edge-triggered cell FDCE clocked by dbg_hub/inst/BSCANID.u_xsdbm_id/SWITCH_N_EXT_BSCAN.bscan_inst/SERIES7_BSCAN.bscan_inst/TCK  {rise@0.000ns fall@16.500ns period=33.000ns})
  Path Group:             (none)
  Path Type:              Hold (Min at Fast Process Corner)
  Data Path Delay:        0.237ns  (logic 0.141ns (59.412%)  route 0.096ns (40.588%))
  Logic Levels:           0  
  Clock Path Skew:        0.596ns (DCD - SCD - CPR)
    Destination Clock Delay (DCD):    2.649ns
    Source Clock Delay      (SCD):    2.053ns
    Clock Pessimism Removal (CPR):    -0.000ns
  Clock Uncertainty:      0.035ns  ((TSJ^2 + TIJ^2)^1/2 + DJ) / 2 + PE
    Total System Jitter     (TSJ):    0.071ns
    Total Input Jitter      (TIJ):    0.000ns
    Discrete Jitter          (DJ):    0.000ns
    Phase Error              (PE):    0.000ns
  Timing Exception:       False Path

    Location             Delay type                Incr(ns)  Path(ns)    Netlist Resource(s)
  -------------------------------------------------------------------    -------------------
                         (clock clk rise edge)        0.000     0.000 r  
    AC19                                              0.000     0.000 r  clk (IN)
                         net (fo=0)                   0.000     0.000    clk
    AC19                 IBUF (Prop_ibuf_I_O)         0.253     0.253 r  clk_IBUF_inst/O
                         net (fo=1, routed)           1.074     1.327    clk_IBUF
    BUFGCTRL_X0Y0        BUFG (Prop_bufg_I_O)         0.026     1.353 r  clk_IBUF_BUFG_inst/O
                         net (fo=2166, routed)        0.700     2.053    dbg_hub/inst/BSCANID.u_xsdbm_id/CORE_XSDB.UUT_MASTER/U_ICON_INTERFACE/U_CMD6_WR/U_WR_FIFO/SUBCORE_FIFO.xsdbm_v3_0_0_wrfifo_inst/inst_fifo_gen/gconvfifo.rf/grf.rf/gntv_or_sync_fifo.gcx.clkx/rd_clk
    SLICE_X34Y233        FDCE                                         r  dbg_hub/inst/BSCANID.u_xsdbm_id/CORE_XSDB.UUT_MASTER/U_ICON_INTERFACE/U_CMD6_WR/U_WR_FIFO/SUBCORE_FIFO.xsdbm_v3_0_0_wrfifo_inst/inst_fifo_gen/gconvfifo.rf/grf.rf/gntv_or_sync_fifo.gcx.clkx/gnxpm_cdc.rd_pntr_gc_reg[1]/C
  -------------------------------------------------------------------    -------------------
    SLICE_X34Y233        FDCE (Prop_fdce_C_Q)         0.141     2.194 r  dbg_hub/inst/BSCANID.u_xsdbm_id/CORE_XSDB.UUT_MASTER/U_ICON_INTERFACE/U_CMD6_WR/U_WR_FIFO/SUBCORE_FIFO.xsdbm_v3_0_0_wrfifo_inst/inst_fifo_gen/gconvfifo.rf/grf.rf/gntv_or_sync_fifo.gcx.clkx/gnxpm_cdc.rd_pntr_gc_reg[1]/Q
                         net (fo=1, routed)           0.096     2.290    dbg_hub/inst/BSCANID.u_xsdbm_id/CORE_XSDB.UUT_MASTER/U_ICON_INTERFACE/U_CMD6_WR/U_WR_FIFO/SUBCORE_FIFO.xsdbm_v3_0_0_wrfifo_inst/inst_fifo_gen/gconvfifo.rf/grf.rf/gntv_or_sync_fifo.gcx.clkx/gnxpm_cdc.gsync_stage[1].wr_stg_inst/Q[1]
    SLICE_X33Y233        FDCE                                         r  dbg_hub/inst/BSCANID.u_xsdbm_id/CORE_XSDB.UUT_MASTER/U_ICON_INTERFACE/U_CMD6_WR/U_WR_FIFO/SUBCORE_FIFO.xsdbm_v3_0_0_wrfifo_inst/inst_fifo_gen/gconvfifo.rf/grf.rf/gntv_or_sync_fifo.gcx.clkx/gnxpm_cdc.gsync_stage[1].wr_stg_inst/Q_reg_reg[1]/D
  -------------------------------------------------------------------    -------------------

                         (clock dbg_hub/inst/BSCANID.u_xsdbm_id/SWITCH_N_EXT_BSCAN.bscan_inst/SERIES7_BSCAN.bscan_inst/TCK rise edge)
                                                      0.000     0.000 r  
    BSCAN_X0Y0           BSCANE2                      0.000     0.000 r  dbg_hub/inst/BSCANID.u_xsdbm_id/SWITCH_N_EXT_BSCAN.bscan_inst/SERIES7_BSCAN.bscan_inst/TCK
                         net (fo=1, routed)           1.647     1.647    dbg_hub/inst/BSCANID.u_xsdbm_id/tck_bs
    BUFGCTRL_X0Y4        BUFG (Prop_bufg_I_O)         0.029     1.676 r  dbg_hub/inst/BSCANID.u_xsdbm_id/SWITCH_N_EXT_BSCAN.u_bufg_icon_tck/O
                         net (fo=486, routed)         0.973     2.649    dbg_hub/inst/BSCANID.u_xsdbm_id/CORE_XSDB.UUT_MASTER/U_ICON_INTERFACE/U_CMD6_WR/U_WR_FIFO/SUBCORE_FIFO.xsdbm_v3_0_0_wrfifo_inst/inst_fifo_gen/gconvfifo.rf/grf.rf/gntv_or_sync_fifo.gcx.clkx/gnxpm_cdc.gsync_stage[1].wr_stg_inst/wr_clk
    SLICE_X33Y233        FDCE                                         r  dbg_hub/inst/BSCANID.u_xsdbm_id/CORE_XSDB.UUT_MASTER/U_ICON_INTERFACE/U_CMD6_WR/U_WR_FIFO/SUBCORE_FIFO.xsdbm_v3_0_0_wrfifo_inst/inst_fifo_gen/gconvfifo.rf/grf.rf/gntv_or_sync_fifo.gcx.clkx/gnxpm_cdc.gsync_stage[1].wr_stg_inst/Q_reg_reg[1]/C





--------------------------------------------------------------------------------------
Path Group:  (none)
From Clock:  
  To Clock:  ddr_clk

Max Delay            15 Endpoints
Min Delay            15 Endpoints
--------------------------------------------------------------------------------------


Max Delay Paths
--------------------------------------------------------------------------------------
Slack:                    inf
  Source:                 resetn_fpga
                            (input port)
  Destination:            ddr3.u_axi_wrap_ddr/mig_axi/u_mig_axi_32_mig/u_iodelay_ctrl/rst_ref_sync_r_reg[0][13]/PRE
                            (recovery check against rising-edge clock ddr_clk  {rise@0.000ns fall@2.500ns period=5.000ns})
  Path Group:             (none)
  Path Type:              Recovery (Max at Slow Process Corner)
  Data Path Delay:        11.589ns  (logic 1.646ns (14.202%)  route 9.943ns (85.798%))
  Logic Levels:           3  (IBUF=1 LUT1=1 LUT2=1)
  Clock Path Skew:        5.512ns (DCD - SCD + CPR)
    Destination Clock Delay (DCD):    5.512ns
    Source Clock Delay      (SCD):    0.000ns
    Clock Pessimism Removal (CPR):    0.000ns
  Clock Uncertainty:      0.160ns  ((TSJ^2 + DJ^2)^1/2) / 2 + PE
    Total System Jitter     (TSJ):    0.050ns
    Discrete Jitter          (DJ):    0.113ns
    Phase Error              (PE):    0.099ns
  Timing Exception:       False Path

    Location             Delay type                Incr(ns)  Path(ns)    Netlist Resource(s)
  -------------------------------------------------------------------    -------------------
    Y3                                                0.000     0.000 r  resetn_fpga (IN)
                         net (fo=0)                   0.000     0.000    resetn_fpga
    Y3                   IBUF (Prop_ibuf_I_O)         1.436     1.436 r  resetn_fpga_IBUF_inst/O
                         net (fo=2, routed)           5.162     6.598    ddr3.u_axi_wrap_ddr/resetn_fpga_IBUF
    SLICE_X54Y182        LUT2 (Prop_lut2_I0_O)        0.105     6.703 r  ddr3.u_axi_wrap_ddr/mig_axi_i_3/O
                         net (fo=4, routed)           3.728    10.431    ddr3.u_axi_wrap_ddr/mig_axi/u_mig_axi_32_mig/u_iodelay_ctrl/sys_rst_i
    SLICE_X0Y240         LUT1 (Prop_lut1_I0_O)        0.105    10.536 f  ddr3.u_axi_wrap_ddr/mig_axi/u_mig_axi_32_mig/u_iodelay_ctrl/plle2_i_i_1/O
                         net (fo=16, routed)          1.053    11.589    ddr3.u_axi_wrap_ddr/mig_axi/u_mig_axi_32_mig/u_iodelay_ctrl/AS[0]
    SLICE_X0Y249         FDPE                                         f  ddr3.u_axi_wrap_ddr/mig_axi/u_mig_axi_32_mig/u_iodelay_ctrl/rst_ref_sync_r_reg[0][13]/PRE
  -------------------------------------------------------------------    -------------------

                         (clock ddr_clk rise edge)    0.000     0.000 r  
    AC19                                              0.000     0.000 r  clk (IN)
                         net (fo=0)                   0.000     0.000    clk
    AC19                 IBUF (Prop_ibuf_I_O)         1.350     1.350 r  clk_IBUF_inst/O
                         net (fo=1, routed)           2.471     3.821    clk_IBUF
    BUFGCTRL_X0Y0        BUFG (Prop_bufg_I_O)         0.077     3.898 r  clk_IBUF_BUFG_inst/O
                         net (fo=2166, routed)        1.706     5.604    fpga_pll.u_clk_pll_ddr/inst/clk_in1
    PLLE2_ADV_X1Y0       PLLE2_ADV (Prop_plle2_adv_CLKIN1_CLKOUT0)
                                                     -3.960     1.644 r  fpga_pll.u_clk_pll_ddr/inst/plle2_adv_inst/CLKOUT0
                         net (fo=1, routed)           2.177     3.821    fpga_pll.u_clk_pll_ddr/inst/ddr_clk_clk_pll_ddr
    BUFGCTRL_X0Y1        BUFG (Prop_bufg_I_O)         0.077     3.898 r  fpga_pll.u_clk_pll_ddr/inst/clkout1_buf/O
                         net (fo=62, routed)          1.614     5.512    ddr3.u_axi_wrap_ddr/mig_axi/u_mig_axi_32_mig/u_iodelay_ctrl/clk_ref_i
    SLICE_X0Y249         FDPE                                         r  ddr3.u_axi_wrap_ddr/mig_axi/u_mig_axi_32_mig/u_iodelay_ctrl/rst_ref_sync_r_reg[0][13]/C





Min Delay Paths
--------------------------------------------------------------------------------------
Slack:                    inf
  Source:                 resetn_fpga
                            (input port)
  Destination:            ddr3.u_axi_wrap_ddr/mig_axi/u_mig_axi_32_mig/u_iodelay_ctrl/rst_ref_sync_r_reg[0][0]/PRE
                            (removal check against rising-edge clock ddr_clk  {rise@0.000ns fall@2.500ns period=5.000ns})
  Path Group:             (none)
  Path Type:              Removal (Min at Fast Process Corner)
  Data Path Delay:        5.648ns  (logic 0.362ns (6.418%)  route 5.285ns (93.582%))
  Logic Levels:           3  (IBUF=1 LUT1=1 LUT2=1)
  Clock Path Skew:        2.651ns (DCD - SCD - CPR)
    Destination Clock Delay (DCD):    2.651ns
    Source Clock Delay      (SCD):    0.000ns
    Clock Pessimism Removal (CPR):    -0.000ns
  Timing Exception:       False Path

    Location             Delay type                Incr(ns)  Path(ns)    Netlist Resource(s)
  -------------------------------------------------------------------    -------------------
    Y3                                                0.000     0.000 r  resetn_fpga (IN)
                         net (fo=0)                   0.000     0.000    resetn_fpga
    Y3                   IBUF (Prop_ibuf_I_O)         0.272     0.272 r  resetn_fpga_IBUF_inst/O
                         net (fo=2, routed)           2.672     2.944    ddr3.u_axi_wrap_ddr/resetn_fpga_IBUF
    SLICE_X54Y182        LUT2 (Prop_lut2_I0_O)        0.045     2.989 r  ddr3.u_axi_wrap_ddr/mig_axi_i_3/O
                         net (fo=4, routed)           2.052     5.042    ddr3.u_axi_wrap_ddr/mig_axi/u_mig_axi_32_mig/u_iodelay_ctrl/sys_rst_i
    SLICE_X0Y240         LUT1 (Prop_lut1_I0_O)        0.045     5.087 f  ddr3.u_axi_wrap_ddr/mig_axi/u_mig_axi_32_mig/u_iodelay_ctrl/plle2_i_i_1/O
                         net (fo=16, routed)          0.561     5.648    ddr3.u_axi_wrap_ddr/mig_axi/u_mig_axi_32_mig/u_iodelay_ctrl/AS[0]
    SLICE_X1Y249         FDPE                                         f  ddr3.u_axi_wrap_ddr/mig_axi/u_mig_axi_32_mig/u_iodelay_ctrl/rst_ref_sync_r_reg[0][0]/PRE
  -------------------------------------------------------------------    -------------------

                         (clock ddr_clk rise edge)    0.000     0.000 r  
    AC19                                              0.000     0.000 r  clk (IN)
                         net (fo=0)                   0.000     0.000    clk
    AC19                 IBUF (Prop_ibuf_I_O)         0.441     0.441 r  clk_IBUF_inst/O
                         net (fo=1, routed)           1.160     1.601    clk_IBUF
    BUFGCTRL_X0Y0        BUFG (Prop_bufg_I_O)         0.029     1.630 r  clk_IBUF_BUFG_inst/O
                         net (fo=2166, routed)        1.027     2.656    fpga_pll.u_clk_pll_ddr/inst/clk_in1
    PLLE2_ADV_X1Y0       PLLE2_ADV (Prop_plle2_adv_CLKIN1_CLKOUT0)
                                                     -2.061     0.596 r  fpga_pll.u_clk_pll_ddr/inst/plle2_adv_inst/CLKOUT0
                         net (fo=1, routed)           1.005     1.601    fpga_pll.u_clk_pll_ddr/inst/ddr_clk_clk_pll_ddr
    BUFGCTRL_X0Y1        BUFG (Prop_bufg_I_O)         0.029     1.630 r  fpga_pll.u_clk_pll_ddr/inst/clkout1_buf/O
                         net (fo=62, routed)          1.021     2.651    ddr3.u_axi_wrap_ddr/mig_axi/u_mig_axi_32_mig/u_iodelay_ctrl/clk_ref_i
    SLICE_X1Y249         FDPE                                         r  ddr3.u_axi_wrap_ddr/mig_axi/u_mig_axi_32_mig/u_iodelay_ctrl/rst_ref_sync_r_reg[0][0]/C





--------------------------------------------------------------------------------------
Path Group:  (none)
From Clock:  clk
  To Clock:  ddr_clk

Max Delay            15 Endpoints
Min Delay            15 Endpoints
--------------------------------------------------------------------------------------


Max Delay Paths
--------------------------------------------------------------------------------------
Slack:                    inf
  Source:                 vio/inst/PROBE_OUT_ALL_INST/G_PROBE_OUT[0].PROBE_OUT0_INST/Probe_out_reg[0]/C
                            (rising edge-triggered cell FDSE clocked by clk  {rise@0.000ns fall@5.000ns period=10.000ns})
  Destination:            ddr3.u_axi_wrap_ddr/mig_axi/u_mig_axi_32_mig/u_iodelay_ctrl/rst_ref_sync_r_reg[0][13]/PRE
                            (recovery check against rising-edge clock ddr_clk  {rise@0.000ns fall@2.500ns period=5.000ns})
  Path Group:             (none)
  Path Type:              Recovery (Max at Slow Process Corner)
  Data Path Delay:        7.374ns  (logic 0.589ns (7.988%)  route 6.785ns (92.012%))
  Logic Levels:           2  (LUT1=1 LUT2=1)
  Clock Path Skew:        -0.139ns (DCD - SCD + CPR)
    Destination Clock Delay (DCD):    5.512ns
    Source Clock Delay      (SCD):    5.651ns
    Clock Pessimism Removal (CPR):    0.000ns
  Clock Uncertainty:      0.165ns  ((TSJ^2 + DJ^2)^1/2) / 2 + PE
    Total System Jitter     (TSJ):    0.071ns
    Discrete Jitter          (DJ):    0.113ns
    Phase Error              (PE):    0.099ns
  Timing Exception:       Asynchronous Clock Groups

    Location             Delay type                Incr(ns)  Path(ns)    Netlist Resource(s)
  -------------------------------------------------------------------    -------------------
                         (clock clk rise edge)        0.000     0.000 r  
    AC19                                              0.000     0.000 r  clk (IN)
                         net (fo=0)                   0.000     0.000    clk
    AC19                 IBUF (Prop_ibuf_I_O)         1.416     1.416 r  clk_IBUF_inst/O
                         net (fo=1, routed)           2.602     4.018    clk_IBUF
    BUFGCTRL_X0Y0        BUFG (Prop_bufg_I_O)         0.081     4.099 r  clk_IBUF_BUFG_inst/O
                         net (fo=2166, routed)        1.552     5.651    vio/inst/PROBE_OUT_ALL_INST/G_PROBE_OUT[0].PROBE_OUT0_INST/clk
    SLICE_X43Y224        FDSE                                         r  vio/inst/PROBE_OUT_ALL_INST/G_PROBE_OUT[0].PROBE_OUT0_INST/Probe_out_reg[0]/C
  -------------------------------------------------------------------    -------------------
    SLICE_X43Y224        FDSE (Prop_fdse_C_Q)         0.379     6.030 r  vio/inst/PROBE_OUT_ALL_INST/G_PROBE_OUT[0].PROBE_OUT0_INST/Probe_out_reg[0]/Q
                         net (fo=2, routed)           2.004     8.034    ddr3.u_axi_wrap_ddr/out
    SLICE_X54Y182        LUT2 (Prop_lut2_I1_O)        0.105     8.139 r  ddr3.u_axi_wrap_ddr/mig_axi_i_3/O
                         net (fo=4, routed)           3.728    11.867    ddr3.u_axi_wrap_ddr/mig_axi/u_mig_axi_32_mig/u_iodelay_ctrl/sys_rst_i
    SLICE_X0Y240         LUT1 (Prop_lut1_I0_O)        0.105    11.972 f  ddr3.u_axi_wrap_ddr/mig_axi/u_mig_axi_32_mig/u_iodelay_ctrl/plle2_i_i_1/O
                         net (fo=16, routed)          1.053    13.025    ddr3.u_axi_wrap_ddr/mig_axi/u_mig_axi_32_mig/u_iodelay_ctrl/AS[0]
    SLICE_X0Y249         FDPE                                         f  ddr3.u_axi_wrap_ddr/mig_axi/u_mig_axi_32_mig/u_iodelay_ctrl/rst_ref_sync_r_reg[0][13]/PRE
  -------------------------------------------------------------------    -------------------

                         (clock ddr_clk rise edge)    0.000     0.000 r  
    AC19                                              0.000     0.000 r  clk (IN)
                         net (fo=0)                   0.000     0.000    clk
    AC19                 IBUF (Prop_ibuf_I_O)         1.350     1.350 r  clk_IBUF_inst/O
                         net (fo=1, routed)           2.471     3.821    clk_IBUF
    BUFGCTRL_X0Y0        BUFG (Prop_bufg_I_O)         0.077     3.898 r  clk_IBUF_BUFG_inst/O
                         net (fo=2166, routed)        1.706     5.604    fpga_pll.u_clk_pll_ddr/inst/clk_in1
    PLLE2_ADV_X1Y0       PLLE2_ADV (Prop_plle2_adv_CLKIN1_CLKOUT0)
                                                     -3.960     1.644 r  fpga_pll.u_clk_pll_ddr/inst/plle2_adv_inst/CLKOUT0
                         net (fo=1, routed)           2.177     3.821    fpga_pll.u_clk_pll_ddr/inst/ddr_clk_clk_pll_ddr
    BUFGCTRL_X0Y1        BUFG (Prop_bufg_I_O)         0.077     3.898 r  fpga_pll.u_clk_pll_ddr/inst/clkout1_buf/O
                         net (fo=62, routed)          1.614     5.512    ddr3.u_axi_wrap_ddr/mig_axi/u_mig_axi_32_mig/u_iodelay_ctrl/clk_ref_i
    SLICE_X0Y249         FDPE                                         r  ddr3.u_axi_wrap_ddr/mig_axi/u_mig_axi_32_mig/u_iodelay_ctrl/rst_ref_sync_r_reg[0][13]/C





Min Delay Paths
--------------------------------------------------------------------------------------
Slack:                    inf
  Source:                 vio/inst/PROBE_OUT_ALL_INST/G_PROBE_OUT[0].PROBE_OUT0_INST/Probe_out_reg[0]/C
                            (rising edge-triggered cell FDSE clocked by clk  {rise@0.000ns fall@5.000ns period=10.000ns})
  Destination:            ddr3.u_axi_wrap_ddr/mig_axi/u_mig_axi_32_mig/u_iodelay_ctrl/rst_ref_sync_r_reg[0][0]/PRE
                            (removal check against rising-edge clock ddr_clk  {rise@0.000ns fall@2.500ns period=5.000ns})
  Path Group:             (none)
  Path Type:              Removal (Min at Fast Process Corner)
  Data Path Delay:        3.807ns  (logic 0.231ns (6.068%)  route 3.576ns (93.932%))
  Logic Levels:           2  (LUT1=1 LUT2=1)
  Clock Path Skew:        0.639ns (DCD - SCD - CPR)
    Destination Clock Delay (DCD):    2.651ns
    Source Clock Delay      (SCD):    2.012ns
    Clock Pessimism Removal (CPR):    -0.000ns
  Clock Uncertainty:      0.165ns  ((TSJ^2 + DJ^2)^1/2) / 2 + PE
    Total System Jitter     (TSJ):    0.071ns
    Discrete Jitter          (DJ):    0.113ns
    Phase Error              (PE):    0.099ns
  Timing Exception:       Asynchronous Clock Groups

    Location             Delay type                Incr(ns)  Path(ns)    Netlist Resource(s)
  -------------------------------------------------------------------    -------------------
                         (clock clk rise edge)        0.000     0.000 r  
    AC19                                              0.000     0.000 r  clk (IN)
                         net (fo=0)                   0.000     0.000    clk
    AC19                 IBUF (Prop_ibuf_I_O)         0.253     0.253 r  clk_IBUF_inst/O
                         net (fo=1, routed)           1.074     1.327    clk_IBUF
    BUFGCTRL_X0Y0        BUFG (Prop_bufg_I_O)         0.026     1.353 r  clk_IBUF_BUFG_inst/O
                         net (fo=2166, routed)        0.659     2.012    vio/inst/PROBE_OUT_ALL_INST/G_PROBE_OUT[0].PROBE_OUT0_INST/clk
    SLICE_X43Y224        FDSE                                         r  vio/inst/PROBE_OUT_ALL_INST/G_PROBE_OUT[0].PROBE_OUT0_INST/Probe_out_reg[0]/C
  -------------------------------------------------------------------    -------------------
    SLICE_X43Y224        FDSE (Prop_fdse_C_Q)         0.141     2.153 r  vio/inst/PROBE_OUT_ALL_INST/G_PROBE_OUT[0].PROBE_OUT0_INST/Probe_out_reg[0]/Q
                         net (fo=2, routed)           0.963     3.115    ddr3.u_axi_wrap_ddr/out
    SLICE_X54Y182        LUT2 (Prop_lut2_I1_O)        0.045     3.160 r  ddr3.u_axi_wrap_ddr/mig_axi_i_3/O
                         net (fo=4, routed)           2.052     5.213    ddr3.u_axi_wrap_ddr/mig_axi/u_mig_axi_32_mig/u_iodelay_ctrl/sys_rst_i
    SLICE_X0Y240         LUT1 (Prop_lut1_I0_O)        0.045     5.258 f  ddr3.u_axi_wrap_ddr/mig_axi/u_mig_axi_32_mig/u_iodelay_ctrl/plle2_i_i_1/O
                         net (fo=16, routed)          0.561     5.819    ddr3.u_axi_wrap_ddr/mig_axi/u_mig_axi_32_mig/u_iodelay_ctrl/AS[0]
    SLICE_X1Y249         FDPE                                         f  ddr3.u_axi_wrap_ddr/mig_axi/u_mig_axi_32_mig/u_iodelay_ctrl/rst_ref_sync_r_reg[0][0]/PRE
  -------------------------------------------------------------------    -------------------

                         (clock ddr_clk rise edge)    0.000     0.000 r  
    AC19                                              0.000     0.000 r  clk (IN)
                         net (fo=0)                   0.000     0.000    clk
    AC19                 IBUF (Prop_ibuf_I_O)         0.441     0.441 r  clk_IBUF_inst/O
                         net (fo=1, routed)           1.160     1.601    clk_IBUF
    BUFGCTRL_X0Y0        BUFG (Prop_bufg_I_O)         0.029     1.630 r  clk_IBUF_BUFG_inst/O
                         net (fo=2166, routed)        1.027     2.656    fpga_pll.u_clk_pll_ddr/inst/clk_in1
    PLLE2_ADV_X1Y0       PLLE2_ADV (Prop_plle2_adv_CLKIN1_CLKOUT0)
                                                     -2.061     0.596 r  fpga_pll.u_clk_pll_ddr/inst/plle2_adv_inst/CLKOUT0
                         net (fo=1, routed)           1.005     1.601    fpga_pll.u_clk_pll_ddr/inst/ddr_clk_clk_pll_ddr
    BUFGCTRL_X0Y1        BUFG (Prop_bufg_I_O)         0.029     1.630 r  fpga_pll.u_clk_pll_ddr/inst/clkout1_buf/O
                         net (fo=62, routed)          1.021     2.651    ddr3.u_axi_wrap_ddr/mig_axi/u_mig_axi_32_mig/u_iodelay_ctrl/clk_ref_i
    SLICE_X1Y249         FDPE                                         r  ddr3.u_axi_wrap_ddr/mig_axi/u_mig_axi_32_mig/u_iodelay_ctrl/rst_ref_sync_r_reg[0][0]/C





--------------------------------------------------------------------------------------
Path Group:  (none)
From Clock:  clk_pll_i
  To Clock:  ddr_clk

Max Delay             0 Endpoints
Min Delay             1 Endpoint
--------------------------------------------------------------------------------------


Min Delay Paths
--------------------------------------------------------------------------------------
Slack:                    inf
  Source:                 ddr3.u_axi_wrap_ddr/mig_axi/u_mig_axi_32_mig/u_ddr3_infrastructure/rstdiv0_sync_r1_reg_rep/C
                            (rising edge-triggered cell FDPE clocked by clk_pll_i  {rise@0.000ns fall@5.000ns period=10.000ns})
  Destination:            ddr3.u_axi_wrap_ddr/mig_axi/u_mig_axi_32_mig/temp_mon_enabled.u_tempmon/xadc_supplied_temperature.rst_r1_reg/D
                            (rising edge-triggered cell FDRE clocked by ddr_clk  {rise@0.000ns fall@2.500ns period=5.000ns})
  Path Group:             (none)
  Path Type:              Hold (Min at Fast Process Corner)
  Data Path Delay:        1.850ns  (logic 0.164ns (8.865%)  route 1.686ns (91.135%))
  Logic Levels:           0  
  Clock Path Skew:        -0.467ns (DCD - SCD - CPR)
    Destination Clock Delay (DCD):    2.514ns
    Source Clock Delay      (SCD):    2.982ns
    Clock Pessimism Removal (CPR):    -0.000ns
  Clock Uncertainty:      0.261ns  ((TSJ^2 + DJ^2)^1/2) / 2 + PE
    Total System Jitter     (TSJ):    0.071ns
    Discrete Jitter          (DJ):    0.209ns
    Phase Error              (PE):    0.151ns
  Timing Exception:       False Path

    Location             Delay type                Incr(ns)  Path(ns)    Netlist Resource(s)
  -------------------------------------------------------------------    -------------------
                         (clock clk_pll_i rise edge)
                                                      0.000     0.000 r  
    AC19                                              0.000     0.000 r  clk (IN)
                         net (fo=0)                   0.000     0.000    clk
    AC19                 IBUF (Prop_ibuf_I_O)         0.253     0.253 r  clk_IBUF_inst/O
                         net (fo=1, routed)           1.074     1.327    clk_IBUF
    BUFGCTRL_X0Y0        BUFG (Prop_bufg_I_O)         0.026     1.353 r  clk_IBUF_BUFG_inst/O
                         net (fo=2166, routed)        0.701     2.054    ddr3.u_axi_wrap_ddr/mig_axi/u_mig_axi_32_mig/u_ddr3_infrastructure/mmcm_clk
    PLLE2_ADV_X0Y4       PLLE2_ADV (Prop_plle2_adv_CLKIN1_CLKOUT3)
                                                      0.050     2.104 r  ddr3.u_axi_wrap_ddr/mig_axi/u_mig_axi_32_mig/u_ddr3_infrastructure/plle2_i/CLKOUT3
                         net (fo=1, routed)           0.518     2.622    ddr3.u_axi_wrap_ddr/mig_axi/u_mig_axi_32_mig/u_ddr3_infrastructure/pll_clk3_out
    BUFHCE_X0Y48         BUFH (Prop_bufh_I_O)         0.020     2.642 r  ddr3.u_axi_wrap_ddr/mig_axi/u_mig_axi_32_mig/u_ddr3_infrastructure/u_bufh_pll_clk3/O
                         net (fo=1, routed)           0.326     2.968    ddr3.u_axi_wrap_ddr/mig_axi/u_mig_axi_32_mig/u_ddr3_infrastructure/pll_clk3
    MMCME2_ADV_X0Y4      MMCME2_ADV (Prop_mmcme2_adv_CLKIN1_CLKFBOUT)
                                                     -1.511     1.457 r  ddr3.u_axi_wrap_ddr/mig_axi/u_mig_axi_32_mig/u_ddr3_infrastructure/gen_mmcm.mmcm_i/CLKFBOUT
                         net (fo=1, routed)           0.790     2.248    ddr3.u_axi_wrap_ddr/mig_axi/u_mig_axi_32_mig/u_ddr3_infrastructure/clk_pll_i
    BUFGCTRL_X0Y16       BUFG (Prop_bufg_I_O)         0.026     2.274 r  ddr3.u_axi_wrap_ddr/mig_axi/u_mig_axi_32_mig/u_ddr3_infrastructure/u_bufg_clkdiv0/O
                         net (fo=7005, routed)        0.708     2.982    ddr3.u_axi_wrap_ddr/mig_axi/u_mig_axi_32_mig/u_ddr3_infrastructure/CLK
    SLICE_X20Y246        FDPE                                         r  ddr3.u_axi_wrap_ddr/mig_axi/u_mig_axi_32_mig/u_ddr3_infrastructure/rstdiv0_sync_r1_reg_rep/C
  -------------------------------------------------------------------    -------------------
    SLICE_X20Y246        FDPE (Prop_fdpe_C_Q)         0.164     3.146 r  ddr3.u_axi_wrap_ddr/mig_axi/u_mig_axi_32_mig/u_ddr3_infrastructure/rstdiv0_sync_r1_reg_rep/Q
                         net (fo=32, routed)          1.686     4.832    ddr3.u_axi_wrap_ddr/mig_axi/u_mig_axi_32_mig/temp_mon_enabled.u_tempmon/in0
    SLICE_X11Y178        FDRE                                         r  ddr3.u_axi_wrap_ddr/mig_axi/u_mig_axi_32_mig/temp_mon_enabled.u_tempmon/xadc_supplied_temperature.rst_r1_reg/D
  -------------------------------------------------------------------    -------------------

                         (clock ddr_clk rise edge)    0.000     0.000 r  
    AC19                                              0.000     0.000 r  clk (IN)
                         net (fo=0)                   0.000     0.000    clk
    AC19                 IBUF (Prop_ibuf_I_O)         0.441     0.441 r  clk_IBUF_inst/O
                         net (fo=1, routed)           1.160     1.601    clk_IBUF
    BUFGCTRL_X0Y0        BUFG (Prop_bufg_I_O)         0.029     1.630 r  clk_IBUF_BUFG_inst/O
                         net (fo=2166, routed)        1.027     2.656    fpga_pll.u_clk_pll_ddr/inst/clk_in1
    PLLE2_ADV_X1Y0       PLLE2_ADV (Prop_plle2_adv_CLKIN1_CLKOUT0)
                                                     -2.061     0.596 r  fpga_pll.u_clk_pll_ddr/inst/plle2_adv_inst/CLKOUT0
                         net (fo=1, routed)           1.005     1.601    fpga_pll.u_clk_pll_ddr/inst/ddr_clk_clk_pll_ddr
    BUFGCTRL_X0Y1        BUFG (Prop_bufg_I_O)         0.029     1.630 r  fpga_pll.u_clk_pll_ddr/inst/clkout1_buf/O
                         net (fo=62, routed)          0.885     2.514    ddr3.u_axi_wrap_ddr/mig_axi/u_mig_axi_32_mig/temp_mon_enabled.u_tempmon/clk_ref_i
    SLICE_X11Y178        FDRE                                         r  ddr3.u_axi_wrap_ddr/mig_axi/u_mig_axi_32_mig/temp_mon_enabled.u_tempmon/xadc_supplied_temperature.rst_r1_reg/C





--------------------------------------------------------------------------------------
Path Group:  (none)
From Clock:  clk
  To Clock:  sys_clk

Max Delay           109 Endpoints
Min Delay           109 Endpoints
--------------------------------------------------------------------------------------


Max Delay Paths
--------------------------------------------------------------------------------------
Slack:                    inf
  Source:                 u_jtag_axi_wrap/u_jtag_axi/inst/jtag_axi_engine_u/tx_fifo_i/inst_fifo_gen/gconvfifo.rf/grf.rf/gntv_or_sync_fifo.mem/gdm.dm_gen.dm/RAM_reg_128_191_27_29/RAMC/CLK
                            (rising edge-triggered cell RAMD64E clocked by clk  {rise@0.000ns fall@5.000ns period=10.000ns})
  Destination:            u_jtag_axi_wrap/u_jtag_axi/inst/jtag_axi_engine_u/tx_fifo_i/inst_fifo_gen/gconvfifo.rf/grf.rf/gntv_or_sync_fifo.mem/gdm.dm_gen.dm/gpr1.dout_i_reg[29]/D
                            (rising edge-triggered cell FDRE clocked by sys_clk  {rise@0.000ns fall@5.000ns period=10.000ns})
  Path Group:             (none)
  Path Type:              Setup (Max at Slow Process Corner)
  Data Path Delay:        2.199ns  (logic 1.189ns (54.068%)  route 1.010ns (45.932%))
  Logic Levels:           1  (LUT6=1)
  Clock Path Skew:        -0.307ns (DCD - SCD + CPR)
    Destination Clock Delay (DCD):    5.267ns
    Source Clock Delay      (SCD):    5.574ns
    Clock Pessimism Removal (CPR):    0.000ns
  Clock Uncertainty:      0.135ns  ((TSJ^2 + DJ^2)^1/2) / 2 + PE
    Total System Jitter     (TSJ):    0.071ns
    Discrete Jitter          (DJ):    0.089ns
    Phase Error              (PE):    0.078ns
  Timing Exception:       Asynchronous Clock Groups

    Location             Delay type                Incr(ns)  Path(ns)    Netlist Resource(s)
  -------------------------------------------------------------------    -------------------
                         (clock clk rise edge)        0.000     0.000 r  
    AC19                                              0.000     0.000 r  clk (IN)
                         net (fo=0)                   0.000     0.000    clk
    AC19                 IBUF (Prop_ibuf_I_O)         1.416     1.416 r  clk_IBUF_inst/O
                         net (fo=1, routed)           2.602     4.018    clk_IBUF
    BUFGCTRL_X0Y0        BUFG (Prop_bufg_I_O)         0.081     4.099 r  clk_IBUF_BUFG_inst/O
                         net (fo=2166, routed)        1.475     5.574    u_jtag_axi_wrap/u_jtag_axi/inst/jtag_axi_engine_u/tx_fifo_i/inst_fifo_gen/gconvfifo.rf/grf.rf/gntv_or_sync_fifo.mem/gdm.dm_gen.dm/RAM_reg_128_191_27_29/WCLK
    SLICE_X20Y182        RAMD64E                                      r  u_jtag_axi_wrap/u_jtag_axi/inst/jtag_axi_engine_u/tx_fifo_i/inst_fifo_gen/gconvfifo.rf/grf.rf/gntv_or_sync_fifo.mem/gdm.dm_gen.dm/RAM_reg_128_191_27_29/RAMC/CLK
  -------------------------------------------------------------------    -------------------
    SLICE_X20Y182        RAMD64E (Prop_ramd64e_CLK_O)
                                                      1.084     6.658 r  u_jtag_axi_wrap/u_jtag_axi/inst/jtag_axi_engine_u/tx_fifo_i/inst_fifo_gen/gconvfifo.rf/grf.rf/gntv_or_sync_fifo.mem/gdm.dm_gen.dm/RAM_reg_128_191_27_29/RAMC/O
                         net (fo=1, routed)           1.010     7.668    u_jtag_axi_wrap/u_jtag_axi/inst/jtag_axi_engine_u/tx_fifo_i/inst_fifo_gen/gconvfifo.rf/grf.rf/gntv_or_sync_fifo.mem/gdm.dm_gen.dm/RAM_reg_128_191_27_29_n_2
    SLICE_X17Y182        LUT6 (Prop_lut6_I1_O)        0.105     7.773 r  u_jtag_axi_wrap/u_jtag_axi/inst/jtag_axi_engine_u/tx_fifo_i/inst_fifo_gen/gconvfifo.rf/grf.rf/gntv_or_sync_fifo.mem/gdm.dm_gen.dm/gpr1.dout_i[29]_i_1/O
                         net (fo=1, routed)           0.000     7.773    u_jtag_axi_wrap/u_jtag_axi/inst/jtag_axi_engine_u/tx_fifo_i/inst_fifo_gen/gconvfifo.rf/grf.rf/gntv_or_sync_fifo.mem/gdm.dm_gen.dm/dout_i0[29]
    SLICE_X17Y182        FDRE                                         r  u_jtag_axi_wrap/u_jtag_axi/inst/jtag_axi_engine_u/tx_fifo_i/inst_fifo_gen/gconvfifo.rf/grf.rf/gntv_or_sync_fifo.mem/gdm.dm_gen.dm/gpr1.dout_i_reg[29]/D
  -------------------------------------------------------------------    -------------------

                         (clock sys_clk rise edge)    0.000     0.000 r  
    AC19                                              0.000     0.000 r  clk (IN)
                         net (fo=0)                   0.000     0.000    clk
    AC19                 IBUF (Prop_ibuf_I_O)         1.350     1.350 r  clk_IBUF_inst/O
                         net (fo=1, routed)           2.471     3.821    clk_IBUF
    BUFGCTRL_X0Y0        BUFG (Prop_bufg_I_O)         0.077     3.898 r  clk_IBUF_BUFG_inst/O
                         net (fo=2166, routed)        1.434     5.331    fpga_pll.u_clk_pll/inst/clk_in1
    PLLE2_ADV_X0Y2       PLLE2_ADV (Prop_plle2_adv_CLKIN1_CLKOUT1)
                                                     -2.995     2.336 r  fpga_pll.u_clk_pll/inst/plle2_adv_inst/CLKOUT1
                         net (fo=1, routed)           1.484     3.821    fpga_pll.u_clk_pll/inst/sys_clk_clk_pll
    BUFGCTRL_X0Y3        BUFG (Prop_bufg_I_O)         0.077     3.898 r  fpga_pll.u_clk_pll/inst/clkout2_buf/O
                         net (fo=3291, routed)        1.369     5.267    u_jtag_axi_wrap/u_jtag_axi/inst/jtag_axi_engine_u/tx_fifo_i/inst_fifo_gen/gconvfifo.rf/grf.rf/gntv_or_sync_fifo.mem/gdm.dm_gen.dm/gpr1.dout_i_reg[31]_0
    SLICE_X17Y182        FDRE                                         r  u_jtag_axi_wrap/u_jtag_axi/inst/jtag_axi_engine_u/tx_fifo_i/inst_fifo_gen/gconvfifo.rf/grf.rf/gntv_or_sync_fifo.mem/gdm.dm_gen.dm/gpr1.dout_i_reg[29]/C





Min Delay Paths
--------------------------------------------------------------------------------------
Slack:                    inf
  Source:                 u_jtag_axi_wrap/u_jtag_axi/inst/jtag_axi_engine_u/rd_cmd_fifo_i/inst_fifo_gen/gconvfifo.rf/grf.rf/gntv_or_sync_fifo.gcx.clkx/wr_pntr_cdc_inst/src_gray_ff_reg[3]/C
                            (rising edge-triggered cell FDRE clocked by clk  {rise@0.000ns fall@5.000ns period=10.000ns})
  Destination:            u_jtag_axi_wrap/u_jtag_axi/inst/jtag_axi_engine_u/rd_cmd_fifo_i/inst_fifo_gen/gconvfifo.rf/grf.rf/gntv_or_sync_fifo.gcx.clkx/wr_pntr_cdc_inst/dest_graysync_ff_reg[0][3]/D
                            (rising edge-triggered cell FDRE clocked by sys_clk  {rise@0.000ns fall@5.000ns period=10.000ns})
  Path Group:             (none)
  Path Type:              Hold (Min at Fast Process Corner)
  Data Path Delay:        0.246ns  (logic 0.141ns (57.245%)  route 0.105ns (42.755%))
  Logic Levels:           0  
  Clock Path Skew:        0.546ns (DCD - SCD - CPR)
    Destination Clock Delay (DCD):    2.477ns
    Source Clock Delay      (SCD):    1.931ns
    Clock Pessimism Removal (CPR):    -0.000ns
  Clock Uncertainty:      0.135ns  ((TSJ^2 + DJ^2)^1/2) / 2 + PE
    Total System Jitter     (TSJ):    0.071ns
    Discrete Jitter          (DJ):    0.089ns
    Phase Error              (PE):    0.078ns
  Timing Exception:       Asynchronous Clock Groups

    Location             Delay type                Incr(ns)  Path(ns)    Netlist Resource(s)
  -------------------------------------------------------------------    -------------------
                         (clock clk rise edge)        0.000     0.000 r  
    AC19                                              0.000     0.000 r  clk (IN)
                         net (fo=0)                   0.000     0.000    clk
    AC19                 IBUF (Prop_ibuf_I_O)         0.253     0.253 r  clk_IBUF_inst/O
                         net (fo=1, routed)           1.074     1.327    clk_IBUF
    BUFGCTRL_X0Y0        BUFG (Prop_bufg_I_O)         0.026     1.353 r  clk_IBUF_BUFG_inst/O
                         net (fo=2166, routed)        0.579     1.931    u_jtag_axi_wrap/u_jtag_axi/inst/jtag_axi_engine_u/rd_cmd_fifo_i/inst_fifo_gen/gconvfifo.rf/grf.rf/gntv_or_sync_fifo.gcx.clkx/wr_pntr_cdc_inst/src_clk
    SLICE_X54Y185        FDRE                                         r  u_jtag_axi_wrap/u_jtag_axi/inst/jtag_axi_engine_u/rd_cmd_fifo_i/inst_fifo_gen/gconvfifo.rf/grf.rf/gntv_or_sync_fifo.gcx.clkx/wr_pntr_cdc_inst/src_gray_ff_reg[3]/C
  -------------------------------------------------------------------    -------------------
    SLICE_X54Y185        FDRE (Prop_fdre_C_Q)         0.141     2.072 r  u_jtag_axi_wrap/u_jtag_axi/inst/jtag_axi_engine_u/rd_cmd_fifo_i/inst_fifo_gen/gconvfifo.rf/grf.rf/gntv_or_sync_fifo.gcx.clkx/wr_pntr_cdc_inst/src_gray_ff_reg[3]/Q
                         net (fo=1, routed)           0.105     2.178    u_jtag_axi_wrap/u_jtag_axi/inst/jtag_axi_engine_u/rd_cmd_fifo_i/inst_fifo_gen/gconvfifo.rf/grf.rf/gntv_or_sync_fifo.gcx.clkx/wr_pntr_cdc_inst/async_path[3]
    SLICE_X55Y184        FDRE                                         r  u_jtag_axi_wrap/u_jtag_axi/inst/jtag_axi_engine_u/rd_cmd_fifo_i/inst_fifo_gen/gconvfifo.rf/grf.rf/gntv_or_sync_fifo.gcx.clkx/wr_pntr_cdc_inst/dest_graysync_ff_reg[0][3]/D
  -------------------------------------------------------------------    -------------------

                         (clock sys_clk rise edge)    0.000     0.000 r  
    AC19                                              0.000     0.000 r  clk (IN)
                         net (fo=0)                   0.000     0.000    clk
    AC19                 IBUF (Prop_ibuf_I_O)         0.441     0.441 r  clk_IBUF_inst/O
                         net (fo=1, routed)           1.160     1.601    clk_IBUF
    BUFGCTRL_X0Y0        BUFG (Prop_bufg_I_O)         0.029     1.630 r  clk_IBUF_BUFG_inst/O
                         net (fo=2166, routed)        0.884     2.513    fpga_pll.u_clk_pll/inst/clk_in1
    PLLE2_ADV_X0Y2       PLLE2_ADV (Prop_plle2_adv_CLKIN1_CLKOUT1)
                                                     -1.523     0.990 r  fpga_pll.u_clk_pll/inst/plle2_adv_inst/CLKOUT1
                         net (fo=1, routed)           0.611     1.601    fpga_pll.u_clk_pll/inst/sys_clk_clk_pll
    BUFGCTRL_X0Y3        BUFG (Prop_bufg_I_O)         0.029     1.630 r  fpga_pll.u_clk_pll/inst/clkout2_buf/O
                         net (fo=3291, routed)        0.847     2.477    u_jtag_axi_wrap/u_jtag_axi/inst/jtag_axi_engine_u/rd_cmd_fifo_i/inst_fifo_gen/gconvfifo.rf/grf.rf/gntv_or_sync_fifo.gcx.clkx/wr_pntr_cdc_inst/dest_clk
    SLICE_X55Y184        FDRE                                         r  u_jtag_axi_wrap/u_jtag_axi/inst/jtag_axi_engine_u/rd_cmd_fifo_i/inst_fifo_gen/gconvfifo.rf/grf.rf/gntv_or_sync_fifo.gcx.clkx/wr_pntr_cdc_inst/dest_graysync_ff_reg[0][3]/C





--------------------------------------------------------------------------------------
Path Group:  (none)
From Clock:  cpu_clk
  To Clock:  sys_clk

Max Delay           142 Endpoints
Min Delay           142 Endpoints
--------------------------------------------------------------------------------------


Max Delay Paths
--------------------------------------------------------------------------------------
Slack:                    inf
  Source:                 fpga_pll.u_rst_cpu/delay_reg[1]/C
                            (rising edge-triggered cell FDCE clocked by cpu_clk  {rise@0.000ns fall@15.625ns period=31.250ns})
  Destination:            u_axi_clock_sync/awFifo/bufferCC_12/buffers_0_reg/CLR
                            (recovery check against rising-edge clock sys_clk  {rise@0.000ns fall@5.000ns period=10.000ns})
  Path Group:             (none)
  Path Type:              Recovery (Max at Slow Process Corner)
  Data Path Delay:        2.508ns  (logic 0.484ns (19.297%)  route 2.024ns (80.703%))
  Logic Levels:           1  (LUT1=1)
  Clock Path Skew:        -0.309ns (DCD - SCD + CPR)
    Destination Clock Delay (DCD):    5.265ns
    Source Clock Delay      (SCD):    5.574ns
    Clock Pessimism Removal (CPR):    0.000ns
  Clock Uncertainty:      0.185ns  ((TSJ^2 + DJ^2)^1/2) / 2 + PE
    Total System Jitter     (TSJ):    0.071ns
    Discrete Jitter          (DJ):    0.109ns
    Phase Error              (PE):    0.120ns
  Timing Exception:       Asynchronous Clock Groups

    Location             Delay type                Incr(ns)  Path(ns)    Netlist Resource(s)
  -------------------------------------------------------------------    -------------------
                         (clock cpu_clk rise edge)    0.000     0.000 r  
    AC19                                              0.000     0.000 r  clk (IN)
                         net (fo=0)                   0.000     0.000    clk
    AC19                 IBUF (Prop_ibuf_I_O)         1.416     1.416 r  clk_IBUF_inst/O
                         net (fo=1, routed)           2.602     4.018    clk_IBUF
    BUFGCTRL_X0Y0        BUFG (Prop_bufg_I_O)         0.081     4.099 r  clk_IBUF_BUFG_inst/O
                         net (fo=2166, routed)        1.536     5.635    fpga_pll.u_clk_pll/inst/clk_in1
    PLLE2_ADV_X0Y2       PLLE2_ADV (Prop_plle2_adv_CLKIN1_CLKOUT0)
                                                     -3.173     2.461 r  fpga_pll.u_clk_pll/inst/plle2_adv_inst/CLKOUT0
                         net (fo=1, routed)           1.557     4.018    fpga_pll.u_clk_pll/inst/cpu_clk_clk_pll
    BUFGCTRL_X0Y2        BUFG (Prop_bufg_I_O)         0.081     4.099 r  fpga_pll.u_clk_pll/inst/clkout1_buf/O
                         net (fo=25951, routed)       1.475     5.574    fpga_pll.u_rst_cpu/cpu_clk
    SLICE_X23Y165        FDCE                                         r  fpga_pll.u_rst_cpu/delay_reg[1]/C
  -------------------------------------------------------------------    -------------------
    SLICE_X23Y165        FDCE (Prop_fdce_C_Q)         0.379     5.953 r  fpga_pll.u_rst_cpu/delay_reg[1]/Q
                         net (fo=316, routed)         0.945     6.899    fpga_pll.u_rst_cpu/Q[0]
    SLICE_X21Y167        LUT1 (Prop_lut1_I0_O)        0.105     7.004 f  fpga_pll.u_rst_cpu/FSM_onehot_genblk1[3].state[3][4]_i_2/O
                         net (fo=78, routed)          1.079     8.082    u_axi_clock_sync/awFifo/bufferCC_12/buffers_0_reg_0
    SLICE_X10Y170        FDCE                                         f  u_axi_clock_sync/awFifo/bufferCC_12/buffers_0_reg/CLR
  -------------------------------------------------------------------    -------------------

                         (clock sys_clk rise edge)    0.000     0.000 r  
    AC19                                              0.000     0.000 r  clk (IN)
                         net (fo=0)                   0.000     0.000    clk
    AC19                 IBUF (Prop_ibuf_I_O)         1.350     1.350 r  clk_IBUF_inst/O
                         net (fo=1, routed)           2.471     3.821    clk_IBUF
    BUFGCTRL_X0Y0        BUFG (Prop_bufg_I_O)         0.077     3.898 r  clk_IBUF_BUFG_inst/O
                         net (fo=2166, routed)        1.434     5.331    fpga_pll.u_clk_pll/inst/clk_in1
    PLLE2_ADV_X0Y2       PLLE2_ADV (Prop_plle2_adv_CLKIN1_CLKOUT1)
                                                     -2.995     2.336 r  fpga_pll.u_clk_pll/inst/plle2_adv_inst/CLKOUT1
                         net (fo=1, routed)           1.484     3.821    fpga_pll.u_clk_pll/inst/sys_clk_clk_pll
    BUFGCTRL_X0Y3        BUFG (Prop_bufg_I_O)         0.077     3.898 r  fpga_pll.u_clk_pll/inst/clkout2_buf/O
                         net (fo=3291, routed)        1.367     5.265    u_axi_clock_sync/awFifo/bufferCC_12/sys_clk
    SLICE_X10Y170        FDCE                                         r  u_axi_clock_sync/awFifo/bufferCC_12/buffers_0_reg/C





Min Delay Paths
--------------------------------------------------------------------------------------
Slack:                    inf
  Source:                 u_axi_clock_sync/awFifo/pushCC_pushPtrGray_reg[2]/C
                            (rising edge-triggered cell FDCE clocked by cpu_clk  {rise@0.000ns fall@15.625ns period=31.250ns})
  Destination:            u_axi_clock_sync/awFifo/pushToPopGray_buffercc/buffers_0_reg[2]/D
                            (rising edge-triggered cell FDCE clocked by sys_clk  {rise@0.000ns fall@5.000ns period=10.000ns})
  Path Group:             (none)
  Path Type:              Hold (Min at Fast Process Corner)
  Data Path Delay:        0.242ns  (logic 0.128ns (52.906%)  route 0.114ns (47.094%))
  Logic Levels:           0  
  Clock Path Skew:        0.547ns (DCD - SCD - CPR)
    Destination Clock Delay (DCD):    2.514ns
    Source Clock Delay      (SCD):    1.967ns
    Clock Pessimism Removal (CPR):    -0.000ns
  Clock Uncertainty:      0.185ns  ((TSJ^2 + DJ^2)^1/2) / 2 + PE
    Total System Jitter     (TSJ):    0.071ns
    Discrete Jitter          (DJ):    0.109ns
    Phase Error              (PE):    0.120ns
  Timing Exception:       Asynchronous Clock Groups

    Location             Delay type                Incr(ns)  Path(ns)    Netlist Resource(s)
  -------------------------------------------------------------------    -------------------
                         (clock cpu_clk rise edge)    0.000     0.000 r  
    AC19                                              0.000     0.000 r  clk (IN)
                         net (fo=0)                   0.000     0.000    clk
    AC19                 IBUF (Prop_ibuf_I_O)         0.253     0.253 r  clk_IBUF_inst/O
                         net (fo=1, routed)           1.074     1.327    clk_IBUF
    BUFGCTRL_X0Y0        BUFG (Prop_bufg_I_O)         0.026     1.353 r  clk_IBUF_BUFG_inst/O
                         net (fo=2166, routed)        0.615     1.967    fpga_pll.u_clk_pll/inst/clk_in1
    PLLE2_ADV_X0Y2       PLLE2_ADV (Prop_plle2_adv_CLKIN1_CLKOUT0)
                                                     -1.200     0.767 r  fpga_pll.u_clk_pll/inst/plle2_adv_inst/CLKOUT0
                         net (fo=1, routed)           0.560     1.327    fpga_pll.u_clk_pll/inst/cpu_clk_clk_pll
    BUFGCTRL_X0Y2        BUFG (Prop_bufg_I_O)         0.026     1.353 r  fpga_pll.u_clk_pll/inst/clkout1_buf/O
                         net (fo=25951, routed)       0.615     1.967    u_axi_clock_sync/awFifo/cpu_clk
    SLICE_X15Y177        FDCE                                         r  u_axi_clock_sync/awFifo/pushCC_pushPtrGray_reg[2]/C
  -------------------------------------------------------------------    -------------------
    SLICE_X15Y177        FDCE (Prop_fdce_C_Q)         0.128     2.095 r  u_axi_clock_sync/awFifo/pushCC_pushPtrGray_reg[2]/Q
                         net (fo=2, routed)           0.114     2.209    u_axi_clock_sync/awFifo/pushToPopGray_buffercc/Q[2]
    SLICE_X12Y178        FDCE                                         r  u_axi_clock_sync/awFifo/pushToPopGray_buffercc/buffers_0_reg[2]/D
  -------------------------------------------------------------------    -------------------

                         (clock sys_clk rise edge)    0.000     0.000 r  
    AC19                                              0.000     0.000 r  clk (IN)
                         net (fo=0)                   0.000     0.000    clk
    AC19                 IBUF (Prop_ibuf_I_O)         0.441     0.441 r  clk_IBUF_inst/O
                         net (fo=1, routed)           1.160     1.601    clk_IBUF
    BUFGCTRL_X0Y0        BUFG (Prop_bufg_I_O)         0.029     1.630 r  clk_IBUF_BUFG_inst/O
                         net (fo=2166, routed)        0.884     2.513    fpga_pll.u_clk_pll/inst/clk_in1
    PLLE2_ADV_X0Y2       PLLE2_ADV (Prop_plle2_adv_CLKIN1_CLKOUT1)
                                                     -1.523     0.990 r  fpga_pll.u_clk_pll/inst/plle2_adv_inst/CLKOUT1
                         net (fo=1, routed)           0.611     1.601    fpga_pll.u_clk_pll/inst/sys_clk_clk_pll
    BUFGCTRL_X0Y3        BUFG (Prop_bufg_I_O)         0.029     1.630 r  fpga_pll.u_clk_pll/inst/clkout2_buf/O
                         net (fo=3291, routed)        0.885     2.514    u_axi_clock_sync/awFifo/pushToPopGray_buffercc/sys_clk
    SLICE_X12Y178        FDCE                                         r  u_axi_clock_sync/awFifo/pushToPopGray_buffercc/buffers_0_reg[2]/C





--------------------------------------------------------------------------------------
Path Group:  (none)
From Clock:  clk_pll_i
  To Clock:  

Max Delay             2 Endpoints
Min Delay             2 Endpoints
--------------------------------------------------------------------------------------


Max Delay Paths
--------------------------------------------------------------------------------------
Slack:                    inf
  Source:                 ddr3.u_axi_wrap_ddr/mig_axi/u_mig_axi_32_mig/u_memc_ui_top_axi/mem_intfc0/ddr_phy_top0/u_ddr_calib_top/init_calib_complete_reg_rep__3/C
                            (rising edge-triggered cell FDRE clocked by clk_pll_i  {rise@0.000ns fall@5.000ns period=10.000ns})
  Destination:            ddr3_reset_n
                            (output port)
  Path Group:             (none)
  Path Type:              Max at Slow Process Corner
  Data Path Delay:        5.030ns  (logic 2.068ns (41.107%)  route 2.962ns (58.893%))
  Logic Levels:           2  (LUT2=1 OBUF=1)
  Clock Uncertainty:      0.168ns  ((TSJ^2 + DJ^2)^1/2) / 2 + PE
    Total System Jitter     (TSJ):    0.050ns
    Discrete Jitter          (DJ):    0.096ns
    Phase Error              (PE):    0.114ns

    Location             Delay type                Incr(ns)  Path(ns)    Netlist Resource(s)
  -------------------------------------------------------------------    -------------------
                         (clock clk_pll_i rise edge)
                                                      0.000     0.000 r  
    AC19                                              0.000     0.000 r  clk (IN)
                         net (fo=0)                   0.000     0.000    clk
    AC19                 IBUF (Prop_ibuf_I_O)         1.416     1.416 r  clk_IBUF_inst/O
                         net (fo=1, routed)           2.602     4.018    clk_IBUF
    BUFGCTRL_X0Y0        BUFG (Prop_bufg_I_O)         0.081     4.099 r  clk_IBUF_BUFG_inst/O
                         net (fo=2166, routed)        1.696     5.795    ddr3.u_axi_wrap_ddr/mig_axi/u_mig_axi_32_mig/u_ddr3_infrastructure/mmcm_clk
    PLLE2_ADV_X0Y4       PLLE2_ADV (Prop_plle2_adv_CLKIN1_CLKOUT3)
                                                      0.077     5.872 r  ddr3.u_axi_wrap_ddr/mig_axi/u_mig_axi_32_mig/u_ddr3_infrastructure/plle2_i/CLKOUT3
                         net (fo=1, routed)           1.429     7.301    ddr3.u_axi_wrap_ddr/mig_axi/u_mig_axi_32_mig/u_ddr3_infrastructure/pll_clk3_out
    BUFHCE_X0Y48         BUFH (Prop_bufh_I_O)         0.106     7.407 r  ddr3.u_axi_wrap_ddr/mig_axi/u_mig_axi_32_mig/u_ddr3_infrastructure/u_bufh_pll_clk3/O
                         net (fo=1, routed)           0.841     8.248    ddr3.u_axi_wrap_ddr/mig_axi/u_mig_axi_32_mig/u_ddr3_infrastructure/pll_clk3
    MMCME2_ADV_X0Y4      MMCME2_ADV (Prop_mmcme2_adv_CLKIN1_CLKFBOUT)
                                                     -3.816     4.432 r  ddr3.u_axi_wrap_ddr/mig_axi/u_mig_axi_32_mig/u_ddr3_infrastructure/gen_mmcm.mmcm_i/CLKFBOUT
                         net (fo=1, routed)           2.061     6.493    ddr3.u_axi_wrap_ddr/mig_axi/u_mig_axi_32_mig/u_ddr3_infrastructure/clk_pll_i
    BUFGCTRL_X0Y16       BUFG (Prop_bufg_I_O)         0.081     6.574 r  ddr3.u_axi_wrap_ddr/mig_axi/u_mig_axi_32_mig/u_ddr3_infrastructure/u_bufg_clkdiv0/O
                         net (fo=7005, routed)        1.716     8.290    ddr3.u_axi_wrap_ddr/mig_axi/u_mig_axi_32_mig/u_memc_ui_top_axi/mem_intfc0/ddr_phy_top0/u_ddr_calib_top/CLK
    SLICE_X1Y231         FDRE                                         r  ddr3.u_axi_wrap_ddr/mig_axi/u_mig_axi_32_mig/u_memc_ui_top_axi/mem_intfc0/ddr_phy_top0/u_ddr_calib_top/init_calib_complete_reg_rep__3/C
  -------------------------------------------------------------------    -------------------
    SLICE_X1Y231         FDRE (Prop_fdre_C_Q)         0.379     8.669 r  ddr3.u_axi_wrap_ddr/mig_axi/u_mig_axi_32_mig/u_memc_ui_top_axi/mem_intfc0/ddr_phy_top0/u_ddr_calib_top/init_calib_complete_reg_rep__3/Q
                         net (fo=48, routed)          1.251     9.920    ddr3.u_axi_wrap_ddr/mig_axi/u_mig_axi_32_mig/u_memc_ui_top_axi/mem_intfc0/ddr_phy_top0/u_ddr_calib_top/u_ddr_phy_init/out_fifo
    SLICE_X1Y239         LUT2 (Prop_lut2_I0_O)        0.105    10.025 r  ddr3.u_axi_wrap_ddr/mig_axi/u_mig_axi_32_mig/u_memc_ui_top_axi/mem_intfc0/ddr_phy_top0/u_ddr_calib_top/u_ddr_phy_init/gen_reset_obuf.u_reset_obuf_i_1/O
                         net (fo=1, routed)           1.712    11.736    ddr3.u_axi_wrap_ddr/mig_axi/u_mig_axi_32_mig/u_memc_ui_top_axi/mem_intfc0/ddr_phy_top0/u_ddr_mc_phy_wrapper/mux_reset_n
    A19                  OBUF (Prop_obuf_I_O)         1.584    13.320 r  ddr3.u_axi_wrap_ddr/mig_axi/u_mig_axi_32_mig/u_memc_ui_top_axi/mem_intfc0/ddr_phy_top0/u_ddr_mc_phy_wrapper/gen_reset_obuf.u_reset_obuf/O
                         net (fo=0)                   0.000    13.320    ddr3_reset_n
    A19                                                               r  ddr3_reset_n (OUT)
  -------------------------------------------------------------------    -------------------





Min Delay Paths
--------------------------------------------------------------------------------------
Slack:                    inf
  Source:                 ddr3.u_axi_wrap_ddr/mig_axi/u_mig_axi_32_mig/u_ddr3_infrastructure/gen_mmcm.mmcm_i/CLKFBOUT
                            (clock source 'clk_pll_i'  {rise@0.000ns fall@5.000ns period=10.000ns})
  Destination:            ddr3.u_axi_wrap_ddr/mig_axi/u_mig_axi_32_mig/u_ddr3_infrastructure/gen_mmcm.mmcm_i/CLKFBIN
  Path Group:             (none)
  Path Type:              Min at Fast Process Corner
  Data Path Delay:        1.511ns  (logic 0.026ns (1.721%)  route 1.485ns (98.279%))
  Logic Levels:           1  (BUFG=1)
  Clock Uncertainty:      0.168ns  ((TSJ^2 + DJ^2)^1/2) / 2 + PE
    Total System Jitter     (TSJ):    0.050ns
    Discrete Jitter          (DJ):    0.096ns
    Phase Error              (PE):    0.114ns

    Location             Delay type                Incr(ns)  Path(ns)    Netlist Resource(s)
  -------------------------------------------------------------------    -------------------
                         (clock clk_pll_i rise edge)
                                                      0.000     0.000 r  
    AC19                                              0.000     0.000 r  clk (IN)
                         net (fo=0)                   0.000     0.000    clk
    AC19                 IBUF (Prop_ibuf_I_O)         0.253     0.253 r  clk_IBUF_inst/O
                         net (fo=1, routed)           1.074     1.327    clk_IBUF
    BUFGCTRL_X0Y0        BUFG (Prop_bufg_I_O)         0.026     1.353 r  clk_IBUF_BUFG_inst/O
                         net (fo=2166, routed)        0.701     2.054    ddr3.u_axi_wrap_ddr/mig_axi/u_mig_axi_32_mig/u_ddr3_infrastructure/mmcm_clk
    PLLE2_ADV_X0Y4       PLLE2_ADV (Prop_plle2_adv_CLKIN1_CLKOUT3)
                                                      0.050     2.104 r  ddr3.u_axi_wrap_ddr/mig_axi/u_mig_axi_32_mig/u_ddr3_infrastructure/plle2_i/CLKOUT3
                         net (fo=1, routed)           0.518     2.622    ddr3.u_axi_wrap_ddr/mig_axi/u_mig_axi_32_mig/u_ddr3_infrastructure/pll_clk3_out
    BUFHCE_X0Y48         BUFH (Prop_bufh_I_O)         0.020     2.642 r  ddr3.u_axi_wrap_ddr/mig_axi/u_mig_axi_32_mig/u_ddr3_infrastructure/u_bufh_pll_clk3/O
                         net (fo=1, routed)           0.326     2.968    ddr3.u_axi_wrap_ddr/mig_axi/u_mig_axi_32_mig/u_ddr3_infrastructure/pll_clk3
  -------------------------------------------------------------------    -------------------
    MMCME2_ADV_X0Y4      MMCME2_ADV (Prop_mmcme2_adv_CLKIN1_CLKFBOUT)
                                                     -1.511     1.457 r  ddr3.u_axi_wrap_ddr/mig_axi/u_mig_axi_32_mig/u_ddr3_infrastructure/gen_mmcm.mmcm_i/CLKFBOUT
                         net (fo=1, routed)           0.790     2.248    ddr3.u_axi_wrap_ddr/mig_axi/u_mig_axi_32_mig/u_ddr3_infrastructure/clk_pll_i
    BUFGCTRL_X0Y16       BUFG (Prop_bufg_I_O)         0.026     2.274 r  ddr3.u_axi_wrap_ddr/mig_axi/u_mig_axi_32_mig/u_ddr3_infrastructure/u_bufg_clkdiv0/O
                         net (fo=7005, routed)        0.694     2.968    ddr3.u_axi_wrap_ddr/mig_axi/u_mig_axi_32_mig/u_ddr3_infrastructure/CLK
    MMCME2_ADV_X0Y4      MMCME2_ADV                                   r  ddr3.u_axi_wrap_ddr/mig_axi/u_mig_axi_32_mig/u_ddr3_infrastructure/gen_mmcm.mmcm_i/CLKFBIN
  -------------------------------------------------------------------    -------------------





--------------------------------------------------------------------------------------
Path Group:  (none)
From Clock:  clkfbout_clk_pll
  To Clock:  

Max Delay             1 Endpoint
Min Delay             1 Endpoint
--------------------------------------------------------------------------------------


Max Delay Paths
--------------------------------------------------------------------------------------
Slack:                    inf
  Source:                 fpga_pll.u_clk_pll/inst/plle2_adv_inst/CLKFBOUT
                            (clock source 'clkfbout_clk_pll'  {rise@0.000ns fall@5.000ns period=10.000ns})
  Destination:            fpga_pll.u_clk_pll/inst/plle2_adv_inst/CLKFBIN
  Path Group:             (none)
  Path Type:              Max at Slow Process Corner
  Data Path Delay:        3.173ns  (logic 0.081ns (2.552%)  route 3.092ns (97.448%))
  Logic Levels:           1  (BUFG=1)
  Clock Uncertainty:      0.115ns  ((TSJ^2 + DJ^2)^1/2) / 2 + PE
    Total System Jitter     (TSJ):    0.050ns
    Discrete Jitter          (DJ):    0.053ns
    Phase Error              (PE):    0.078ns

    Location             Delay type                Incr(ns)  Path(ns)    Netlist Resource(s)
  -------------------------------------------------------------------    -------------------
                         (clock clkfbout_clk_pll fall edge)
                                                      5.000     5.000 f  
    AC19                                              0.000     5.000 f  clk (IN)
                         net (fo=0)                   0.000     5.000    clk
    AC19                 IBUF (Prop_ibuf_I_O)         1.416     6.416 f  clk_IBUF_inst/O
                         net (fo=1, routed)           2.602     9.018    clk_IBUF
    BUFGCTRL_X0Y0        BUFG (Prop_bufg_I_O)         0.081     9.099 f  clk_IBUF_BUFG_inst/O
                         net (fo=2166, routed)        1.536    10.635    fpga_pll.u_clk_pll/inst/clk_in1
  -------------------------------------------------------------------    -------------------
    PLLE2_ADV_X0Y2       PLLE2_ADV (Prop_plle2_adv_CLKIN1_CLKFBOUT)
                                                     -3.173     7.461 f  fpga_pll.u_clk_pll/inst/plle2_adv_inst/CLKFBOUT
                         net (fo=1, routed)           1.557     9.018    fpga_pll.u_clk_pll/inst/clkfbout_clk_pll
    BUFGCTRL_X0Y5        BUFG (Prop_bufg_I_O)         0.081     9.099 f  fpga_pll.u_clk_pll/inst/clkf_buf/O
                         net (fo=1, routed)           1.536    10.635    fpga_pll.u_clk_pll/inst/clkfbout_buf_clk_pll
    PLLE2_ADV_X0Y2       PLLE2_ADV                                    f  fpga_pll.u_clk_pll/inst/plle2_adv_inst/CLKFBIN
  -------------------------------------------------------------------    -------------------





Min Delay Paths
--------------------------------------------------------------------------------------
Slack:                    inf
  Source:                 fpga_pll.u_clk_pll/inst/plle2_adv_inst/CLKFBOUT
                            (clock source 'clkfbout_clk_pll'  {rise@0.000ns fall@5.000ns period=10.000ns})
  Destination:            fpga_pll.u_clk_pll/inst/plle2_adv_inst/CLKFBIN
  Path Group:             (none)
  Path Type:              Min at Fast Process Corner
  Data Path Delay:        1.200ns  (logic 0.026ns (2.166%)  route 1.175ns (97.834%))
  Logic Levels:           1  (BUFG=1)
  Clock Uncertainty:      0.115ns  ((TSJ^2 + DJ^2)^1/2) / 2 + PE
    Total System Jitter     (TSJ):    0.050ns
    Discrete Jitter          (DJ):    0.053ns
    Phase Error              (PE):    0.078ns

    Location             Delay type                Incr(ns)  Path(ns)    Netlist Resource(s)
  -------------------------------------------------------------------    -------------------
                         (clock clkfbout_clk_pll rise edge)
                                                      0.000     0.000 r  
    AC19                                              0.000     0.000 r  clk (IN)
                         net (fo=0)                   0.000     0.000    clk
    AC19                 IBUF (Prop_ibuf_I_O)         0.253     0.253 r  clk_IBUF_inst/O
                         net (fo=1, routed)           1.074     1.327    clk_IBUF
    BUFGCTRL_X0Y0        BUFG (Prop_bufg_I_O)         0.026     1.353 r  clk_IBUF_BUFG_inst/O
                         net (fo=2166, routed)        0.615     1.967    fpga_pll.u_clk_pll/inst/clk_in1
  -------------------------------------------------------------------    -------------------
    PLLE2_ADV_X0Y2       PLLE2_ADV (Prop_plle2_adv_CLKIN1_CLKFBOUT)
                                                     -1.200     0.767 r  fpga_pll.u_clk_pll/inst/plle2_adv_inst/CLKFBOUT
                         net (fo=1, routed)           0.560     1.327    fpga_pll.u_clk_pll/inst/clkfbout_clk_pll
    BUFGCTRL_X0Y5        BUFG (Prop_bufg_I_O)         0.026     1.353 r  fpga_pll.u_clk_pll/inst/clkf_buf/O
                         net (fo=1, routed)           0.615     1.967    fpga_pll.u_clk_pll/inst/clkfbout_buf_clk_pll
    PLLE2_ADV_X0Y2       PLLE2_ADV                                    r  fpga_pll.u_clk_pll/inst/plle2_adv_inst/CLKFBIN
  -------------------------------------------------------------------    -------------------





--------------------------------------------------------------------------------------
Path Group:  (none)
From Clock:  clkfbout_clk_pll_ddr
  To Clock:  

Max Delay             1 Endpoint
Min Delay             1 Endpoint
--------------------------------------------------------------------------------------


Max Delay Paths
--------------------------------------------------------------------------------------
Slack:                    inf
  Source:                 fpga_pll.u_clk_pll_ddr/inst/plle2_adv_inst/CLKFBOUT
                            (clock source 'clkfbout_clk_pll_ddr'  {rise@0.000ns fall@5.000ns period=10.000ns})
  Destination:            fpga_pll.u_clk_pll_ddr/inst/plle2_adv_inst/CLKFBIN
  Path Group:             (none)
  Path Type:              Max at Slow Process Corner
  Data Path Delay:        4.192ns  (logic 0.081ns (1.932%)  route 4.111ns (98.068%))
  Logic Levels:           1  (BUFG=1)
  Clock Uncertainty:      0.147ns  ((TSJ^2 + DJ^2)^1/2) / 2 + PE
    Total System Jitter     (TSJ):    0.050ns
    Discrete Jitter          (DJ):    0.083ns
    Phase Error              (PE):    0.099ns

    Location             Delay type                Incr(ns)  Path(ns)    Netlist Resource(s)
  -------------------------------------------------------------------    -------------------
                         (clock clkfbout_clk_pll_ddr fall edge)
                                                      5.000     5.000 f  
    AC19                                              0.000     5.000 f  clk (IN)
                         net (fo=0)                   0.000     5.000    clk
    AC19                 IBUF (Prop_ibuf_I_O)         1.416     6.416 f  clk_IBUF_inst/O
                         net (fo=1, routed)           2.602     9.018    clk_IBUF
    BUFGCTRL_X0Y0        BUFG (Prop_bufg_I_O)         0.081     9.099 f  clk_IBUF_BUFG_inst/O
                         net (fo=2166, routed)        1.823    10.922    fpga_pll.u_clk_pll_ddr/inst/clk_in1
  -------------------------------------------------------------------    -------------------
    PLLE2_ADV_X1Y0       PLLE2_ADV (Prop_plle2_adv_CLKIN1_CLKFBOUT)
                                                     -4.192     6.730 f  fpga_pll.u_clk_pll_ddr/inst/plle2_adv_inst/CLKFBOUT
                         net (fo=1, routed)           2.288     9.018    fpga_pll.u_clk_pll_ddr/inst/clkfbout_clk_pll_ddr
    BUFGCTRL_X0Y6        BUFG (Prop_bufg_I_O)         0.081     9.099 f  fpga_pll.u_clk_pll_ddr/inst/clkf_buf/O
                         net (fo=1, routed)           1.823    10.922    fpga_pll.u_clk_pll_ddr/inst/clkfbout_buf_clk_pll_ddr
    PLLE2_ADV_X1Y0       PLLE2_ADV                                    f  fpga_pll.u_clk_pll_ddr/inst/plle2_adv_inst/CLKFBIN
  -------------------------------------------------------------------    -------------------





Min Delay Paths
--------------------------------------------------------------------------------------
Slack:                    inf
  Source:                 fpga_pll.u_clk_pll_ddr/inst/plle2_adv_inst/CLKFBOUT
                            (clock source 'clkfbout_clk_pll_ddr'  {rise@0.000ns fall@5.000ns period=10.000ns})
  Destination:            fpga_pll.u_clk_pll_ddr/inst/plle2_adv_inst/CLKFBIN
  Path Group:             (none)
  Path Type:              Min at Fast Process Corner
  Data Path Delay:        1.703ns  (logic 0.026ns (1.527%)  route 1.677ns (98.473%))
  Logic Levels:           1  (BUFG=1)
  Clock Uncertainty:      0.147ns  ((TSJ^2 + DJ^2)^1/2) / 2 + PE
    Total System Jitter     (TSJ):    0.050ns
    Discrete Jitter          (DJ):    0.083ns
    Phase Error              (PE):    0.099ns

    Location             Delay type                Incr(ns)  Path(ns)    Netlist Resource(s)
  -------------------------------------------------------------------    -------------------
                         (clock clkfbout_clk_pll_ddr rise edge)
                                                      0.000     0.000 r  
    AC19                                              0.000     0.000 r  clk (IN)
                         net (fo=0)                   0.000     0.000    clk
    AC19                 IBUF (Prop_ibuf_I_O)         0.253     0.253 r  clk_IBUF_inst/O
                         net (fo=1, routed)           1.074     1.327    clk_IBUF
    BUFGCTRL_X0Y0        BUFG (Prop_bufg_I_O)         0.026     1.353 r  clk_IBUF_BUFG_inst/O
                         net (fo=2166, routed)        0.750     2.103    fpga_pll.u_clk_pll_ddr/inst/clk_in1
  -------------------------------------------------------------------    -------------------
    PLLE2_ADV_X1Y0       PLLE2_ADV (Prop_plle2_adv_CLKIN1_CLKFBOUT)
                                                     -1.703     0.400 r  fpga_pll.u_clk_pll_ddr/inst/plle2_adv_inst/CLKFBOUT
                         net (fo=1, routed)           0.927     1.327    fpga_pll.u_clk_pll_ddr/inst/clkfbout_clk_pll_ddr
    BUFGCTRL_X0Y6        BUFG (Prop_bufg_I_O)         0.026     1.353 r  fpga_pll.u_clk_pll_ddr/inst/clkf_buf/O
                         net (fo=1, routed)           0.750     2.103    fpga_pll.u_clk_pll_ddr/inst/clkfbout_buf_clk_pll_ddr
    PLLE2_ADV_X1Y0       PLLE2_ADV                                    r  fpga_pll.u_clk_pll_ddr/inst/plle2_adv_inst/CLKFBIN
  -------------------------------------------------------------------    -------------------





--------------------------------------------------------------------------------------
Path Group:  (none)
From Clock:  ddr_clk
  To Clock:  

Max Delay             1 Endpoint
Min Delay             1 Endpoint
--------------------------------------------------------------------------------------


Max Delay Paths
--------------------------------------------------------------------------------------
Slack:                    inf
  Source:                 fpga_pll.u_clk_pll_ddr/inst/plle2_adv_inst/CLKOUT0
                            (clock source 'ddr_clk'  {rise@0.000ns fall@2.500ns period=5.000ns})
  Destination:            ddr3.u_axi_wrap_ddr/mig_axi/u_mig_axi_32_mig/u_iodelay_ctrl/u_idelayctrl_200/REFCLK
  Path Group:             (none)
  Path Type:              Max at Slow Process Corner
  Data Path Delay:        3.841ns  (logic 0.081ns (2.109%)  route 3.760ns (97.891%))
  Logic Levels:           1  (BUFG=1)
  Clock Uncertainty:      0.160ns  ((TSJ^2 + DJ^2)^1/2) / 2 + PE
    Total System Jitter     (TSJ):    0.050ns
    Discrete Jitter          (DJ):    0.113ns
    Phase Error              (PE):    0.099ns

    Location             Delay type                Incr(ns)  Path(ns)    Netlist Resource(s)
  -------------------------------------------------------------------    -------------------
                         (clock ddr_clk fall edge)    2.500     2.500 f  
    AC19                                              0.000     2.500 f  clk (IN)
                         net (fo=0)                   0.000     2.500    clk
    AC19                 IBUF (Prop_ibuf_I_O)         1.416     3.916 f  clk_IBUF_inst/O
                         net (fo=1, routed)           2.602     6.518    clk_IBUF
    BUFGCTRL_X0Y0        BUFG (Prop_bufg_I_O)         0.081     6.599 f  clk_IBUF_BUFG_inst/O
                         net (fo=2166, routed)        1.823     8.422    fpga_pll.u_clk_pll_ddr/inst/clk_in1
  -------------------------------------------------------------------    -------------------
    PLLE2_ADV_X1Y0       PLLE2_ADV (Prop_plle2_adv_CLKIN1_CLKOUT0)
                                                     -4.192     4.230 f  fpga_pll.u_clk_pll_ddr/inst/plle2_adv_inst/CLKOUT0
                         net (fo=1, routed)           2.288     6.518    fpga_pll.u_clk_pll_ddr/inst/ddr_clk_clk_pll_ddr
    BUFGCTRL_X0Y1        BUFG (Prop_bufg_I_O)         0.081     6.599 f  fpga_pll.u_clk_pll_ddr/inst/clkout1_buf/O
                         net (fo=62, routed)          1.472     8.071    ddr3.u_axi_wrap_ddr/mig_axi/u_mig_axi_32_mig/u_iodelay_ctrl/clk_ref_i
    IDELAYCTRL_X0Y4      IDELAYCTRL                                   f  ddr3.u_axi_wrap_ddr/mig_axi/u_mig_axi_32_mig/u_iodelay_ctrl/u_idelayctrl_200/REFCLK
  -------------------------------------------------------------------    -------------------





Min Delay Paths
--------------------------------------------------------------------------------------
Slack:                    inf
  Source:                 fpga_pll.u_clk_pll_ddr/inst/plle2_adv_inst/CLKOUT0
                            (clock source 'ddr_clk'  {rise@0.000ns fall@2.500ns period=5.000ns})
  Destination:            ddr3.u_axi_wrap_ddr/mig_axi/u_mig_axi_32_mig/u_iodelay_ctrl/u_idelayctrl_200/REFCLK
  Path Group:             (none)
  Path Type:              Min at Fast Process Corner
  Data Path Delay:        1.594ns  (logic 0.026ns (1.631%)  route 1.568ns (98.369%))
  Logic Levels:           1  (BUFG=1)
  Clock Uncertainty:      0.160ns  ((TSJ^2 + DJ^2)^1/2) / 2 + PE
    Total System Jitter     (TSJ):    0.050ns
    Discrete Jitter          (DJ):    0.113ns
    Phase Error              (PE):    0.099ns

    Location             Delay type                Incr(ns)  Path(ns)    Netlist Resource(s)
  -------------------------------------------------------------------    -------------------
                         (clock ddr_clk rise edge)    0.000     0.000 r  
    AC19                                              0.000     0.000 r  clk (IN)
                         net (fo=0)                   0.000     0.000    clk
    AC19                 IBUF (Prop_ibuf_I_O)         0.253     0.253 r  clk_IBUF_inst/O
                         net (fo=1, routed)           1.074     1.327    clk_IBUF
    BUFGCTRL_X0Y0        BUFG (Prop_bufg_I_O)         0.026     1.353 r  clk_IBUF_BUFG_inst/O
                         net (fo=2166, routed)        0.750     2.103    fpga_pll.u_clk_pll_ddr/inst/clk_in1
  -------------------------------------------------------------------    -------------------
    PLLE2_ADV_X1Y0       PLLE2_ADV (Prop_plle2_adv_CLKIN1_CLKOUT0)
                                                     -1.703     0.400 r  fpga_pll.u_clk_pll_ddr/inst/plle2_adv_inst/CLKOUT0
                         net (fo=1, routed)           0.927     1.327    fpga_pll.u_clk_pll_ddr/inst/ddr_clk_clk_pll_ddr
    BUFGCTRL_X0Y1        BUFG (Prop_bufg_I_O)         0.026     1.353 r  fpga_pll.u_clk_pll_ddr/inst/clkout1_buf/O
                         net (fo=62, routed)          0.641     1.994    ddr3.u_axi_wrap_ddr/mig_axi/u_mig_axi_32_mig/u_iodelay_ctrl/clk_ref_i
    IDELAYCTRL_X0Y4      IDELAYCTRL                                   r  ddr3.u_axi_wrap_ddr/mig_axi/u_mig_axi_32_mig/u_iodelay_ctrl/u_idelayctrl_200/REFCLK
  -------------------------------------------------------------------    -------------------





--------------------------------------------------------------------------------------
Path Group:  (none)
From Clock:  freq_refclk
  To Clock:  

Max Delay             5 Endpoints
Min Delay             5 Endpoints
--------------------------------------------------------------------------------------


Max Delay Paths
--------------------------------------------------------------------------------------
Slack:                    inf
  Source:                 ddr3.u_axi_wrap_ddr/mig_axi/u_mig_axi_32_mig/u_ddr3_infrastructure/plle2_i/CLKOUT0
                            (clock source 'freq_refclk'  {rise@0.000ns fall@0.625ns period=1.250ns})
  Destination:            ddr3.u_axi_wrap_ddr/mig_axi/u_mig_axi_32_mig/u_memc_ui_top_axi/mem_intfc0/ddr_phy_top0/u_ddr_mc_phy_wrapper/u_ddr_mc_phy/ddr_phy_4lanes_0.u_ddr_phy_4lanes/phaser_ref_i/CLKIN
  Path Group:             (none)
  Path Type:              Max at Slow Process Corner
  Data Path Delay:        0.550ns  (logic 0.000ns (0.000%)  route 0.550ns (100.000%))
  Logic Levels:           0  
  Clock Uncertainty:      0.168ns  ((TSJ^2 + DJ^2)^1/2) / 2 + PE
    Total System Jitter     (TSJ):    0.050ns
    Discrete Jitter          (DJ):    0.096ns
    Phase Error              (PE):    0.114ns

    Location             Delay type                Incr(ns)  Path(ns)    Netlist Resource(s)
  -------------------------------------------------------------------    -------------------
                         (clock freq_refclk fall edge)
                                                      0.625     0.625 f  
    AC19                                              0.000     0.625 f  clk (IN)
                         net (fo=0)                   0.000     0.625    clk
    AC19                 IBUF (Prop_ibuf_I_O)         1.416     2.041 f  clk_IBUF_inst/O
                         net (fo=1, routed)           2.602     4.643    clk_IBUF
    BUFGCTRL_X0Y0        BUFG (Prop_bufg_I_O)         0.081     4.724 f  clk_IBUF_BUFG_inst/O
                         net (fo=2166, routed)        1.696     6.420    ddr3.u_axi_wrap_ddr/mig_axi/u_mig_axi_32_mig/u_ddr3_infrastructure/mmcm_clk
  -------------------------------------------------------------------    -------------------
    PLLE2_ADV_X0Y4       PLLE2_ADV (Prop_plle2_adv_CLKIN1_CLKOUT0)
                                                      0.077     6.497 f  ddr3.u_axi_wrap_ddr/mig_axi/u_mig_axi_32_mig/u_ddr3_infrastructure/plle2_i/CLKOUT0
                         net (fo=7, routed)           0.550     7.047    ddr3.u_axi_wrap_ddr/mig_axi/u_mig_axi_32_mig/u_memc_ui_top_axi/mem_intfc0/ddr_phy_top0/u_ddr_mc_phy_wrapper/u_ddr_mc_phy/ddr_phy_4lanes_0.u_ddr_phy_4lanes/freq_refclk
    PHASER_REF_X0Y4      PHASER_REF                                   f  ddr3.u_axi_wrap_ddr/mig_axi/u_mig_axi_32_mig/u_memc_ui_top_axi/mem_intfc0/ddr_phy_top0/u_ddr_mc_phy_wrapper/u_ddr_mc_phy/ddr_phy_4lanes_0.u_ddr_phy_4lanes/phaser_ref_i/CLKIN
  -------------------------------------------------------------------    -------------------





Min Delay Paths
--------------------------------------------------------------------------------------
Slack:                    inf
  Source:                 ddr3.u_axi_wrap_ddr/mig_axi/u_mig_axi_32_mig/u_ddr3_infrastructure/plle2_i/CLKOUT0
                            (clock source 'freq_refclk'  {rise@0.000ns fall@0.625ns period=1.250ns})
  Destination:            ddr3.u_axi_wrap_ddr/mig_axi/u_mig_axi_32_mig/u_memc_ui_top_axi/mem_intfc0/ddr_phy_top0/u_ddr_mc_phy_wrapper/u_ddr_mc_phy/ddr_phy_4lanes_0.u_ddr_phy_4lanes/ddr_byte_lane_D.ddr_byte_lane_D/phaser_out/FREQREFCLK
  Path Group:             (none)
  Path Type:              Min at Fast Process Corner
  Data Path Delay:        0.190ns  (logic 0.000ns (0.000%)  route 0.190ns (100.000%))
  Logic Levels:           0  
  Clock Uncertainty:      0.168ns  ((TSJ^2 + DJ^2)^1/2) / 2 + PE
    Total System Jitter     (TSJ):    0.050ns
    Discrete Jitter          (DJ):    0.096ns
    Phase Error              (PE):    0.114ns

    Location             Delay type                Incr(ns)  Path(ns)    Netlist Resource(s)
  -------------------------------------------------------------------    -------------------
                         (clock freq_refclk rise edge)
                                                      0.000     0.000 r  
    AC19                                              0.000     0.000 r  clk (IN)
                         net (fo=0)                   0.000     0.000    clk
    AC19                 IBUF (Prop_ibuf_I_O)         0.253     0.253 r  clk_IBUF_inst/O
                         net (fo=1, routed)           1.074     1.327    clk_IBUF
    BUFGCTRL_X0Y0        BUFG (Prop_bufg_I_O)         0.026     1.353 r  clk_IBUF_BUFG_inst/O
                         net (fo=2166, routed)        0.701     2.054    ddr3.u_axi_wrap_ddr/mig_axi/u_mig_axi_32_mig/u_ddr3_infrastructure/mmcm_clk
  -------------------------------------------------------------------    -------------------
    PLLE2_ADV_X0Y4       PLLE2_ADV (Prop_plle2_adv_CLKIN1_CLKOUT0)
                                                      0.050     2.104 r  ddr3.u_axi_wrap_ddr/mig_axi/u_mig_axi_32_mig/u_ddr3_infrastructure/plle2_i/CLKOUT0
                         net (fo=7, routed)           0.190     2.294    ddr3.u_axi_wrap_ddr/mig_axi/u_mig_axi_32_mig/u_memc_ui_top_axi/mem_intfc0/ddr_phy_top0/u_ddr_mc_phy_wrapper/u_ddr_mc_phy/ddr_phy_4lanes_0.u_ddr_phy_4lanes/ddr_byte_lane_D.ddr_byte_lane_D/freq_refclk
    PHASER_OUT_PHY_X0Y19 PHASER_OUT_PHY                               r  ddr3.u_axi_wrap_ddr/mig_axi/u_mig_axi_32_mig/u_memc_ui_top_axi/mem_intfc0/ddr_phy_top0/u_ddr_mc_phy_wrapper/u_ddr_mc_phy/ddr_phy_4lanes_0.u_ddr_phy_4lanes/ddr_byte_lane_D.ddr_byte_lane_D/phaser_out/FREQREFCLK
  -------------------------------------------------------------------    -------------------





--------------------------------------------------------------------------------------
Path Group:  (none)
From Clock:  pll_clkfbout
  To Clock:  

Max Delay             1 Endpoint
Min Delay             1 Endpoint
--------------------------------------------------------------------------------------


Max Delay Paths
--------------------------------------------------------------------------------------
Slack:                    inf
  Source:                 ddr3.u_axi_wrap_ddr/mig_axi/u_mig_axi_32_mig/u_ddr3_infrastructure/plle2_i/CLKFBOUT
                            (clock source 'pll_clkfbout'  {rise@0.000ns fall@5.000ns period=10.000ns})
  Destination:            ddr3.u_axi_wrap_ddr/mig_axi/u_mig_axi_32_mig/u_ddr3_infrastructure/plle2_i/CLKFBIN
  Path Group:             (none)
  Path Type:              Max at Slow Process Corner
  Data Path Delay:        0.012ns  (logic 0.000ns (0.000%)  route 0.012ns (99.999%))
  Logic Levels:           0  
  Clock Uncertainty:      0.168ns  ((TSJ^2 + DJ^2)^1/2) / 2 + PE
    Total System Jitter     (TSJ):    0.050ns
    Discrete Jitter          (DJ):    0.096ns
    Phase Error              (PE):    0.114ns

    Location             Delay type                Incr(ns)  Path(ns)    Netlist Resource(s)
  -------------------------------------------------------------------    -------------------
                         (clock pll_clkfbout fall edge)
                                                      5.000     5.000 f  
    AC19                                              0.000     5.000 f  clk (IN)
                         net (fo=0)                   0.000     5.000    clk
    AC19                 IBUF (Prop_ibuf_I_O)         1.416     6.416 f  clk_IBUF_inst/O
                         net (fo=1, routed)           2.602     9.018    clk_IBUF
    BUFGCTRL_X0Y0        BUFG (Prop_bufg_I_O)         0.081     9.099 f  clk_IBUF_BUFG_inst/O
                         net (fo=2166, routed)        1.696    10.795    ddr3.u_axi_wrap_ddr/mig_axi/u_mig_axi_32_mig/u_ddr3_infrastructure/mmcm_clk
  -------------------------------------------------------------------    -------------------
    PLLE2_ADV_X0Y4       PLLE2_ADV (Prop_plle2_adv_CLKIN1_CLKFBOUT)
                                                      0.077    10.872 f  ddr3.u_axi_wrap_ddr/mig_axi/u_mig_axi_32_mig/u_ddr3_infrastructure/plle2_i/CLKFBOUT
                         net (fo=1, routed)           0.012    10.884    ddr3.u_axi_wrap_ddr/mig_axi/u_mig_axi_32_mig/u_ddr3_infrastructure/pll_clkfbout
    PLLE2_ADV_X0Y4       PLLE2_ADV                                    f  ddr3.u_axi_wrap_ddr/mig_axi/u_mig_axi_32_mig/u_ddr3_infrastructure/plle2_i/CLKFBIN
  -------------------------------------------------------------------    -------------------





Min Delay Paths
--------------------------------------------------------------------------------------
Slack:                    inf
  Source:                 ddr3.u_axi_wrap_ddr/mig_axi/u_mig_axi_32_mig/u_ddr3_infrastructure/plle2_i/CLKFBOUT
                            (clock source 'pll_clkfbout'  {rise@0.000ns fall@5.000ns period=10.000ns})
  Destination:            ddr3.u_axi_wrap_ddr/mig_axi/u_mig_axi_32_mig/u_ddr3_infrastructure/plle2_i/CLKFBIN
  Path Group:             (none)
  Path Type:              Min at Fast Process Corner
  Data Path Delay:        0.005ns  (logic 0.000ns (0.000%)  route 0.005ns (100.000%))
  Logic Levels:           0  
  Clock Uncertainty:      0.168ns  ((TSJ^2 + DJ^2)^1/2) / 2 + PE
    Total System Jitter     (TSJ):    0.050ns
    Discrete Jitter          (DJ):    0.096ns
    Phase Error              (PE):    0.114ns

    Location             Delay type                Incr(ns)  Path(ns)    Netlist Resource(s)
  -------------------------------------------------------------------    -------------------
                         (clock pll_clkfbout rise edge)
                                                      0.000     0.000 r  
    AC19                                              0.000     0.000 r  clk (IN)
                         net (fo=0)                   0.000     0.000    clk
    AC19                 IBUF (Prop_ibuf_I_O)         0.253     0.253 r  clk_IBUF_inst/O
                         net (fo=1, routed)           1.074     1.327    clk_IBUF
    BUFGCTRL_X0Y0        BUFG (Prop_bufg_I_O)         0.026     1.353 r  clk_IBUF_BUFG_inst/O
                         net (fo=2166, routed)        0.701     2.054    ddr3.u_axi_wrap_ddr/mig_axi/u_mig_axi_32_mig/u_ddr3_infrastructure/mmcm_clk
  -------------------------------------------------------------------    -------------------
    PLLE2_ADV_X0Y4       PLLE2_ADV (Prop_plle2_adv_CLKIN1_CLKFBOUT)
                                                      0.050     2.104 r  ddr3.u_axi_wrap_ddr/mig_axi/u_mig_axi_32_mig/u_ddr3_infrastructure/plle2_i/CLKFBOUT
                         net (fo=1, routed)           0.005     2.109    ddr3.u_axi_wrap_ddr/mig_axi/u_mig_axi_32_mig/u_ddr3_infrastructure/pll_clkfbout
    PLLE2_ADV_X0Y4       PLLE2_ADV                                    r  ddr3.u_axi_wrap_ddr/mig_axi/u_mig_axi_32_mig/u_ddr3_infrastructure/plle2_i/CLKFBIN
  -------------------------------------------------------------------    -------------------





--------------------------------------------------------------------------------------
Path Group:  (none)
From Clock:  sys_clk
  To Clock:  

Max Delay            41 Endpoints
Min Delay            41 Endpoints
--------------------------------------------------------------------------------------


Max Delay Paths
--------------------------------------------------------------------------------------
Slack:                    inf
  Source:                 u_confreg/FSM_onehot_state_reg[5]/C
                            (rising edge-triggered cell FDRE clocked by sys_clk  {rise@0.000ns fall@5.000ns period=10.000ns})
  Destination:            btn_key_col[1]
                            (output port)
  Path Group:             (none)
  Path Type:              Max at Slow Process Corner
  Data Path Delay:        12.373ns  (logic 3.901ns (31.532%)  route 8.472ns (68.468%))
  Logic Levels:           2  (LUT3=1 OBUF=1)
  Clock Uncertainty:      0.129ns  ((TSJ^2 + DJ^2)^1/2) / 2 + PE
    Total System Jitter     (TSJ):    0.050ns
    Discrete Jitter          (DJ):    0.089ns
    Phase Error              (PE):    0.078ns

    Location             Delay type                Incr(ns)  Path(ns)    Netlist Resource(s)
  -------------------------------------------------------------------    -------------------
                         (clock sys_clk rise edge)    0.000     0.000 r  
    AC19                                              0.000     0.000 r  clk (IN)
                         net (fo=0)                   0.000     0.000    clk
    AC19                 IBUF (Prop_ibuf_I_O)         1.416     1.416 r  clk_IBUF_inst/O
                         net (fo=1, routed)           2.602     4.018    clk_IBUF
    BUFGCTRL_X0Y0        BUFG (Prop_bufg_I_O)         0.081     4.099 r  clk_IBUF_BUFG_inst/O
                         net (fo=2166, routed)        1.536     5.635    fpga_pll.u_clk_pll/inst/clk_in1
    PLLE2_ADV_X0Y2       PLLE2_ADV (Prop_plle2_adv_CLKIN1_CLKOUT1)
                                                     -3.173     2.461 r  fpga_pll.u_clk_pll/inst/plle2_adv_inst/CLKOUT1
                         net (fo=1, routed)           1.557     4.018    fpga_pll.u_clk_pll/inst/sys_clk_clk_pll
    BUFGCTRL_X0Y3        BUFG (Prop_bufg_I_O)         0.081     4.099 r  fpga_pll.u_clk_pll/inst/clkout2_buf/O
                         net (fo=3291, routed)        1.379     5.478    u_confreg/aclk
    SLICE_X53Y175        FDRE                                         r  u_confreg/FSM_onehot_state_reg[5]/C
  -------------------------------------------------------------------    -------------------
    SLICE_X53Y175        FDRE (Prop_fdre_C_Q)         0.379     5.857 r  u_confreg/FSM_onehot_state_reg[5]/Q
                         net (fo=19, routed)          1.428     7.285    u_confreg/p_1_in12_in
    SLICE_X60Y169        LUT3 (Prop_lut3_I1_O)        0.118     7.403 r  u_confreg/btn_key_col[1]_INST_0/O
                         net (fo=1, routed)           7.044    14.447    btn_key_col_OBUF[1]
    V9                   OBUF (Prop_obuf_I_O)         3.404    17.851 r  btn_key_col_OBUF[1]_inst/O
                         net (fo=0)                   0.000    17.851    btn_key_col[1]
    V9                                                                r  btn_key_col[1] (OUT)
  -------------------------------------------------------------------    -------------------





Min Delay Paths
--------------------------------------------------------------------------------------
Slack:                    inf
  Source:                 u_confreg/num_csn_reg[4]/C
                            (rising edge-triggered cell FDSE clocked by sys_clk  {rise@0.000ns fall@5.000ns period=10.000ns})
  Destination:            num_csn[4]
                            (output port)
  Path Group:             (none)
  Path Type:              Min at Fast Process Corner
  Data Path Delay:        2.254ns  (logic 1.467ns (65.078%)  route 0.787ns (34.923%))
  Logic Levels:           1  (OBUF=1)
  Clock Uncertainty:      0.129ns  ((TSJ^2 + DJ^2)^1/2) / 2 + PE
    Total System Jitter     (TSJ):    0.050ns
    Discrete Jitter          (DJ):    0.089ns
    Phase Error              (PE):    0.078ns

    Location             Delay type                Incr(ns)  Path(ns)    Netlist Resource(s)
  -------------------------------------------------------------------    -------------------
                         (clock sys_clk rise edge)    0.000     0.000 r  
    AC19                                              0.000     0.000 r  clk (IN)
                         net (fo=0)                   0.000     0.000    clk
    AC19                 IBUF (Prop_ibuf_I_O)         0.253     0.253 r  clk_IBUF_inst/O
                         net (fo=1, routed)           1.074     1.327    clk_IBUF
    BUFGCTRL_X0Y0        BUFG (Prop_bufg_I_O)         0.026     1.353 r  clk_IBUF_BUFG_inst/O
                         net (fo=2166, routed)        0.615     1.967    fpga_pll.u_clk_pll/inst/clk_in1
    PLLE2_ADV_X0Y2       PLLE2_ADV (Prop_plle2_adv_CLKIN1_CLKOUT1)
                                                     -1.200     0.767 r  fpga_pll.u_clk_pll/inst/plle2_adv_inst/CLKOUT1
                         net (fo=1, routed)           0.560     1.327    fpga_pll.u_clk_pll/inst/sys_clk_clk_pll
    BUFGCTRL_X0Y3        BUFG (Prop_bufg_I_O)         0.026     1.353 r  fpga_pll.u_clk_pll/inst/clkout2_buf/O
                         net (fo=3291, routed)        0.579     1.931    u_confreg/aclk
    SLICE_X53Y166        FDSE                                         r  u_confreg/num_csn_reg[4]/C
  -------------------------------------------------------------------    -------------------
    SLICE_X53Y166        FDSE (Prop_fdse_C_Q)         0.128     2.059 r  u_confreg/num_csn_reg[4]/Q
                         net (fo=1, routed)           0.787     2.847    num_csn_OBUF[4]
    E25                  OBUF (Prop_obuf_I_O)         1.339     4.186 r  num_csn_OBUF[4]_inst/O
                         net (fo=0)                   0.000     4.186    num_csn[4]
    E25                                                               r  num_csn[4] (OUT)
  -------------------------------------------------------------------    -------------------





--------------------------------------------------------------------------------------
Path Group:  (none)
From Clock:  
  To Clock:  clk

Max Delay             1 Endpoint
Min Delay             1 Endpoint
--------------------------------------------------------------------------------------


Max Delay Paths
--------------------------------------------------------------------------------------
Slack:                    inf
  Source:                 resetn_fpga
                            (input port)
  Destination:            virtual_flag_reg/D
                            (rising edge-triggered cell FDRE clocked by clk  {rise@0.000ns fall@5.000ns period=10.000ns})
  Path Group:             (none)
  Path Type:              Setup (Max at Slow Process Corner)
  Data Path Delay:        6.370ns  (logic 1.541ns (24.188%)  route 4.829ns (75.812%))
  Logic Levels:           2  (IBUF=1 LUT3=1)
  Clock Path Skew:        5.178ns (DCD - SCD + CPR)
    Destination Clock Delay (DCD):    5.178ns
    Source Clock Delay      (SCD):    0.000ns
    Clock Pessimism Removal (CPR):    0.000ns
  Clock Uncertainty:      0.025ns  ((TSJ^2 + TIJ^2)^1/2 + DJ) / 2 + PE
    Total System Jitter     (TSJ):    0.050ns
    Total Input Jitter      (TIJ):    0.000ns
    Discrete Jitter          (DJ):    0.000ns
    Phase Error              (PE):    0.000ns

    Location             Delay type                Incr(ns)  Path(ns)    Netlist Resource(s)
  -------------------------------------------------------------------    -------------------
    Y3                                                0.000     0.000 r  resetn_fpga (IN)
                         net (fo=0)                   0.000     0.000    resetn_fpga
    Y3                   IBUF (Prop_ibuf_I_O)         1.436     1.436 r  resetn_fpga_IBUF_inst/O
                         net (fo=2, routed)           4.829     6.265    resetn_fpga_IBUF
    SLICE_X54Y182        LUT3 (Prop_lut3_I1_O)        0.105     6.370 r  virtual_flag_i_1/O
                         net (fo=1, routed)           0.000     6.370    virtual_flag_i_1_n_0
    SLICE_X54Y182        FDRE                                         r  virtual_flag_reg/D
  -------------------------------------------------------------------    -------------------

                         (clock clk rise edge)        0.000     0.000 r  
    AC19                                              0.000     0.000 r  clk (IN)
                         net (fo=0)                   0.000     0.000    clk
    AC19                 IBUF (Prop_ibuf_I_O)         1.350     1.350 r  clk_IBUF_inst/O
                         net (fo=1, routed)           2.471     3.821    clk_IBUF
    BUFGCTRL_X0Y0        BUFG (Prop_bufg_I_O)         0.077     3.898 r  clk_IBUF_BUFG_inst/O
                         net (fo=2166, routed)        1.280     5.178    clk_IBUF_BUFG
    SLICE_X54Y182        FDRE                                         r  virtual_flag_reg/C





Min Delay Paths
--------------------------------------------------------------------------------------
Slack:                    inf
  Source:                 resetn_fpga
                            (input port)
  Destination:            virtual_flag_reg/D
                            (rising edge-triggered cell FDRE clocked by clk  {rise@0.000ns fall@5.000ns period=10.000ns})
  Path Group:             (none)
  Path Type:              Hold (Min at Fast Process Corner)
  Data Path Delay:        2.860ns  (logic 0.317ns (11.101%)  route 2.542ns (88.899%))
  Logic Levels:           2  (IBUF=1 LUT3=1)
  Clock Path Skew:        2.475ns (DCD - SCD - CPR)
    Destination Clock Delay (DCD):    2.475ns
    Source Clock Delay      (SCD):    0.000ns
    Clock Pessimism Removal (CPR):    -0.000ns

    Location             Delay type                Incr(ns)  Path(ns)    Netlist Resource(s)
  -------------------------------------------------------------------    -------------------
    Y3                                                0.000     0.000 r  resetn_fpga (IN)
                         net (fo=0)                   0.000     0.000    resetn_fpga
    Y3                   IBUF (Prop_ibuf_I_O)         0.272     0.272 r  resetn_fpga_IBUF_inst/O
                         net (fo=2, routed)           2.542     2.815    resetn_fpga_IBUF
    SLICE_X54Y182        LUT3 (Prop_lut3_I1_O)        0.045     2.860 r  virtual_flag_i_1/O
                         net (fo=1, routed)           0.000     2.860    virtual_flag_i_1_n_0
    SLICE_X54Y182        FDRE                                         r  virtual_flag_reg/D
  -------------------------------------------------------------------    -------------------

                         (clock clk rise edge)        0.000     0.000 r  
    AC19                                              0.000     0.000 r  clk (IN)
                         net (fo=0)                   0.000     0.000    clk
    AC19                 IBUF (Prop_ibuf_I_O)         0.441     0.441 r  clk_IBUF_inst/O
                         net (fo=1, routed)           1.160     1.601    clk_IBUF
    BUFGCTRL_X0Y0        BUFG (Prop_bufg_I_O)         0.029     1.630 r  clk_IBUF_BUFG_inst/O
                         net (fo=2166, routed)        0.845     2.475    clk_IBUF_BUFG
    SLICE_X54Y182        FDRE                                         r  virtual_flag_reg/C





--------------------------------------------------------------------------------------
Path Group:  (none)
From Clock:  
  To Clock:  clk_pll_i

Max Delay            34 Endpoints
Min Delay            34 Endpoints
--------------------------------------------------------------------------------------


Max Delay Paths
--------------------------------------------------------------------------------------
Slack:                    inf
  Source:                 ddr3.u_axi_wrap_ddr/mig_axi/u_mig_axi_32_mig/u_ddr3_infrastructure/gen_mmcm.mmcm_i/LOCKED
                            (internal pin)
  Destination:            ddr3.u_axi_wrap_ddr/mig_axi/u_mig_axi_32_mig/u_ddr3_infrastructure/rstdiv0_sync_r1_reg_rep/PRE
                            (recovery check against rising-edge clock clk_pll_i  {rise@0.000ns fall@5.000ns period=10.000ns})
  Path Group:             (none)
  Path Type:              Recovery (Max at Slow Process Corner)
  Data Path Delay:        4.086ns  (logic 0.105ns (2.569%)  route 3.981ns (97.431%))
  Logic Levels:           1  (LUT4=1)
  Clock Uncertainty:      0.168ns  ((TSJ^2 + DJ^2)^1/2) / 2 + PE
    Total System Jitter     (TSJ):    0.050ns
    Discrete Jitter          (DJ):    0.096ns
    Phase Error              (PE):    0.114ns

    Location             Delay type                Incr(ns)  Path(ns)    Netlist Resource(s)
  -------------------------------------------------------------------    -------------------
    MMCME2_ADV_X0Y4      MMCME2_ADV                   0.000     0.000 r  ddr3.u_axi_wrap_ddr/mig_axi/u_mig_axi_32_mig/u_ddr3_infrastructure/gen_mmcm.mmcm_i/LOCKED
                         net (fo=3, routed)           1.682     1.682    ddr3.u_axi_wrap_ddr/mig_axi/u_mig_axi_32_mig/u_iodelay_ctrl/mmcm_locked
    SLICE_X0Y229         LUT4 (Prop_lut4_I0_O)        0.105     1.787 f  ddr3.u_axi_wrap_ddr/mig_axi/u_mig_axi_32_mig/u_iodelay_ctrl/rstdiv2_sync_r[11]_i_1/O
                         net (fo=33, routed)          2.299     4.086    ddr3.u_axi_wrap_ddr/mig_axi/u_mig_axi_32_mig/u_ddr3_infrastructure/rst_tmp
    SLICE_X20Y246        FDPE                                         f  ddr3.u_axi_wrap_ddr/mig_axi/u_mig_axi_32_mig/u_ddr3_infrastructure/rstdiv0_sync_r1_reg_rep/PRE
  -------------------------------------------------------------------    -------------------

                         (clock clk_pll_i rise edge)
                                                      0.000     0.000 r  
    AC19                                              0.000     0.000 r  clk (IN)
                         net (fo=0)                   0.000     0.000    clk
    AC19                 IBUF (Prop_ibuf_I_O)         1.350     1.350 r  clk_IBUF_inst/O
                         net (fo=1, routed)           2.471     3.821    clk_IBUF
    BUFGCTRL_X0Y0        BUFG (Prop_bufg_I_O)         0.077     3.898 r  clk_IBUF_BUFG_inst/O
                         net (fo=2166, routed)        1.586     5.484    ddr3.u_axi_wrap_ddr/mig_axi/u_mig_axi_32_mig/u_ddr3_infrastructure/mmcm_clk
    PLLE2_ADV_X0Y4       PLLE2_ADV (Prop_plle2_adv_CLKIN1_CLKOUT3)
                                                      0.073     5.557 r  ddr3.u_axi_wrap_ddr/mig_axi/u_mig_axi_32_mig/u_ddr3_infrastructure/plle2_i/CLKOUT3
                         net (fo=1, routed)           1.281     6.838    ddr3.u_axi_wrap_ddr/mig_axi/u_mig_axi_32_mig/u_ddr3_infrastructure/pll_clk3_out
    BUFHCE_X0Y48         BUFH (Prop_bufh_I_O)         0.069     6.907 r  ddr3.u_axi_wrap_ddr/mig_axi/u_mig_axi_32_mig/u_ddr3_infrastructure/u_bufh_pll_clk3/O
                         net (fo=1, routed)           0.805     7.712    ddr3.u_axi_wrap_ddr/mig_axi/u_mig_axi_32_mig/u_ddr3_infrastructure/pll_clk3
    MMCME2_ADV_X0Y4      MMCME2_ADV (Prop_mmcme2_adv_CLKIN1_CLKFBOUT)
                                                     -3.606     4.105 r  ddr3.u_axi_wrap_ddr/mig_axi/u_mig_axi_32_mig/u_ddr3_infrastructure/gen_mmcm.mmcm_i/CLKFBOUT
                         net (fo=1, routed)           1.964     6.070    ddr3.u_axi_wrap_ddr/mig_axi/u_mig_axi_32_mig/u_ddr3_infrastructure/clk_pll_i
    BUFGCTRL_X0Y16       BUFG (Prop_bufg_I_O)         0.077     6.147 r  ddr3.u_axi_wrap_ddr/mig_axi/u_mig_axi_32_mig/u_ddr3_infrastructure/u_bufg_clkdiv0/O
                         net (fo=7005, routed)        1.539     7.686    ddr3.u_axi_wrap_ddr/mig_axi/u_mig_axi_32_mig/u_ddr3_infrastructure/CLK
    SLICE_X20Y246        FDPE                                         r  ddr3.u_axi_wrap_ddr/mig_axi/u_mig_axi_32_mig/u_ddr3_infrastructure/rstdiv0_sync_r1_reg_rep/C





Min Delay Paths
--------------------------------------------------------------------------------------
Slack:                    inf
  Source:                 ddr3.u_axi_wrap_ddr/mig_axi/u_mig_axi_32_mig/u_memc_ui_top_axi/mem_intfc0/ddr_phy_top0/u_ddr_mc_phy_wrapper/u_ddr_mc_phy/ddr_phy_4lanes_0.u_ddr_phy_4lanes/ddr_byte_lane_B.ddr_byte_lane_B/phaser_in_gen.phaser_in/PHASELOCKED
                            (internal pin)
  Destination:            ddr3.u_axi_wrap_ddr/mig_axi/u_mig_axi_32_mig/u_memc_ui_top_axi/mem_intfc0/ddr_phy_top0/u_ddr_calib_top/u_ddr_phy_init/pi_phase_locked_all_r1_reg/D
                            (rising edge-triggered cell FDRE clocked by clk_pll_i  {rise@0.000ns fall@5.000ns period=10.000ns})
  Path Group:             (none)
  Path Type:              Hold (Min at Fast Process Corner)
  Data Path Delay:        0.787ns  (logic 0.045ns (5.717%)  route 0.742ns (94.283%))
  Logic Levels:           1  (LUT2=1)
  Clock Uncertainty:      0.168ns  ((TSJ^2 + DJ^2)^1/2) / 2 + PE
    Total System Jitter     (TSJ):    0.050ns
    Discrete Jitter          (DJ):    0.096ns
    Phase Error              (PE):    0.114ns

    Location             Delay type                Incr(ns)  Path(ns)    Netlist Resource(s)
  -------------------------------------------------------------------    -------------------
    PHASER_IN_PHY_X0Y17  PHASER_IN_PHY                0.000     0.000 r  ddr3.u_axi_wrap_ddr/mig_axi/u_mig_axi_32_mig/u_memc_ui_top_axi/mem_intfc0/ddr_phy_top0/u_ddr_mc_phy_wrapper/u_ddr_mc_phy/ddr_phy_4lanes_0.u_ddr_phy_4lanes/ddr_byte_lane_B.ddr_byte_lane_B/phaser_in_gen.phaser_in/PHASELOCKED
                         net (fo=1, routed)           0.241     0.241    ddr3.u_axi_wrap_ddr/mig_axi/u_mig_axi_32_mig/u_memc_ui_top_axi/mem_intfc0/ddr_phy_top0/u_ddr_mc_phy_wrapper/u_ddr_mc_phy/ddr_phy_4lanes_0.u_ddr_phy_4lanes/ddr_byte_lane_A.ddr_byte_lane_A/pi_phase_locked_all_r1_reg
    SLICE_X0Y222         LUT2 (Prop_lut2_I1_O)        0.045     0.286 r  ddr3.u_axi_wrap_ddr/mig_axi/u_mig_axi_32_mig/u_memc_ui_top_axi/mem_intfc0/ddr_phy_top0/u_ddr_mc_phy_wrapper/u_ddr_mc_phy/ddr_phy_4lanes_0.u_ddr_phy_4lanes/ddr_byte_lane_A.ddr_byte_lane_A/pi_phase_locked_all_inferred_i_1/O
                         net (fo=1, routed)           0.501     0.787    ddr3.u_axi_wrap_ddr/mig_axi/u_mig_axi_32_mig/u_memc_ui_top_axi/mem_intfc0/ddr_phy_top0/u_ddr_calib_top/u_ddr_phy_init/in0
    SLICE_X13Y230        FDRE                                         r  ddr3.u_axi_wrap_ddr/mig_axi/u_mig_axi_32_mig/u_memc_ui_top_axi/mem_intfc0/ddr_phy_top0/u_ddr_calib_top/u_ddr_phy_init/pi_phase_locked_all_r1_reg/D
  -------------------------------------------------------------------    -------------------

                         (clock clk_pll_i rise edge)
                                                      0.000     0.000 r  
    AC19                                              0.000     0.000 r  clk (IN)
                         net (fo=0)                   0.000     0.000    clk
    AC19                 IBUF (Prop_ibuf_I_O)         0.441     0.441 r  clk_IBUF_inst/O
                         net (fo=1, routed)           1.160     1.601    clk_IBUF
    BUFGCTRL_X0Y0        BUFG (Prop_bufg_I_O)         0.029     1.630 r  clk_IBUF_BUFG_inst/O
                         net (fo=2166, routed)        0.976     2.606    ddr3.u_axi_wrap_ddr/mig_axi/u_mig_axi_32_mig/u_ddr3_infrastructure/mmcm_clk
    PLLE2_ADV_X0Y4       PLLE2_ADV (Prop_plle2_adv_CLKIN1_CLKOUT3)
                                                      0.053     2.659 r  ddr3.u_axi_wrap_ddr/mig_axi/u_mig_axi_32_mig/u_ddr3_infrastructure/plle2_i/CLKOUT3
                         net (fo=1, routed)           0.577     3.236    ddr3.u_axi_wrap_ddr/mig_axi/u_mig_axi_32_mig/u_ddr3_infrastructure/pll_clk3_out
    BUFHCE_X0Y48         BUFH (Prop_bufh_I_O)         0.043     3.279 r  ddr3.u_axi_wrap_ddr/mig_axi/u_mig_axi_32_mig/u_ddr3_infrastructure/u_bufh_pll_clk3/O
                         net (fo=1, routed)           0.553     3.832    ddr3.u_axi_wrap_ddr/mig_axi/u_mig_axi_32_mig/u_ddr3_infrastructure/pll_clk3
    MMCME2_ADV_X0Y4      MMCME2_ADV (Prop_mmcme2_adv_CLKIN1_CLKFBOUT)
                                                     -1.858     1.974 r  ddr3.u_axi_wrap_ddr/mig_axi/u_mig_axi_32_mig/u_ddr3_infrastructure/gen_mmcm.mmcm_i/CLKFBOUT
                         net (fo=1, routed)           0.860     2.834    ddr3.u_axi_wrap_ddr/mig_axi/u_mig_axi_32_mig/u_ddr3_infrastructure/clk_pll_i
    BUFGCTRL_X0Y16       BUFG (Prop_bufg_I_O)         0.029     2.863 r  ddr3.u_axi_wrap_ddr/mig_axi/u_mig_axi_32_mig/u_ddr3_infrastructure/u_bufg_clkdiv0/O
                         net (fo=7005, routed)        0.977     3.840    ddr3.u_axi_wrap_ddr/mig_axi/u_mig_axi_32_mig/u_memc_ui_top_axi/mem_intfc0/ddr_phy_top0/u_ddr_calib_top/u_ddr_phy_init/CLK
    SLICE_X13Y230        FDRE                                         r  ddr3.u_axi_wrap_ddr/mig_axi/u_mig_axi_32_mig/u_memc_ui_top_axi/mem_intfc0/ddr_phy_top0/u_ddr_calib_top/u_ddr_phy_init/pi_phase_locked_all_r1_reg/C





--------------------------------------------------------------------------------------
Path Group:  (none)
From Clock:  
  To Clock:  dbg_hub/inst/BSCANID.u_xsdbm_id/SWITCH_N_EXT_BSCAN.bscan_inst/SERIES7_BSCAN.bscan_inst/TCK

Max Delay           257 Endpoints
Min Delay           257 Endpoints
--------------------------------------------------------------------------------------


Max Delay Paths
--------------------------------------------------------------------------------------
Slack:                    inf
  Source:                 dbg_hub/inst/BSCANID.u_xsdbm_id/SWITCH_N_EXT_BSCAN.bscan_inst/SERIES7_BSCAN.bscan_inst/SHIFT
                            (internal pin)
  Destination:            dbg_hub/inst/BSCANID.u_xsdbm_id/CORE_XSDB.U_ICON/U_STAT/iSTAT_CNT_reg[0]/R
                            (rising edge-triggered cell FDRE clocked by dbg_hub/inst/BSCANID.u_xsdbm_id/SWITCH_N_EXT_BSCAN.bscan_inst/SERIES7_BSCAN.bscan_inst/TCK  {rise@0.000ns fall@16.500ns period=33.000ns})
  Path Group:             (none)
  Path Type:              Setup (Max at Slow Process Corner)
  Data Path Delay:        8.122ns  (logic 0.315ns (3.878%)  route 7.807ns (96.122%))
  Logic Levels:           3  (LUT4=1 LUT5=2)
  Clock Uncertainty:      0.025ns  ((TSJ^2 + TIJ^2)^1/2 + DJ) / 2 + PE
    Total System Jitter     (TSJ):    0.050ns
    Total Input Jitter      (TIJ):    0.000ns
    Discrete Jitter          (DJ):    0.000ns
    Phase Error              (PE):    0.000ns

    Location             Delay type                Incr(ns)  Path(ns)    Netlist Resource(s)
  -------------------------------------------------------------------    -------------------
    BSCAN_X0Y0           BSCANE2                      0.000     0.000 f  dbg_hub/inst/BSCANID.u_xsdbm_id/SWITCH_N_EXT_BSCAN.bscan_inst/SERIES7_BSCAN.bscan_inst/SHIFT
                         net (fo=37, routed)          3.844     3.844    dbg_hub/inst/BSCANID.u_xsdbm_id/SWITCH_N_EXT_BSCAN.bscan_switch/s_bscan_shift
    SLICE_X6Y178         LUT5 (Prop_lut5_I4_O)        0.105     3.949 f  dbg_hub/inst/BSCANID.u_xsdbm_id/SWITCH_N_EXT_BSCAN.bscan_switch/m_bscan_shift[0]_INST_0/O
                         net (fo=4, routed)           3.035     6.983    dbg_hub/inst/BSCANID.u_xsdbm_id/CORE_XSDB.U_ICON/U_CMD/icn_cmd_en_reg[7]
    SLICE_X30Y238        LUT4 (Prop_lut4_I1_O)        0.105     7.088 f  dbg_hub/inst/BSCANID.u_xsdbm_id/CORE_XSDB.U_ICON/U_CMD/iSTAT_CNT[5]_i_4/O
                         net (fo=1, routed)           0.506     7.594    dbg_hub/inst/BSCANID.u_xsdbm_id/CORE_XSDB.U_ICON/U_CMD/iSTAT_CNT[5]_i_4_n_0
    SLICE_X31Y239        LUT5 (Prop_lut5_I4_O)        0.105     7.699 r  dbg_hub/inst/BSCANID.u_xsdbm_id/CORE_XSDB.U_ICON/U_CMD/iSTAT_CNT[5]_i_1/O
                         net (fo=6, routed)           0.423     8.122    dbg_hub/inst/BSCANID.u_xsdbm_id/CORE_XSDB.U_ICON/U_STAT/SR[0]
    SLICE_X32Y239        FDRE                                         r  dbg_hub/inst/BSCANID.u_xsdbm_id/CORE_XSDB.U_ICON/U_STAT/iSTAT_CNT_reg[0]/R
  -------------------------------------------------------------------    -------------------

                         (clock dbg_hub/inst/BSCANID.u_xsdbm_id/SWITCH_N_EXT_BSCAN.bscan_inst/SERIES7_BSCAN.bscan_inst/TCK rise edge)
                                                      0.000     0.000 r  
    BSCAN_X0Y0           BSCANE2                      0.000     0.000 r  dbg_hub/inst/BSCANID.u_xsdbm_id/SWITCH_N_EXT_BSCAN.bscan_inst/SERIES7_BSCAN.bscan_inst/TCK
                         net (fo=1, routed)           2.346     2.346    dbg_hub/inst/BSCANID.u_xsdbm_id/tck_bs
    BUFGCTRL_X0Y4        BUFG (Prop_bufg_I_O)         0.077     2.423 r  dbg_hub/inst/BSCANID.u_xsdbm_id/SWITCH_N_EXT_BSCAN.u_bufg_icon_tck/O
                         net (fo=486, routed)         1.530     3.953    dbg_hub/inst/BSCANID.u_xsdbm_id/CORE_XSDB.U_ICON/U_STAT/m_bscan_tck[0]
    SLICE_X32Y239        FDRE                                         r  dbg_hub/inst/BSCANID.u_xsdbm_id/CORE_XSDB.U_ICON/U_STAT/iSTAT_CNT_reg[0]/C





Min Delay Paths
--------------------------------------------------------------------------------------
Slack:                    inf
  Source:                 dbg_hub/inst/BSCANID.u_xsdbm_id/SWITCH_N_EXT_BSCAN.bscan_inst/SERIES7_BSCAN.bscan_inst/CAPTURE
                            (internal pin)
  Destination:            dbg_hub/inst/BSCANID.u_xsdbm_id/SWITCH_N_EXT_BSCAN.bscan_switch/shiftreg_reg[8]/D
                            (rising edge-triggered cell FDRE clocked by dbg_hub/inst/BSCANID.u_xsdbm_id/SWITCH_N_EXT_BSCAN.bscan_inst/SERIES7_BSCAN.bscan_inst/TCK  {rise@0.000ns fall@16.500ns period=33.000ns})
  Path Group:             (none)
  Path Type:              Hold (Min at Fast Process Corner)
  Data Path Delay:        1.388ns  (logic 0.045ns (3.241%)  route 1.343ns (96.759%))
  Logic Levels:           1  (LUT5=1)
  Clock Uncertainty:      0.025ns  ((TSJ^2 + TIJ^2)^1/2 + DJ) / 2 + PE
    Total System Jitter     (TSJ):    0.050ns
    Total Input Jitter      (TIJ):    0.000ns
    Discrete Jitter          (DJ):    0.000ns
    Phase Error              (PE):    0.000ns

    Location             Delay type                Incr(ns)  Path(ns)    Netlist Resource(s)
  -------------------------------------------------------------------    -------------------
    BSCAN_X0Y0           BSCANE2                      0.000     0.000 r  dbg_hub/inst/BSCANID.u_xsdbm_id/SWITCH_N_EXT_BSCAN.bscan_inst/SERIES7_BSCAN.bscan_inst/CAPTURE
                         net (fo=35, routed)          1.343     1.343    dbg_hub/inst/BSCANID.u_xsdbm_id/SWITCH_N_EXT_BSCAN.bscan_switch/s_bscan_capture
    SLICE_X2Y174         LUT5 (Prop_lut5_I1_O)        0.045     1.388 r  dbg_hub/inst/BSCANID.u_xsdbm_id/SWITCH_N_EXT_BSCAN.bscan_switch/shiftreg[8]_i_1/O
                         net (fo=1, routed)           0.000     1.388    dbg_hub/inst/BSCANID.u_xsdbm_id/SWITCH_N_EXT_BSCAN.bscan_switch/shiftreg[8]_i_1_n_0
    SLICE_X2Y174         FDRE                                         r  dbg_hub/inst/BSCANID.u_xsdbm_id/SWITCH_N_EXT_BSCAN.bscan_switch/shiftreg_reg[8]/D
  -------------------------------------------------------------------    -------------------

                         (clock dbg_hub/inst/BSCANID.u_xsdbm_id/SWITCH_N_EXT_BSCAN.bscan_inst/SERIES7_BSCAN.bscan_inst/TCK rise edge)
                                                      0.000     0.000 r  
    BSCAN_X0Y0           BSCANE2                      0.000     0.000 r  dbg_hub/inst/BSCANID.u_xsdbm_id/SWITCH_N_EXT_BSCAN.bscan_inst/SERIES7_BSCAN.bscan_inst/TCK
                         net (fo=1, routed)           1.647     1.647    dbg_hub/inst/BSCANID.u_xsdbm_id/tck_bs
    BUFGCTRL_X0Y4        BUFG (Prop_bufg_I_O)         0.029     1.676 r  dbg_hub/inst/BSCANID.u_xsdbm_id/SWITCH_N_EXT_BSCAN.u_bufg_icon_tck/O
                         net (fo=486, routed)         0.910     2.587    dbg_hub/inst/BSCANID.u_xsdbm_id/SWITCH_N_EXT_BSCAN.bscan_switch/s_bscan_tck
    SLICE_X2Y174         FDRE                                         r  dbg_hub/inst/BSCANID.u_xsdbm_id/SWITCH_N_EXT_BSCAN.bscan_switch/shiftreg_reg[8]/C





--------------------------------------------------------------------------------------
Path Group:  (none)
From Clock:  
  To Clock:  sys_clk

Max Delay            78 Endpoints
Min Delay            78 Endpoints
--------------------------------------------------------------------------------------


Max Delay Paths
--------------------------------------------------------------------------------------
Slack:                    inf
  Source:                 btn_key_row[0]
                            (input port)
  Destination:            u_confreg/btn_key_r_reg[7]/D
                            (rising edge-triggered cell FDRE clocked by sys_clk  {rise@0.000ns fall@5.000ns period=10.000ns})
  Path Group:             (none)
  Path Type:              Setup (Max at Slow Process Corner)
  Data Path Delay:        11.582ns  (logic 2.121ns (18.309%)  route 9.461ns (81.691%))
  Logic Levels:           6  (IBUF=1 LUT4=2 LUT6=3)
  Clock Path Skew:        5.171ns (DCD - SCD + CPR)
    Destination Clock Delay (DCD):    5.171ns
    Source Clock Delay      (SCD):    0.000ns
    Clock Pessimism Removal (CPR):    0.000ns
  Clock Uncertainty:      0.129ns  ((TSJ^2 + DJ^2)^1/2) / 2 + PE
    Total System Jitter     (TSJ):    0.050ns
    Discrete Jitter          (DJ):    0.089ns
    Phase Error              (PE):    0.078ns

    Location             Delay type                Incr(ns)  Path(ns)    Netlist Resource(s)
  -------------------------------------------------------------------    -------------------
    U7                                                0.000     0.000 f  btn_key_row[0] (IN)
                         net (fo=0)                   0.000     0.000    btn_key_row[0]
    U7                   IBUF (Prop_ibuf_I_O)         1.415     1.415 f  btn_key_row_IBUF[0]_inst/O
                         net (fo=31, routed)          6.558     7.972    u_confreg/btn_key_row[0]
    SLICE_X53Y174        LUT4 (Prop_lut4_I2_O)        0.124     8.096 f  u_confreg/FSM_onehot_state[1]_i_3/O
                         net (fo=10, routed)          0.760     8.856    u_confreg/key_start1
    SLICE_X54Y175        LUT6 (Prop_lut6_I4_O)        0.267     9.123 r  u_confreg/btn_key_r[14]_i_6/O
                         net (fo=2, routed)           0.555     9.679    u_confreg/btn_key_r[14]_i_6_n_0
    SLICE_X54Y175        LUT6 (Prop_lut6_I5_O)        0.105     9.784 r  u_confreg/btn_key_r[13]_i_2/O
                         net (fo=20, routed)          1.116    10.900    u_confreg/btn_key_r0
    SLICE_X59Y173        LUT4 (Prop_lut4_I2_O)        0.105    11.005 r  u_confreg/btn_key_r[7]_i_5/O
                         net (fo=1, routed)           0.471    11.477    u_confreg/btn_key_r[7]_i_5_n_0
    SLICE_X57Y173        LUT6 (Prop_lut6_I5_O)        0.105    11.582 r  u_confreg/btn_key_r[7]_i_1/O
                         net (fo=1, routed)           0.000    11.582    u_confreg/btn_key_r[7]_i_1_n_0
    SLICE_X57Y173        FDRE                                         r  u_confreg/btn_key_r_reg[7]/D
  -------------------------------------------------------------------    -------------------

                         (clock sys_clk rise edge)    0.000     0.000 r  
    AC19                                              0.000     0.000 r  clk (IN)
                         net (fo=0)                   0.000     0.000    clk
    AC19                 IBUF (Prop_ibuf_I_O)         1.350     1.350 r  clk_IBUF_inst/O
                         net (fo=1, routed)           2.471     3.821    clk_IBUF
    BUFGCTRL_X0Y0        BUFG (Prop_bufg_I_O)         0.077     3.898 r  clk_IBUF_BUFG_inst/O
                         net (fo=2166, routed)        1.434     5.331    fpga_pll.u_clk_pll/inst/clk_in1
    PLLE2_ADV_X0Y2       PLLE2_ADV (Prop_plle2_adv_CLKIN1_CLKOUT1)
                                                     -2.995     2.336 r  fpga_pll.u_clk_pll/inst/plle2_adv_inst/CLKOUT1
                         net (fo=1, routed)           1.484     3.821    fpga_pll.u_clk_pll/inst/sys_clk_clk_pll
    BUFGCTRL_X0Y3        BUFG (Prop_bufg_I_O)         0.077     3.898 r  fpga_pll.u_clk_pll/inst/clkout2_buf/O
                         net (fo=3291, routed)        1.273     5.171    u_confreg/aclk
    SLICE_X57Y173        FDRE                                         r  u_confreg/btn_key_r_reg[7]/C





Min Delay Paths
--------------------------------------------------------------------------------------
Slack:                    inf
  Source:                 UART_TX
                            (input port)
  Destination:            APB_DEV/uart0/regs/i_uart_sync_flops/flop_0_reg[0]/D
                            (rising edge-triggered cell FDSE clocked by sys_clk  {rise@0.000ns fall@5.000ns period=10.000ns})
  Path Group:             (none)
  Path Type:              Hold (Min at Fast Process Corner)
  Data Path Delay:        1.237ns  (logic 0.270ns (21.784%)  route 0.968ns (78.216%))
  Logic Levels:           2  (IBUF=1 LUT4=1)
  Clock Path Skew:        2.617ns (DCD - SCD - CPR)
    Destination Clock Delay (DCD):    2.617ns
    Source Clock Delay      (SCD):    0.000ns
    Clock Pessimism Removal (CPR):    -0.000ns

    Location             Delay type                Incr(ns)  Path(ns)    Netlist Resource(s)
  -------------------------------------------------------------------    -------------------
    H19                                               0.000     0.000 r  UART_TX (INOUT)
                         net (fo=1, unset)            0.000     0.000    UART_TX_IOBUF_inst/IO
    H19                  IBUF (Prop_ibuf_I_O)         0.225     0.225 r  UART_TX_IOBUF_inst/IBUF/O
                         net (fo=5, routed)           0.968     1.192    APB_DEV/uart0/regs/i_uart_sync_flops/UART_TX_IBUF
    SLICE_X21Y206        LUT4 (Prop_lut4_I2_O)        0.045     1.237 r  APB_DEV/uart0/regs/i_uart_sync_flops/flop_0[0]_i_1/O
                         net (fo=1, routed)           0.000     1.237    APB_DEV/uart0/regs/i_uart_sync_flops/rcv_pad_i
    SLICE_X21Y206        FDSE                                         r  APB_DEV/uart0/regs/i_uart_sync_flops/flop_0_reg[0]/D
  -------------------------------------------------------------------    -------------------

                         (clock sys_clk rise edge)    0.000     0.000 r  
    AC19                                              0.000     0.000 r  clk (IN)
                         net (fo=0)                   0.000     0.000    clk
    AC19                 IBUF (Prop_ibuf_I_O)         0.441     0.441 r  clk_IBUF_inst/O
                         net (fo=1, routed)           1.160     1.601    clk_IBUF
    BUFGCTRL_X0Y0        BUFG (Prop_bufg_I_O)         0.029     1.630 r  clk_IBUF_BUFG_inst/O
                         net (fo=2166, routed)        0.884     2.513    fpga_pll.u_clk_pll/inst/clk_in1
    PLLE2_ADV_X0Y2       PLLE2_ADV (Prop_plle2_adv_CLKIN1_CLKOUT1)
                                                     -1.523     0.990 r  fpga_pll.u_clk_pll/inst/plle2_adv_inst/CLKOUT1
                         net (fo=1, routed)           0.611     1.601    fpga_pll.u_clk_pll/inst/sys_clk_clk_pll
    BUFGCTRL_X0Y3        BUFG (Prop_bufg_I_O)         0.029     1.630 r  fpga_pll.u_clk_pll/inst/clkout2_buf/O
                         net (fo=3291, routed)        0.987     2.617    APB_DEV/uart0/regs/i_uart_sync_flops/sys_clk
    SLICE_X21Y206        FDSE                                         r  APB_DEV/uart0/regs/i_uart_sync_flops/flop_0_reg[0]/C





