Copyright 1986-2022 Xilinx, Inc. All Rights Reserved. Copyright 2022-2023 Advanced Micro Devices, Inc. All Rights Reserved.
--------------------------------------------------------------------------------------------------------------------------------------------------------------------------------
| Tool Version : Vivado v.2023.2 (win64) Build 4029153 Fri Oct 13 20:14:34 MDT 2023
| Date         : Fri Jul 17 21:08:22 2026
| Host         : hzcao running 64-bit major release  (build 9200)
| Command      : report_timing_summary -delay_type min_max -report_unconstrained -file D:/version-2/fpga/nscscc-team/run_vivado/build/perf/reports/timing_summary_postroute.rpt
| Design       : soc_top
| Device       : 7a200t-fbg676
| Speed File   : -2  PRODUCTION 1.23 2018-06-13
| Design State : Routed
--------------------------------------------------------------------------------------------------------------------------------------------------------------------------------

Timing Summary Report

------------------------------------------------------------------------------------------------
| Timer Settings
| --------------
------------------------------------------------------------------------------------------------

  Enable Multi Corner Analysis               :  Yes
  Enable Pessimism Removal                   :  Yes
  Pessimism Removal Resolution               :  Nearest Common Node
  Enable Input Delay Default Clock           :  No
  Enable Preset / Clear Arcs                 :  No
  Disable Flight Delays                      :  No
  Ignore I/O Paths                           :  No
  Timing Early Launch at Borrowing Latches   :  No
  Borrow Time for Max Delay Exceptions       :  Yes
  Merge Timing Exceptions                    :  Yes
  Inter-SLR Compensation                     :  Conservative

  Corner  Analyze    Analyze    
  Name    Max Paths  Min Paths  
  ------  ---------  ---------  
  Slow    Yes        Yes        
  Fast    Yes        Yes        


------------------------------------------------------------------------------------------------
| Report Methodology
| ------------------
------------------------------------------------------------------------------------------------

No report available as report_methodology has not been run prior. Run report_methodology on the current design for the summary of methodology violations.



check_timing report

Table of Contents
-----------------
1. checking no_clock (0)
2. checking constant_clock (0)
3. checking pulse_width_clock (0)
4. checking unconstrained_internal_endpoints (0)
5. checking no_input_delay (17)
6. checking no_output_delay (42)
7. checking multiple_clock (0)
8. checking generated_clocks (0)
9. checking loops (0)
10. checking partial_input_delay (0)
11. checking partial_output_delay (0)
12. checking latch_loops (0)

1. checking no_clock (0)
------------------------
 There are 0 register/latch pins with no clock.


2. checking constant_clock (0)
------------------------------
 There are 0 register/latch pins with constant_clock.


3. checking pulse_width_clock (0)
---------------------------------
 There are 0 register/latch pins which need pulse_width check


4. checking unconstrained_internal_endpoints (0)
------------------------------------------------
 There are 0 pins that are not constrained for maximum delay.

 There are 0 pins that are not constrained for maximum delay due to constant clock.


5. checking no_input_delay (17)
-------------------------------
 There are 17 input ports with no input delay specified. (HIGH)

 There are 0 input ports with no input delay but user has a false path constraint.


6. checking no_output_delay (42)
--------------------------------
 There are 42 ports with no output delay specified. (HIGH)

 There are 0 ports with no output delay but user has a false path constraint

 There are 0 ports with no output delay but with a timing clock defined on it or propagating through it


7. checking multiple_clock (0)
------------------------------
 There are 0 register/latch pins with multiple clocks.


8. checking generated_clocks (0)
--------------------------------
 There are 0 generated clocks that are not connected to a clock source.


9. checking loops (0)
---------------------
 There are 0 combinational loops in the design.


10. checking partial_input_delay (0)
------------------------------------
 There are 0 input ports with partial input delay specified.


11. checking partial_output_delay (0)
-------------------------------------
 There are 0 ports with partial output delay specified.


12. checking latch_loops (0)
----------------------------
 There are 0 combinational latch loops in the design through latch input



------------------------------------------------------------------------------------------------
| Design Timing Summary
| ---------------------
------------------------------------------------------------------------------------------------

    WNS(ns)      TNS(ns)  TNS Failing Endpoints  TNS Total Endpoints      WHS(ns)      THS(ns)  THS Failing Endpoints  THS Total Endpoints     WPWS(ns)     TPWS(ns)  TPWS Failing Endpoints  TPWS Total Endpoints  
    -------      -------  ---------------------  -------------------      -------      -------  ---------------------  -------------------     --------     --------  ----------------------  --------------------  
      0.003        0.000                      0                94253        0.054        0.000                      0                94235        0.000        0.000                       0                 39459  


All user specified timing constraints are met.


------------------------------------------------------------------------------------------------
| Clock Summary
| -------------
------------------------------------------------------------------------------------------------

Clock                                                                                                                                                          Waveform(ns)         Period(ns)      Frequency(MHz)
-----                                                                                                                                                          ------------         ----------      --------------
clk                                                                                                                                                            {0.000 5.000}        10.000          100.000         
  clkfbout_clk_pll                                                                                                                                             {0.000 5.000}        10.000          100.000         
  clkfbout_clk_pll_ddr                                                                                                                                         {0.000 5.000}        10.000          100.000         
  cpu_clk                                                                                                                                                      {0.000 15.625}       31.250          32.000          
  ddr_clk                                                                                                                                                      {0.000 2.500}        5.000           200.000         
  freq_refclk                                                                                                                                                  {0.000 0.625}        1.250           800.000         
    u_memc_ui_top_axi/mem_intfc0/ddr_phy_top0/u_ddr_mc_phy_wrapper/u_ddr_mc_phy/ddr_phy_4lanes_0.u_ddr_phy_4lanes/ddr_byte_lane_A.ddr_byte_lane_A/iserdes_clk  {0.000 1.250}        2.500           400.000         
      iserdes_clkdiv                                                                                                                                           {0.000 5.000}        10.000          100.000         
    u_memc_ui_top_axi/mem_intfc0/ddr_phy_top0/u_ddr_mc_phy_wrapper/u_ddr_mc_phy/ddr_phy_4lanes_0.u_ddr_phy_4lanes/ddr_byte_lane_B.ddr_byte_lane_B/iserdes_clk  {0.000 1.250}        2.500           400.000         
      iserdes_clkdiv_1                                                                                                                                         {0.000 5.000}        10.000          100.000         
  mem_refclk                                                                                                                                                   {0.000 1.250}        2.500           400.000         
    oserdes_clk                                                                                                                                                {0.000 1.250}        2.500           400.000         
      oserdes_clkdiv                                                                                                                                           {0.000 2.500}        5.000           200.000         
    oserdes_clk_1                                                                                                                                              {0.000 1.250}        2.500           400.000         
      oserdes_clkdiv_1                                                                                                                                         {0.000 2.500}        5.000           200.000         
    oserdes_clk_2                                                                                                                                              {0.000 1.250}        2.500           400.000         
      oserdes_clkdiv_2                                                                                                                                         {0.000 5.000}        10.000          100.000         
    oserdes_clk_3                                                                                                                                              {0.000 1.250}        2.500           400.000         
      oserdes_clkdiv_3                                                                                                                                         {0.000 5.000}        10.000          100.000         
  pll_clk3_out                                                                                                                                                 {0.000 5.000}        10.000          100.000         
    clk_pll_i                                                                                                                                                  {0.000 5.000}        10.000          100.000         
  pll_clkfbout                                                                                                                                                 {0.000 5.000}        10.000          100.000         
  sync_pulse                                                                                                                                                   {1.094 3.594}        40.000          25.000          
  sys_clk                                                                                                                                                      {0.000 5.000}        10.000          100.000         
dbg_hub/inst/BSCANID.u_xsdbm_id/SWITCH_N_EXT_BSCAN.bscan_inst/SERIES7_BSCAN.bscan_inst/TCK                                                                     {0.000 16.500}       33.000          30.303          


------------------------------------------------------------------------------------------------
| Intra Clock Table
| -----------------
------------------------------------------------------------------------------------------------

Clock                                                                                                                                                              WNS(ns)      TNS(ns)  TNS Failing Endpoints  TNS Total Endpoints      WHS(ns)      THS(ns)  THS Failing Endpoints  THS Total Endpoints     WPWS(ns)     TPWS(ns)  TPWS Failing Endpoints  TPWS Total Endpoints  
-----                                                                                                                                                              -------      -------  ---------------------  -------------------      -------      -------  ---------------------  -------------------     --------     --------  ----------------------  --------------------  
clk                                                                                                                                                                  4.235        0.000                      0                 4776        0.083        0.000                      0                 4776        3.000        0.000                       0                  2167  
  clkfbout_clk_pll                                                                                                                                                                                                                                                                                               8.408        0.000                       0                     3  
  clkfbout_clk_pll_ddr                                                                                                                                                                                                                                                                                           8.408        0.000                       0                     3  
  cpu_clk                                                                                                                                                            0.003        0.000                      0                62162        0.054        0.000                      0                62162       14.495        0.000                       0                 25953  
  ddr_clk                                                                                                                                                            2.580        0.000                      0                  126        0.121        0.000                      0                  126        0.264        0.000                       0                    64  
  freq_refclk                                                                                                                                                                                                                                                                                                    0.001        0.000                       0                     8  
    u_memc_ui_top_axi/mem_intfc0/ddr_phy_top0/u_ddr_mc_phy_wrapper/u_ddr_mc_phy/ddr_phy_4lanes_0.u_ddr_phy_4lanes/ddr_byte_lane_A.ddr_byte_lane_A/iserdes_clk                                                                                                                                                    1.029        0.000                       0                    16  
      iserdes_clkdiv                                                                                                                                                 8.127        0.000                      0                   33        0.071        0.000                      0                   33        2.850        0.000                       0                     9  
    u_memc_ui_top_axi/mem_intfc0/ddr_phy_top0/u_ddr_mc_phy_wrapper/u_ddr_mc_phy/ddr_phy_4lanes_0.u_ddr_phy_4lanes/ddr_byte_lane_B.ddr_byte_lane_B/iserdes_clk                                                                                                                                                    1.029        0.000                       0                    16  
      iserdes_clkdiv_1                                                                                                                                               8.297        0.000                      0                   33        0.071        0.000                      0                   33        2.850        0.000                       0                     9  
  mem_refclk                                                                                                                                                         1.407        0.000                      0                    1        0.336        0.000                      0                    1        0.715        0.000                       0                     8  
    oserdes_clk                                                                                                                                                      1.190        0.000                      0                    4        0.408        0.000                      0                    4        1.026        0.000                       0                    12  
      oserdes_clkdiv                                                                                                                                                 3.750        0.000                      0                   36        0.087        0.000                      0                   36        0.000        0.000                       0                    11  
    oserdes_clk_1                                                                                                                                                    1.175        0.000                      0                    4        0.413        0.000                      0                    4        1.026        0.000                       0                    12  
      oserdes_clkdiv_1                                                                                                                                               3.718        0.000                      0                   36        0.091        0.000                      0                   36        0.000        0.000                       0                    11  
    oserdes_clk_2                                                                                                                                                                                                                                                                                                1.026        0.000                       0                    10  
      oserdes_clkdiv_2                                                                                                                                               8.726        0.000                      0                   36        0.089        0.000                      0                   36        2.850        0.000                       0                    10  
    oserdes_clk_3                                                                                                                                                                                                                                                                                                1.029        0.000                       0                    12  
      oserdes_clkdiv_3                                                                                                                                               8.740        0.000                      0                   48        0.083        0.000                      0                   48        2.850        0.000                       0                    13  
  pll_clk3_out                                                                                                                                                                                                                                                                                                   3.000        0.000                       0                     3  
    clk_pll_i                                                                                                                                                        2.507        0.000                      0                16577        0.063        0.000                      0                16577        2.850        0.000                       0                  7007  
  pll_clkfbout                                                                                                                                                                                                                                                                                                   8.751        0.000                       0                     2  
  sync_pulse                                                                                                                                                                                                                                                                                                     1.428        0.000                       0                     8  
  sys_clk                                                                                                                                                            1.220        0.000                      0                 8452        0.078        0.000                      0                 8452        3.870        0.000                       0                  3605  
dbg_hub/inst/BSCANID.u_xsdbm_id/SWITCH_N_EXT_BSCAN.bscan_inst/SERIES7_BSCAN.bscan_inst/TCK                                                                          25.892        0.000                      0                  933        0.057        0.000                      0                  933       15.370        0.000                       0                   487  


------------------------------------------------------------------------------------------------
| Inter Clock Table
| -----------------
------------------------------------------------------------------------------------------------

From Clock                                                                                  To Clock                                                                                        WNS(ns)      TNS(ns)  TNS Failing Endpoints  TNS Total Endpoints      WHS(ns)      THS(ns)  THS Failing Endpoints  THS Total Endpoints  
----------                                                                                  --------                                                                                        -------      -------  ---------------------  -------------------      -------      -------  ---------------------  -------------------  
dbg_hub/inst/BSCANID.u_xsdbm_id/SWITCH_N_EXT_BSCAN.bscan_inst/SERIES7_BSCAN.bscan_inst/TCK  clk                                                                                              32.011        0.000                      0                    8                                                                        
clk_pll_i                                                                                   ddr_clk                                                                                          17.311        0.000                      0                    1                                                                        
sync_pulse                                                                                  mem_refclk                                                                                        0.978        0.000                      0                    1        0.673        0.000                      0                    1  
oserdes_clk                                                                                 oserdes_clkdiv                                                                                    1.694        0.000                      0                   15        0.095        0.000                      0                   15  
oserdes_clk_1                                                                               oserdes_clkdiv_1                                                                                  1.694        0.000                      0                   15        0.095        0.000                      0                   15  
oserdes_clk_2                                                                               oserdes_clkdiv_2                                                                                  1.694        0.000                      0                   10        0.095        0.000                      0                   10  
oserdes_clk_3                                                                               oserdes_clkdiv_3                                                                                  1.694        0.000                      0                   13        0.095        0.000                      0                   13  
ddr_clk                                                                                     clk_pll_i                                                                                        17.404        0.000                      0                   12        0.114        0.000                      0                   12  
sys_clk                                                                                     clk_pll_i                                                                                         6.547        0.000                      0                  142        0.056        0.000                      0                  142  
clk_pll_i                                                                                   sys_clk                                                                                           4.895        0.000                      0                   62        0.572        0.000                      0                   62  
clk                                                                                         dbg_hub/inst/BSCANID.u_xsdbm_id/SWITCH_N_EXT_BSCAN.bscan_inst/SERIES7_BSCAN.bscan_inst/TCK        9.027        0.000                      0                    8                                                                        


------------------------------------------------------------------------------------------------
| Other Path Groups Table
| -----------------------
------------------------------------------------------------------------------------------------

Path Group                                                                                  From Clock                                                                                  To Clock                                                                                        WNS(ns)      TNS(ns)  TNS Failing Endpoints  TNS Total Endpoints      WHS(ns)      THS(ns)  THS Failing Endpoints  THS Total Endpoints  
----------                                                                                  ----------                                                                                  --------                                                                                        -------      -------  ---------------------  -------------------      -------      -------  ---------------------  -------------------  
**async_default**                                                                           clk                                                                                         clk                                                                                               6.982        0.000                      0                  111        0.254        0.000                      0                  111  
**async_default**                                                                           clk_pll_i                                                                                   clk_pll_i                                                                                         5.239        0.000                      0                   73        0.615        0.000                      0                   73  
**async_default**                                                                           sys_clk                                                                                     clk_pll_i                                                                                         6.242        0.000                      0                    2        1.002        0.000                      0                    2  
**async_default**                                                                           cpu_clk                                                                                     cpu_clk                                                                                          22.914        0.000                      0                  106        0.660        0.000                      0                  106  
**async_default**                                                                           dbg_hub/inst/BSCANID.u_xsdbm_id/SWITCH_N_EXT_BSCAN.bscan_inst/SERIES7_BSCAN.bscan_inst/TCK  dbg_hub/inst/BSCANID.u_xsdbm_id/SWITCH_N_EXT_BSCAN.bscan_inst/SERIES7_BSCAN.bscan_inst/TCK       26.937        0.000                      0                  100        0.333        0.000                      0                  100  
**async_default**                                                                           clk_pll_i                                                                                   sys_clk                                                                                           3.118        0.000                      0                    4        2.001        0.000                      0                    4  
**async_default**                                                                           sys_clk                                                                                     sys_clk                                                                                           1.902        0.000                      0                  482        0.769        0.000                      0                  482  
**default**                                                                                 clk_pll_i                                                                                                                                                                                     1.255        0.000                      0                    1                                                                        


------------------------------------------------------------------------------------------------
| User Ignored Path Table
| -----------------------
------------------------------------------------------------------------------------------------

Path Group                                                                                  From Clock                                                                                  To Clock                                                                                  
----------                                                                                  ----------                                                                                  --------                                                                                  
(none)                                                                                      clk_pll_i                                                                                                                                                                               
(none)                                                                                      clk                                                                                         clk                                                                                         
(none)                                                                                      cpu_clk                                                                                     clk                                                                                         
(none)                                                                                      dbg_hub/inst/BSCANID.u_xsdbm_id/SWITCH_N_EXT_BSCAN.bscan_inst/SERIES7_BSCAN.bscan_inst/TCK  clk                                                                                         
(none)                                                                                      sys_clk                                                                                     clk                                                                                         
(none)                                                                                                                                                                                  clk_pll_i                                                                                   
(none)                                                                                      clk                                                                                         clk_pll_i                                                                                   
(none)                                                                                      mem_refclk                                                                                  clk_pll_i                                                                                   
(none)                                                                                      sys_clk                                                                                     cpu_clk                                                                                     
(none)                                                                                      clk                                                                                         dbg_hub/inst/BSCANID.u_xsdbm_id/SWITCH_N_EXT_BSCAN.bscan_inst/SERIES7_BSCAN.bscan_inst/TCK  
(none)                                                                                                                                                                                  ddr_clk                                                                                     
(none)                                                                                      clk                                                                                         ddr_clk                                                                                     
(none)                                                                                      clk_pll_i                                                                                   ddr_clk                                                                                     
(none)                                                                                      clk                                                                                         sys_clk                                                                                     
(none)                                                                                      cpu_clk                                                                                     sys_clk                                                                                     


------------------------------------------------------------------------------------------------
| Unconstrained Path Table
| ------------------------
------------------------------------------------------------------------------------------------

Path Group                                                                                  From Clock                                                                                  To Clock                                                                                  
----------                                                                                  ----------                                                                                  --------                                                                                  
(none)                                                                                      clk_pll_i                                                                                                                                                                               
(none)                                                                                      clkfbout_clk_pll                                                                                                                                                                        
(none)                                                                                      clkfbout_clk_pll_ddr                                                                                                                                                                    
(none)                                                                                      ddr_clk                                                                                                                                                                                 
(none)                                                                                      freq_refclk                                                                                                                                                                             
(none)                                                                                      pll_clkfbout                                                                                                                                                                            
(none)                                                                                      sys_clk                                                                                                                                                                                 
(none)                                                                                                                                                                                  clk                                                                                         
(none)                                                                                                                                                                                  clk_pll_i                                                                                   
(none)                                                                                                                                                                                  dbg_hub/inst/BSCANID.u_xsdbm_id/SWITCH_N_EXT_BSCAN.bscan_inst/SERIES7_BSCAN.bscan_inst/TCK  
(none)                                                                                                                                                                                  sys_clk                                                                                     


------------------------------------------------------------------------------------------------
| Timing Details
| --------------
------------------------------------------------------------------------------------------------


---------------------------------------------------------------------------------------------------
From Clock:  clk
  To Clock:  clk

Setup :            0  Failing Endpoints,  Worst Slack        4.235ns,  Total Violation        0.000ns
Hold  :            0  Failing Endpoints,  Worst Slack        0.083ns,  Total Violation        0.000ns
PW    :            0  Failing Endpoints,  Worst Slack        3.000ns,  Total Violation        0.000ns
---------------------------------------------------------------------------------------------------


Max Delay Paths
--------------------------------------------------------------------------------------
Slack (MET) :             4.235ns  (required time - arrival time)
  Source:                 dbg_hub/inst/BSCANID.u_xsdbm_id/CORE_XSDB.UUT_MASTER/U_XSDB_ADDRESS_CONTROLLER/addr_reg[0]/C
                            (rising edge-triggered cell FDRE clocked by clk  {rise@0.000ns fall@5.000ns period=10.000ns})
  Destination:            vio/inst/U_XSDB_SLAVE/reg_do_reg[7]/D
                            (rising edge-triggered cell FDRE clocked by clk  {rise@0.000ns fall@5.000ns period=10.000ns})
  Path Group:             clk
  Path Type:              Setup (Max at Slow Process Corner)
  Requirement:            10.000ns  (clk rise@10.000ns - clk rise@0.000ns)
  Data Path Delay:        5.750ns  (logic 0.748ns (13.008%)  route 5.002ns (86.992%))
  Logic Levels:           3  (LUT5=1 LUT6=2)
  Clock Path Skew:        -0.051ns (DCD - SCD + CPR)
    Destination Clock Delay (DCD):    5.168ns = ( 15.168 - 10.000 ) 
    Source Clock Delay      (SCD):    5.486ns
    Clock Pessimism Removal (CPR):    0.267ns
  Clock Uncertainty:      0.035ns  ((TSJ^2 + TIJ^2)^1/2 + DJ) / 2 + PE
    Total System Jitter     (TSJ):    0.071ns
    Total Input Jitter      (TIJ):    0.000ns
    Discrete Jitter          (DJ):    0.000ns
    Phase Error              (PE):    0.000ns

    Location             Delay type                Incr(ns)  Path(ns)    Netlist Resource(s)
  -------------------------------------------------------------------    -------------------
                         (clock clk rise edge)        0.000     0.000 r  
    AC19                                              0.000     0.000 r  clk (IN)
                         net (fo=0)                   0.000     0.000    clk
    AC19                 IBUF (Prop_ibuf_I_O)         1.416     1.416 r  clk_IBUF_inst/O
                         net (fo=1, routed)           2.602     4.018    clk_IBUF
    BUFGCTRL_X0Y0        BUFG (Prop_bufg_I_O)         0.081     4.099 r  clk_IBUF_BUFG_inst/O
                         net (fo=2166, routed)        1.387     5.486    dbg_hub/inst/BSCANID.u_xsdbm_id/CORE_XSDB.UUT_MASTER/U_XSDB_ADDRESS_CONTROLLER/clk
    SLICE_X70Y195        FDRE                                         r  dbg_hub/inst/BSCANID.u_xsdbm_id/CORE_XSDB.UUT_MASTER/U_XSDB_ADDRESS_CONTROLLER/addr_reg[0]/C
  -------------------------------------------------------------------    -------------------
    SLICE_X70Y195        FDRE (Prop_fdre_C_Q)         0.433     5.919 r  dbg_hub/inst/BSCANID.u_xsdbm_id/CORE_XSDB.UUT_MASTER/U_XSDB_ADDRESS_CONTROLLER/addr_reg[0]/Q
                         net (fo=96, routed)          3.506     9.425    vio/inst/U_XSDB_SLAVE/sl_iport_i[4]
    SLICE_X88Y198        LUT6 (Prop_lut6_I4_O)        0.105     9.530 r  vio/inst/U_XSDB_SLAVE/reg_do[7]_i_4/O
                         net (fo=1, routed)           0.752    10.282    vio/inst/U_XSDB_SLAVE/reg_do[7]_i_4_n_0
    SLICE_X87Y198        LUT6 (Prop_lut6_I4_O)        0.105    10.387 r  vio/inst/U_XSDB_SLAVE/reg_do[7]_i_2/O
                         net (fo=1, routed)           0.745    11.131    vio/inst/U_XSDB_SLAVE/reg_do[7]_i_2_n_0
    SLICE_X76Y193        LUT5 (Prop_lut5_I4_O)        0.105    11.236 r  vio/inst/U_XSDB_SLAVE/reg_do[7]_i_1/O
                         net (fo=1, routed)           0.000    11.236    vio/inst/U_XSDB_SLAVE/reg_do[7]
    SLICE_X76Y193        FDRE                                         r  vio/inst/U_XSDB_SLAVE/reg_do_reg[7]/D
  -------------------------------------------------------------------    -------------------

                         (clock clk rise edge)       10.000    10.000 r  
    AC19                                              0.000    10.000 r  clk (IN)
                         net (fo=0)                   0.000    10.000    clk
    AC19                 IBUF (Prop_ibuf_I_O)         1.350    11.350 r  clk_IBUF_inst/O
                         net (fo=1, routed)           2.471    13.821    clk_IBUF
    BUFGCTRL_X0Y0        BUFG (Prop_bufg_I_O)         0.077    13.898 r  clk_IBUF_BUFG_inst/O
                         net (fo=2166, routed)        1.270    15.168    vio/inst/U_XSDB_SLAVE/sl_iport_i[1]
    SLICE_X76Y193        FDRE                                         r  vio/inst/U_XSDB_SLAVE/reg_do_reg[7]/C
                         clock pessimism              0.267    15.435    
                         clock uncertainty           -0.035    15.400    
    SLICE_X76Y193        FDRE (Setup_fdre_C_D)        0.072    15.472    vio/inst/U_XSDB_SLAVE/reg_do_reg[7]
  -------------------------------------------------------------------
                         required time                         15.472    
                         arrival time                         -11.236    
  -------------------------------------------------------------------
                         slack                                  4.235    





Min Delay Paths
--------------------------------------------------------------------------------------
Slack (MET) :             0.083ns  (arrival time - required time)
  Source:                 u_jtag_axi_wrap/u_jtag_axi/inst/jtag_axi_engine_u/u_xsdb_fifo_interface/xsdb2read_cmdfifo/tx_fifo_dataout_reg[28]/C
                            (rising edge-triggered cell FDRE clocked by clk  {rise@0.000ns fall@5.000ns period=10.000ns})
  Destination:            u_jtag_axi_wrap/u_jtag_axi/inst/jtag_axi_engine_u/rd_cmd_fifo_i/inst_fifo_gen/gconvfifo.rf/grf.rf/gntv_or_sync_fifo.mem/gbm.gbmg.gbmga.ngecc.bmg/inst_blk_mem_gen/gnbram.gnativebmg.native_blk_mem_gen/valid.cstr/ramloop[0].ram.r/prim_noinit.ram/DEVICE_7SERIES.NO_BMM_INFO.SDP.WIDE_PRIM36_NO_ECC.ram/DIADI[28]
                            (rising edge-triggered cell RAMB36E1 clocked by clk  {rise@0.000ns fall@5.000ns period=10.000ns})
  Path Group:             clk
  Path Type:              Hold (Min at Slow Process Corner)
  Requirement:            0.000ns  (clk rise@0.000ns - clk rise@0.000ns)
  Data Path Delay:        0.768ns  (logic 0.304ns (39.569%)  route 0.464ns (60.431%))
  Logic Levels:           0  
  Clock Path Skew:        0.064ns (DCD - SCD - CPR)
    Destination Clock Delay (DCD):    5.510ns
    Source Clock Delay      (SCD):    5.162ns
    Clock Pessimism Removal (CPR):    0.284ns

    Location             Delay type                Incr(ns)  Path(ns)    Netlist Resource(s)
  -------------------------------------------------------------------    -------------------
                         (clock clk rise edge)        0.000     0.000 r  
    AC19                                              0.000     0.000 r  clk (IN)
                         net (fo=0)                   0.000     0.000    clk
    AC19                 IBUF (Prop_ibuf_I_O)         1.350     1.350 r  clk_IBUF_inst/O
                         net (fo=1, routed)           2.471     3.821    clk_IBUF
    BUFGCTRL_X0Y0        BUFG (Prop_bufg_I_O)         0.077     3.898 r  clk_IBUF_BUFG_inst/O
                         net (fo=2166, routed)        1.264     5.162    u_jtag_axi_wrap/u_jtag_axi/inst/jtag_axi_engine_u/u_xsdb_fifo_interface/xsdb2read_cmdfifo/s_dclk_o
    SLICE_X77Y166        FDRE                                         r  u_jtag_axi_wrap/u_jtag_axi/inst/jtag_axi_engine_u/u_xsdb_fifo_interface/xsdb2read_cmdfifo/tx_fifo_dataout_reg[28]/C
  -------------------------------------------------------------------    -------------------
    SLICE_X77Y166        FDRE (Prop_fdre_C_Q)         0.304     5.466 r  u_jtag_axi_wrap/u_jtag_axi/inst/jtag_axi_engine_u/u_xsdb_fifo_interface/xsdb2read_cmdfifo/tx_fifo_dataout_reg[28]/Q
                         net (fo=1, routed)           0.464     5.930    u_jtag_axi_wrap/u_jtag_axi/inst/jtag_axi_engine_u/rd_cmd_fifo_i/inst_fifo_gen/gconvfifo.rf/grf.rf/gntv_or_sync_fifo.mem/gbm.gbmg.gbmga.ngecc.bmg/inst_blk_mem_gen/gnbram.gnativebmg.native_blk_mem_gen/valid.cstr/ramloop[0].ram.r/prim_noinit.ram/Q[28]
    RAMB36_X4Y33         RAMB36E1                                     r  u_jtag_axi_wrap/u_jtag_axi/inst/jtag_axi_engine_u/rd_cmd_fifo_i/inst_fifo_gen/gconvfifo.rf/grf.rf/gntv_or_sync_fifo.mem/gbm.gbmg.gbmga.ngecc.bmg/inst_blk_mem_gen/gnbram.gnativebmg.native_blk_mem_gen/valid.cstr/ramloop[0].ram.r/prim_noinit.ram/DEVICE_7SERIES.NO_BMM_INFO.SDP.WIDE_PRIM36_NO_ECC.ram/DIADI[28]
  -------------------------------------------------------------------    -------------------

                         (clock clk rise edge)        0.000     0.000 r  
    AC19                                              0.000     0.000 r  clk (IN)
                         net (fo=0)                   0.000     0.000    clk
    AC19                 IBUF (Prop_ibuf_I_O)         1.416     1.416 r  clk_IBUF_inst/O
                         net (fo=1, routed)           2.602     4.018    clk_IBUF
    BUFGCTRL_X0Y0        BUFG (Prop_bufg_I_O)         0.081     4.099 r  clk_IBUF_BUFG_inst/O
                         net (fo=2166, routed)        1.411     5.510    u_jtag_axi_wrap/u_jtag_axi/inst/jtag_axi_engine_u/rd_cmd_fifo_i/inst_fifo_gen/gconvfifo.rf/grf.rf/gntv_or_sync_fifo.mem/gbm.gbmg.gbmga.ngecc.bmg/inst_blk_mem_gen/gnbram.gnativebmg.native_blk_mem_gen/valid.cstr/ramloop[0].ram.r/prim_noinit.ram/s_dclk_o
    RAMB36_X4Y33         RAMB36E1                                     r  u_jtag_axi_wrap/u_jtag_axi/inst/jtag_axi_engine_u/rd_cmd_fifo_i/inst_fifo_gen/gconvfifo.rf/grf.rf/gntv_or_sync_fifo.mem/gbm.gbmg.gbmga.ngecc.bmg/inst_blk_mem_gen/gnbram.gnativebmg.native_blk_mem_gen/valid.cstr/ramloop[0].ram.r/prim_noinit.ram/DEVICE_7SERIES.NO_BMM_INFO.SDP.WIDE_PRIM36_NO_ECC.ram/CLKBWRCLK
                         clock pessimism             -0.284     5.225    
    RAMB36_X4Y33         RAMB36E1 (Hold_ramb36e1_CLKBWRCLK_DIADI[28])
                                                      0.622     5.847    u_jtag_axi_wrap/u_jtag_axi/inst/jtag_axi_engine_u/rd_cmd_fifo_i/inst_fifo_gen/gconvfifo.rf/grf.rf/gntv_or_sync_fifo.mem/gbm.gbmg.gbmga.ngecc.bmg/inst_blk_mem_gen/gnbram.gnativebmg.native_blk_mem_gen/valid.cstr/ramloop[0].ram.r/prim_noinit.ram/DEVICE_7SERIES.NO_BMM_INFO.SDP.WIDE_PRIM36_NO_ECC.ram
  -------------------------------------------------------------------
                         required time                         -5.847    
                         arrival time                           5.930    
  -------------------------------------------------------------------
                         slack                                  0.083    





Pulse Width Checks
--------------------------------------------------------------------------------------
Clock Name:         clk
Waveform(ns):       { 0.000 5.000 }
Period(ns):         10.000
Sources:            { clk }

Check Type        Corner  Lib Pin             Reference Pin  Required(ns)  Actual(ns)  Slack(ns)  Location        Pin
Min Period        n/a     RAMB36E1/CLKBWRCLK  n/a            2.170         10.000      7.830      RAMB36_X4Y33    u_jtag_axi_wrap/u_jtag_axi/inst/jtag_axi_engine_u/rd_cmd_fifo_i/inst_fifo_gen/gconvfifo.rf/grf.rf/gntv_or_sync_fifo.mem/gbm.gbmg.gbmga.ngecc.bmg/inst_blk_mem_gen/gnbram.gnativebmg.native_blk_mem_gen/valid.cstr/ramloop[0].ram.r/prim_noinit.ram/DEVICE_7SERIES.NO_BMM_INFO.SDP.WIDE_PRIM36_NO_ECC.ram/CLKBWRCLK
Max Period        n/a     PLLE2_ADV/CLKIN1    n/a            52.633        10.000      42.633     PLLE2_ADV_X0Y4  ddr3.u_axi_wrap_ddr/mig_axi/u_mig_axi_32_mig/u_ddr3_infrastructure/plle2_i/CLKIN1
Low Pulse Width   Slow    PLLE2_ADV/CLKIN1    n/a            2.000         5.000       3.000      PLLE2_ADV_X0Y4  ddr3.u_axi_wrap_ddr/mig_axi/u_mig_axi_32_mig/u_ddr3_infrastructure/plle2_i/CLKIN1
High Pulse Width  Slow    PLLE2_ADV/CLKIN1    n/a            2.000         5.000       3.000      PLLE2_ADV_X0Y4  ddr3.u_axi_wrap_ddr/mig_axi/u_mig_axi_32_mig/u_ddr3_infrastructure/plle2_i/CLKIN1



---------------------------------------------------------------------------------------------------
From Clock:  clkfbout_clk_pll
  To Clock:  clkfbout_clk_pll

Setup :           NA  Failing Endpoints,  Worst Slack           NA  ,  Total Violation           NA
Hold  :           NA  Failing Endpoints,  Worst Slack           NA  ,  Total Violation           NA
PW    :            0  Failing Endpoints,  Worst Slack        8.408ns,  Total Violation        0.000ns
---------------------------------------------------------------------------------------------------


Pulse Width Checks
--------------------------------------------------------------------------------------
Clock Name:         clkfbout_clk_pll
Waveform(ns):       { 0.000 5.000 }
Period(ns):         10.000
Sources:            { fpga_pll.u_clk_pll/inst/plle2_adv_inst/CLKFBOUT }

Check Type  Corner  Lib Pin            Reference Pin  Required(ns)  Actual(ns)  Slack(ns)  Location        Pin
Min Period  n/a     BUFG/I             n/a            1.592         10.000      8.408      BUFGCTRL_X0Y5   fpga_pll.u_clk_pll/inst/clkf_buf/I
Max Period  n/a     PLLE2_ADV/CLKFBIN  n/a            52.633        10.000      42.633     PLLE2_ADV_X0Y2  fpga_pll.u_clk_pll/inst/plle2_adv_inst/CLKFBIN



---------------------------------------------------------------------------------------------------
From Clock:  clkfbout_clk_pll_ddr
  To Clock:  clkfbout_clk_pll_ddr

Setup :           NA  Failing Endpoints,  Worst Slack           NA  ,  Total Violation           NA
Hold  :           NA  Failing Endpoints,  Worst Slack           NA  ,  Total Violation           NA
PW    :            0  Failing Endpoints,  Worst Slack        8.408ns,  Total Violation        0.000ns
---------------------------------------------------------------------------------------------------


Pulse Width Checks
--------------------------------------------------------------------------------------
Clock Name:         clkfbout_clk_pll_ddr
Waveform(ns):       { 0.000 5.000 }
Period(ns):         10.000
Sources:            { fpga_pll.u_clk_pll_ddr/inst/plle2_adv_inst/CLKFBOUT }

Check Type  Corner  Lib Pin            Reference Pin  Required(ns)  Actual(ns)  Slack(ns)  Location        Pin
Min Period  n/a     BUFG/I             n/a            1.592         10.000      8.408      BUFGCTRL_X0Y6   fpga_pll.u_clk_pll_ddr/inst/clkf_buf/I
Max Period  n/a     PLLE2_ADV/CLKFBIN  n/a            52.633        10.000      42.633     PLLE2_ADV_X1Y0  fpga_pll.u_clk_pll_ddr/inst/plle2_adv_inst/CLKFBIN



---------------------------------------------------------------------------------------------------
From Clock:  cpu_clk
  To Clock:  cpu_clk

Setup :            0  Failing Endpoints,  Worst Slack        0.003ns,  Total Violation        0.000ns
Hold  :            0  Failing Endpoints,  Worst Slack        0.054ns,  Total Violation        0.000ns
PW    :            0  Failing Endpoints,  Worst Slack       14.495ns,  Total Violation        0.000ns
---------------------------------------------------------------------------------------------------


Max Delay Paths
--------------------------------------------------------------------------------------
Slack (MET) :             0.003ns  (required time - arrival time)
  Source:                 u_cpu/inner_cpu/core_0/u_rename/a_rat_reg[30][3]/C
                            (rising edge-triggered cell FDSE clocked by cpu_clk  {rise@0.000ns fall@15.625ns period=31.250ns})
  Destination:            u_cpu/inner_cpu/core_0/u_rename/free_list_reg[14][1]/CE
                            (rising edge-triggered cell FDRE clocked by cpu_clk  {rise@0.000ns fall@15.625ns period=31.250ns})
  Path Group:             cpu_clk
  Path Type:              Setup (Max at Slow Process Corner)
  Requirement:            31.250ns  (cpu_clk rise@31.250ns - cpu_clk rise@0.000ns)
  Data Path Delay:        30.975ns  (logic 5.480ns (17.692%)  route 25.495ns (82.308%))
  Logic Levels:           38  (LUT2=8 LUT3=4 LUT4=5 LUT5=6 LUT6=15)
  Clock Path Skew:        -0.039ns (DCD - SCD + CPR)
    Destination Clock Delay (DCD):    5.355ns = ( 36.605 - 31.250 ) 
    Source Clock Delay      (SCD):    5.668ns
    Clock Pessimism Removal (CPR):    0.274ns
  Clock Uncertainty:      0.065ns  ((TSJ^2 + DJ^2)^1/2) / 2 + PE
    Total System Jitter     (TSJ):    0.071ns
    Discrete Jitter          (DJ):    0.109ns
    Phase Error              (PE):    0.000ns

    Location             Delay type                Incr(ns)  Path(ns)    Netlist Resource(s)
  -------------------------------------------------------------------    -------------------
                         (clock cpu_clk rise edge)    0.000     0.000 r  
    AC19                                              0.000     0.000 r  clk (IN)
                         net (fo=0)                   0.000     0.000    clk
    AC19                 IBUF (Prop_ibuf_I_O)         1.416     1.416 r  clk_IBUF_inst/O
                         net (fo=1, routed)           2.602     4.018    clk_IBUF
    BUFGCTRL_X0Y0        BUFG (Prop_bufg_I_O)         0.081     4.099 r  clk_IBUF_BUFG_inst/O
                         net (fo=2166, routed)        1.536     5.635    fpga_pll.u_clk_pll/inst/clk_in1
    PLLE2_ADV_X0Y2       PLLE2_ADV (Prop_plle2_adv_CLKIN1_CLKOUT0)
                                                     -3.173     2.461 r  fpga_pll.u_clk_pll/inst/plle2_adv_inst/CLKOUT0
                         net (fo=1, routed)           1.557     4.018    fpga_pll.u_clk_pll/inst/cpu_clk_clk_pll
    BUFGCTRL_X0Y2        BUFG (Prop_bufg_I_O)         0.081     4.099 r  fpga_pll.u_clk_pll/inst/clkout1_buf/O
                         net (fo=25951, routed)       1.569     5.668    u_cpu/inner_cpu/core_0/u_rename/aclk
    SLICE_X112Y95        FDSE                                         r  u_cpu/inner_cpu/core_0/u_rename/a_rat_reg[30][3]/C
  -------------------------------------------------------------------    -------------------
    SLICE_X112Y95        FDSE (Prop_fdse_C_Q)         0.433     6.101 r  u_cpu/inner_cpu/core_0/u_rename/a_rat_reg[30][3]/Q
                         net (fo=28, routed)          0.809     6.910    u_cpu/inner_cpu/core_0/u_rename/a_rat_reg[30][5]_0[2]
    SLICE_X117Y93        LUT3 (Prop_lut3_I1_O)        0.105     7.015 r  u_cpu/inner_cpu/core_0/u_rename/free_list[2][3]_i_251/O
                         net (fo=6, routed)           0.865     7.880    u_cpu/inner_cpu/core_0/u_rename/free_list[2][3]_i_251_n_0
    SLICE_X115Y88        LUT6 (Prop_lut6_I1_O)        0.105     7.985 r  u_cpu/inner_cpu/core_0/u_rename/free_list[2][3]_i_202/O
                         net (fo=2, routed)           0.764     8.749    u_cpu/inner_cpu/core_0/u_rename/free_list[2][3]_i_202_n_0
    SLICE_X119Y87        LUT6 (Prop_lut6_I0_O)        0.105     8.854 r  u_cpu/inner_cpu/core_0/u_rename/free_list[2][3]_i_133/O
                         net (fo=1, routed)           0.673     9.527    u_cpu/inner_cpu/core_0/u_rename/free_list[2][3]_i_133_n_0
    SLICE_X122Y84        LUT6 (Prop_lut6_I3_O)        0.105     9.632 r  u_cpu/inner_cpu/core_0/u_rename/free_list[2][3]_i_46/O
                         net (fo=21, routed)          0.904    10.536    u_cpu/inner_cpu/core_0/u_rename/free_list[2][3]_i_46_n_0
    SLICE_X123Y85        LUT6 (Prop_lut6_I3_O)        0.105    10.641 r  u_cpu/inner_cpu/core_0/u_rename/free_list[2][3]_i_17/O
                         net (fo=4, routed)           0.838    11.479    u_cpu/inner_cpu/core_0/u_rename/free_list[2][3]_i_17_n_0
    SLICE_X122Y84        LUT6 (Prop_lut6_I3_O)        0.105    11.584 r  u_cpu/inner_cpu/core_0/u_rename/free_list[2][3]_i_22/O
                         net (fo=8, routed)           0.543    12.127    u_cpu/inner_cpu/core_0/u_rename/free_list[2][3]_i_22_n_0
    SLICE_X121Y84        LUT5 (Prop_lut5_I1_O)        0.105    12.232 r  u_cpu/inner_cpu/core_0/u_rename/free_list[9][4]_i_125/O
                         net (fo=1, routed)           0.371    12.603    u_cpu/inner_cpu/core_0/u_rename/free_list[9][4]_i_125_n_0
    SLICE_X116Y83        LUT6 (Prop_lut6_I2_O)        0.105    12.708 r  u_cpu/inner_cpu/core_0/u_rename/free_list[9][4]_i_85/O
                         net (fo=22, routed)          0.280    12.988    u_cpu/inner_cpu/core_0/u_rename/free_list[9][4]_i_85_n_0
    SLICE_X117Y82        LUT6 (Prop_lut6_I5_O)        0.105    13.093 r  u_cpu/inner_cpu/core_0/u_rename/free_list[9][4]_i_93/O
                         net (fo=34, routed)          0.539    13.632    u_cpu/inner_cpu/core_0/u_rename/free_list[9][4]_i_93_n_0
    SLICE_X114Y82        LUT6 (Prop_lut6_I3_O)        0.105    13.737 r  u_cpu/inner_cpu/core_0/u_rename/free_list[0][4]_i_59/O
                         net (fo=18, routed)          0.407    14.143    u_cpu/inner_cpu/core_0/u_rename/free_list[0][4]_i_59_n_0
    SLICE_X110Y84        LUT2 (Prop_lut2_I1_O)        0.105    14.248 r  u_cpu/inner_cpu/core_0/u_rename/free_list[18][3]_i_61/O
                         net (fo=21, routed)          0.794    15.043    u_cpu/inner_cpu/core_0/u_rename/free_list[18][3]_i_61_n_0
    SLICE_X109Y83        LUT4 (Prop_lut4_I1_O)        0.118    15.161 r  u_cpu/inner_cpu/core_0/u_rename/free_list[4][2]_i_63/O
                         net (fo=23, routed)          0.662    15.823    u_cpu/inner_cpu/core_0/u_rename/free_list[4][2]_i_63_n_0
    SLICE_X109Y81        LUT6 (Prop_lut6_I2_O)        0.268    16.091 r  u_cpu/inner_cpu/core_0/u_rename/free_list[19][4]_i_60/O
                         net (fo=40, routed)          0.696    16.787    u_cpu/inner_cpu/core_0/u_rename/free_list[19][4]_i_60_n_0
    SLICE_X103Y77        LUT6 (Prop_lut6_I1_O)        0.105    16.892 r  u_cpu/inner_cpu/core_0/u_rename/free_list[20][5]_i_75/O
                         net (fo=33, routed)          0.523    17.415    u_cpu/inner_cpu/core_0/u_rename/free_list[20][5]_i_75_n_0
    SLICE_X101Y74        LUT4 (Prop_lut4_I1_O)        0.105    17.520 r  u_cpu/inner_cpu/core_0/u_rename/free_list[25][5]_i_106/O
                         net (fo=24, routed)          0.543    18.063    u_cpu/inner_cpu/core_0/u_rename/free_list[25][5]_i_106_n_0
    SLICE_X100Y69        LUT2 (Prop_lut2_I0_O)        0.105    18.168 r  u_cpu/inner_cpu/core_0/u_rename/free_list[25][5]_i_66/O
                         net (fo=22, routed)          0.564    18.732    u_cpu/inner_cpu/core_0/u_rename/free_list[25][5]_i_66_n_0
    SLICE_X105Y69        LUT2 (Prop_lut2_I0_O)        0.105    18.837 r  u_cpu/inner_cpu/core_0/u_rename/free_list[8][5]_i_33/O
                         net (fo=30, routed)          0.595    19.432    u_cpu/inner_cpu/core_0/u_rename/free_list[8][5]_i_33_n_0
    SLICE_X104Y67        LUT6 (Prop_lut6_I4_O)        0.105    19.537 r  u_cpu/inner_cpu/core_0/u_rename/free_list[18][5]_i_59/O
                         net (fo=20, routed)          0.517    20.053    u_cpu/inner_cpu/core_0/u_rename/free_list[18][5]_i_59_n_0
    SLICE_X104Y65        LUT4 (Prop_lut4_I2_O)        0.106    20.159 r  u_cpu/inner_cpu/core_0/u_rename/free_list[18][5]_i_28/O
                         net (fo=60, routed)          0.559    20.718    u_cpu/inner_cpu/core_0/u_rename/free_list[18][5]_i_28_n_0
    SLICE_X107Y62        LUT2 (Prop_lut2_I0_O)        0.283    21.001 r  u_cpu/inner_cpu/core_0/u_rename/free_list[18][4]_i_50/O
                         net (fo=44, routed)          0.693    21.694    u_cpu/inner_cpu/core_0/u_rename/free_list[18][4]_i_50_n_0
    SLICE_X106Y60        LUT2 (Prop_lut2_I0_O)        0.105    21.799 r  u_cpu/inner_cpu/core_0/u_rename/free_list[18][4]_i_18/O
                         net (fo=38, routed)          0.721    22.520    u_cpu/inner_cpu/core_0/u_rename/free_list[18][4]_i_18_n_0
    SLICE_X108Y58        LUT4 (Prop_lut4_I2_O)        0.125    22.645 r  u_cpu/inner_cpu/core_0/u_rename/free_list[19][5]_i_11/O
                         net (fo=56, routed)          0.830    23.475    u_cpu/inner_cpu/core_0/u_rename/free_list[19][5]_i_11_n_0
    SLICE_X112Y56        LUT6 (Prop_lut6_I1_O)        0.264    23.739 r  u_cpu/inner_cpu/core_0/u_rename/free_list[31][5]_i_17/O
                         net (fo=54, routed)          0.701    24.439    u_cpu/inner_cpu/core_0/u_rename/free_list[31][5]_i_17_n_0
    SLICE_X116Y56        LUT2 (Prop_lut2_I0_O)        0.125    24.564 r  u_cpu/inner_cpu/core_0/u_rename/free_list[4][5]_i_62/O
                         net (fo=25, routed)          0.564    25.129    u_cpu/inner_cpu/core_0/u_rename/free_list[4][5]_i_62_n_0
    SLICE_X121Y56        LUT3 (Prop_lut3_I0_O)        0.264    25.393 r  u_cpu/inner_cpu/core_0/u_rename/free_list[0][5]_i_44/O
                         net (fo=26, routed)          0.507    25.899    u_cpu/inner_cpu/core_0/u_rename/free_list[0][5]_i_44_n_0
    SLICE_X123Y56        LUT3 (Prop_lut3_I1_O)        0.105    26.004 r  u_cpu/inner_cpu/core_0/u_rename/free_list[2][5]_i_27/O
                         net (fo=52, routed)          0.742    26.747    u_cpu/inner_cpu/core_0/u_rename/free_list[2][5]_i_27_n_0
    SLICE_X125Y56        LUT5 (Prop_lut5_I3_O)        0.105    26.852 r  u_cpu/inner_cpu/core_0/u_rename/free_list[24][3]_i_8/O
                         net (fo=36, routed)          0.910    27.761    u_cpu/inner_cpu/core_0/u_rename/free_list[24][3]_i_8_n_0
    SLICE_X140Y59        LUT4 (Prop_lut4_I1_O)        0.105    27.866 r  u_cpu/inner_cpu/core_0/u_rename/free_list[4][5]_i_28/O
                         net (fo=44, routed)          0.698    28.565    u_cpu/inner_cpu/core_0/u_rename/free_list[4][5]_i_28_n_0
    SLICE_X141Y54        LUT6 (Prop_lut6_I4_O)        0.264    28.829 r  u_cpu/inner_cpu/core_0/u_rename/free_list[0][5]_i_21/O
                         net (fo=24, routed)          0.742    29.570    u_cpu/inner_cpu/core_0/u_rename/free_list[0][5]_i_21_n_0
    SLICE_X141Y52        LUT2 (Prop_lut2_I1_O)        0.105    29.675 r  u_cpu/inner_cpu/core_0/u_rename/free_list[0][5]_i_145/O
                         net (fo=4, routed)           0.500    30.175    u_cpu/inner_cpu/core_0/u_rename/free_list[0][5]_i_145_n_0
    SLICE_X143Y53        LUT6 (Prop_lut6_I5_O)        0.105    30.280 f  u_cpu/inner_cpu/core_0/u_rename/free_list[0][5]_i_81/O
                         net (fo=59, routed)          0.849    31.129    u_cpu/inner_cpu/core_0/u_rename/free_list[0][5]_i_81_n_0
    SLICE_X144Y50        LUT5 (Prop_lut5_I0_O)        0.105    31.234 r  u_cpu/inner_cpu/core_0/u_rename/free_list[12][5]_i_88/O
                         net (fo=2, routed)           0.630    31.863    u_cpu/inner_cpu/core_0/u_rename/free_list[12][5]_i_88_n_0
    SLICE_X145Y57        LUT5 (Prop_lut5_I1_O)        0.105    31.968 f  u_cpu/inner_cpu/core_0/u_rename/free_list[13][0]_i_26/O
                         net (fo=4, routed)           0.746    32.714    u_cpu/inner_cpu/core_0/u_rename/free_list[13][0]_i_26_n_0
    SLICE_X143Y60        LUT3 (Prop_lut3_I2_O)        0.105    32.819 f  u_cpu/inner_cpu/core_0/u_rename/free_list[9][0]_i_12/O
                         net (fo=1, routed)           0.561    33.380    u_cpu/inner_cpu/core_0/u_rename/free_list[9][0]_i_12_n_0
    SLICE_X140Y59        LUT5 (Prop_lut5_I3_O)        0.105    33.485 f  u_cpu/inner_cpu/core_0/u_rename/free_list[9][0]_i_6/O
                         net (fo=7, routed)           0.643    34.128    u_cpu/inner_cpu/core_0/u_rename/free_list[9][0]_i_6_n_0
    SLICE_X139Y59        LUT2 (Prop_lut2_I1_O)        0.127    34.255 f  u_cpu/inner_cpu/core_0/u_rename/free_list[9][0]_i_3/O
                         net (fo=28, routed)          0.790    35.045    u_cpu/inner_cpu/core_0/u_rename/free_list[9][0]_i_3_n_0
    SLICE_X137Y64        LUT6 (Prop_lut6_I1_O)        0.268    35.313 r  u_cpu/inner_cpu/core_0/u_rename/free_list[14][5]_i_5/O
                         net (fo=1, routed)           0.470    35.783    u_cpu/inner_cpu/core_0/u_rename/free_list[14][5]_i_5_n_0
    SLICE_X138Y63        LUT5 (Prop_lut5_I2_O)        0.105    35.888 r  u_cpu/inner_cpu/core_0/u_rename/free_list[14][5]_i_1/O
                         net (fo=6, routed)           0.755    36.643    u_cpu/inner_cpu/core_0/u_rename/free_list[14][5]_i_1_n_0
    SLICE_X137Y59        FDRE                                         r  u_cpu/inner_cpu/core_0/u_rename/free_list_reg[14][1]/CE
  -------------------------------------------------------------------    -------------------

                         (clock cpu_clk rise edge)   31.250    31.250 r  
    AC19                                              0.000    31.250 r  clk (IN)
                         net (fo=0)                   0.000    31.250    clk
    AC19                 IBUF (Prop_ibuf_I_O)         1.350    32.600 r  clk_IBUF_inst/O
                         net (fo=1, routed)           2.471    35.071    clk_IBUF
    BUFGCTRL_X0Y0        BUFG (Prop_bufg_I_O)         0.077    35.148 r  clk_IBUF_BUFG_inst/O
                         net (fo=2166, routed)        1.434    36.581    fpga_pll.u_clk_pll/inst/clk_in1
    PLLE2_ADV_X0Y2       PLLE2_ADV (Prop_plle2_adv_CLKIN1_CLKOUT0)
                                                     -2.995    33.586 r  fpga_pll.u_clk_pll/inst/plle2_adv_inst/CLKOUT0
                         net (fo=1, routed)           1.484    35.071    fpga_pll.u_clk_pll/inst/cpu_clk_clk_pll
    BUFGCTRL_X0Y2        BUFG (Prop_bufg_I_O)         0.077    35.148 r  fpga_pll.u_clk_pll/inst/clkout1_buf/O
                         net (fo=25951, routed)       1.457    36.605    u_cpu/inner_cpu/core_0/u_rename/aclk
    SLICE_X137Y59        FDRE                                         r  u_cpu/inner_cpu/core_0/u_rename/free_list_reg[14][1]/C
                         clock pessimism              0.274    36.879    
                         clock uncertainty           -0.065    36.814    
    SLICE_X137Y59        FDRE (Setup_fdre_C_CE)      -0.168    36.646    u_cpu/inner_cpu/core_0/u_rename/free_list_reg[14][1]
  -------------------------------------------------------------------
                         required time                         36.646    
                         arrival time                         -36.643    
  -------------------------------------------------------------------
                         slack                                  0.003    





Min Delay Paths
--------------------------------------------------------------------------------------
Slack (MET) :             0.054ns  (arrival time - required time)
  Source:                 u_cpu/inner_cpu/core_0/u_if_stage/pc_start_reg[23]/C
                            (rising edge-triggered cell FDRE clocked by cpu_clk  {rise@0.000ns fall@15.625ns period=31.250ns})
  Destination:            u_cpu/inner_cpu/core_0/u_if_stage/pc_start_sent_reg[23]/D
                            (rising edge-triggered cell FDRE clocked by cpu_clk  {rise@0.000ns fall@15.625ns period=31.250ns})
  Path Group:             cpu_clk
  Path Type:              Hold (Min at Fast Process Corner)
  Requirement:            0.000ns  (cpu_clk rise@0.000ns - cpu_clk rise@0.000ns)
  Data Path Delay:        0.403ns  (logic 0.141ns (34.968%)  route 0.262ns (65.032%))
  Logic Levels:           0  
  Clock Path Skew:        0.274ns (DCD - SCD - CPR)
    Destination Clock Delay (DCD):    2.467ns
    Source Clock Delay      (SCD):    1.916ns
    Clock Pessimism Removal (CPR):    0.277ns

    Location             Delay type                Incr(ns)  Path(ns)    Netlist Resource(s)
  -------------------------------------------------------------------    -------------------
                         (clock cpu_clk rise edge)    0.000     0.000 r  
    AC19                                              0.000     0.000 r  clk (IN)
                         net (fo=0)                   0.000     0.000    clk
    AC19                 IBUF (Prop_ibuf_I_O)         0.253     0.253 r  clk_IBUF_inst/O
                         net (fo=1, routed)           1.074     1.327    clk_IBUF
    BUFGCTRL_X0Y0        BUFG (Prop_bufg_I_O)         0.026     1.353 r  clk_IBUF_BUFG_inst/O
                         net (fo=2166, routed)        0.615     1.967    fpga_pll.u_clk_pll/inst/clk_in1
    PLLE2_ADV_X0Y2       PLLE2_ADV (Prop_plle2_adv_CLKIN1_CLKOUT0)
                                                     -1.200     0.767 r  fpga_pll.u_clk_pll/inst/plle2_adv_inst/CLKOUT0
                         net (fo=1, routed)           0.560     1.327    fpga_pll.u_clk_pll/inst/cpu_clk_clk_pll
    BUFGCTRL_X0Y2        BUFG (Prop_bufg_I_O)         0.026     1.353 r  fpga_pll.u_clk_pll/inst/clkout1_buf/O
                         net (fo=25951, routed)       0.564     1.916    u_cpu/inner_cpu/core_0/u_if_stage/aclk
    SLICE_X81Y154        FDRE                                         r  u_cpu/inner_cpu/core_0/u_if_stage/pc_start_reg[23]/C
  -------------------------------------------------------------------    -------------------
    SLICE_X81Y154        FDRE (Prop_fdre_C_Q)         0.141     2.057 r  u_cpu/inner_cpu/core_0/u_if_stage/pc_start_reg[23]/Q
                         net (fo=11, routed)          0.262     2.320    u_cpu/inner_cpu/core_0/u_if_stage/Q[11]
    SLICE_X79Y148        FDRE                                         r  u_cpu/inner_cpu/core_0/u_if_stage/pc_start_sent_reg[23]/D
  -------------------------------------------------------------------    -------------------

                         (clock cpu_clk rise edge)    0.000     0.000 r  
    AC19                                              0.000     0.000 r  clk (IN)
                         net (fo=0)                   0.000     0.000    clk
    AC19                 IBUF (Prop_ibuf_I_O)         0.441     0.441 r  clk_IBUF_inst/O
                         net (fo=1, routed)           1.160     1.601    clk_IBUF
    BUFGCTRL_X0Y0        BUFG (Prop_bufg_I_O)         0.029     1.630 r  clk_IBUF_BUFG_inst/O
                         net (fo=2166, routed)        0.884     2.513    fpga_pll.u_clk_pll/inst/clk_in1
    PLLE2_ADV_X0Y2       PLLE2_ADV (Prop_plle2_adv_CLKIN1_CLKOUT0)
                                                     -1.523     0.990 r  fpga_pll.u_clk_pll/inst/plle2_adv_inst/CLKOUT0
                         net (fo=1, routed)           0.611     1.601    fpga_pll.u_clk_pll/inst/cpu_clk_clk_pll
    BUFGCTRL_X0Y2        BUFG (Prop_bufg_I_O)         0.029     1.630 r  fpga_pll.u_clk_pll/inst/clkout1_buf/O
                         net (fo=25951, routed)       0.838     2.467    u_cpu/inner_cpu/core_0/u_if_stage/aclk
    SLICE_X79Y148        FDRE                                         r  u_cpu/inner_cpu/core_0/u_if_stage/pc_start_sent_reg[23]/C
                         clock pessimism             -0.277     2.190    
    SLICE_X79Y148        FDRE (Hold_fdre_C_D)         0.075     2.265    u_cpu/inner_cpu/core_0/u_if_stage/pc_start_sent_reg[23]
  -------------------------------------------------------------------
                         required time                         -2.265    
                         arrival time                           2.320    
  -------------------------------------------------------------------
                         slack                                  0.054    





Pulse Width Checks
--------------------------------------------------------------------------------------
Clock Name:         cpu_clk
Waveform(ns):       { 0.000 15.625 }
Period(ns):         31.250
Sources:            { fpga_pll.u_clk_pll/inst/plle2_adv_inst/CLKOUT0 }

Check Type        Corner  Lib Pin             Reference Pin  Required(ns)  Actual(ns)  Slack(ns)  Location        Pin
Min Period        n/a     RAMB36E1/CLKARDCLK  n/a            2.170         31.250      29.080     RAMB36_X0Y19    u_cpu/inner_cpu/dcache/dcache_way0_ram/mem_reg_0/CLKARDCLK
Max Period        n/a     PLLE2_ADV/CLKOUT0   n/a            160.000       31.250      128.750    PLLE2_ADV_X0Y2  fpga_pll.u_clk_pll/inst/plle2_adv_inst/CLKOUT0
Low Pulse Width   Slow    RAMD32/CLK          n/a            1.130         15.625      14.495     SLICE_X52Y172   u_axi_clock_sync/arFifo/ram_reg_0_3_0_5/RAMA/CLK
High Pulse Width  Slow    RAMD32/CLK          n/a            1.130         15.625      14.495     SLICE_X52Y172   u_axi_clock_sync/arFifo/ram_reg_0_3_0_5/RAMA/CLK



---------------------------------------------------------------------------------------------------
From Clock:  ddr_clk
  To Clock:  ddr_clk

Setup :            0  Failing Endpoints,  Worst Slack        2.580ns,  Total Violation        0.000ns
Hold  :            0  Failing Endpoints,  Worst Slack        0.121ns,  Total Violation        0.000ns
PW    :            0  Failing Endpoints,  Worst Slack        0.264ns,  Total Violation        0.000ns
---------------------------------------------------------------------------------------------------


Max Delay Paths
--------------------------------------------------------------------------------------
Slack (MET) :             2.580ns  (required time - arrival time)
  Source:                 ddr3.u_axi_wrap_ddr/mig_axi/u_mig_axi_32_mig/temp_mon_enabled.u_tempmon/xadc_supplied_temperature.XADC_inst/DCLK
                            (rising edge-triggered cell XADC clocked by ddr_clk  {rise@0.000ns fall@2.500ns period=5.000ns})
  Destination:            ddr3.u_axi_wrap_ddr/mig_axi/u_mig_axi_32_mig/temp_mon_enabled.u_tempmon/xadc_supplied_temperature.xadc_do_r_reg[9]/D
                            (rising edge-triggered cell FDRE clocked by ddr_clk  {rise@0.000ns fall@2.500ns period=5.000ns})
  Path Group:             ddr_clk
  Path Type:              Setup (Max at Slow Process Corner)
  Requirement:            5.000ns  (ddr_clk rise@5.000ns - ddr_clk rise@0.000ns)
  Data Path Delay:        2.255ns  (logic 0.859ns (38.099%)  route 1.396ns (61.901%))
  Logic Levels:           0  
  Clock Path Skew:        -0.027ns (DCD - SCD + CPR)
    Destination Clock Delay (DCD):    5.260ns = ( 10.260 - 5.000 ) 
    Source Clock Delay      (SCD):    5.554ns
    Clock Pessimism Removal (CPR):    0.267ns
  Clock Uncertainty:      0.067ns  ((TSJ^2 + DJ^2)^1/2) / 2 + PE
    Total System Jitter     (TSJ):    0.071ns
    Discrete Jitter          (DJ):    0.113ns
    Phase Error              (PE):    0.000ns

    Location             Delay type                Incr(ns)  Path(ns)    Netlist Resource(s)
  -------------------------------------------------------------------    -------------------
                         (clock ddr_clk rise edge)    0.000     0.000 r  
    AC19                                              0.000     0.000 r  clk (IN)
                         net (fo=0)                   0.000     0.000    clk
    AC19                 IBUF (Prop_ibuf_I_O)         1.416     1.416 r  clk_IBUF_inst/O
                         net (fo=1, routed)           2.602     4.018    clk_IBUF
    BUFGCTRL_X0Y0        BUFG (Prop_bufg_I_O)         0.081     4.099 r  clk_IBUF_BUFG_inst/O
                         net (fo=2166, routed)        1.823     5.922    fpga_pll.u_clk_pll_ddr/inst/clk_in1
    PLLE2_ADV_X1Y0       PLLE2_ADV (Prop_plle2_adv_CLKIN1_CLKOUT0)
                                                     -4.192     1.730 r  fpga_pll.u_clk_pll_ddr/inst/plle2_adv_inst/CLKOUT0
                         net (fo=1, routed)           2.288     4.018    fpga_pll.u_clk_pll_ddr/inst/ddr_clk_clk_pll_ddr
    BUFGCTRL_X0Y1        BUFG (Prop_bufg_I_O)         0.081     4.099 r  fpga_pll.u_clk_pll_ddr/inst/clkout1_buf/O
                         net (fo=62, routed)          1.455     5.554    ddr3.u_axi_wrap_ddr/mig_axi/u_mig_axi_32_mig/temp_mon_enabled.u_tempmon/clk_ref_i
    XADC_X0Y0            XADC                                         r  ddr3.u_axi_wrap_ddr/mig_axi/u_mig_axi_32_mig/temp_mon_enabled.u_tempmon/xadc_supplied_temperature.XADC_inst/DCLK
  -------------------------------------------------------------------    -------------------
    XADC_X0Y0            XADC (Prop_xadc_DCLK_DO[9])
                                                      0.859     6.413 r  ddr3.u_axi_wrap_ddr/mig_axi/u_mig_axi_32_mig/temp_mon_enabled.u_tempmon/xadc_supplied_temperature.XADC_inst/DO[9]
                         net (fo=1, routed)           1.396     7.809    ddr3.u_axi_wrap_ddr/mig_axi/u_mig_axi_32_mig/temp_mon_enabled.u_tempmon/xadc_supplied_temperature.xadc_do[9]
    SLICE_X13Y175        FDRE                                         r  ddr3.u_axi_wrap_ddr/mig_axi/u_mig_axi_32_mig/temp_mon_enabled.u_tempmon/xadc_supplied_temperature.xadc_do_r_reg[9]/D
  -------------------------------------------------------------------    -------------------

                         (clock ddr_clk rise edge)    5.000     5.000 r  
    AC19                                              0.000     5.000 r  clk (IN)
                         net (fo=0)                   0.000     5.000    clk
    AC19                 IBUF (Prop_ibuf_I_O)         1.350     6.350 r  clk_IBUF_inst/O
                         net (fo=1, routed)           2.471     8.821    clk_IBUF
    BUFGCTRL_X0Y0        BUFG (Prop_bufg_I_O)         0.077     8.898 r  clk_IBUF_BUFG_inst/O
                         net (fo=2166, routed)        1.706    10.604    fpga_pll.u_clk_pll_ddr/inst/clk_in1
    PLLE2_ADV_X1Y0       PLLE2_ADV (Prop_plle2_adv_CLKIN1_CLKOUT0)
                                                     -3.960     6.644 r  fpga_pll.u_clk_pll_ddr/inst/plle2_adv_inst/CLKOUT0
                         net (fo=1, routed)           2.177     8.821    fpga_pll.u_clk_pll_ddr/inst/ddr_clk_clk_pll_ddr
    BUFGCTRL_X0Y1        BUFG (Prop_bufg_I_O)         0.077     8.898 r  fpga_pll.u_clk_pll_ddr/inst/clkout1_buf/O
                         net (fo=62, routed)          1.362    10.260    ddr3.u_axi_wrap_ddr/mig_axi/u_mig_axi_32_mig/temp_mon_enabled.u_tempmon/clk_ref_i
    SLICE_X13Y175        FDRE                                         r  ddr3.u_axi_wrap_ddr/mig_axi/u_mig_axi_32_mig/temp_mon_enabled.u_tempmon/xadc_supplied_temperature.xadc_do_r_reg[9]/C
                         clock pessimism              0.267    10.527    
                         clock uncertainty           -0.067    10.460    
    SLICE_X13Y175        FDRE (Setup_fdre_C_D)       -0.072    10.388    ddr3.u_axi_wrap_ddr/mig_axi/u_mig_axi_32_mig/temp_mon_enabled.u_tempmon/xadc_supplied_temperature.xadc_do_r_reg[9]
  -------------------------------------------------------------------
                         required time                         10.388    
                         arrival time                          -7.809    
  -------------------------------------------------------------------
                         slack                                  2.580    





Min Delay Paths
--------------------------------------------------------------------------------------
Slack (MET) :             0.121ns  (arrival time - required time)
  Source:                 ddr3.u_axi_wrap_ddr/mig_axi/u_mig_axi_32_mig/temp_mon_enabled.u_tempmon/xadc_supplied_temperature.rst_r1_reg/C
                            (rising edge-triggered cell FDRE clocked by ddr_clk  {rise@0.000ns fall@2.500ns period=5.000ns})
  Destination:            ddr3.u_axi_wrap_ddr/mig_axi/u_mig_axi_32_mig/temp_mon_enabled.u_tempmon/xadc_supplied_temperature.rst_r2_reg/D
                            (rising edge-triggered cell FDRE clocked by ddr_clk  {rise@0.000ns fall@2.500ns period=5.000ns})
  Path Group:             ddr_clk
  Path Type:              Hold (Min at Fast Process Corner)
  Requirement:            0.000ns  (ddr_clk rise@0.000ns - ddr_clk rise@0.000ns)
  Data Path Delay:        0.196ns  (logic 0.141ns (71.838%)  route 0.055ns (28.162%))
  Logic Levels:           0  
  Clock Path Skew:        0.000ns (DCD - SCD - CPR)
    Destination Clock Delay (DCD):    2.516ns
    Source Clock Delay      (SCD):    1.969ns
    Clock Pessimism Removal (CPR):    0.547ns

    Location             Delay type                Incr(ns)  Path(ns)    Netlist Resource(s)
  -------------------------------------------------------------------    -------------------
                         (clock ddr_clk rise edge)    0.000     0.000 r  
    AC19                                              0.000     0.000 r  clk (IN)
                         net (fo=0)                   0.000     0.000    clk
    AC19                 IBUF (Prop_ibuf_I_O)         0.253     0.253 r  clk_IBUF_inst/O
                         net (fo=1, routed)           1.074     1.327    clk_IBUF
    BUFGCTRL_X0Y0        BUFG (Prop_bufg_I_O)         0.026     1.353 r  clk_IBUF_BUFG_inst/O
                         net (fo=2166, routed)        0.750     2.103    fpga_pll.u_clk_pll_ddr/inst/clk_in1
    PLLE2_ADV_X1Y0       PLLE2_ADV (Prop_plle2_adv_CLKIN1_CLKOUT0)
                                                     -1.703     0.400 r  fpga_pll.u_clk_pll_ddr/inst/plle2_adv_inst/CLKOUT0
                         net (fo=1, routed)           0.927     1.327    fpga_pll.u_clk_pll_ddr/inst/ddr_clk_clk_pll_ddr
    BUFGCTRL_X0Y1        BUFG (Prop_bufg_I_O)         0.026     1.353 r  fpga_pll.u_clk_pll_ddr/inst/clkout1_buf/O
                         net (fo=62, routed)          0.617     1.969    ddr3.u_axi_wrap_ddr/mig_axi/u_mig_axi_32_mig/temp_mon_enabled.u_tempmon/clk_ref_i
    SLICE_X11Y180        FDRE                                         r  ddr3.u_axi_wrap_ddr/mig_axi/u_mig_axi_32_mig/temp_mon_enabled.u_tempmon/xadc_supplied_temperature.rst_r1_reg/C
  -------------------------------------------------------------------    -------------------
    SLICE_X11Y180        FDRE (Prop_fdre_C_Q)         0.141     2.110 r  ddr3.u_axi_wrap_ddr/mig_axi/u_mig_axi_32_mig/temp_mon_enabled.u_tempmon/xadc_supplied_temperature.rst_r1_reg/Q
                         net (fo=1, routed)           0.055     2.166    ddr3.u_axi_wrap_ddr/mig_axi/u_mig_axi_32_mig/temp_mon_enabled.u_tempmon/xadc_supplied_temperature.rst_r1
    SLICE_X11Y180        FDRE                                         r  ddr3.u_axi_wrap_ddr/mig_axi/u_mig_axi_32_mig/temp_mon_enabled.u_tempmon/xadc_supplied_temperature.rst_r2_reg/D
  -------------------------------------------------------------------    -------------------

                         (clock ddr_clk rise edge)    0.000     0.000 r  
    AC19                                              0.000     0.000 r  clk (IN)
                         net (fo=0)                   0.000     0.000    clk
    AC19                 IBUF (Prop_ibuf_I_O)         0.441     0.441 r  clk_IBUF_inst/O
                         net (fo=1, routed)           1.160     1.601    clk_IBUF
    BUFGCTRL_X0Y0        BUFG (Prop_bufg_I_O)         0.029     1.630 r  clk_IBUF_BUFG_inst/O
                         net (fo=2166, routed)        1.027     2.656    fpga_pll.u_clk_pll_ddr/inst/clk_in1
    PLLE2_ADV_X1Y0       PLLE2_ADV (Prop_plle2_adv_CLKIN1_CLKOUT0)
                                                     -2.061     0.596 r  fpga_pll.u_clk_pll_ddr/inst/plle2_adv_inst/CLKOUT0
                         net (fo=1, routed)           1.005     1.601    fpga_pll.u_clk_pll_ddr/inst/ddr_clk_clk_pll_ddr
    BUFGCTRL_X0Y1        BUFG (Prop_bufg_I_O)         0.029     1.630 r  fpga_pll.u_clk_pll_ddr/inst/clkout1_buf/O
                         net (fo=62, routed)          0.887     2.516    ddr3.u_axi_wrap_ddr/mig_axi/u_mig_axi_32_mig/temp_mon_enabled.u_tempmon/clk_ref_i
    SLICE_X11Y180        FDRE                                         r  ddr3.u_axi_wrap_ddr/mig_axi/u_mig_axi_32_mig/temp_mon_enabled.u_tempmon/xadc_supplied_temperature.rst_r2_reg/C
                         clock pessimism             -0.547     1.969    
    SLICE_X11Y180        FDRE (Hold_fdre_C_D)         0.075     2.044    ddr3.u_axi_wrap_ddr/mig_axi/u_mig_axi_32_mig/temp_mon_enabled.u_tempmon/xadc_supplied_temperature.rst_r2_reg
  -------------------------------------------------------------------
                         required time                         -2.044    
                         arrival time                           2.166    
  -------------------------------------------------------------------
                         slack                                  0.121    





Pulse Width Checks
--------------------------------------------------------------------------------------
Clock Name:         ddr_clk
Waveform(ns):       { 0.000 2.500 }
Period(ns):         5.000
Sources:            { fpga_pll.u_clk_pll_ddr/inst/plle2_adv_inst/CLKOUT0 }

Check Type        Corner  Lib Pin            Reference Pin  Required(ns)  Actual(ns)  Slack(ns)  Location         Pin
Min Period        n/a     XADC/DCLK          n/a            4.000         5.000       1.000      XADC_X0Y0        ddr3.u_axi_wrap_ddr/mig_axi/u_mig_axi_32_mig/temp_mon_enabled.u_tempmon/xadc_supplied_temperature.XADC_inst/DCLK
Max Period        n/a     IDELAYCTRL/REFCLK  n/a            5.264         5.000       0.264      IDELAYCTRL_X0Y4  ddr3.u_axi_wrap_ddr/mig_axi/u_mig_axi_32_mig/u_iodelay_ctrl/u_idelayctrl_200/REFCLK
Low Pulse Width   Slow    FDSE/C             n/a            0.500         2.500       2.000      SLICE_X11Y182    ddr3.u_axi_wrap_ddr/mig_axi/u_mig_axi_32_mig/temp_mon_enabled.u_tempmon/FSM_onehot_xadc_supplied_temperature.tempmon_state_reg[0]/C
High Pulse Width  Slow    FDSE/C             n/a            0.500         2.500       2.000      SLICE_X11Y182    ddr3.u_axi_wrap_ddr/mig_axi/u_mig_axi_32_mig/temp_mon_enabled.u_tempmon/FSM_onehot_xadc_supplied_temperature.tempmon_state_reg[0]/C



---------------------------------------------------------------------------------------------------
From Clock:  freq_refclk
  To Clock:  freq_refclk

Setup :           NA  Failing Endpoints,  Worst Slack           NA  ,  Total Violation           NA
Hold  :           NA  Failing Endpoints,  Worst Slack           NA  ,  Total Violation           NA
PW    :            0  Failing Endpoints,  Worst Slack        0.001ns,  Total Violation        0.000ns
---------------------------------------------------------------------------------------------------


Pulse Width Checks
--------------------------------------------------------------------------------------
Clock Name:         freq_refclk
Waveform(ns):       { 0.000 0.625 }
Period(ns):         1.250
Sources:            { ddr3.u_axi_wrap_ddr/mig_axi/u_mig_axi_32_mig/u_ddr3_infrastructure/plle2_i/CLKOUT0 }

Check Type        Corner  Lib Pin                    Reference Pin  Required(ns)  Actual(ns)  Slack(ns)  Location              Pin
Min Period        n/a     PLLE2_ADV/CLKOUT0          n/a            1.249         1.250       0.001      PLLE2_ADV_X0Y4        ddr3.u_axi_wrap_ddr/mig_axi/u_mig_axi_32_mig/u_ddr3_infrastructure/plle2_i/CLKOUT0
Max Period        n/a     PHASER_OUT_PHY/FREQREFCLK  n/a            2.500         1.250       1.250      PHASER_OUT_PHY_X0Y16  ddr3.u_axi_wrap_ddr/mig_axi/u_mig_axi_32_mig/u_memc_ui_top_axi/mem_intfc0/ddr_phy_top0/u_ddr_mc_phy_wrapper/u_ddr_mc_phy/ddr_phy_4lanes_0.u_ddr_phy_4lanes/ddr_byte_lane_A.ddr_byte_lane_A/phaser_out/FREQREFCLK
Low Pulse Width   Slow    PHASER_REF/CLKIN           n/a            0.482         0.625       0.143      PHASER_REF_X0Y4       ddr3.u_axi_wrap_ddr/mig_axi/u_mig_axi_32_mig/u_memc_ui_top_axi/mem_intfc0/ddr_phy_top0/u_ddr_mc_phy_wrapper/u_ddr_mc_phy/ddr_phy_4lanes_0.u_ddr_phy_4lanes/phaser_ref_i/CLKIN
High Pulse Width  Slow    PHASER_IN_PHY/FREQREFCLK   n/a            0.482         0.625       0.143      PHASER_IN_PHY_X0Y16   ddr3.u_axi_wrap_ddr/mig_axi/u_mig_axi_32_mig/u_memc_ui_top_axi/mem_intfc0/ddr_phy_top0/u_ddr_mc_phy_wrapper/u_ddr_mc_phy/ddr_phy_4lanes_0.u_ddr_phy_4lanes/ddr_byte_lane_A.ddr_byte_lane_A/phaser_in_gen.phaser_in/FREQREFCLK



---------------------------------------------------------------------------------------------------
From Clock:  u_memc_ui_top_axi/mem_intfc0/ddr_phy_top0/u_ddr_mc_phy_wrapper/u_ddr_mc_phy/ddr_phy_4lanes_0.u_ddr_phy_4lanes/ddr_byte_lane_A.ddr_byte_lane_A/iserdes_clk
  To Clock:  u_memc_ui_top_axi/mem_intfc0/ddr_phy_top0/u_ddr_mc_phy_wrapper/u_ddr_mc_phy/ddr_phy_4lanes_0.u_ddr_phy_4lanes/ddr_byte_lane_A.ddr_byte_lane_A/iserdes_clk

Setup :           NA  Failing Endpoints,  Worst Slack           NA  ,  Total Violation           NA
Hold  :           NA  Failing Endpoints,  Worst Slack           NA  ,  Total Violation           NA
PW    :            0  Failing Endpoints,  Worst Slack        1.029ns,  Total Violation        0.000ns
---------------------------------------------------------------------------------------------------


Pulse Width Checks
--------------------------------------------------------------------------------------
Clock Name:         u_memc_ui_top_axi/mem_intfc0/ddr_phy_top0/u_ddr_mc_phy_wrapper/u_ddr_mc_phy/ddr_phy_4lanes_0.u_ddr_phy_4lanes/ddr_byte_lane_A.ddr_byte_lane_A/iserdes_clk
Waveform(ns):       { 0.000 1.250 }
Period(ns):         2.500
Sources:            { ddr3.u_axi_wrap_ddr/mig_axi/u_mig_axi_32_mig/u_memc_ui_top_axi/mem_intfc0/ddr_phy_top0/u_ddr_mc_phy_wrapper/u_ddr_mc_phy/ddr_phy_4lanes_0.u_ddr_phy_4lanes/ddr_byte_lane_A.ddr_byte_lane_A/phaser_in_gen.phaser_in/ICLK }

Check Type  Corner  Lib Pin        Reference Pin  Required(ns)  Actual(ns)  Slack(ns)  Location       Pin
Min Period  n/a     ISERDESE2/CLK  n/a            1.471         2.500       1.029      ILOGIC_X0Y203  ddr3.u_axi_wrap_ddr/mig_axi/u_mig_axi_32_mig/u_memc_ui_top_axi/mem_intfc0/ddr_phy_top0/u_ddr_mc_phy_wrapper/u_ddr_mc_phy/ddr_phy_4lanes_0.u_ddr_phy_4lanes/ddr_byte_lane_A.ddr_byte_lane_A/ddr_byte_group_io/input_[2].iserdes_dq_.iserdesdq/CLK



---------------------------------------------------------------------------------------------------
From Clock:  iserdes_clkdiv
  To Clock:  iserdes_clkdiv

Setup :            0  Failing Endpoints,  Worst Slack        8.127ns,  Total Violation        0.000ns
Hold  :            0  Failing Endpoints,  Worst Slack        0.071ns,  Total Violation        0.000ns
PW    :            0  Failing Endpoints,  Worst Slack        2.850ns,  Total Violation        0.000ns
---------------------------------------------------------------------------------------------------


Max Delay Paths
--------------------------------------------------------------------------------------
Slack (MET) :             8.127ns  (required time - arrival time)
  Source:                 ddr3.u_axi_wrap_ddr/mig_axi/u_mig_axi_32_mig/u_memc_ui_top_axi/mem_intfc0/ddr_phy_top0/u_ddr_mc_phy_wrapper/u_ddr_mc_phy/ddr_phy_4lanes_0.u_ddr_phy_4lanes/ddr_byte_lane_A.ddr_byte_lane_A/ddr_byte_group_io/input_[3].iserdes_dq_.iserdesdq/CLKDIVP
                            (rising edge-triggered cell ISERDESE2 clocked by iserdes_clkdiv  {rise@0.000ns fall@5.000ns period=10.000ns})
  Destination:            ddr3.u_axi_wrap_ddr/mig_axi/u_mig_axi_32_mig/u_memc_ui_top_axi/mem_intfc0/ddr_phy_top0/u_ddr_mc_phy_wrapper/u_ddr_mc_phy/ddr_phy_4lanes_0.u_ddr_phy_4lanes/ddr_byte_lane_A.ddr_byte_lane_A/in_fifo_gen.in_fifo/D3[2]
                            (rising edge-triggered cell IN_FIFO clocked by iserdes_clkdiv  {rise@0.000ns fall@5.000ns period=10.000ns})
  Path Group:             iserdes_clkdiv
  Path Type:              Setup (Max at Slow Process Corner)
  Requirement:            10.000ns  (iserdes_clkdiv rise@10.000ns - iserdes_clkdiv rise@0.000ns)
  Data Path Delay:        0.952ns  (logic 0.372ns (39.068%)  route 0.580ns (60.932%))
  Logic Levels:           0  
  Clock Path Skew:        -0.397ns (DCD - SCD + CPR)
    Destination Clock Delay (DCD):    7.598ns = ( 17.598 - 10.000 ) 
    Source Clock Delay      (SCD):    8.380ns
    Clock Pessimism Removal (CPR):    0.385ns
  Clock Uncertainty:      0.059ns  ((TSJ^2 + DJ^2)^1/2) / 2 + PE
    Total System Jitter     (TSJ):    0.071ns
    Discrete Jitter          (DJ):    0.096ns
    Phase Error              (PE):    0.000ns

    Location             Delay type                Incr(ns)  Path(ns)    Netlist Resource(s)
  -------------------------------------------------------------------    -------------------
                         (clock iserdes_clkdiv rise edge)
                                                      0.000     0.000 r  
    AC19                                              0.000     0.000 r  clk (IN)
                         net (fo=0)                   0.000     0.000    clk
    AC19                 IBUF (Prop_ibuf_I_O)         1.416     1.416 r  clk_IBUF_inst/O
                         net (fo=1, routed)           2.602     4.018    clk_IBUF
    BUFGCTRL_X0Y0        BUFG (Prop_bufg_I_O)         0.081     4.099 r  clk_IBUF_BUFG_inst/O
                         net (fo=2166, routed)        1.696     5.795    ddr3.u_axi_wrap_ddr/mig_axi/u_mig_axi_32_mig/u_ddr3_infrastructure/mmcm_clk
    PLLE2_ADV_X0Y4       PLLE2_ADV (Prop_plle2_adv_CLKIN1_CLKOUT0)
                                                      0.077     5.872 r  ddr3.u_axi_wrap_ddr/mig_axi/u_mig_axi_32_mig/u_ddr3_infrastructure/plle2_i/CLKOUT0
                         net (fo=7, routed)           0.529     6.401    ddr3.u_axi_wrap_ddr/mig_axi/u_mig_axi_32_mig/u_memc_ui_top_axi/mem_intfc0/ddr_phy_top0/u_ddr_mc_phy_wrapper/u_ddr_mc_phy/ddr_phy_4lanes_0.u_ddr_phy_4lanes/ddr_byte_lane_A.ddr_byte_lane_A/freq_refclk
    PHASER_IN_PHY_X0Y16  PHASER_IN_PHY (Prop_phaser_in_phy_FREQREFCLK_ICLK)
                                                      1.428     7.829 r  ddr3.u_axi_wrap_ddr/mig_axi/u_mig_axi_32_mig/u_memc_ui_top_axi/mem_intfc0/ddr_phy_top0/u_ddr_mc_phy_wrapper/u_ddr_mc_phy/ddr_phy_4lanes_0.u_ddr_phy_4lanes/ddr_byte_lane_A.ddr_byte_lane_A/phaser_in_gen.phaser_in/ICLK
    PHASER_IN_PHY_X0Y16  PHASER_IN_PHY (Prop_phaser_in_phy_ICLK_ICLKDIV)
                                                      0.154     7.983 r  ddr3.u_axi_wrap_ddr/mig_axi/u_mig_axi_32_mig/u_memc_ui_top_axi/mem_intfc0/ddr_phy_top0/u_ddr_mc_phy_wrapper/u_ddr_mc_phy/ddr_phy_4lanes_0.u_ddr_phy_4lanes/ddr_byte_lane_A.ddr_byte_lane_A/phaser_in_gen.phaser_in/ICLKDIV
                         net (fo=9, routed)           0.397     8.380    ddr3.u_axi_wrap_ddr/mig_axi/u_mig_axi_32_mig/u_memc_ui_top_axi/mem_intfc0/ddr_phy_top0/u_ddr_mc_phy_wrapper/u_ddr_mc_phy/ddr_phy_4lanes_0.u_ddr_phy_4lanes/ddr_byte_lane_A.ddr_byte_lane_A/ddr_byte_group_io/iserdes_clkdiv
    ILOGIC_X0Y204        ISERDESE2                                    r  ddr3.u_axi_wrap_ddr/mig_axi/u_mig_axi_32_mig/u_memc_ui_top_axi/mem_intfc0/ddr_phy_top0/u_ddr_mc_phy_wrapper/u_ddr_mc_phy/ddr_phy_4lanes_0.u_ddr_phy_4lanes/ddr_byte_lane_A.ddr_byte_lane_A/ddr_byte_group_io/input_[3].iserdes_dq_.iserdesdq/CLKDIVP
  -------------------------------------------------------------------    -------------------
    ILOGIC_X0Y204        ISERDESE2 (Prop_iserdese2_CLKDIVP_Q2)
                                                      0.372     8.752 r  ddr3.u_axi_wrap_ddr/mig_axi/u_mig_axi_32_mig/u_memc_ui_top_axi/mem_intfc0/ddr_phy_top0/u_ddr_mc_phy_wrapper/u_ddr_mc_phy/ddr_phy_4lanes_0.u_ddr_phy_4lanes/ddr_byte_lane_A.ddr_byte_lane_A/ddr_byte_group_io/input_[3].iserdes_dq_.iserdesdq/Q2
                         net (fo=1, routed)           0.580     9.332    ddr3.u_axi_wrap_ddr/mig_axi/u_mig_axi_32_mig/u_memc_ui_top_axi/mem_intfc0/ddr_phy_top0/u_ddr_mc_phy_wrapper/u_ddr_mc_phy/ddr_phy_4lanes_0.u_ddr_phy_4lanes/ddr_byte_lane_A.ddr_byte_lane_A/if_d3[2]
    IN_FIFO_X0Y16        IN_FIFO                                      r  ddr3.u_axi_wrap_ddr/mig_axi/u_mig_axi_32_mig/u_memc_ui_top_axi/mem_intfc0/ddr_phy_top0/u_ddr_mc_phy_wrapper/u_ddr_mc_phy/ddr_phy_4lanes_0.u_ddr_phy_4lanes/ddr_byte_lane_A.ddr_byte_lane_A/in_fifo_gen.in_fifo/D3[2]
  -------------------------------------------------------------------    -------------------

                         (clock iserdes_clkdiv rise edge)
                                                     10.000    10.000 r  
    AC19                                              0.000    10.000 r  clk (IN)
                         net (fo=0)                   0.000    10.000    clk
    AC19                 IBUF (Prop_ibuf_I_O)         1.350    11.350 r  clk_IBUF_inst/O
                         net (fo=1, routed)           2.471    13.821    clk_IBUF
    BUFGCTRL_X0Y0        BUFG (Prop_bufg_I_O)         0.077    13.898 r  clk_IBUF_BUFG_inst/O
                         net (fo=2166, routed)        1.586    15.484    ddr3.u_axi_wrap_ddr/mig_axi/u_mig_axi_32_mig/u_ddr3_infrastructure/mmcm_clk
    PLLE2_ADV_X0Y4       PLLE2_ADV (Prop_plle2_adv_CLKIN1_CLKOUT0)
                                                      0.073    15.557 r  ddr3.u_axi_wrap_ddr/mig_axi/u_mig_axi_32_mig/u_ddr3_infrastructure/plle2_i/CLKOUT0
                         net (fo=7, routed)           0.502    16.059    ddr3.u_axi_wrap_ddr/mig_axi/u_mig_axi_32_mig/u_memc_ui_top_axi/mem_intfc0/ddr_phy_top0/u_ddr_mc_phy_wrapper/u_ddr_mc_phy/ddr_phy_4lanes_0.u_ddr_phy_4lanes/ddr_byte_lane_A.ddr_byte_lane_A/freq_refclk
    PHASER_IN_PHY_X0Y16  PHASER_IN_PHY (Prop_phaser_in_phy_FREQREFCLK_ICLK)
                                                      1.394    17.453 r  ddr3.u_axi_wrap_ddr/mig_axi/u_mig_axi_32_mig/u_memc_ui_top_axi/mem_intfc0/ddr_phy_top0/u_ddr_mc_phy_wrapper/u_ddr_mc_phy/ddr_phy_4lanes_0.u_ddr_phy_4lanes/ddr_byte_lane_A.ddr_byte_lane_A/phaser_in_gen.phaser_in/ICLK
    PHASER_IN_PHY_X0Y16  PHASER_IN_PHY (Prop_phaser_in_phy_ICLK_ICLKDIV)
                                                      0.145    17.598 r  ddr3.u_axi_wrap_ddr/mig_axi/u_mig_axi_32_mig/u_memc_ui_top_axi/mem_intfc0/ddr_phy_top0/u_ddr_mc_phy_wrapper/u_ddr_mc_phy/ddr_phy_4lanes_0.u_ddr_phy_4lanes/ddr_byte_lane_A.ddr_byte_lane_A/phaser_in_gen.phaser_in/ICLKDIV
                         net (fo=9, routed)           0.000    17.598    ddr3.u_axi_wrap_ddr/mig_axi/u_mig_axi_32_mig/u_memc_ui_top_axi/mem_intfc0/ddr_phy_top0/u_ddr_mc_phy_wrapper/u_ddr_mc_phy/ddr_phy_4lanes_0.u_ddr_phy_4lanes/ddr_byte_lane_A.ddr_byte_lane_A/iserdes_clkdiv
    IN_FIFO_X0Y16        IN_FIFO                                      r  ddr3.u_axi_wrap_ddr/mig_axi/u_mig_axi_32_mig/u_memc_ui_top_axi/mem_intfc0/ddr_phy_top0/u_ddr_mc_phy_wrapper/u_ddr_mc_phy/ddr_phy_4lanes_0.u_ddr_phy_4lanes/ddr_byte_lane_A.ddr_byte_lane_A/in_fifo_gen.in_fifo/WRCLK
                         clock pessimism              0.385    17.983    
                         clock uncertainty           -0.059    17.924    
    IN_FIFO_X0Y16        IN_FIFO (Setup_in_fifo_WRCLK_D3[2])
                                                     -0.464    17.460    ddr3.u_axi_wrap_ddr/mig_axi/u_mig_axi_32_mig/u_memc_ui_top_axi/mem_intfc0/ddr_phy_top0/u_ddr_mc_phy_wrapper/u_ddr_mc_phy/ddr_phy_4lanes_0.u_ddr_phy_4lanes/ddr_byte_lane_A.ddr_byte_lane_A/in_fifo_gen.in_fifo
  -------------------------------------------------------------------
                         required time                         17.460    
                         arrival time                          -9.332    
  -------------------------------------------------------------------
                         slack                                  8.127    





Min Delay Paths
--------------------------------------------------------------------------------------
Slack (MET) :             0.071ns  (arrival time - required time)
  Source:                 ddr3.u_axi_wrap_ddr/mig_axi/u_mig_axi_32_mig/u_memc_ui_top_axi/mem_intfc0/ddr_phy_top0/u_ddr_mc_phy_wrapper/u_ddr_mc_phy/ddr_phy_4lanes_0.u_ddr_phy_4lanes/ddr_byte_lane_A.ddr_byte_lane_A/phaser_in_gen.phaser_in/ICLKDIV
                            (rising edge-triggered cell PHASER_IN_PHY clocked by iserdes_clkdiv  {rise@0.000ns fall@5.000ns period=10.000ns})
  Destination:            ddr3.u_axi_wrap_ddr/mig_axi/u_mig_axi_32_mig/u_memc_ui_top_axi/mem_intfc0/ddr_phy_top0/u_ddr_mc_phy_wrapper/u_ddr_mc_phy/ddr_phy_4lanes_0.u_ddr_phy_4lanes/ddr_byte_lane_A.ddr_byte_lane_A/in_fifo_gen.in_fifo/WREN
                            (rising edge-triggered cell IN_FIFO clocked by iserdes_clkdiv  {rise@0.000ns fall@5.000ns period=10.000ns})
  Path Group:             iserdes_clkdiv
  Path Type:              Hold (Min at Fast Process Corner)
  Requirement:            0.000ns  (iserdes_clkdiv rise@0.000ns - iserdes_clkdiv rise@0.000ns)
  Data Path Delay:        0.058ns  (logic 0.058ns (100.000%)  route 0.000ns (0.000%))
  Logic Levels:           0  
  Clock Path Skew:        0.000ns (DCD - SCD - CPR)
    Destination Clock Delay (DCD):    4.200ns
    Source Clock Delay      (SCD):    3.594ns
    Clock Pessimism Removal (CPR):    0.606ns

    Location             Delay type                Incr(ns)  Path(ns)    Netlist Resource(s)
  -------------------------------------------------------------------    -------------------
                         (clock iserdes_clkdiv rise edge)
                                                      0.000     0.000 r  
    AC19                                              0.000     0.000 r  clk (IN)
                         net (fo=0)                   0.000     0.000    clk
    AC19                 IBUF (Prop_ibuf_I_O)         0.253     0.253 r  clk_IBUF_inst/O
                         net (fo=1, routed)           1.074     1.327    clk_IBUF
    BUFGCTRL_X0Y0        BUFG (Prop_bufg_I_O)         0.026     1.353 r  clk_IBUF_BUFG_inst/O
                         net (fo=2166, routed)        0.701     2.054    ddr3.u_axi_wrap_ddr/mig_axi/u_mig_axi_32_mig/u_ddr3_infrastructure/mmcm_clk
    PLLE2_ADV_X0Y4       PLLE2_ADV (Prop_plle2_adv_CLKIN1_CLKOUT0)
                                                      0.050     2.104 r  ddr3.u_axi_wrap_ddr/mig_axi/u_mig_axi_32_mig/u_ddr3_infrastructure/plle2_i/CLKOUT0
                         net (fo=7, routed)           0.205     2.309    ddr3.u_axi_wrap_ddr/mig_axi/u_mig_axi_32_mig/u_memc_ui_top_axi/mem_intfc0/ddr_phy_top0/u_ddr_mc_phy_wrapper/u_ddr_mc_phy/ddr_phy_4lanes_0.u_ddr_phy_4lanes/ddr_byte_lane_A.ddr_byte_lane_A/freq_refclk
    PHASER_IN_PHY_X0Y16  PHASER_IN_PHY (Prop_phaser_in_phy_FREQREFCLK_ICLK)
                                                      1.195     3.504 r  ddr3.u_axi_wrap_ddr/mig_axi/u_mig_axi_32_mig/u_memc_ui_top_axi/mem_intfc0/ddr_phy_top0/u_ddr_mc_phy_wrapper/u_ddr_mc_phy/ddr_phy_4lanes_0.u_ddr_phy_4lanes/ddr_byte_lane_A.ddr_byte_lane_A/phaser_in_gen.phaser_in/ICLK
    PHASER_IN_PHY_X0Y16  PHASER_IN_PHY (Prop_phaser_in_phy_ICLK_ICLKDIV)
                                                      0.090     3.594 r  ddr3.u_axi_wrap_ddr/mig_axi/u_mig_axi_32_mig/u_memc_ui_top_axi/mem_intfc0/ddr_phy_top0/u_ddr_mc_phy_wrapper/u_ddr_mc_phy/ddr_phy_4lanes_0.u_ddr_phy_4lanes/ddr_byte_lane_A.ddr_byte_lane_A/phaser_in_gen.phaser_in/ICLKDIV
  -------------------------------------------------------------------    -------------------
    PHASER_IN_PHY_X0Y16  PHASER_IN_PHY (Prop_phaser_in_phy_ICLKDIV_WRENABLE)
                                                      0.058     3.652 r  ddr3.u_axi_wrap_ddr/mig_axi/u_mig_axi_32_mig/u_memc_ui_top_axi/mem_intfc0/ddr_phy_top0/u_ddr_mc_phy_wrapper/u_ddr_mc_phy/ddr_phy_4lanes_0.u_ddr_phy_4lanes/ddr_byte_lane_A.ddr_byte_lane_A/phaser_in_gen.phaser_in/WRENABLE
                         net (fo=1, routed)           0.000     3.652    ddr3.u_axi_wrap_ddr/mig_axi/u_mig_axi_32_mig/u_memc_ui_top_axi/mem_intfc0/ddr_phy_top0/u_ddr_mc_phy_wrapper/u_ddr_mc_phy/ddr_phy_4lanes_0.u_ddr_phy_4lanes/ddr_byte_lane_A.ddr_byte_lane_A/ififo_wr_enable
    IN_FIFO_X0Y16        IN_FIFO                                      r  ddr3.u_axi_wrap_ddr/mig_axi/u_mig_axi_32_mig/u_memc_ui_top_axi/mem_intfc0/ddr_phy_top0/u_ddr_mc_phy_wrapper/u_ddr_mc_phy/ddr_phy_4lanes_0.u_ddr_phy_4lanes/ddr_byte_lane_A.ddr_byte_lane_A/in_fifo_gen.in_fifo/WREN
  -------------------------------------------------------------------    -------------------

                         (clock iserdes_clkdiv rise edge)
                                                      0.000     0.000 r  
    AC19                                              0.000     0.000 r  clk (IN)
                         net (fo=0)                   0.000     0.000    clk
    AC19                 IBUF (Prop_ibuf_I_O)         0.441     0.441 r  clk_IBUF_inst/O
                         net (fo=1, routed)           1.160     1.601    clk_IBUF
    BUFGCTRL_X0Y0        BUFG (Prop_bufg_I_O)         0.029     1.630 r  clk_IBUF_BUFG_inst/O
                         net (fo=2166, routed)        0.976     2.606    ddr3.u_axi_wrap_ddr/mig_axi/u_mig_axi_32_mig/u_ddr3_infrastructure/mmcm_clk
    PLLE2_ADV_X0Y4       PLLE2_ADV (Prop_plle2_adv_CLKIN1_CLKOUT0)
                                                      0.053     2.659 r  ddr3.u_axi_wrap_ddr/mig_axi/u_mig_axi_32_mig/u_ddr3_infrastructure/plle2_i/CLKOUT0
                         net (fo=7, routed)           0.226     2.885    ddr3.u_axi_wrap_ddr/mig_axi/u_mig_axi_32_mig/u_memc_ui_top_axi/mem_intfc0/ddr_phy_top0/u_ddr_mc_phy_wrapper/u_ddr_mc_phy/ddr_phy_4lanes_0.u_ddr_phy_4lanes/ddr_byte_lane_A.ddr_byte_lane_A/freq_refclk
    PHASER_IN_PHY_X0Y16  PHASER_IN_PHY (Prop_phaser_in_phy_FREQREFCLK_ICLK)
                                                      1.219     4.104 r  ddr3.u_axi_wrap_ddr/mig_axi/u_mig_axi_32_mig/u_memc_ui_top_axi/mem_intfc0/ddr_phy_top0/u_ddr_mc_phy_wrapper/u_ddr_mc_phy/ddr_phy_4lanes_0.u_ddr_phy_4lanes/ddr_byte_lane_A.ddr_byte_lane_A/phaser_in_gen.phaser_in/ICLK
    PHASER_IN_PHY_X0Y16  PHASER_IN_PHY (Prop_phaser_in_phy_ICLK_ICLKDIV)
                                                      0.096     4.200 r  ddr3.u_axi_wrap_ddr/mig_axi/u_mig_axi_32_mig/u_memc_ui_top_axi/mem_intfc0/ddr_phy_top0/u_ddr_mc_phy_wrapper/u_ddr_mc_phy/ddr_phy_4lanes_0.u_ddr_phy_4lanes/ddr_byte_lane_A.ddr_byte_lane_A/phaser_in_gen.phaser_in/ICLKDIV
                         net (fo=9, routed)           0.000     4.200    ddr3.u_axi_wrap_ddr/mig_axi/u_mig_axi_32_mig/u_memc_ui_top_axi/mem_intfc0/ddr_phy_top0/u_ddr_mc_phy_wrapper/u_ddr_mc_phy/ddr_phy_4lanes_0.u_ddr_phy_4lanes/ddr_byte_lane_A.ddr_byte_lane_A/iserdes_clkdiv
    IN_FIFO_X0Y16        IN_FIFO                                      r  ddr3.u_axi_wrap_ddr/mig_axi/u_mig_axi_32_mig/u_memc_ui_top_axi/mem_intfc0/ddr_phy_top0/u_ddr_mc_phy_wrapper/u_ddr_mc_phy/ddr_phy_4lanes_0.u_ddr_phy_4lanes/ddr_byte_lane_A.ddr_byte_lane_A/in_fifo_gen.in_fifo/WRCLK
                         clock pessimism             -0.606     3.594    
    IN_FIFO_X0Y16        IN_FIFO (Hold_in_fifo_WRCLK_WREN)
                                                     -0.013     3.581    ddr3.u_axi_wrap_ddr/mig_axi/u_mig_axi_32_mig/u_memc_ui_top_axi/mem_intfc0/ddr_phy_top0/u_ddr_mc_phy_wrapper/u_ddr_mc_phy/ddr_phy_4lanes_0.u_ddr_phy_4lanes/ddr_byte_lane_A.ddr_byte_lane_A/in_fifo_gen.in_fifo
  -------------------------------------------------------------------
                         required time                         -3.581    
                         arrival time                           3.652    
  -------------------------------------------------------------------
                         slack                                  0.071    





Pulse Width Checks
--------------------------------------------------------------------------------------
Clock Name:         iserdes_clkdiv
Waveform(ns):       { 0.000 5.000 }
Period(ns):         10.000
Sources:            { ddr3.u_axi_wrap_ddr/mig_axi/u_mig_axi_32_mig/u_memc_ui_top_axi/mem_intfc0/ddr_phy_top0/u_ddr_mc_phy_wrapper/u_ddr_mc_phy/ddr_phy_4lanes_0.u_ddr_phy_4lanes/ddr_byte_lane_A.ddr_byte_lane_A/phaser_in_gen.phaser_in/ICLKDIV }

Check Type        Corner  Lib Pin        Reference Pin  Required(ns)  Actual(ns)  Slack(ns)  Location       Pin
Min Period        n/a     IN_FIFO/WRCLK  n/a            5.000         10.000      5.000      IN_FIFO_X0Y16  ddr3.u_axi_wrap_ddr/mig_axi/u_mig_axi_32_mig/u_memc_ui_top_axi/mem_intfc0/ddr_phy_top0/u_ddr_mc_phy_wrapper/u_ddr_mc_phy/ddr_phy_4lanes_0.u_ddr_phy_4lanes/ddr_byte_lane_A.ddr_byte_lane_A/in_fifo_gen.in_fifo/WRCLK
Low Pulse Width   Slow    IN_FIFO/WRCLK  n/a            2.150         5.000       2.850      IN_FIFO_X0Y16  ddr3.u_axi_wrap_ddr/mig_axi/u_mig_axi_32_mig/u_memc_ui_top_axi/mem_intfc0/ddr_phy_top0/u_ddr_mc_phy_wrapper/u_ddr_mc_phy/ddr_phy_4lanes_0.u_ddr_phy_4lanes/ddr_byte_lane_A.ddr_byte_lane_A/in_fifo_gen.in_fifo/WRCLK
High Pulse Width  Slow    IN_FIFO/WRCLK  n/a            2.150         5.000       2.850      IN_FIFO_X0Y16  ddr3.u_axi_wrap_ddr/mig_axi/u_mig_axi_32_mig/u_memc_ui_top_axi/mem_intfc0/ddr_phy_top0/u_ddr_mc_phy_wrapper/u_ddr_mc_phy/ddr_phy_4lanes_0.u_ddr_phy_4lanes/ddr_byte_lane_A.ddr_byte_lane_A/in_fifo_gen.in_fifo/WRCLK



---------------------------------------------------------------------------------------------------
From Clock:  u_memc_ui_top_axi/mem_intfc0/ddr_phy_top0/u_ddr_mc_phy_wrapper/u_ddr_mc_phy/ddr_phy_4lanes_0.u_ddr_phy_4lanes/ddr_byte_lane_B.ddr_byte_lane_B/iserdes_clk
  To Clock:  u_memc_ui_top_axi/mem_intfc0/ddr_phy_top0/u_ddr_mc_phy_wrapper/u_ddr_mc_phy/ddr_phy_4lanes_0.u_ddr_phy_4lanes/ddr_byte_lane_B.ddr_byte_lane_B/iserdes_clk

Setup :           NA  Failing Endpoints,  Worst Slack           NA  ,  Total Violation           NA
Hold  :           NA  Failing Endpoints,  Worst Slack           NA  ,  Total Violation           NA
PW    :            0  Failing Endpoints,  Worst Slack        1.029ns,  Total Violation        0.000ns
---------------------------------------------------------------------------------------------------


Pulse Width Checks
--------------------------------------------------------------------------------------
Clock Name:         u_memc_ui_top_axi/mem_intfc0/ddr_phy_top0/u_ddr_mc_phy_wrapper/u_ddr_mc_phy/ddr_phy_4lanes_0.u_ddr_phy_4lanes/ddr_byte_lane_B.ddr_byte_lane_B/iserdes_clk
Waveform(ns):       { 0.000 1.250 }
Period(ns):         2.500
Sources:            { ddr3.u_axi_wrap_ddr/mig_axi/u_mig_axi_32_mig/u_memc_ui_top_axi/mem_intfc0/ddr_phy_top0/u_ddr_mc_phy_wrapper/u_ddr_mc_phy/ddr_phy_4lanes_0.u_ddr_phy_4lanes/ddr_byte_lane_B.ddr_byte_lane_B/phaser_in_gen.phaser_in/ICLK }

Check Type  Corner  Lib Pin        Reference Pin  Required(ns)  Actual(ns)  Slack(ns)  Location       Pin
Min Period  n/a     ISERDESE2/CLK  n/a            1.471         2.500       1.029      ILOGIC_X0Y215  ddr3.u_axi_wrap_ddr/mig_axi/u_mig_axi_32_mig/u_memc_ui_top_axi/mem_intfc0/ddr_phy_top0/u_ddr_mc_phy_wrapper/u_ddr_mc_phy/ddr_phy_4lanes_0.u_ddr_phy_4lanes/ddr_byte_lane_B.ddr_byte_lane_B/ddr_byte_group_io/input_[2].iserdes_dq_.iserdesdq/CLK



---------------------------------------------------------------------------------------------------
From Clock:  iserdes_clkdiv_1
  To Clock:  iserdes_clkdiv_1

Setup :            0  Failing Endpoints,  Worst Slack        8.297ns,  Total Violation        0.000ns
Hold  :            0  Failing Endpoints,  Worst Slack        0.071ns,  Total Violation        0.000ns
PW    :            0  Failing Endpoints,  Worst Slack        2.850ns,  Total Violation        0.000ns
---------------------------------------------------------------------------------------------------


Max Delay Paths
--------------------------------------------------------------------------------------
Slack (MET) :             8.297ns  (required time - arrival time)
  Source:                 ddr3.u_axi_wrap_ddr/mig_axi/u_mig_axi_32_mig/u_memc_ui_top_axi/mem_intfc0/ddr_phy_top0/u_ddr_mc_phy_wrapper/u_ddr_mc_phy/ddr_phy_4lanes_0.u_ddr_phy_4lanes/ddr_byte_lane_B.ddr_byte_lane_B/ddr_byte_group_io/input_[2].iserdes_dq_.iserdesdq/CLKDIVP
                            (rising edge-triggered cell ISERDESE2 clocked by iserdes_clkdiv_1  {rise@0.000ns fall@5.000ns period=10.000ns})
  Destination:            ddr3.u_axi_wrap_ddr/mig_axi/u_mig_axi_32_mig/u_memc_ui_top_axi/mem_intfc0/ddr_phy_top0/u_ddr_mc_phy_wrapper/u_ddr_mc_phy/ddr_phy_4lanes_0.u_ddr_phy_4lanes/ddr_byte_lane_B.ddr_byte_lane_B/in_fifo_gen.in_fifo/D2[0]
                            (rising edge-triggered cell IN_FIFO clocked by iserdes_clkdiv_1  {rise@0.000ns fall@5.000ns period=10.000ns})
  Path Group:             iserdes_clkdiv_1
  Path Type:              Setup (Max at Slow Process Corner)
  Requirement:            10.000ns  (iserdes_clkdiv_1 rise@10.000ns - iserdes_clkdiv_1 rise@0.000ns)
  Data Path Delay:        0.793ns  (logic 0.372ns (46.908%)  route 0.421ns (53.092%))
  Logic Levels:           0  
  Clock Path Skew:        -0.385ns (DCD - SCD + CPR)
    Destination Clock Delay (DCD):    7.597ns = ( 17.597 - 10.000 ) 
    Source Clock Delay      (SCD):    8.367ns
    Clock Pessimism Removal (CPR):    0.385ns
  Clock Uncertainty:      0.059ns  ((TSJ^2 + DJ^2)^1/2) / 2 + PE
    Total System Jitter     (TSJ):    0.071ns
    Discrete Jitter          (DJ):    0.096ns
    Phase Error              (PE):    0.000ns

    Location             Delay type                Incr(ns)  Path(ns)    Netlist Resource(s)
  -------------------------------------------------------------------    -------------------
                         (clock iserdes_clkdiv_1 rise edge)
                                                      0.000     0.000 r  
    AC19                                              0.000     0.000 r  clk (IN)
                         net (fo=0)                   0.000     0.000    clk
    AC19                 IBUF (Prop_ibuf_I_O)         1.416     1.416 r  clk_IBUF_inst/O
                         net (fo=1, routed)           2.602     4.018    clk_IBUF
    BUFGCTRL_X0Y0        BUFG (Prop_bufg_I_O)         0.081     4.099 r  clk_IBUF_BUFG_inst/O
                         net (fo=2166, routed)        1.696     5.795    ddr3.u_axi_wrap_ddr/mig_axi/u_mig_axi_32_mig/u_ddr3_infrastructure/mmcm_clk
    PLLE2_ADV_X0Y4       PLLE2_ADV (Prop_plle2_adv_CLKIN1_CLKOUT0)
                                                      0.077     5.872 r  ddr3.u_axi_wrap_ddr/mig_axi/u_mig_axi_32_mig/u_ddr3_infrastructure/plle2_i/CLKOUT0
                         net (fo=7, routed)           0.528     6.400    ddr3.u_axi_wrap_ddr/mig_axi/u_mig_axi_32_mig/u_memc_ui_top_axi/mem_intfc0/ddr_phy_top0/u_ddr_mc_phy_wrapper/u_ddr_mc_phy/ddr_phy_4lanes_0.u_ddr_phy_4lanes/ddr_byte_lane_B.ddr_byte_lane_B/freq_refclk
    PHASER_IN_PHY_X0Y17  PHASER_IN_PHY (Prop_phaser_in_phy_FREQREFCLK_ICLK)
                                                      1.428     7.828 r  ddr3.u_axi_wrap_ddr/mig_axi/u_mig_axi_32_mig/u_memc_ui_top_axi/mem_intfc0/ddr_phy_top0/u_ddr_mc_phy_wrapper/u_ddr_mc_phy/ddr_phy_4lanes_0.u_ddr_phy_4lanes/ddr_byte_lane_B.ddr_byte_lane_B/phaser_in_gen.phaser_in/ICLK
    PHASER_IN_PHY_X0Y17  PHASER_IN_PHY (Prop_phaser_in_phy_ICLK_ICLKDIV)
                                                      0.154     7.982 r  ddr3.u_axi_wrap_ddr/mig_axi/u_mig_axi_32_mig/u_memc_ui_top_axi/mem_intfc0/ddr_phy_top0/u_ddr_mc_phy_wrapper/u_ddr_mc_phy/ddr_phy_4lanes_0.u_ddr_phy_4lanes/ddr_byte_lane_B.ddr_byte_lane_B/phaser_in_gen.phaser_in/ICLKDIV
                         net (fo=9, routed)           0.385     8.367    ddr3.u_axi_wrap_ddr/mig_axi/u_mig_axi_32_mig/u_memc_ui_top_axi/mem_intfc0/ddr_phy_top0/u_ddr_mc_phy_wrapper/u_ddr_mc_phy/ddr_phy_4lanes_0.u_ddr_phy_4lanes/ddr_byte_lane_B.ddr_byte_lane_B/ddr_byte_group_io/iserdes_clkdiv
    ILOGIC_X0Y215        ISERDESE2                                    r  ddr3.u_axi_wrap_ddr/mig_axi/u_mig_axi_32_mig/u_memc_ui_top_axi/mem_intfc0/ddr_phy_top0/u_ddr_mc_phy_wrapper/u_ddr_mc_phy/ddr_phy_4lanes_0.u_ddr_phy_4lanes/ddr_byte_lane_B.ddr_byte_lane_B/ddr_byte_group_io/input_[2].iserdes_dq_.iserdesdq/CLKDIVP
  -------------------------------------------------------------------    -------------------
    ILOGIC_X0Y215        ISERDESE2 (Prop_iserdese2_CLKDIVP_Q4)
                                                      0.372     8.739 r  ddr3.u_axi_wrap_ddr/mig_axi/u_mig_axi_32_mig/u_memc_ui_top_axi/mem_intfc0/ddr_phy_top0/u_ddr_mc_phy_wrapper/u_ddr_mc_phy/ddr_phy_4lanes_0.u_ddr_phy_4lanes/ddr_byte_lane_B.ddr_byte_lane_B/ddr_byte_group_io/input_[2].iserdes_dq_.iserdesdq/Q4
                         net (fo=1, routed)           0.421     9.160    ddr3.u_axi_wrap_ddr/mig_axi/u_mig_axi_32_mig/u_memc_ui_top_axi/mem_intfc0/ddr_phy_top0/u_ddr_mc_phy_wrapper/u_ddr_mc_phy/ddr_phy_4lanes_0.u_ddr_phy_4lanes/ddr_byte_lane_B.ddr_byte_lane_B/if_d2[0]
    IN_FIFO_X0Y17        IN_FIFO                                      r  ddr3.u_axi_wrap_ddr/mig_axi/u_mig_axi_32_mig/u_memc_ui_top_axi/mem_intfc0/ddr_phy_top0/u_ddr_mc_phy_wrapper/u_ddr_mc_phy/ddr_phy_4lanes_0.u_ddr_phy_4lanes/ddr_byte_lane_B.ddr_byte_lane_B/in_fifo_gen.in_fifo/D2[0]
  -------------------------------------------------------------------    -------------------

                         (clock iserdes_clkdiv_1 rise edge)
                                                     10.000    10.000 r  
    AC19                                              0.000    10.000 r  clk (IN)
                         net (fo=0)                   0.000    10.000    clk
    AC19                 IBUF (Prop_ibuf_I_O)         1.350    11.350 r  clk_IBUF_inst/O
                         net (fo=1, routed)           2.471    13.821    clk_IBUF
    BUFGCTRL_X0Y0        BUFG (Prop_bufg_I_O)         0.077    13.898 r  clk_IBUF_BUFG_inst/O
                         net (fo=2166, routed)        1.586    15.484    ddr3.u_axi_wrap_ddr/mig_axi/u_mig_axi_32_mig/u_ddr3_infrastructure/mmcm_clk
    PLLE2_ADV_X0Y4       PLLE2_ADV (Prop_plle2_adv_CLKIN1_CLKOUT0)
                                                      0.073    15.557 r  ddr3.u_axi_wrap_ddr/mig_axi/u_mig_axi_32_mig/u_ddr3_infrastructure/plle2_i/CLKOUT0
                         net (fo=7, routed)           0.501    16.058    ddr3.u_axi_wrap_ddr/mig_axi/u_mig_axi_32_mig/u_memc_ui_top_axi/mem_intfc0/ddr_phy_top0/u_ddr_mc_phy_wrapper/u_ddr_mc_phy/ddr_phy_4lanes_0.u_ddr_phy_4lanes/ddr_byte_lane_B.ddr_byte_lane_B/freq_refclk
    PHASER_IN_PHY_X0Y17  PHASER_IN_PHY (Prop_phaser_in_phy_FREQREFCLK_ICLK)
                                                      1.394    17.452 r  ddr3.u_axi_wrap_ddr/mig_axi/u_mig_axi_32_mig/u_memc_ui_top_axi/mem_intfc0/ddr_phy_top0/u_ddr_mc_phy_wrapper/u_ddr_mc_phy/ddr_phy_4lanes_0.u_ddr_phy_4lanes/ddr_byte_lane_B.ddr_byte_lane_B/phaser_in_gen.phaser_in/ICLK
    PHASER_IN_PHY_X0Y17  PHASER_IN_PHY (Prop_phaser_in_phy_ICLK_ICLKDIV)
                                                      0.145    17.597 r  ddr3.u_axi_wrap_ddr/mig_axi/u_mig_axi_32_mig/u_memc_ui_top_axi/mem_intfc0/ddr_phy_top0/u_ddr_mc_phy_wrapper/u_ddr_mc_phy/ddr_phy_4lanes_0.u_ddr_phy_4lanes/ddr_byte_lane_B.ddr_byte_lane_B/phaser_in_gen.phaser_in/ICLKDIV
                         net (fo=9, routed)           0.000    17.597    ddr3.u_axi_wrap_ddr/mig_axi/u_mig_axi_32_mig/u_memc_ui_top_axi/mem_intfc0/ddr_phy_top0/u_ddr_mc_phy_wrapper/u_ddr_mc_phy/ddr_phy_4lanes_0.u_ddr_phy_4lanes/ddr_byte_lane_B.ddr_byte_lane_B/iserdes_clkdiv
    IN_FIFO_X0Y17        IN_FIFO                                      r  ddr3.u_axi_wrap_ddr/mig_axi/u_mig_axi_32_mig/u_memc_ui_top_axi/mem_intfc0/ddr_phy_top0/u_ddr_mc_phy_wrapper/u_ddr_mc_phy/ddr_phy_4lanes_0.u_ddr_phy_4lanes/ddr_byte_lane_B.ddr_byte_lane_B/in_fifo_gen.in_fifo/WRCLK
                         clock pessimism              0.385    17.982    
                         clock uncertainty           -0.059    17.923    
    IN_FIFO_X0Y17        IN_FIFO (Setup_in_fifo_WRCLK_D2[0])
                                                     -0.466    17.457    ddr3.u_axi_wrap_ddr/mig_axi/u_mig_axi_32_mig/u_memc_ui_top_axi/mem_intfc0/ddr_phy_top0/u_ddr_mc_phy_wrapper/u_ddr_mc_phy/ddr_phy_4lanes_0.u_ddr_phy_4lanes/ddr_byte_lane_B.ddr_byte_lane_B/in_fifo_gen.in_fifo
  -------------------------------------------------------------------
                         required time                         17.457    
                         arrival time                          -9.160    
  -------------------------------------------------------------------
                         slack                                  8.297    





Min Delay Paths
--------------------------------------------------------------------------------------
Slack (MET) :             0.071ns  (arrival time - required time)
  Source:                 ddr3.u_axi_wrap_ddr/mig_axi/u_mig_axi_32_mig/u_memc_ui_top_axi/mem_intfc0/ddr_phy_top0/u_ddr_mc_phy_wrapper/u_ddr_mc_phy/ddr_phy_4lanes_0.u_ddr_phy_4lanes/ddr_byte_lane_B.ddr_byte_lane_B/phaser_in_gen.phaser_in/ICLKDIV
                            (rising edge-triggered cell PHASER_IN_PHY clocked by iserdes_clkdiv_1  {rise@0.000ns fall@5.000ns period=10.000ns})
  Destination:            ddr3.u_axi_wrap_ddr/mig_axi/u_mig_axi_32_mig/u_memc_ui_top_axi/mem_intfc0/ddr_phy_top0/u_ddr_mc_phy_wrapper/u_ddr_mc_phy/ddr_phy_4lanes_0.u_ddr_phy_4lanes/ddr_byte_lane_B.ddr_byte_lane_B/in_fifo_gen.in_fifo/WREN
                            (rising edge-triggered cell IN_FIFO clocked by iserdes_clkdiv_1  {rise@0.000ns fall@5.000ns period=10.000ns})
  Path Group:             iserdes_clkdiv_1
  Path Type:              Hold (Min at Fast Process Corner)
  Requirement:            0.000ns  (iserdes_clkdiv_1 rise@0.000ns - iserdes_clkdiv_1 rise@0.000ns)
  Data Path Delay:        0.058ns  (logic 0.058ns (100.000%)  route 0.000ns (0.000%))
  Logic Levels:           0  
  Clock Path Skew:        0.000ns (DCD - SCD - CPR)
    Destination Clock Delay (DCD):    4.199ns
    Source Clock Delay      (SCD):    3.593ns
    Clock Pessimism Removal (CPR):    0.606ns

    Location             Delay type                Incr(ns)  Path(ns)    Netlist Resource(s)
  -------------------------------------------------------------------    -------------------
                         (clock iserdes_clkdiv_1 rise edge)
                                                      0.000     0.000 r  
    AC19                                              0.000     0.000 r  clk (IN)
                         net (fo=0)                   0.000     0.000    clk
    AC19                 IBUF (Prop_ibuf_I_O)         0.253     0.253 r  clk_IBUF_inst/O
                         net (fo=1, routed)           1.074     1.327    clk_IBUF
    BUFGCTRL_X0Y0        BUFG (Prop_bufg_I_O)         0.026     1.353 r  clk_IBUF_BUFG_inst/O
                         net (fo=2166, routed)        0.701     2.054    ddr3.u_axi_wrap_ddr/mig_axi/u_mig_axi_32_mig/u_ddr3_infrastructure/mmcm_clk
    PLLE2_ADV_X0Y4       PLLE2_ADV (Prop_plle2_adv_CLKIN1_CLKOUT0)
                                                      0.050     2.104 r  ddr3.u_axi_wrap_ddr/mig_axi/u_mig_axi_32_mig/u_ddr3_infrastructure/plle2_i/CLKOUT0
                         net (fo=7, routed)           0.204     2.308    ddr3.u_axi_wrap_ddr/mig_axi/u_mig_axi_32_mig/u_memc_ui_top_axi/mem_intfc0/ddr_phy_top0/u_ddr_mc_phy_wrapper/u_ddr_mc_phy/ddr_phy_4lanes_0.u_ddr_phy_4lanes/ddr_byte_lane_B.ddr_byte_lane_B/freq_refclk
    PHASER_IN_PHY_X0Y17  PHASER_IN_PHY (Prop_phaser_in_phy_FREQREFCLK_ICLK)
                                                      1.195     3.503 r  ddr3.u_axi_wrap_ddr/mig_axi/u_mig_axi_32_mig/u_memc_ui_top_axi/mem_intfc0/ddr_phy_top0/u_ddr_mc_phy_wrapper/u_ddr_mc_phy/ddr_phy_4lanes_0.u_ddr_phy_4lanes/ddr_byte_lane_B.ddr_byte_lane_B/phaser_in_gen.phaser_in/ICLK
    PHASER_IN_PHY_X0Y17  PHASER_IN_PHY (Prop_phaser_in_phy_ICLK_ICLKDIV)
                                                      0.090     3.593 r  ddr3.u_axi_wrap_ddr/mig_axi/u_mig_axi_32_mig/u_memc_ui_top_axi/mem_intfc0/ddr_phy_top0/u_ddr_mc_phy_wrapper/u_ddr_mc_phy/ddr_phy_4lanes_0.u_ddr_phy_4lanes/ddr_byte_lane_B.ddr_byte_lane_B/phaser_in_gen.phaser_in/ICLKDIV
  -------------------------------------------------------------------    -------------------
    PHASER_IN_PHY_X0Y17  PHASER_IN_PHY (Prop_phaser_in_phy_ICLKDIV_WRENABLE)
                                                      0.058     3.651 r  ddr3.u_axi_wrap_ddr/mig_axi/u_mig_axi_32_mig/u_memc_ui_top_axi/mem_intfc0/ddr_phy_top0/u_ddr_mc_phy_wrapper/u_ddr_mc_phy/ddr_phy_4lanes_0.u_ddr_phy_4lanes/ddr_byte_lane_B.ddr_byte_lane_B/phaser_in_gen.phaser_in/WRENABLE
                         net (fo=1, routed)           0.000     3.651    ddr3.u_axi_wrap_ddr/mig_axi/u_mig_axi_32_mig/u_memc_ui_top_axi/mem_intfc0/ddr_phy_top0/u_ddr_mc_phy_wrapper/u_ddr_mc_phy/ddr_phy_4lanes_0.u_ddr_phy_4lanes/ddr_byte_lane_B.ddr_byte_lane_B/ififo_wr_enable
    IN_FIFO_X0Y17        IN_FIFO                                      r  ddr3.u_axi_wrap_ddr/mig_axi/u_mig_axi_32_mig/u_memc_ui_top_axi/mem_intfc0/ddr_phy_top0/u_ddr_mc_phy_wrapper/u_ddr_mc_phy/ddr_phy_4lanes_0.u_ddr_phy_4lanes/ddr_byte_lane_B.ddr_byte_lane_B/in_fifo_gen.in_fifo/WREN
  -------------------------------------------------------------------    -------------------

                         (clock iserdes_clkdiv_1 rise edge)
                                                      0.000     0.000 r  
    AC19                                              0.000     0.000 r  clk (IN)
                         net (fo=0)                   0.000     0.000    clk
    AC19                 IBUF (Prop_ibuf_I_O)         0.441     0.441 r  clk_IBUF_inst/O
                         net (fo=1, routed)           1.160     1.601    clk_IBUF
    BUFGCTRL_X0Y0        BUFG (Prop_bufg_I_O)         0.029     1.630 r  clk_IBUF_BUFG_inst/O
                         net (fo=2166, routed)        0.976     2.606    ddr3.u_axi_wrap_ddr/mig_axi/u_mig_axi_32_mig/u_ddr3_infrastructure/mmcm_clk
    PLLE2_ADV_X0Y4       PLLE2_ADV (Prop_plle2_adv_CLKIN1_CLKOUT0)
                                                      0.053     2.659 r  ddr3.u_axi_wrap_ddr/mig_axi/u_mig_axi_32_mig/u_ddr3_infrastructure/plle2_i/CLKOUT0
                         net (fo=7, routed)           0.225     2.884    ddr3.u_axi_wrap_ddr/mig_axi/u_mig_axi_32_mig/u_memc_ui_top_axi/mem_intfc0/ddr_phy_top0/u_ddr_mc_phy_wrapper/u_ddr_mc_phy/ddr_phy_4lanes_0.u_ddr_phy_4lanes/ddr_byte_lane_B.ddr_byte_lane_B/freq_refclk
    PHASER_IN_PHY_X0Y17  PHASER_IN_PHY (Prop_phaser_in_phy_FREQREFCLK_ICLK)
                                                      1.219     4.103 r  ddr3.u_axi_wrap_ddr/mig_axi/u_mig_axi_32_mig/u_memc_ui_top_axi/mem_intfc0/ddr_phy_top0/u_ddr_mc_phy_wrapper/u_ddr_mc_phy/ddr_phy_4lanes_0.u_ddr_phy_4lanes/ddr_byte_lane_B.ddr_byte_lane_B/phaser_in_gen.phaser_in/ICLK
    PHASER_IN_PHY_X0Y17  PHASER_IN_PHY (Prop_phaser_in_phy_ICLK_ICLKDIV)
                                                      0.096     4.199 r  ddr3.u_axi_wrap_ddr/mig_axi/u_mig_axi_32_mig/u_memc_ui_top_axi/mem_intfc0/ddr_phy_top0/u_ddr_mc_phy_wrapper/u_ddr_mc_phy/ddr_phy_4lanes_0.u_ddr_phy_4lanes/ddr_byte_lane_B.ddr_byte_lane_B/phaser_in_gen.phaser_in/ICLKDIV
                         net (fo=9, routed)           0.000     4.199    ddr3.u_axi_wrap_ddr/mig_axi/u_mig_axi_32_mig/u_memc_ui_top_axi/mem_intfc0/ddr_phy_top0/u_ddr_mc_phy_wrapper/u_ddr_mc_phy/ddr_phy_4lanes_0.u_ddr_phy_4lanes/ddr_byte_lane_B.ddr_byte_lane_B/iserdes_clkdiv
    IN_FIFO_X0Y17        IN_FIFO                                      r  ddr3.u_axi_wrap_ddr/mig_axi/u_mig_axi_32_mig/u_memc_ui_top_axi/mem_intfc0/ddr_phy_top0/u_ddr_mc_phy_wrapper/u_ddr_mc_phy/ddr_phy_4lanes_0.u_ddr_phy_4lanes/ddr_byte_lane_B.ddr_byte_lane_B/in_fifo_gen.in_fifo/WRCLK
                         clock pessimism             -0.606     3.593    
    IN_FIFO_X0Y17        IN_FIFO (Hold_in_fifo_WRCLK_WREN)
                                                     -0.013     3.580    ddr3.u_axi_wrap_ddr/mig_axi/u_mig_axi_32_mig/u_memc_ui_top_axi/mem_intfc0/ddr_phy_top0/u_ddr_mc_phy_wrapper/u_ddr_mc_phy/ddr_phy_4lanes_0.u_ddr_phy_4lanes/ddr_byte_lane_B.ddr_byte_lane_B/in_fifo_gen.in_fifo
  -------------------------------------------------------------------
                         required time                         -3.580    
                         arrival time                           3.651    
  -------------------------------------------------------------------
                         slack                                  0.071    





Pulse Width Checks
--------------------------------------------------------------------------------------
Clock Name:         iserdes_clkdiv_1
Waveform(ns):       { 0.000 5.000 }
Period(ns):         10.000
Sources:            { ddr3.u_axi_wrap_ddr/mig_axi/u_mig_axi_32_mig/u_memc_ui_top_axi/mem_intfc0/ddr_phy_top0/u_ddr_mc_phy_wrapper/u_ddr_mc_phy/ddr_phy_4lanes_0.u_ddr_phy_4lanes/ddr_byte_lane_B.ddr_byte_lane_B/phaser_in_gen.phaser_in/ICLKDIV }

Check Type        Corner  Lib Pin        Reference Pin  Required(ns)  Actual(ns)  Slack(ns)  Location       Pin
Min Period        n/a     IN_FIFO/WRCLK  n/a            5.000         10.000      5.000      IN_FIFO_X0Y17  ddr3.u_axi_wrap_ddr/mig_axi/u_mig_axi_32_mig/u_memc_ui_top_axi/mem_intfc0/ddr_phy_top0/u_ddr_mc_phy_wrapper/u_ddr_mc_phy/ddr_phy_4lanes_0.u_ddr_phy_4lanes/ddr_byte_lane_B.ddr_byte_lane_B/in_fifo_gen.in_fifo/WRCLK
Low Pulse Width   Slow    IN_FIFO/WRCLK  n/a            2.150         5.000       2.850      IN_FIFO_X0Y17  ddr3.u_axi_wrap_ddr/mig_axi/u_mig_axi_32_mig/u_memc_ui_top_axi/mem_intfc0/ddr_phy_top0/u_ddr_mc_phy_wrapper/u_ddr_mc_phy/ddr_phy_4lanes_0.u_ddr_phy_4lanes/ddr_byte_lane_B.ddr_byte_lane_B/in_fifo_gen.in_fifo/WRCLK
High Pulse Width  Slow    IN_FIFO/WRCLK  n/a            2.150         5.000       2.850      IN_FIFO_X0Y17  ddr3.u_axi_wrap_ddr/mig_axi/u_mig_axi_32_mig/u_memc_ui_top_axi/mem_intfc0/ddr_phy_top0/u_ddr_mc_phy_wrapper/u_ddr_mc_phy/ddr_phy_4lanes_0.u_ddr_phy_4lanes/ddr_byte_lane_B.ddr_byte_lane_B/in_fifo_gen.in_fifo/WRCLK



---------------------------------------------------------------------------------------------------
From Clock:  mem_refclk
  To Clock:  mem_refclk

Setup :            0  Failing Endpoints,  Worst Slack        1.407ns,  Total Violation        0.000ns
Hold  :            0  Failing Endpoints,  Worst Slack        0.336ns,  Total Violation        0.000ns
PW    :            0  Failing Endpoints,  Worst Slack        0.715ns,  Total Violation        0.000ns
---------------------------------------------------------------------------------------------------


Max Delay Paths
--------------------------------------------------------------------------------------
Slack (MET) :             1.407ns  (required time - arrival time)
  Source:                 ddr3.u_axi_wrap_ddr/mig_axi/u_mig_axi_32_mig/u_memc_ui_top_axi/mem_intfc0/ddr_phy_top0/u_ddr_mc_phy_wrapper/u_ddr_mc_phy/ddr_phy_4lanes_0.u_ddr_phy_4lanes/phy_control_i/MEMREFCLK
                            (rising edge-triggered cell PHY_CONTROL clocked by mem_refclk  {rise@0.000ns fall@1.250ns period=2.500ns})
  Destination:            ddr3.u_axi_wrap_ddr/mig_axi/u_mig_axi_32_mig/u_memc_ui_top_axi/mem_intfc0/ddr_phy_top0/u_ddr_mc_phy_wrapper/u_ddr_mc_phy/ddr_phy_4lanes_0.u_ddr_phy_4lanes/phy_control_i/PHYCTLMSTREMPTY
                            (rising edge-triggered cell PHY_CONTROL clocked by mem_refclk  {rise@0.000ns fall@1.250ns period=2.500ns})
  Path Group:             mem_refclk
  Path Type:              Setup (Max at Slow Process Corner)
  Requirement:            2.500ns  (mem_refclk rise@2.500ns - mem_refclk rise@0.000ns)
  Data Path Delay:        1.019ns  (logic 0.622ns (61.040%)  route 0.397ns (38.960%))
  Logic Levels:           0  
  Clock Path Skew:        0.000ns (DCD - SCD + CPR)
    Destination Clock Delay (DCD):    6.058ns = ( 8.558 - 2.500 ) 
    Source Clock Delay      (SCD):    6.400ns
    Clock Pessimism Removal (CPR):    0.342ns
  Clock Uncertainty:      0.065ns  ((TSJ^2 + DJ^2)^1/2) / 2 + PE
    Total System Jitter     (TSJ):    0.071ns
    Discrete Jitter          (DJ):    0.109ns
    Phase Error              (PE):    0.000ns

    Location             Delay type                Incr(ns)  Path(ns)    Netlist Resource(s)
  -------------------------------------------------------------------    -------------------
                         (clock mem_refclk rise edge)
                                                      0.000     0.000 r  
    AC19                                              0.000     0.000 r  clk (IN)
                         net (fo=0)                   0.000     0.000    clk
    AC19                 IBUF (Prop_ibuf_I_O)         1.416     1.416 r  clk_IBUF_inst/O
                         net (fo=1, routed)           2.602     4.018    clk_IBUF
    BUFGCTRL_X0Y0        BUFG (Prop_bufg_I_O)         0.081     4.099 r  clk_IBUF_BUFG_inst/O
                         net (fo=2166, routed)        1.696     5.795    ddr3.u_axi_wrap_ddr/mig_axi/u_mig_axi_32_mig/u_ddr3_infrastructure/mmcm_clk
    PLLE2_ADV_X0Y4       PLLE2_ADV (Prop_plle2_adv_CLKIN1_CLKOUT1)
                                                      0.077     5.872 r  ddr3.u_axi_wrap_ddr/mig_axi/u_mig_axi_32_mig/u_ddr3_infrastructure/plle2_i/CLKOUT1
                         net (fo=7, routed)           0.528     6.400    ddr3.u_axi_wrap_ddr/mig_axi/u_mig_axi_32_mig/u_memc_ui_top_axi/mem_intfc0/ddr_phy_top0/u_ddr_mc_phy_wrapper/u_ddr_mc_phy/ddr_phy_4lanes_0.u_ddr_phy_4lanes/mem_refclk
    PHY_CONTROL_X0Y4     PHY_CONTROL                                  r  ddr3.u_axi_wrap_ddr/mig_axi/u_mig_axi_32_mig/u_memc_ui_top_axi/mem_intfc0/ddr_phy_top0/u_ddr_mc_phy_wrapper/u_ddr_mc_phy/ddr_phy_4lanes_0.u_ddr_phy_4lanes/phy_control_i/MEMREFCLK
  -------------------------------------------------------------------    -------------------
    PHY_CONTROL_X0Y4     PHY_CONTROL (Prop_phy_control_MEMREFCLK_PHYCTLEMPTY)
                                                      0.622     7.022 r  ddr3.u_axi_wrap_ddr/mig_axi/u_mig_axi_32_mig/u_memc_ui_top_axi/mem_intfc0/ddr_phy_top0/u_ddr_mc_phy_wrapper/u_ddr_mc_phy/ddr_phy_4lanes_0.u_ddr_phy_4lanes/phy_control_i/PHYCTLEMPTY
                         net (fo=1, routed)           0.397     7.419    ddr3.u_axi_wrap_ddr/mig_axi/u_mig_axi_32_mig/u_memc_ui_top_axi/mem_intfc0/ddr_phy_top0/u_ddr_mc_phy_wrapper/u_ddr_mc_phy/ddr_phy_4lanes_0.u_ddr_phy_4lanes/phy_control_i_n_1
    PHY_CONTROL_X0Y4     PHY_CONTROL                                  r  ddr3.u_axi_wrap_ddr/mig_axi/u_mig_axi_32_mig/u_memc_ui_top_axi/mem_intfc0/ddr_phy_top0/u_ddr_mc_phy_wrapper/u_ddr_mc_phy/ddr_phy_4lanes_0.u_ddr_phy_4lanes/phy_control_i/PHYCTLMSTREMPTY
  -------------------------------------------------------------------    -------------------

                         (clock mem_refclk rise edge)
                                                      2.500     2.500 r  
    AC19                                              0.000     2.500 r  clk (IN)
                         net (fo=0)                   0.000     2.500    clk
    AC19                 IBUF (Prop_ibuf_I_O)         1.350     3.850 r  clk_IBUF_inst/O
                         net (fo=1, routed)           2.471     6.321    clk_IBUF
    BUFGCTRL_X0Y0        BUFG (Prop_bufg_I_O)         0.077     6.398 r  clk_IBUF_BUFG_inst/O
                         net (fo=2166, routed)        1.586     7.984    ddr3.u_axi_wrap_ddr/mig_axi/u_mig_axi_32_mig/u_ddr3_infrastructure/mmcm_clk
    PLLE2_ADV_X0Y4       PLLE2_ADV (Prop_plle2_adv_CLKIN1_CLKOUT1)
                                                      0.073     8.057 r  ddr3.u_axi_wrap_ddr/mig_axi/u_mig_axi_32_mig/u_ddr3_infrastructure/plle2_i/CLKOUT1
                         net (fo=7, routed)           0.501     8.558    ddr3.u_axi_wrap_ddr/mig_axi/u_mig_axi_32_mig/u_memc_ui_top_axi/mem_intfc0/ddr_phy_top0/u_ddr_mc_phy_wrapper/u_ddr_mc_phy/ddr_phy_4lanes_0.u_ddr_phy_4lanes/mem_refclk
    PHY_CONTROL_X0Y4     PHY_CONTROL                                  r  ddr3.u_axi_wrap_ddr/mig_axi/u_mig_axi_32_mig/u_memc_ui_top_axi/mem_intfc0/ddr_phy_top0/u_ddr_mc_phy_wrapper/u_ddr_mc_phy/ddr_phy_4lanes_0.u_ddr_phy_4lanes/phy_control_i/MEMREFCLK
                         clock pessimism              0.342     8.900    
                         clock uncertainty           -0.065     8.835    
    PHY_CONTROL_X0Y4     PHY_CONTROL (Setup_phy_control_MEMREFCLK_PHYCTLMSTREMPTY)
                                                     -0.009     8.826    ddr3.u_axi_wrap_ddr/mig_axi/u_mig_axi_32_mig/u_memc_ui_top_axi/mem_intfc0/ddr_phy_top0/u_ddr_mc_phy_wrapper/u_ddr_mc_phy/ddr_phy_4lanes_0.u_ddr_phy_4lanes/phy_control_i
  -------------------------------------------------------------------
                         required time                          8.826    
                         arrival time                          -7.419    
  -------------------------------------------------------------------
                         slack                                  1.407    





Min Delay Paths
--------------------------------------------------------------------------------------
Slack (MET) :             0.336ns  (arrival time - required time)
  Source:                 ddr3.u_axi_wrap_ddr/mig_axi/u_mig_axi_32_mig/u_memc_ui_top_axi/mem_intfc0/ddr_phy_top0/u_ddr_mc_phy_wrapper/u_ddr_mc_phy/ddr_phy_4lanes_0.u_ddr_phy_4lanes/phy_control_i/MEMREFCLK
                            (rising edge-triggered cell PHY_CONTROL clocked by mem_refclk  {rise@0.000ns fall@1.250ns period=2.500ns})
  Destination:            ddr3.u_axi_wrap_ddr/mig_axi/u_mig_axi_32_mig/u_memc_ui_top_axi/mem_intfc0/ddr_phy_top0/u_ddr_mc_phy_wrapper/u_ddr_mc_phy/ddr_phy_4lanes_0.u_ddr_phy_4lanes/phy_control_i/PHYCTLMSTREMPTY
                            (rising edge-triggered cell PHY_CONTROL clocked by mem_refclk  {rise@0.000ns fall@1.250ns period=2.500ns})
  Path Group:             mem_refclk
  Path Type:              Hold (Min at Fast Process Corner)
  Requirement:            0.000ns  (mem_refclk rise@0.000ns - mem_refclk rise@0.000ns)
  Data Path Delay:        0.459ns  (logic 0.313ns (68.192%)  route 0.146ns (31.808%))
  Logic Levels:           0  
  Clock Path Skew:        0.000ns (DCD - SCD - CPR)
    Destination Clock Delay (DCD):    2.874ns
    Source Clock Delay      (SCD):    2.299ns
    Clock Pessimism Removal (CPR):    0.575ns

    Location             Delay type                Incr(ns)  Path(ns)    Netlist Resource(s)
  -------------------------------------------------------------------    -------------------
                         (clock mem_refclk rise edge)
                                                      0.000     0.000 r  
    AC19                                              0.000     0.000 r  clk (IN)
                         net (fo=0)                   0.000     0.000    clk
    AC19                 IBUF (Prop_ibuf_I_O)         0.253     0.253 r  clk_IBUF_inst/O
                         net (fo=1, routed)           1.074     1.327    clk_IBUF
    BUFGCTRL_X0Y0        BUFG (Prop_bufg_I_O)         0.026     1.353 r  clk_IBUF_BUFG_inst/O
                         net (fo=2166, routed)        0.701     2.054    ddr3.u_axi_wrap_ddr/mig_axi/u_mig_axi_32_mig/u_ddr3_infrastructure/mmcm_clk
    PLLE2_ADV_X0Y4       PLLE2_ADV (Prop_plle2_adv_CLKIN1_CLKOUT1)
                                                      0.050     2.104 r  ddr3.u_axi_wrap_ddr/mig_axi/u_mig_axi_32_mig/u_ddr3_infrastructure/plle2_i/CLKOUT1
                         net (fo=7, routed)           0.195     2.299    ddr3.u_axi_wrap_ddr/mig_axi/u_mig_axi_32_mig/u_memc_ui_top_axi/mem_intfc0/ddr_phy_top0/u_ddr_mc_phy_wrapper/u_ddr_mc_phy/ddr_phy_4lanes_0.u_ddr_phy_4lanes/mem_refclk
    PHY_CONTROL_X0Y4     PHY_CONTROL                                  r  ddr3.u_axi_wrap_ddr/mig_axi/u_mig_axi_32_mig/u_memc_ui_top_axi/mem_intfc0/ddr_phy_top0/u_ddr_mc_phy_wrapper/u_ddr_mc_phy/ddr_phy_4lanes_0.u_ddr_phy_4lanes/phy_control_i/MEMREFCLK
  -------------------------------------------------------------------    -------------------
    PHY_CONTROL_X0Y4     PHY_CONTROL (Prop_phy_control_MEMREFCLK_PHYCTLEMPTY)
                                                      0.313     2.612 r  ddr3.u_axi_wrap_ddr/mig_axi/u_mig_axi_32_mig/u_memc_ui_top_axi/mem_intfc0/ddr_phy_top0/u_ddr_mc_phy_wrapper/u_ddr_mc_phy/ddr_phy_4lanes_0.u_ddr_phy_4lanes/phy_control_i/PHYCTLEMPTY
                         net (fo=1, routed)           0.146     2.758    ddr3.u_axi_wrap_ddr/mig_axi/u_mig_axi_32_mig/u_memc_ui_top_axi/mem_intfc0/ddr_phy_top0/u_ddr_mc_phy_wrapper/u_ddr_mc_phy/ddr_phy_4lanes_0.u_ddr_phy_4lanes/phy_control_i_n_1
    PHY_CONTROL_X0Y4     PHY_CONTROL                                  r  ddr3.u_axi_wrap_ddr/mig_axi/u_mig_axi_32_mig/u_memc_ui_top_axi/mem_intfc0/ddr_phy_top0/u_ddr_mc_phy_wrapper/u_ddr_mc_phy/ddr_phy_4lanes_0.u_ddr_phy_4lanes/phy_control_i/PHYCTLMSTREMPTY
  -------------------------------------------------------------------    -------------------

                         (clock mem_refclk rise edge)
                                                      0.000     0.000 r  
    AC19                                              0.000     0.000 r  clk (IN)
                         net (fo=0)                   0.000     0.000    clk
    AC19                 IBUF (Prop_ibuf_I_O)         0.441     0.441 r  clk_IBUF_inst/O
                         net (fo=1, routed)           1.160     1.601    clk_IBUF
    BUFGCTRL_X0Y0        BUFG (Prop_bufg_I_O)         0.029     1.630 r  clk_IBUF_BUFG_inst/O
                         net (fo=2166, routed)        0.976     2.606    ddr3.u_axi_wrap_ddr/mig_axi/u_mig_axi_32_mig/u_ddr3_infrastructure/mmcm_clk
    PLLE2_ADV_X0Y4       PLLE2_ADV (Prop_plle2_adv_CLKIN1_CLKOUT1)
                                                      0.053     2.659 r  ddr3.u_axi_wrap_ddr/mig_axi/u_mig_axi_32_mig/u_ddr3_infrastructure/plle2_i/CLKOUT1
                         net (fo=7, routed)           0.215     2.874    ddr3.u_axi_wrap_ddr/mig_axi/u_mig_axi_32_mig/u_memc_ui_top_axi/mem_intfc0/ddr_phy_top0/u_ddr_mc_phy_wrapper/u_ddr_mc_phy/ddr_phy_4lanes_0.u_ddr_phy_4lanes/mem_refclk
    PHY_CONTROL_X0Y4     PHY_CONTROL                                  r  ddr3.u_axi_wrap_ddr/mig_axi/u_mig_axi_32_mig/u_memc_ui_top_axi/mem_intfc0/ddr_phy_top0/u_ddr_mc_phy_wrapper/u_ddr_mc_phy/ddr_phy_4lanes_0.u_ddr_phy_4lanes/phy_control_i/MEMREFCLK
                         clock pessimism             -0.575     2.299    
    PHY_CONTROL_X0Y4     PHY_CONTROL (Hold_phy_control_MEMREFCLK_PHYCTLMSTREMPTY)
                                                      0.123     2.422    ddr3.u_axi_wrap_ddr/mig_axi/u_mig_axi_32_mig/u_memc_ui_top_axi/mem_intfc0/ddr_phy_top0/u_ddr_mc_phy_wrapper/u_ddr_mc_phy/ddr_phy_4lanes_0.u_ddr_phy_4lanes/phy_control_i
  -------------------------------------------------------------------
                         required time                         -2.422    
                         arrival time                           2.758    
  -------------------------------------------------------------------
                         slack                                  0.336    





Pulse Width Checks
--------------------------------------------------------------------------------------
Clock Name:         mem_refclk
Waveform(ns):       { 0.000 1.250 }
Period(ns):         2.500
Sources:            { ddr3.u_axi_wrap_ddr/mig_axi/u_mig_axi_32_mig/u_ddr3_infrastructure/plle2_i/CLKOUT1 }

Check Type        Corner  Lib Pin                Reference Pin  Required(ns)  Actual(ns)  Slack(ns)  Location          Pin
Min Period        n/a     PHY_CONTROL/MEMREFCLK  n/a            1.475         2.500       1.025      PHY_CONTROL_X0Y4  ddr3.u_axi_wrap_ddr/mig_axi/u_mig_axi_32_mig/u_memc_ui_top_axi/mem_intfc0/ddr_phy_top0/u_ddr_mc_phy_wrapper/u_ddr_mc_phy/ddr_phy_4lanes_0.u_ddr_phy_4lanes/phy_control_i/MEMREFCLK
Max Period        n/a     PLLE2_ADV/CLKOUT1      n/a            160.000       2.500       157.500    PLLE2_ADV_X0Y4    ddr3.u_axi_wrap_ddr/mig_axi/u_mig_axi_32_mig/u_ddr3_infrastructure/plle2_i/CLKOUT1
Low Pulse Width   Slow    PHY_CONTROL/MEMREFCLK  n/a            0.535         1.250       0.715      PHY_CONTROL_X0Y4  ddr3.u_axi_wrap_ddr/mig_axi/u_mig_axi_32_mig/u_memc_ui_top_axi/mem_intfc0/ddr_phy_top0/u_ddr_mc_phy_wrapper/u_ddr_mc_phy/ddr_phy_4lanes_0.u_ddr_phy_4lanes/phy_control_i/MEMREFCLK
High Pulse Width  Slow    PHY_CONTROL/MEMREFCLK  n/a            0.535         1.250       0.715      PHY_CONTROL_X0Y4  ddr3.u_axi_wrap_ddr/mig_axi/u_mig_axi_32_mig/u_memc_ui_top_axi/mem_intfc0/ddr_phy_top0/u_ddr_mc_phy_wrapper/u_ddr_mc_phy/ddr_phy_4lanes_0.u_ddr_phy_4lanes/phy_control_i/MEMREFCLK



---------------------------------------------------------------------------------------------------
From Clock:  oserdes_clk
  To Clock:  oserdes_clk

Setup :            0  Failing Endpoints,  Worst Slack        1.190ns,  Total Violation        0.000ns
Hold  :            0  Failing Endpoints,  Worst Slack        0.408ns,  Total Violation        0.000ns
PW    :            0  Failing Endpoints,  Worst Slack        1.026ns,  Total Violation        0.000ns
---------------------------------------------------------------------------------------------------


Max Delay Paths
--------------------------------------------------------------------------------------
Slack (MET) :             1.190ns  (required time - arrival time)
  Source:                 ddr3.u_axi_wrap_ddr/mig_axi/u_mig_axi_32_mig/u_memc_ui_top_axi/mem_intfc0/ddr_phy_top0/u_ddr_mc_phy_wrapper/u_ddr_mc_phy/ddr_phy_4lanes_0.u_ddr_phy_4lanes/ddr_byte_lane_A.ddr_byte_lane_A/phaser_out/OCLKDELAYED
                            (rising edge-triggered cell PHASER_OUT_PHY clocked by oserdes_clk  {rise@0.000ns fall@1.250ns period=2.500ns})
  Destination:            ddr3.u_axi_wrap_ddr/mig_axi/u_mig_axi_32_mig/u_memc_ui_top_axi/mem_intfc0/ddr_phy_top0/u_ddr_mc_phy_wrapper/u_ddr_mc_phy/ddr_phy_4lanes_0.u_ddr_phy_4lanes/ddr_byte_lane_A.ddr_byte_lane_A/ddr_byte_group_io/dqs_gen.oddr_dqsts/D1
                            (rising edge-triggered cell ODDR clocked by oserdes_clk  {rise@0.000ns fall@1.250ns period=2.500ns})
  Path Group:             oserdes_clk
  Path Type:              Setup (Max at Slow Process Corner)
  Requirement:            2.500ns  (oserdes_clk rise@2.500ns - oserdes_clk rise@0.000ns)
  Data Path Delay:        0.864ns  (logic 0.489ns (56.594%)  route 0.375ns (43.406%))
  Logic Levels:           0  
  Clock Path Skew:        0.342ns (DCD - SCD + CPR)
    Destination Clock Delay (DCD):    9.046ns = ( 11.546 - 2.500 ) 
    Source Clock Delay      (SCD):    9.139ns
    Clock Pessimism Removal (CPR):    0.436ns
  Clock Uncertainty:      0.065ns  ((TSJ^2 + DJ^2)^1/2) / 2 + PE
    Total System Jitter     (TSJ):    0.071ns
    Discrete Jitter          (DJ):    0.109ns
    Phase Error              (PE):    0.000ns

    Location             Delay type                Incr(ns)  Path(ns)    Netlist Resource(s)
  -------------------------------------------------------------------    -------------------
                         (clock oserdes_clk rise edge)
                                                      0.000     0.000 r  
    AC19                                              0.000     0.000 r  clk (IN)
                         net (fo=0)                   0.000     0.000    clk
    AC19                 IBUF (Prop_ibuf_I_O)         1.416     1.416 r  clk_IBUF_inst/O
                         net (fo=1, routed)           2.602     4.018    clk_IBUF
    BUFGCTRL_X0Y0        BUFG (Prop_bufg_I_O)         0.081     4.099 r  clk_IBUF_BUFG_inst/O
                         net (fo=2166, routed)        1.696     5.795    ddr3.u_axi_wrap_ddr/mig_axi/u_mig_axi_32_mig/u_ddr3_infrastructure/mmcm_clk
    PLLE2_ADV_X0Y4       PLLE2_ADV (Prop_plle2_adv_CLKIN1_CLKOUT1)
                                                      0.077     5.872 r  ddr3.u_axi_wrap_ddr/mig_axi/u_mig_axi_32_mig/u_ddr3_infrastructure/plle2_i/CLKOUT1
                         net (fo=7, routed)           0.522     6.394    ddr3.u_axi_wrap_ddr/mig_axi/u_mig_axi_32_mig/u_memc_ui_top_axi/mem_intfc0/ddr_phy_top0/u_ddr_mc_phy_wrapper/u_ddr_mc_phy/ddr_phy_4lanes_0.u_ddr_phy_4lanes/ddr_byte_lane_A.ddr_byte_lane_A/mem_refclk
    PHASER_OUT_PHY_X0Y16 PHASER_OUT_PHY (Prop_phaser_out_phy_MEMREFCLK_OCLK)
                                                      2.083     8.477 r  ddr3.u_axi_wrap_ddr/mig_axi/u_mig_axi_32_mig/u_memc_ui_top_axi/mem_intfc0/ddr_phy_top0/u_ddr_mc_phy_wrapper/u_ddr_mc_phy/ddr_phy_4lanes_0.u_ddr_phy_4lanes/ddr_byte_lane_A.ddr_byte_lane_A/phaser_out/OCLK
    PHASER_OUT_PHY_X0Y16 PHASER_OUT_PHY (Prop_phaser_out_phy_OCLK_OCLKDELAYED)
                                                      0.662     9.139 r  ddr3.u_axi_wrap_ddr/mig_axi/u_mig_axi_32_mig/u_memc_ui_top_axi/mem_intfc0/ddr_phy_top0/u_ddr_mc_phy_wrapper/u_ddr_mc_phy/ddr_phy_4lanes_0.u_ddr_phy_4lanes/ddr_byte_lane_A.ddr_byte_lane_A/phaser_out/OCLKDELAYED
  -------------------------------------------------------------------    -------------------
    PHASER_OUT_PHY_X0Y16 PHASER_OUT_PHY (Prop_phaser_out_phy_OCLKDELAYED_CTSBUS[0])
                                                      0.489     9.628 r  ddr3.u_axi_wrap_ddr/mig_axi/u_mig_axi_32_mig/u_memc_ui_top_axi/mem_intfc0/ddr_phy_top0/u_ddr_mc_phy_wrapper/u_ddr_mc_phy/ddr_phy_4lanes_0.u_ddr_phy_4lanes/ddr_byte_lane_A.ddr_byte_lane_A/phaser_out/CTSBUS[0]
                         net (fo=2, routed)           0.375    10.003    ddr3.u_axi_wrap_ddr/mig_axi/u_mig_axi_32_mig/u_memc_ui_top_axi/mem_intfc0/ddr_phy_top0/u_ddr_mc_phy_wrapper/u_ddr_mc_phy/ddr_phy_4lanes_0.u_ddr_phy_4lanes/ddr_byte_lane_A.ddr_byte_lane_A/ddr_byte_group_io/CTSBUS[0]
    OLOGIC_X0Y208        ODDR                                         r  ddr3.u_axi_wrap_ddr/mig_axi/u_mig_axi_32_mig/u_memc_ui_top_axi/mem_intfc0/ddr_phy_top0/u_ddr_mc_phy_wrapper/u_ddr_mc_phy/ddr_phy_4lanes_0.u_ddr_phy_4lanes/ddr_byte_lane_A.ddr_byte_lane_A/ddr_byte_group_io/dqs_gen.oddr_dqsts/D1
  -------------------------------------------------------------------    -------------------

                         (clock oserdes_clk rise edge)
                                                      2.500     2.500 r  
    AC19                                              0.000     2.500 r  clk (IN)
                         net (fo=0)                   0.000     2.500    clk
    AC19                 IBUF (Prop_ibuf_I_O)         1.350     3.850 r  clk_IBUF_inst/O
                         net (fo=1, routed)           2.471     6.321    clk_IBUF
    BUFGCTRL_X0Y0        BUFG (Prop_bufg_I_O)         0.077     6.398 r  clk_IBUF_BUFG_inst/O
                         net (fo=2166, routed)        1.586     7.984    ddr3.u_axi_wrap_ddr/mig_axi/u_mig_axi_32_mig/u_ddr3_infrastructure/mmcm_clk
    PLLE2_ADV_X0Y4       PLLE2_ADV (Prop_plle2_adv_CLKIN1_CLKOUT1)
                                                      0.073     8.057 r  ddr3.u_axi_wrap_ddr/mig_axi/u_mig_axi_32_mig/u_ddr3_infrastructure/plle2_i/CLKOUT1
                         net (fo=7, routed)           0.496     8.553    ddr3.u_axi_wrap_ddr/mig_axi/u_mig_axi_32_mig/u_memc_ui_top_axi/mem_intfc0/ddr_phy_top0/u_ddr_mc_phy_wrapper/u_ddr_mc_phy/ddr_phy_4lanes_0.u_ddr_phy_4lanes/ddr_byte_lane_A.ddr_byte_lane_A/mem_refclk
    PHASER_OUT_PHY_X0Y16 PHASER_OUT_PHY (Prop_phaser_out_phy_MEMREFCLK_OCLK)
                                                      2.027    10.580 r  ddr3.u_axi_wrap_ddr/mig_axi/u_mig_axi_32_mig/u_memc_ui_top_axi/mem_intfc0/ddr_phy_top0/u_ddr_mc_phy_wrapper/u_ddr_mc_phy/ddr_phy_4lanes_0.u_ddr_phy_4lanes/ddr_byte_lane_A.ddr_byte_lane_A/phaser_out/OCLK
    PHASER_OUT_PHY_X0Y16 PHASER_OUT_PHY (Prop_phaser_out_phy_OCLK_OCLKDELAYED)
                                                      0.624    11.204 r  ddr3.u_axi_wrap_ddr/mig_axi/u_mig_axi_32_mig/u_memc_ui_top_axi/mem_intfc0/ddr_phy_top0/u_ddr_mc_phy_wrapper/u_ddr_mc_phy/ddr_phy_4lanes_0.u_ddr_phy_4lanes/ddr_byte_lane_A.ddr_byte_lane_A/phaser_out/OCLKDELAYED
                         net (fo=2, routed)           0.342    11.546    ddr3.u_axi_wrap_ddr/mig_axi/u_mig_axi_32_mig/u_memc_ui_top_axi/mem_intfc0/ddr_phy_top0/u_ddr_mc_phy_wrapper/u_ddr_mc_phy/ddr_phy_4lanes_0.u_ddr_phy_4lanes/ddr_byte_lane_A.ddr_byte_lane_A/ddr_byte_group_io/oserdes_clk_delayed
    OLOGIC_X0Y208        ODDR                                         r  ddr3.u_axi_wrap_ddr/mig_axi/u_mig_axi_32_mig/u_memc_ui_top_axi/mem_intfc0/ddr_phy_top0/u_ddr_mc_phy_wrapper/u_ddr_mc_phy/ddr_phy_4lanes_0.u_ddr_phy_4lanes/ddr_byte_lane_A.ddr_byte_lane_A/ddr_byte_group_io/dqs_gen.oddr_dqsts/C
                         clock pessimism              0.436    11.981    
                         clock uncertainty           -0.065    11.916    
    OLOGIC_X0Y208        ODDR (Setup_oddr_C_D1)      -0.723    11.193    ddr3.u_axi_wrap_ddr/mig_axi/u_mig_axi_32_mig/u_memc_ui_top_axi/mem_intfc0/ddr_phy_top0/u_ddr_mc_phy_wrapper/u_ddr_mc_phy/ddr_phy_4lanes_0.u_ddr_phy_4lanes/ddr_byte_lane_A.ddr_byte_lane_A/ddr_byte_group_io/dqs_gen.oddr_dqsts
  -------------------------------------------------------------------
                         required time                         11.193    
                         arrival time                         -10.003    
  -------------------------------------------------------------------
                         slack                                  1.190    





Min Delay Paths
--------------------------------------------------------------------------------------
Slack (MET) :             0.408ns  (arrival time - required time)
  Source:                 ddr3.u_axi_wrap_ddr/mig_axi/u_mig_axi_32_mig/u_memc_ui_top_axi/mem_intfc0/ddr_phy_top0/u_ddr_mc_phy_wrapper/u_ddr_mc_phy/ddr_phy_4lanes_0.u_ddr_phy_4lanes/ddr_byte_lane_A.ddr_byte_lane_A/phaser_out/OCLKDELAYED
                            (rising edge-triggered cell PHASER_OUT_PHY clocked by oserdes_clk  {rise@0.000ns fall@1.250ns period=2.500ns})
  Destination:            ddr3.u_axi_wrap_ddr/mig_axi/u_mig_axi_32_mig/u_memc_ui_top_axi/mem_intfc0/ddr_phy_top0/u_ddr_mc_phy_wrapper/u_ddr_mc_phy/ddr_phy_4lanes_0.u_ddr_phy_4lanes/ddr_byte_lane_A.ddr_byte_lane_A/ddr_byte_group_io/dqs_gen.oddr_dqs/D2
                            (rising edge-triggered cell ODDR clocked by oserdes_clk  {rise@0.000ns fall@1.250ns period=2.500ns})
  Path Group:             oserdes_clk
  Path Type:              Hold (Min at Fast Process Corner)
  Requirement:            0.000ns  (oserdes_clk rise@0.000ns - oserdes_clk rise@0.000ns)
  Data Path Delay:        0.493ns  (logic 0.346ns (70.174%)  route 0.147ns (29.826%))
  Logic Levels:           0  
  Clock Path Skew:        0.178ns (DCD - SCD - CPR)
    Destination Clock Delay (DCD):    5.486ns
    Source Clock Delay      (SCD):    4.654ns
    Clock Pessimism Removal (CPR):    0.655ns

    Location             Delay type                Incr(ns)  Path(ns)    Netlist Resource(s)
  -------------------------------------------------------------------    -------------------
                         (clock oserdes_clk rise edge)
                                                      0.000     0.000 r  
    AC19                                              0.000     0.000 r  clk (IN)
                         net (fo=0)                   0.000     0.000    clk
    AC19                 IBUF (Prop_ibuf_I_O)         0.253     0.253 r  clk_IBUF_inst/O
                         net (fo=1, routed)           1.074     1.327    clk_IBUF
    BUFGCTRL_X0Y0        BUFG (Prop_bufg_I_O)         0.026     1.353 r  clk_IBUF_BUFG_inst/O
                         net (fo=2166, routed)        0.701     2.054    ddr3.u_axi_wrap_ddr/mig_axi/u_mig_axi_32_mig/u_ddr3_infrastructure/mmcm_clk
    PLLE2_ADV_X0Y4       PLLE2_ADV (Prop_plle2_adv_CLKIN1_CLKOUT1)
                                                      0.050     2.104 r  ddr3.u_axi_wrap_ddr/mig_axi/u_mig_axi_32_mig/u_ddr3_infrastructure/plle2_i/CLKOUT1
                         net (fo=7, routed)           0.197     2.301    ddr3.u_axi_wrap_ddr/mig_axi/u_mig_axi_32_mig/u_memc_ui_top_axi/mem_intfc0/ddr_phy_top0/u_ddr_mc_phy_wrapper/u_ddr_mc_phy/ddr_phy_4lanes_0.u_ddr_phy_4lanes/ddr_byte_lane_A.ddr_byte_lane_A/mem_refclk
    PHASER_OUT_PHY_X0Y16 PHASER_OUT_PHY (Prop_phaser_out_phy_MEMREFCLK_OCLK)
                                                      1.813     4.114 r  ddr3.u_axi_wrap_ddr/mig_axi/u_mig_axi_32_mig/u_memc_ui_top_axi/mem_intfc0/ddr_phy_top0/u_ddr_mc_phy_wrapper/u_ddr_mc_phy/ddr_phy_4lanes_0.u_ddr_phy_4lanes/ddr_byte_lane_A.ddr_byte_lane_A/phaser_out/OCLK
    PHASER_OUT_PHY_X0Y16 PHASER_OUT_PHY (Prop_phaser_out_phy_OCLK_OCLKDELAYED)
                                                      0.539     4.654 r  ddr3.u_axi_wrap_ddr/mig_axi/u_mig_axi_32_mig/u_memc_ui_top_axi/mem_intfc0/ddr_phy_top0/u_ddr_mc_phy_wrapper/u_ddr_mc_phy/ddr_phy_4lanes_0.u_ddr_phy_4lanes/ddr_byte_lane_A.ddr_byte_lane_A/phaser_out/OCLKDELAYED
  -------------------------------------------------------------------    -------------------
    PHASER_OUT_PHY_X0Y16 PHASER_OUT_PHY (Prop_phaser_out_phy_OCLKDELAYED_DQSBUS[1])
                                                      0.346     5.000 r  ddr3.u_axi_wrap_ddr/mig_axi/u_mig_axi_32_mig/u_memc_ui_top_axi/mem_intfc0/ddr_phy_top0/u_ddr_mc_phy_wrapper/u_ddr_mc_phy/ddr_phy_4lanes_0.u_ddr_phy_4lanes/ddr_byte_lane_A.ddr_byte_lane_A/phaser_out/DQSBUS[1]
                         net (fo=1, routed)           0.147     5.147    ddr3.u_axi_wrap_ddr/mig_axi/u_mig_axi_32_mig/u_memc_ui_top_axi/mem_intfc0/ddr_phy_top0/u_ddr_mc_phy_wrapper/u_ddr_mc_phy/ddr_phy_4lanes_0.u_ddr_phy_4lanes/ddr_byte_lane_A.ddr_byte_lane_A/ddr_byte_group_io/DQSBUS[1]
    OLOGIC_X0Y208        ODDR                                         r  ddr3.u_axi_wrap_ddr/mig_axi/u_mig_axi_32_mig/u_memc_ui_top_axi/mem_intfc0/ddr_phy_top0/u_ddr_mc_phy_wrapper/u_ddr_mc_phy/ddr_phy_4lanes_0.u_ddr_phy_4lanes/ddr_byte_lane_A.ddr_byte_lane_A/ddr_byte_group_io/dqs_gen.oddr_dqs/D2
  -------------------------------------------------------------------    -------------------

                         (clock oserdes_clk rise edge)
                                                      0.000     0.000 r  
    AC19                                              0.000     0.000 r  clk (IN)
                         net (fo=0)                   0.000     0.000    clk
    AC19                 IBUF (Prop_ibuf_I_O)         0.441     0.441 r  clk_IBUF_inst/O
                         net (fo=1, routed)           1.160     1.601    clk_IBUF
    BUFGCTRL_X0Y0        BUFG (Prop_bufg_I_O)         0.029     1.630 r  clk_IBUF_BUFG_inst/O
                         net (fo=2166, routed)        0.976     2.606    ddr3.u_axi_wrap_ddr/mig_axi/u_mig_axi_32_mig/u_ddr3_infrastructure/mmcm_clk
    PLLE2_ADV_X0Y4       PLLE2_ADV (Prop_plle2_adv_CLKIN1_CLKOUT1)
                                                      0.053     2.659 r  ddr3.u_axi_wrap_ddr/mig_axi/u_mig_axi_32_mig/u_ddr3_infrastructure/plle2_i/CLKOUT1
                         net (fo=7, routed)           0.218     2.877    ddr3.u_axi_wrap_ddr/mig_axi/u_mig_axi_32_mig/u_memc_ui_top_axi/mem_intfc0/ddr_phy_top0/u_ddr_mc_phy_wrapper/u_ddr_mc_phy/ddr_phy_4lanes_0.u_ddr_phy_4lanes/ddr_byte_lane_A.ddr_byte_lane_A/mem_refclk
    PHASER_OUT_PHY_X0Y16 PHASER_OUT_PHY (Prop_phaser_out_phy_MEMREFCLK_OCLK)
                                                      1.858     4.735 r  ddr3.u_axi_wrap_ddr/mig_axi/u_mig_axi_32_mig/u_memc_ui_top_axi/mem_intfc0/ddr_phy_top0/u_ddr_mc_phy_wrapper/u_ddr_mc_phy/ddr_phy_4lanes_0.u_ddr_phy_4lanes/ddr_byte_lane_A.ddr_byte_lane_A/phaser_out/OCLK
    PHASER_OUT_PHY_X0Y16 PHASER_OUT_PHY (Prop_phaser_out_phy_OCLK_OCLKDELAYED)
                                                      0.573     5.308 r  ddr3.u_axi_wrap_ddr/mig_axi/u_mig_axi_32_mig/u_memc_ui_top_axi/mem_intfc0/ddr_phy_top0/u_ddr_mc_phy_wrapper/u_ddr_mc_phy/ddr_phy_4lanes_0.u_ddr_phy_4lanes/ddr_byte_lane_A.ddr_byte_lane_A/phaser_out/OCLKDELAYED
                         net (fo=2, routed)           0.178     5.486    ddr3.u_axi_wrap_ddr/mig_axi/u_mig_axi_32_mig/u_memc_ui_top_axi/mem_intfc0/ddr_phy_top0/u_ddr_mc_phy_wrapper/u_ddr_mc_phy/ddr_phy_4lanes_0.u_ddr_phy_4lanes/ddr_byte_lane_A.ddr_byte_lane_A/ddr_byte_group_io/oserdes_clk_delayed
    OLOGIC_X0Y208        ODDR                                         r  ddr3.u_axi_wrap_ddr/mig_axi/u_mig_axi_32_mig/u_memc_ui_top_axi/mem_intfc0/ddr_phy_top0/u_ddr_mc_phy_wrapper/u_ddr_mc_phy/ddr_phy_4lanes_0.u_ddr_phy_4lanes/ddr_byte_lane_A.ddr_byte_lane_A/ddr_byte_group_io/dqs_gen.oddr_dqs/C
                         clock pessimism             -0.655     4.832    
    OLOGIC_X0Y208        ODDR (Hold_oddr_C_D2)       -0.093     4.739    ddr3.u_axi_wrap_ddr/mig_axi/u_mig_axi_32_mig/u_memc_ui_top_axi/mem_intfc0/ddr_phy_top0/u_ddr_mc_phy_wrapper/u_ddr_mc_phy/ddr_phy_4lanes_0.u_ddr_phy_4lanes/ddr_byte_lane_A.ddr_byte_lane_A/ddr_byte_group_io/dqs_gen.oddr_dqs
  -------------------------------------------------------------------
                         required time                         -4.739    
                         arrival time                           5.147    
  -------------------------------------------------------------------
                         slack                                  0.408    





Pulse Width Checks
--------------------------------------------------------------------------------------
Clock Name:         oserdes_clk
Waveform(ns):       { 0.000 1.250 }
Period(ns):         2.500
Sources:            { ddr3.u_axi_wrap_ddr/mig_axi/u_mig_axi_32_mig/u_memc_ui_top_axi/mem_intfc0/ddr_phy_top0/u_ddr_mc_phy_wrapper/u_ddr_mc_phy/ddr_phy_4lanes_0.u_ddr_phy_4lanes/ddr_byte_lane_A.ddr_byte_lane_A/phaser_out/OCLK }

Check Type  Corner  Lib Pin  Reference Pin  Required(ns)  Actual(ns)  Slack(ns)  Location       Pin
Min Period  n/a     ODDR/C   n/a            1.474         2.500       1.026      OLOGIC_X0Y208  ddr3.u_axi_wrap_ddr/mig_axi/u_mig_axi_32_mig/u_memc_ui_top_axi/mem_intfc0/ddr_phy_top0/u_ddr_mc_phy_wrapper/u_ddr_mc_phy/ddr_phy_4lanes_0.u_ddr_phy_4lanes/ddr_byte_lane_A.ddr_byte_lane_A/ddr_byte_group_io/dqs_gen.oddr_dqs/C



---------------------------------------------------------------------------------------------------
From Clock:  oserdes_clkdiv
  To Clock:  oserdes_clkdiv

Setup :            0  Failing Endpoints,  Worst Slack        3.750ns,  Total Violation        0.000ns
Hold  :            0  Failing Endpoints,  Worst Slack        0.087ns,  Total Violation        0.000ns
PW    :            0  Failing Endpoints,  Worst Slack        0.000ns,  Total Violation        0.000ns
---------------------------------------------------------------------------------------------------


Max Delay Paths
--------------------------------------------------------------------------------------
Slack (MET) :             3.750ns  (required time - arrival time)
  Source:                 ddr3.u_axi_wrap_ddr/mig_axi/u_mig_axi_32_mig/u_memc_ui_top_axi/mem_intfc0/ddr_phy_top0/u_ddr_mc_phy_wrapper/u_ddr_mc_phy/ddr_phy_4lanes_0.u_ddr_phy_4lanes/ddr_byte_lane_A.ddr_byte_lane_A/out_fifo/RDCLK
                            (rising edge-triggered cell OUT_FIFO clocked by oserdes_clkdiv  {rise@0.000ns fall@2.500ns period=5.000ns})
  Destination:            ddr3.u_axi_wrap_ddr/mig_axi/u_mig_axi_32_mig/u_memc_ui_top_axi/mem_intfc0/ddr_phy_top0/u_ddr_mc_phy_wrapper/u_ddr_mc_phy/ddr_phy_4lanes_0.u_ddr_phy_4lanes/ddr_byte_lane_A.ddr_byte_lane_A/ddr_byte_group_io/output_[9].oserdes_dq_.ddr.oserdes_dq_i/D1
                            (rising edge-triggered cell OSERDESE2 clocked by oserdes_clkdiv  {rise@0.000ns fall@2.500ns period=5.000ns})
  Path Group:             oserdes_clkdiv
  Path Type:              Setup (Max at Slow Process Corner)
  Requirement:            5.000ns  (oserdes_clkdiv rise@5.000ns - oserdes_clkdiv rise@0.000ns)
  Data Path Delay:        1.079ns  (logic 0.596ns (55.238%)  route 0.483ns (44.762%))
  Logic Levels:           0  
  Clock Path Skew:        0.343ns (DCD - SCD + CPR)
    Destination Clock Delay (DCD):    8.556ns = ( 13.556 - 5.000 ) 
    Source Clock Delay      (SCD):    8.618ns
    Clock Pessimism Removal (CPR):    0.406ns
  Clock Uncertainty:      0.065ns  ((TSJ^2 + DJ^2)^1/2) / 2 + PE
    Total System Jitter     (TSJ):    0.071ns
    Discrete Jitter          (DJ):    0.109ns
    Phase Error              (PE):    0.000ns

    Location             Delay type                Incr(ns)  Path(ns)    Netlist Resource(s)
  -------------------------------------------------------------------    -------------------
                         (clock oserdes_clkdiv rise edge)
                                                      0.000     0.000 r  
    AC19                                              0.000     0.000 r  clk (IN)
                         net (fo=0)                   0.000     0.000    clk
    AC19                 IBUF (Prop_ibuf_I_O)         1.416     1.416 r  clk_IBUF_inst/O
                         net (fo=1, routed)           2.602     4.018    clk_IBUF
    BUFGCTRL_X0Y0        BUFG (Prop_bufg_I_O)         0.081     4.099 r  clk_IBUF_BUFG_inst/O
                         net (fo=2166, routed)        1.696     5.795    ddr3.u_axi_wrap_ddr/mig_axi/u_mig_axi_32_mig/u_ddr3_infrastructure/mmcm_clk
    PLLE2_ADV_X0Y4       PLLE2_ADV (Prop_plle2_adv_CLKIN1_CLKOUT1)
                                                      0.077     5.872 r  ddr3.u_axi_wrap_ddr/mig_axi/u_mig_axi_32_mig/u_ddr3_infrastructure/plle2_i/CLKOUT1
                         net (fo=7, routed)           0.522     6.394    ddr3.u_axi_wrap_ddr/mig_axi/u_mig_axi_32_mig/u_memc_ui_top_axi/mem_intfc0/ddr_phy_top0/u_ddr_mc_phy_wrapper/u_ddr_mc_phy/ddr_phy_4lanes_0.u_ddr_phy_4lanes/ddr_byte_lane_A.ddr_byte_lane_A/mem_refclk
    PHASER_OUT_PHY_X0Y16 PHASER_OUT_PHY (Prop_phaser_out_phy_MEMREFCLK_OCLK)
                                                      2.083     8.477 r  ddr3.u_axi_wrap_ddr/mig_axi/u_mig_axi_32_mig/u_memc_ui_top_axi/mem_intfc0/ddr_phy_top0/u_ddr_mc_phy_wrapper/u_ddr_mc_phy/ddr_phy_4lanes_0.u_ddr_phy_4lanes/ddr_byte_lane_A.ddr_byte_lane_A/phaser_out/OCLK
    PHASER_OUT_PHY_X0Y16 PHASER_OUT_PHY (Prop_phaser_out_phy_OCLK_OCLKDIV)
                                                      0.141     8.618 r  ddr3.u_axi_wrap_ddr/mig_axi/u_mig_axi_32_mig/u_memc_ui_top_axi/mem_intfc0/ddr_phy_top0/u_ddr_mc_phy_wrapper/u_ddr_mc_phy/ddr_phy_4lanes_0.u_ddr_phy_4lanes/ddr_byte_lane_A.ddr_byte_lane_A/phaser_out/OCLKDIV
                         net (fo=11, routed)          0.000     8.618    ddr3.u_axi_wrap_ddr/mig_axi/u_mig_axi_32_mig/u_memc_ui_top_axi/mem_intfc0/ddr_phy_top0/u_ddr_mc_phy_wrapper/u_ddr_mc_phy/ddr_phy_4lanes_0.u_ddr_phy_4lanes/ddr_byte_lane_A.ddr_byte_lane_A/oserdes_clkdiv
    OUT_FIFO_X0Y16       OUT_FIFO                                     r  ddr3.u_axi_wrap_ddr/mig_axi/u_mig_axi_32_mig/u_memc_ui_top_axi/mem_intfc0/ddr_phy_top0/u_ddr_mc_phy_wrapper/u_ddr_mc_phy/ddr_phy_4lanes_0.u_ddr_phy_4lanes/ddr_byte_lane_A.ddr_byte_lane_A/out_fifo/RDCLK
  -------------------------------------------------------------------    -------------------
    OUT_FIFO_X0Y16       OUT_FIFO (Prop_out_fifo_RDCLK_Q9[0])
                                                      0.596     9.214 r  ddr3.u_axi_wrap_ddr/mig_axi/u_mig_axi_32_mig/u_memc_ui_top_axi/mem_intfc0/ddr_phy_top0/u_ddr_mc_phy_wrapper/u_ddr_mc_phy/ddr_phy_4lanes_0.u_ddr_phy_4lanes/ddr_byte_lane_A.ddr_byte_lane_A/out_fifo/Q9[0]
                         net (fo=1, routed)           0.483     9.697    ddr3.u_axi_wrap_ddr/mig_axi/u_mig_axi_32_mig/u_memc_ui_top_axi/mem_intfc0/ddr_phy_top0/u_ddr_mc_phy_wrapper/u_ddr_mc_phy/ddr_phy_4lanes_0.u_ddr_phy_4lanes/ddr_byte_lane_A.ddr_byte_lane_A/ddr_byte_group_io/of_dqbus[32]
    OLOGIC_X0Y212        OSERDESE2                                    r  ddr3.u_axi_wrap_ddr/mig_axi/u_mig_axi_32_mig/u_memc_ui_top_axi/mem_intfc0/ddr_phy_top0/u_ddr_mc_phy_wrapper/u_ddr_mc_phy/ddr_phy_4lanes_0.u_ddr_phy_4lanes/ddr_byte_lane_A.ddr_byte_lane_A/ddr_byte_group_io/output_[9].oserdes_dq_.ddr.oserdes_dq_i/D1
  -------------------------------------------------------------------    -------------------

                         (clock oserdes_clkdiv rise edge)
                                                      5.000     5.000 r  
    AC19                                              0.000     5.000 r  clk (IN)
                         net (fo=0)                   0.000     5.000    clk
    AC19                 IBUF (Prop_ibuf_I_O)         1.350     6.350 r  clk_IBUF_inst/O
                         net (fo=1, routed)           2.471     8.821    clk_IBUF
    BUFGCTRL_X0Y0        BUFG (Prop_bufg_I_O)         0.077     8.898 r  clk_IBUF_BUFG_inst/O
                         net (fo=2166, routed)        1.586    10.484    ddr3.u_axi_wrap_ddr/mig_axi/u_mig_axi_32_mig/u_ddr3_infrastructure/mmcm_clk
    PLLE2_ADV_X0Y4       PLLE2_ADV (Prop_plle2_adv_CLKIN1_CLKOUT1)
                                                      0.073    10.557 r  ddr3.u_axi_wrap_ddr/mig_axi/u_mig_axi_32_mig/u_ddr3_infrastructure/plle2_i/CLKOUT1
                         net (fo=7, routed)           0.496    11.053    ddr3.u_axi_wrap_ddr/mig_axi/u_mig_axi_32_mig/u_memc_ui_top_axi/mem_intfc0/ddr_phy_top0/u_ddr_mc_phy_wrapper/u_ddr_mc_phy/ddr_phy_4lanes_0.u_ddr_phy_4lanes/ddr_byte_lane_A.ddr_byte_lane_A/mem_refclk
    PHASER_OUT_PHY_X0Y16 PHASER_OUT_PHY (Prop_phaser_out_phy_MEMREFCLK_OCLK)
                                                      2.027    13.080 r  ddr3.u_axi_wrap_ddr/mig_axi/u_mig_axi_32_mig/u_memc_ui_top_axi/mem_intfc0/ddr_phy_top0/u_ddr_mc_phy_wrapper/u_ddr_mc_phy/ddr_phy_4lanes_0.u_ddr_phy_4lanes/ddr_byte_lane_A.ddr_byte_lane_A/phaser_out/OCLK
    PHASER_OUT_PHY_X0Y16 PHASER_OUT_PHY (Prop_phaser_out_phy_OCLK_OCLKDIV)
                                                      0.133    13.213 r  ddr3.u_axi_wrap_ddr/mig_axi/u_mig_axi_32_mig/u_memc_ui_top_axi/mem_intfc0/ddr_phy_top0/u_ddr_mc_phy_wrapper/u_ddr_mc_phy/ddr_phy_4lanes_0.u_ddr_phy_4lanes/ddr_byte_lane_A.ddr_byte_lane_A/phaser_out/OCLKDIV
                         net (fo=11, routed)          0.343    13.556    ddr3.u_axi_wrap_ddr/mig_axi/u_mig_axi_32_mig/u_memc_ui_top_axi/mem_intfc0/ddr_phy_top0/u_ddr_mc_phy_wrapper/u_ddr_mc_phy/ddr_phy_4lanes_0.u_ddr_phy_4lanes/ddr_byte_lane_A.ddr_byte_lane_A/ddr_byte_group_io/oserdes_clkdiv
    OLOGIC_X0Y212        OSERDESE2                                    r  ddr3.u_axi_wrap_ddr/mig_axi/u_mig_axi_32_mig/u_memc_ui_top_axi/mem_intfc0/ddr_phy_top0/u_ddr_mc_phy_wrapper/u_ddr_mc_phy/ddr_phy_4lanes_0.u_ddr_phy_4lanes/ddr_byte_lane_A.ddr_byte_lane_A/ddr_byte_group_io/output_[9].oserdes_dq_.ddr.oserdes_dq_i/CLKDIV
                         clock pessimism              0.406    13.961    
                         clock uncertainty           -0.065    13.896    
    OLOGIC_X0Y212        OSERDESE2 (Setup_oserdese2_CLKDIV_D1)
                                                     -0.449    13.447    ddr3.u_axi_wrap_ddr/mig_axi/u_mig_axi_32_mig/u_memc_ui_top_axi/mem_intfc0/ddr_phy_top0/u_ddr_mc_phy_wrapper/u_ddr_mc_phy/ddr_phy_4lanes_0.u_ddr_phy_4lanes/ddr_byte_lane_A.ddr_byte_lane_A/ddr_byte_group_io/output_[9].oserdes_dq_.ddr.oserdes_dq_i
  -------------------------------------------------------------------
                         required time                         13.447    
                         arrival time                          -9.697    
  -------------------------------------------------------------------
                         slack                                  3.750    





Min Delay Paths
--------------------------------------------------------------------------------------
Slack (MET) :             0.087ns  (arrival time - required time)
  Source:                 ddr3.u_axi_wrap_ddr/mig_axi/u_mig_axi_32_mig/u_memc_ui_top_axi/mem_intfc0/ddr_phy_top0/u_ddr_mc_phy_wrapper/u_ddr_mc_phy/ddr_phy_4lanes_0.u_ddr_phy_4lanes/ddr_byte_lane_A.ddr_byte_lane_A/out_fifo/RDCLK
                            (rising edge-triggered cell OUT_FIFO clocked by oserdes_clkdiv  {rise@0.000ns fall@2.500ns period=5.000ns})
  Destination:            ddr3.u_axi_wrap_ddr/mig_axi/u_mig_axi_32_mig/u_memc_ui_top_axi/mem_intfc0/ddr_phy_top0/u_ddr_mc_phy_wrapper/u_ddr_mc_phy/ddr_phy_4lanes_0.u_ddr_phy_4lanes/ddr_byte_lane_A.ddr_byte_lane_A/ddr_byte_group_io/output_[2].oserdes_dq_.ddr.oserdes_dq_i/D2
                            (rising edge-triggered cell OSERDESE2 clocked by oserdes_clkdiv  {rise@0.000ns fall@2.500ns period=5.000ns})
  Path Group:             oserdes_clkdiv
  Path Type:              Hold (Min at Fast Process Corner)
  Requirement:            0.000ns  (oserdes_clkdiv rise@0.000ns - oserdes_clkdiv rise@0.000ns)
  Data Path Delay:        0.285ns  (logic 0.138ns (48.411%)  route 0.147ns (51.589%))
  Logic Levels:           0  
  Clock Path Skew:        0.179ns (DCD - SCD - CPR)
    Destination Clock Delay (DCD):    5.002ns
    Source Clock Delay      (SCD):    4.197ns
    Clock Pessimism Removal (CPR):    0.626ns

    Location             Delay type                Incr(ns)  Path(ns)    Netlist Resource(s)
  -------------------------------------------------------------------    -------------------
                         (clock oserdes_clkdiv rise edge)
                                                      0.000     0.000 r  
    AC19                                              0.000     0.000 r  clk (IN)
                         net (fo=0)                   0.000     0.000    clk
    AC19                 IBUF (Prop_ibuf_I_O)         0.253     0.253 r  clk_IBUF_inst/O
                         net (fo=1, routed)           1.074     1.327    clk_IBUF
    BUFGCTRL_X0Y0        BUFG (Prop_bufg_I_O)         0.026     1.353 r  clk_IBUF_BUFG_inst/O
                         net (fo=2166, routed)        0.701     2.054    ddr3.u_axi_wrap_ddr/mig_axi/u_mig_axi_32_mig/u_ddr3_infrastructure/mmcm_clk
    PLLE2_ADV_X0Y4       PLLE2_ADV (Prop_plle2_adv_CLKIN1_CLKOUT1)
                                                      0.050     2.104 r  ddr3.u_axi_wrap_ddr/mig_axi/u_mig_axi_32_mig/u_ddr3_infrastructure/plle2_i/CLKOUT1
                         net (fo=7, routed)           0.197     2.301    ddr3.u_axi_wrap_ddr/mig_axi/u_mig_axi_32_mig/u_memc_ui_top_axi/mem_intfc0/ddr_phy_top0/u_ddr_mc_phy_wrapper/u_ddr_mc_phy/ddr_phy_4lanes_0.u_ddr_phy_4lanes/ddr_byte_lane_A.ddr_byte_lane_A/mem_refclk
    PHASER_OUT_PHY_X0Y16 PHASER_OUT_PHY (Prop_phaser_out_phy_MEMREFCLK_OCLK)
                                                      1.813     4.114 r  ddr3.u_axi_wrap_ddr/mig_axi/u_mig_axi_32_mig/u_memc_ui_top_axi/mem_intfc0/ddr_phy_top0/u_ddr_mc_phy_wrapper/u_ddr_mc_phy/ddr_phy_4lanes_0.u_ddr_phy_4lanes/ddr_byte_lane_A.ddr_byte_lane_A/phaser_out/OCLK
    PHASER_OUT_PHY_X0Y16 PHASER_OUT_PHY (Prop_phaser_out_phy_OCLK_OCLKDIV)
                                                      0.083     4.197 r  ddr3.u_axi_wrap_ddr/mig_axi/u_mig_axi_32_mig/u_memc_ui_top_axi/mem_intfc0/ddr_phy_top0/u_ddr_mc_phy_wrapper/u_ddr_mc_phy/ddr_phy_4lanes_0.u_ddr_phy_4lanes/ddr_byte_lane_A.ddr_byte_lane_A/phaser_out/OCLKDIV
                         net (fo=11, routed)          0.000     4.197    ddr3.u_axi_wrap_ddr/mig_axi/u_mig_axi_32_mig/u_memc_ui_top_axi/mem_intfc0/ddr_phy_top0/u_ddr_mc_phy_wrapper/u_ddr_mc_phy/ddr_phy_4lanes_0.u_ddr_phy_4lanes/ddr_byte_lane_A.ddr_byte_lane_A/oserdes_clkdiv
    OUT_FIFO_X0Y16       OUT_FIFO                                     r  ddr3.u_axi_wrap_ddr/mig_axi/u_mig_axi_32_mig/u_memc_ui_top_axi/mem_intfc0/ddr_phy_top0/u_ddr_mc_phy_wrapper/u_ddr_mc_phy/ddr_phy_4lanes_0.u_ddr_phy_4lanes/ddr_byte_lane_A.ddr_byte_lane_A/out_fifo/RDCLK
  -------------------------------------------------------------------    -------------------
    OUT_FIFO_X0Y16       OUT_FIFO (Prop_out_fifo_RDCLK_Q2[1])
                                                      0.138     4.335 r  ddr3.u_axi_wrap_ddr/mig_axi/u_mig_axi_32_mig/u_memc_ui_top_axi/mem_intfc0/ddr_phy_top0/u_ddr_mc_phy_wrapper/u_ddr_mc_phy/ddr_phy_4lanes_0.u_ddr_phy_4lanes/ddr_byte_lane_A.ddr_byte_lane_A/out_fifo/Q2[1]
                         net (fo=1, routed)           0.147     4.482    ddr3.u_axi_wrap_ddr/mig_axi/u_mig_axi_32_mig/u_memc_ui_top_axi/mem_intfc0/ddr_phy_top0/u_ddr_mc_phy_wrapper/u_ddr_mc_phy/ddr_phy_4lanes_0.u_ddr_phy_4lanes/ddr_byte_lane_A.ddr_byte_lane_A/ddr_byte_group_io/of_dqbus[5]
    OLOGIC_X0Y203        OSERDESE2                                    r  ddr3.u_axi_wrap_ddr/mig_axi/u_mig_axi_32_mig/u_memc_ui_top_axi/mem_intfc0/ddr_phy_top0/u_ddr_mc_phy_wrapper/u_ddr_mc_phy/ddr_phy_4lanes_0.u_ddr_phy_4lanes/ddr_byte_lane_A.ddr_byte_lane_A/ddr_byte_group_io/output_[2].oserdes_dq_.ddr.oserdes_dq_i/D2
  -------------------------------------------------------------------    -------------------

                         (clock oserdes_clkdiv rise edge)
                                                      0.000     0.000 r  
    AC19                                              0.000     0.000 r  clk (IN)
                         net (fo=0)                   0.000     0.000    clk
    AC19                 IBUF (Prop_ibuf_I_O)         0.441     0.441 r  clk_IBUF_inst/O
                         net (fo=1, routed)           1.160     1.601    clk_IBUF
    BUFGCTRL_X0Y0        BUFG (Prop_bufg_I_O)         0.029     1.630 r  clk_IBUF_BUFG_inst/O
                         net (fo=2166, routed)        0.976     2.606    ddr3.u_axi_wrap_ddr/mig_axi/u_mig_axi_32_mig/u_ddr3_infrastructure/mmcm_clk
    PLLE2_ADV_X0Y4       PLLE2_ADV (Prop_plle2_adv_CLKIN1_CLKOUT1)
                                                      0.053     2.659 r  ddr3.u_axi_wrap_ddr/mig_axi/u_mig_axi_32_mig/u_ddr3_infrastructure/plle2_i/CLKOUT1
                         net (fo=7, routed)           0.218     2.877    ddr3.u_axi_wrap_ddr/mig_axi/u_mig_axi_32_mig/u_memc_ui_top_axi/mem_intfc0/ddr_phy_top0/u_ddr_mc_phy_wrapper/u_ddr_mc_phy/ddr_phy_4lanes_0.u_ddr_phy_4lanes/ddr_byte_lane_A.ddr_byte_lane_A/mem_refclk
    PHASER_OUT_PHY_X0Y16 PHASER_OUT_PHY (Prop_phaser_out_phy_MEMREFCLK_OCLK)
                                                      1.858     4.735 r  ddr3.u_axi_wrap_ddr/mig_axi/u_mig_axi_32_mig/u_memc_ui_top_axi/mem_intfc0/ddr_phy_top0/u_ddr_mc_phy_wrapper/u_ddr_mc_phy/ddr_phy_4lanes_0.u_ddr_phy_4lanes/ddr_byte_lane_A.ddr_byte_lane_A/phaser_out/OCLK
    PHASER_OUT_PHY_X0Y16 PHASER_OUT_PHY (Prop_phaser_out_phy_OCLK_OCLKDIV)
                                                      0.088     4.823 r  ddr3.u_axi_wrap_ddr/mig_axi/u_mig_axi_32_mig/u_memc_ui_top_axi/mem_intfc0/ddr_phy_top0/u_ddr_mc_phy_wrapper/u_ddr_mc_phy/ddr_phy_4lanes_0.u_ddr_phy_4lanes/ddr_byte_lane_A.ddr_byte_lane_A/phaser_out/OCLKDIV
                         net (fo=11, routed)          0.179     5.002    ddr3.u_axi_wrap_ddr/mig_axi/u_mig_axi_32_mig/u_memc_ui_top_axi/mem_intfc0/ddr_phy_top0/u_ddr_mc_phy_wrapper/u_ddr_mc_phy/ddr_phy_4lanes_0.u_ddr_phy_4lanes/ddr_byte_lane_A.ddr_byte_lane_A/ddr_byte_group_io/oserdes_clkdiv
    OLOGIC_X0Y203        OSERDESE2                                    r  ddr3.u_axi_wrap_ddr/mig_axi/u_mig_axi_32_mig/u_memc_ui_top_axi/mem_intfc0/ddr_phy_top0/u_ddr_mc_phy_wrapper/u_ddr_mc_phy/ddr_phy_4lanes_0.u_ddr_phy_4lanes/ddr_byte_lane_A.ddr_byte_lane_A/ddr_byte_group_io/output_[2].oserdes_dq_.ddr.oserdes_dq_i/CLKDIV
                         clock pessimism             -0.626     4.376    
    OLOGIC_X0Y203        OSERDESE2 (Hold_oserdese2_CLKDIV_D2)
                                                      0.019     4.395    ddr3.u_axi_wrap_ddr/mig_axi/u_mig_axi_32_mig/u_memc_ui_top_axi/mem_intfc0/ddr_phy_top0/u_ddr_mc_phy_wrapper/u_ddr_mc_phy/ddr_phy_4lanes_0.u_ddr_phy_4lanes/ddr_byte_lane_A.ddr_byte_lane_A/ddr_byte_group_io/output_[2].oserdes_dq_.ddr.oserdes_dq_i
  -------------------------------------------------------------------
                         required time                         -4.395    
                         arrival time                           4.482    
  -------------------------------------------------------------------
                         slack                                  0.087    





Pulse Width Checks
--------------------------------------------------------------------------------------
Clock Name:         oserdes_clkdiv
Waveform(ns):       { 0.000 2.500 }
Period(ns):         5.000
Sources:            { ddr3.u_axi_wrap_ddr/mig_axi/u_mig_axi_32_mig/u_memc_ui_top_axi/mem_intfc0/ddr_phy_top0/u_ddr_mc_phy_wrapper/u_ddr_mc_phy/ddr_phy_4lanes_0.u_ddr_phy_4lanes/ddr_byte_lane_A.ddr_byte_lane_A/phaser_out/OCLKDIV }

Check Type        Corner  Lib Pin         Reference Pin  Required(ns)  Actual(ns)  Slack(ns)  Location        Pin
Min Period        n/a     OUT_FIFO/RDCLK  n/a            5.000         5.000       0.000      OUT_FIFO_X0Y16  ddr3.u_axi_wrap_ddr/mig_axi/u_mig_axi_32_mig/u_memc_ui_top_axi/mem_intfc0/ddr_phy_top0/u_ddr_mc_phy_wrapper/u_ddr_mc_phy/ddr_phy_4lanes_0.u_ddr_phy_4lanes/ddr_byte_lane_A.ddr_byte_lane_A/out_fifo/RDCLK
Low Pulse Width   Slow    OUT_FIFO/RDCLK  n/a            2.150         2.500       0.350      OUT_FIFO_X0Y16  ddr3.u_axi_wrap_ddr/mig_axi/u_mig_axi_32_mig/u_memc_ui_top_axi/mem_intfc0/ddr_phy_top0/u_ddr_mc_phy_wrapper/u_ddr_mc_phy/ddr_phy_4lanes_0.u_ddr_phy_4lanes/ddr_byte_lane_A.ddr_byte_lane_A/out_fifo/RDCLK
High Pulse Width  Slow    OUT_FIFO/RDCLK  n/a            2.150         2.500       0.350      OUT_FIFO_X0Y16  ddr3.u_axi_wrap_ddr/mig_axi/u_mig_axi_32_mig/u_memc_ui_top_axi/mem_intfc0/ddr_phy_top0/u_ddr_mc_phy_wrapper/u_ddr_mc_phy/ddr_phy_4lanes_0.u_ddr_phy_4lanes/ddr_byte_lane_A.ddr_byte_lane_A/out_fifo/RDCLK



---------------------------------------------------------------------------------------------------
From Clock:  oserdes_clk_1
  To Clock:  oserdes_clk_1

Setup :            0  Failing Endpoints,  Worst Slack        1.175ns,  Total Violation        0.000ns
Hold  :            0  Failing Endpoints,  Worst Slack        0.413ns,  Total Violation        0.000ns
PW    :            0  Failing Endpoints,  Worst Slack        1.026ns,  Total Violation        0.000ns
---------------------------------------------------------------------------------------------------


Max Delay Paths
--------------------------------------------------------------------------------------
Slack (MET) :             1.175ns  (required time - arrival time)
  Source:                 ddr3.u_axi_wrap_ddr/mig_axi/u_mig_axi_32_mig/u_memc_ui_top_axi/mem_intfc0/ddr_phy_top0/u_ddr_mc_phy_wrapper/u_ddr_mc_phy/ddr_phy_4lanes_0.u_ddr_phy_4lanes/ddr_byte_lane_B.ddr_byte_lane_B/phaser_out/OCLKDELAYED
                            (rising edge-triggered cell PHASER_OUT_PHY clocked by oserdes_clk_1  {rise@0.000ns fall@1.250ns period=2.500ns})
  Destination:            ddr3.u_axi_wrap_ddr/mig_axi/u_mig_axi_32_mig/u_memc_ui_top_axi/mem_intfc0/ddr_phy_top0/u_ddr_mc_phy_wrapper/u_ddr_mc_phy/ddr_phy_4lanes_0.u_ddr_phy_4lanes/ddr_byte_lane_B.ddr_byte_lane_B/ddr_byte_group_io/dqs_gen.oddr_dqsts/D1
                            (rising edge-triggered cell ODDR clocked by oserdes_clk_1  {rise@0.000ns fall@1.250ns period=2.500ns})
  Path Group:             oserdes_clk_1
  Path Type:              Setup (Max at Slow Process Corner)
  Requirement:            2.500ns  (oserdes_clk_1 rise@2.500ns - oserdes_clk_1 rise@0.000ns)
  Data Path Delay:        0.864ns  (logic 0.489ns (56.594%)  route 0.375ns (43.406%))
  Logic Levels:           0  
  Clock Path Skew:        0.327ns (DCD - SCD + CPR)
    Destination Clock Delay (DCD):    9.021ns = ( 11.521 - 2.500 ) 
    Source Clock Delay      (SCD):    9.128ns
    Clock Pessimism Removal (CPR):    0.435ns
  Clock Uncertainty:      0.065ns  ((TSJ^2 + DJ^2)^1/2) / 2 + PE
    Total System Jitter     (TSJ):    0.071ns
    Discrete Jitter          (DJ):    0.109ns
    Phase Error              (PE):    0.000ns

    Location             Delay type                Incr(ns)  Path(ns)    Netlist Resource(s)
  -------------------------------------------------------------------    -------------------
                         (clock oserdes_clk_1 rise edge)
                                                      0.000     0.000 r  
    AC19                                              0.000     0.000 r  clk (IN)
                         net (fo=0)                   0.000     0.000    clk
    AC19                 IBUF (Prop_ibuf_I_O)         1.416     1.416 r  clk_IBUF_inst/O
                         net (fo=1, routed)           2.602     4.018    clk_IBUF
    BUFGCTRL_X0Y0        BUFG (Prop_bufg_I_O)         0.081     4.099 r  clk_IBUF_BUFG_inst/O
                         net (fo=2166, routed)        1.696     5.795    ddr3.u_axi_wrap_ddr/mig_axi/u_mig_axi_32_mig/u_ddr3_infrastructure/mmcm_clk
    PLLE2_ADV_X0Y4       PLLE2_ADV (Prop_plle2_adv_CLKIN1_CLKOUT1)
                                                      0.077     5.872 r  ddr3.u_axi_wrap_ddr/mig_axi/u_mig_axi_32_mig/u_ddr3_infrastructure/plle2_i/CLKOUT1
                         net (fo=7, routed)           0.511     6.383    ddr3.u_axi_wrap_ddr/mig_axi/u_mig_axi_32_mig/u_memc_ui_top_axi/mem_intfc0/ddr_phy_top0/u_ddr_mc_phy_wrapper/u_ddr_mc_phy/ddr_phy_4lanes_0.u_ddr_phy_4lanes/ddr_byte_lane_B.ddr_byte_lane_B/mem_refclk
    PHASER_OUT_PHY_X0Y17 PHASER_OUT_PHY (Prop_phaser_out_phy_MEMREFCLK_OCLK)
                                                      2.083     8.466 r  ddr3.u_axi_wrap_ddr/mig_axi/u_mig_axi_32_mig/u_memc_ui_top_axi/mem_intfc0/ddr_phy_top0/u_ddr_mc_phy_wrapper/u_ddr_mc_phy/ddr_phy_4lanes_0.u_ddr_phy_4lanes/ddr_byte_lane_B.ddr_byte_lane_B/phaser_out/OCLK
    PHASER_OUT_PHY_X0Y17 PHASER_OUT_PHY (Prop_phaser_out_phy_OCLK_OCLKDELAYED)
                                                      0.662     9.128 r  ddr3.u_axi_wrap_ddr/mig_axi/u_mig_axi_32_mig/u_memc_ui_top_axi/mem_intfc0/ddr_phy_top0/u_ddr_mc_phy_wrapper/u_ddr_mc_phy/ddr_phy_4lanes_0.u_ddr_phy_4lanes/ddr_byte_lane_B.ddr_byte_lane_B/phaser_out/OCLKDELAYED
  -------------------------------------------------------------------    -------------------
    PHASER_OUT_PHY_X0Y17 PHASER_OUT_PHY (Prop_phaser_out_phy_OCLKDELAYED_CTSBUS[0])
                                                      0.489     9.617 r  ddr3.u_axi_wrap_ddr/mig_axi/u_mig_axi_32_mig/u_memc_ui_top_axi/mem_intfc0/ddr_phy_top0/u_ddr_mc_phy_wrapper/u_ddr_mc_phy/ddr_phy_4lanes_0.u_ddr_phy_4lanes/ddr_byte_lane_B.ddr_byte_lane_B/phaser_out/CTSBUS[0]
                         net (fo=2, routed)           0.375     9.992    ddr3.u_axi_wrap_ddr/mig_axi/u_mig_axi_32_mig/u_memc_ui_top_axi/mem_intfc0/ddr_phy_top0/u_ddr_mc_phy_wrapper/u_ddr_mc_phy/ddr_phy_4lanes_0.u_ddr_phy_4lanes/ddr_byte_lane_B.ddr_byte_lane_B/ddr_byte_group_io/CTSBUS[0]
    OLOGIC_X0Y220        ODDR                                         r  ddr3.u_axi_wrap_ddr/mig_axi/u_mig_axi_32_mig/u_memc_ui_top_axi/mem_intfc0/ddr_phy_top0/u_ddr_mc_phy_wrapper/u_ddr_mc_phy/ddr_phy_4lanes_0.u_ddr_phy_4lanes/ddr_byte_lane_B.ddr_byte_lane_B/ddr_byte_group_io/dqs_gen.oddr_dqsts/D1
  -------------------------------------------------------------------    -------------------

                         (clock oserdes_clk_1 rise edge)
                                                      2.500     2.500 r  
    AC19                                              0.000     2.500 r  clk (IN)
                         net (fo=0)                   0.000     2.500    clk
    AC19                 IBUF (Prop_ibuf_I_O)         1.350     3.850 r  clk_IBUF_inst/O
                         net (fo=1, routed)           2.471     6.321    clk_IBUF
    BUFGCTRL_X0Y0        BUFG (Prop_bufg_I_O)         0.077     6.398 r  clk_IBUF_BUFG_inst/O
                         net (fo=2166, routed)        1.586     7.984    ddr3.u_axi_wrap_ddr/mig_axi/u_mig_axi_32_mig/u_ddr3_infrastructure/mmcm_clk
    PLLE2_ADV_X0Y4       PLLE2_ADV (Prop_plle2_adv_CLKIN1_CLKOUT1)
                                                      0.073     8.057 r  ddr3.u_axi_wrap_ddr/mig_axi/u_mig_axi_32_mig/u_ddr3_infrastructure/plle2_i/CLKOUT1
                         net (fo=7, routed)           0.486     8.543    ddr3.u_axi_wrap_ddr/mig_axi/u_mig_axi_32_mig/u_memc_ui_top_axi/mem_intfc0/ddr_phy_top0/u_ddr_mc_phy_wrapper/u_ddr_mc_phy/ddr_phy_4lanes_0.u_ddr_phy_4lanes/ddr_byte_lane_B.ddr_byte_lane_B/mem_refclk
    PHASER_OUT_PHY_X0Y17 PHASER_OUT_PHY (Prop_phaser_out_phy_MEMREFCLK_OCLK)
                                                      2.027    10.570 r  ddr3.u_axi_wrap_ddr/mig_axi/u_mig_axi_32_mig/u_memc_ui_top_axi/mem_intfc0/ddr_phy_top0/u_ddr_mc_phy_wrapper/u_ddr_mc_phy/ddr_phy_4lanes_0.u_ddr_phy_4lanes/ddr_byte_lane_B.ddr_byte_lane_B/phaser_out/OCLK
    PHASER_OUT_PHY_X0Y17 PHASER_OUT_PHY (Prop_phaser_out_phy_OCLK_OCLKDELAYED)
                                                      0.624    11.194 r  ddr3.u_axi_wrap_ddr/mig_axi/u_mig_axi_32_mig/u_memc_ui_top_axi/mem_intfc0/ddr_phy_top0/u_ddr_mc_phy_wrapper/u_ddr_mc_phy/ddr_phy_4lanes_0.u_ddr_phy_4lanes/ddr_byte_lane_B.ddr_byte_lane_B/phaser_out/OCLKDELAYED
                         net (fo=2, routed)           0.327    11.521    ddr3.u_axi_wrap_ddr/mig_axi/u_mig_axi_32_mig/u_memc_ui_top_axi/mem_intfc0/ddr_phy_top0/u_ddr_mc_phy_wrapper/u_ddr_mc_phy/ddr_phy_4lanes_0.u_ddr_phy_4lanes/ddr_byte_lane_B.ddr_byte_lane_B/ddr_byte_group_io/oserdes_clk_delayed
    OLOGIC_X0Y220        ODDR                                         r  ddr3.u_axi_wrap_ddr/mig_axi/u_mig_axi_32_mig/u_memc_ui_top_axi/mem_intfc0/ddr_phy_top0/u_ddr_mc_phy_wrapper/u_ddr_mc_phy/ddr_phy_4lanes_0.u_ddr_phy_4lanes/ddr_byte_lane_B.ddr_byte_lane_B/ddr_byte_group_io/dqs_gen.oddr_dqsts/C
                         clock pessimism              0.435    11.955    
                         clock uncertainty           -0.065    11.890    
    OLOGIC_X0Y220        ODDR (Setup_oddr_C_D1)      -0.723    11.167    ddr3.u_axi_wrap_ddr/mig_axi/u_mig_axi_32_mig/u_memc_ui_top_axi/mem_intfc0/ddr_phy_top0/u_ddr_mc_phy_wrapper/u_ddr_mc_phy/ddr_phy_4lanes_0.u_ddr_phy_4lanes/ddr_byte_lane_B.ddr_byte_lane_B/ddr_byte_group_io/dqs_gen.oddr_dqsts
  -------------------------------------------------------------------
                         required time                         11.167    
                         arrival time                          -9.992    
  -------------------------------------------------------------------
                         slack                                  1.175    





Min Delay Paths
--------------------------------------------------------------------------------------
Slack (MET) :             0.413ns  (arrival time - required time)
  Source:                 ddr3.u_axi_wrap_ddr/mig_axi/u_mig_axi_32_mig/u_memc_ui_top_axi/mem_intfc0/ddr_phy_top0/u_ddr_mc_phy_wrapper/u_ddr_mc_phy/ddr_phy_4lanes_0.u_ddr_phy_4lanes/ddr_byte_lane_B.ddr_byte_lane_B/phaser_out/OCLKDELAYED
                            (rising edge-triggered cell PHASER_OUT_PHY clocked by oserdes_clk_1  {rise@0.000ns fall@1.250ns period=2.500ns})
  Destination:            ddr3.u_axi_wrap_ddr/mig_axi/u_mig_axi_32_mig/u_memc_ui_top_axi/mem_intfc0/ddr_phy_top0/u_ddr_mc_phy_wrapper/u_ddr_mc_phy/ddr_phy_4lanes_0.u_ddr_phy_4lanes/ddr_byte_lane_B.ddr_byte_lane_B/ddr_byte_group_io/dqs_gen.oddr_dqs/D2
                            (rising edge-triggered cell ODDR clocked by oserdes_clk_1  {rise@0.000ns fall@1.250ns period=2.500ns})
  Path Group:             oserdes_clk_1
  Path Type:              Hold (Min at Fast Process Corner)
  Requirement:            0.000ns  (oserdes_clk_1 rise@0.000ns - oserdes_clk_1 rise@0.000ns)
  Data Path Delay:        0.493ns  (logic 0.346ns (70.174%)  route 0.147ns (29.826%))
  Logic Levels:           0  
  Clock Path Skew:        0.173ns (DCD - SCD - CPR)
    Destination Clock Delay (DCD):    5.472ns
    Source Clock Delay      (SCD):    4.647ns
    Clock Pessimism Removal (CPR):    0.653ns

    Location             Delay type                Incr(ns)  Path(ns)    Netlist Resource(s)
  -------------------------------------------------------------------    -------------------
                         (clock oserdes_clk_1 rise edge)
                                                      0.000     0.000 r  
    AC19                                              0.000     0.000 r  clk (IN)
                         net (fo=0)                   0.000     0.000    clk
    AC19                 IBUF (Prop_ibuf_I_O)         0.253     0.253 r  clk_IBUF_inst/O
                         net (fo=1, routed)           1.074     1.327    clk_IBUF
    BUFGCTRL_X0Y0        BUFG (Prop_bufg_I_O)         0.026     1.353 r  clk_IBUF_BUFG_inst/O
                         net (fo=2166, routed)        0.701     2.054    ddr3.u_axi_wrap_ddr/mig_axi/u_mig_axi_32_mig/u_ddr3_infrastructure/mmcm_clk
    PLLE2_ADV_X0Y4       PLLE2_ADV (Prop_plle2_adv_CLKIN1_CLKOUT1)
                                                      0.050     2.104 r  ddr3.u_axi_wrap_ddr/mig_axi/u_mig_axi_32_mig/u_ddr3_infrastructure/plle2_i/CLKOUT1
                         net (fo=7, routed)           0.190     2.294    ddr3.u_axi_wrap_ddr/mig_axi/u_mig_axi_32_mig/u_memc_ui_top_axi/mem_intfc0/ddr_phy_top0/u_ddr_mc_phy_wrapper/u_ddr_mc_phy/ddr_phy_4lanes_0.u_ddr_phy_4lanes/ddr_byte_lane_B.ddr_byte_lane_B/mem_refclk
    PHASER_OUT_PHY_X0Y17 PHASER_OUT_PHY (Prop_phaser_out_phy_MEMREFCLK_OCLK)
                                                      1.813     4.107 r  ddr3.u_axi_wrap_ddr/mig_axi/u_mig_axi_32_mig/u_memc_ui_top_axi/mem_intfc0/ddr_phy_top0/u_ddr_mc_phy_wrapper/u_ddr_mc_phy/ddr_phy_4lanes_0.u_ddr_phy_4lanes/ddr_byte_lane_B.ddr_byte_lane_B/phaser_out/OCLK
    PHASER_OUT_PHY_X0Y17 PHASER_OUT_PHY (Prop_phaser_out_phy_OCLK_OCLKDELAYED)
                                                      0.539     4.647 r  ddr3.u_axi_wrap_ddr/mig_axi/u_mig_axi_32_mig/u_memc_ui_top_axi/mem_intfc0/ddr_phy_top0/u_ddr_mc_phy_wrapper/u_ddr_mc_phy/ddr_phy_4lanes_0.u_ddr_phy_4lanes/ddr_byte_lane_B.ddr_byte_lane_B/phaser_out/OCLKDELAYED
  -------------------------------------------------------------------    -------------------
    PHASER_OUT_PHY_X0Y17 PHASER_OUT_PHY (Prop_phaser_out_phy_OCLKDELAYED_DQSBUS[1])
                                                      0.346     4.993 r  ddr3.u_axi_wrap_ddr/mig_axi/u_mig_axi_32_mig/u_memc_ui_top_axi/mem_intfc0/ddr_phy_top0/u_ddr_mc_phy_wrapper/u_ddr_mc_phy/ddr_phy_4lanes_0.u_ddr_phy_4lanes/ddr_byte_lane_B.ddr_byte_lane_B/phaser_out/DQSBUS[1]
                         net (fo=1, routed)           0.147     5.140    ddr3.u_axi_wrap_ddr/mig_axi/u_mig_axi_32_mig/u_memc_ui_top_axi/mem_intfc0/ddr_phy_top0/u_ddr_mc_phy_wrapper/u_ddr_mc_phy/ddr_phy_4lanes_0.u_ddr_phy_4lanes/ddr_byte_lane_B.ddr_byte_lane_B/ddr_byte_group_io/DQSBUS[1]
    OLOGIC_X0Y220        ODDR                                         r  ddr3.u_axi_wrap_ddr/mig_axi/u_mig_axi_32_mig/u_memc_ui_top_axi/mem_intfc0/ddr_phy_top0/u_ddr_mc_phy_wrapper/u_ddr_mc_phy/ddr_phy_4lanes_0.u_ddr_phy_4lanes/ddr_byte_lane_B.ddr_byte_lane_B/ddr_byte_group_io/dqs_gen.oddr_dqs/D2
  -------------------------------------------------------------------    -------------------

                         (clock oserdes_clk_1 rise edge)
                                                      0.000     0.000 r  
    AC19                                              0.000     0.000 r  clk (IN)
                         net (fo=0)                   0.000     0.000    clk
    AC19                 IBUF (Prop_ibuf_I_O)         0.441     0.441 r  clk_IBUF_inst/O
                         net (fo=1, routed)           1.160     1.601    clk_IBUF
    BUFGCTRL_X0Y0        BUFG (Prop_bufg_I_O)         0.029     1.630 r  clk_IBUF_BUFG_inst/O
                         net (fo=2166, routed)        0.976     2.606    ddr3.u_axi_wrap_ddr/mig_axi/u_mig_axi_32_mig/u_ddr3_infrastructure/mmcm_clk
    PLLE2_ADV_X0Y4       PLLE2_ADV (Prop_plle2_adv_CLKIN1_CLKOUT1)
                                                      0.053     2.659 r  ddr3.u_axi_wrap_ddr/mig_axi/u_mig_axi_32_mig/u_ddr3_infrastructure/plle2_i/CLKOUT1
                         net (fo=7, routed)           0.209     2.868    ddr3.u_axi_wrap_ddr/mig_axi/u_mig_axi_32_mig/u_memc_ui_top_axi/mem_intfc0/ddr_phy_top0/u_ddr_mc_phy_wrapper/u_ddr_mc_phy/ddr_phy_4lanes_0.u_ddr_phy_4lanes/ddr_byte_lane_B.ddr_byte_lane_B/mem_refclk
    PHASER_OUT_PHY_X0Y17 PHASER_OUT_PHY (Prop_phaser_out_phy_MEMREFCLK_OCLK)
                                                      1.858     4.726 r  ddr3.u_axi_wrap_ddr/mig_axi/u_mig_axi_32_mig/u_memc_ui_top_axi/mem_intfc0/ddr_phy_top0/u_ddr_mc_phy_wrapper/u_ddr_mc_phy/ddr_phy_4lanes_0.u_ddr_phy_4lanes/ddr_byte_lane_B.ddr_byte_lane_B/phaser_out/OCLK
    PHASER_OUT_PHY_X0Y17 PHASER_OUT_PHY (Prop_phaser_out_phy_OCLK_OCLKDELAYED)
                                                      0.573     5.299 r  ddr3.u_axi_wrap_ddr/mig_axi/u_mig_axi_32_mig/u_memc_ui_top_axi/mem_intfc0/ddr_phy_top0/u_ddr_mc_phy_wrapper/u_ddr_mc_phy/ddr_phy_4lanes_0.u_ddr_phy_4lanes/ddr_byte_lane_B.ddr_byte_lane_B/phaser_out/OCLKDELAYED
                         net (fo=2, routed)           0.173     5.472    ddr3.u_axi_wrap_ddr/mig_axi/u_mig_axi_32_mig/u_memc_ui_top_axi/mem_intfc0/ddr_phy_top0/u_ddr_mc_phy_wrapper/u_ddr_mc_phy/ddr_phy_4lanes_0.u_ddr_phy_4lanes/ddr_byte_lane_B.ddr_byte_lane_B/ddr_byte_group_io/oserdes_clk_delayed
    OLOGIC_X0Y220        ODDR                                         r  ddr3.u_axi_wrap_ddr/mig_axi/u_mig_axi_32_mig/u_memc_ui_top_axi/mem_intfc0/ddr_phy_top0/u_ddr_mc_phy_wrapper/u_ddr_mc_phy/ddr_phy_4lanes_0.u_ddr_phy_4lanes/ddr_byte_lane_B.ddr_byte_lane_B/ddr_byte_group_io/dqs_gen.oddr_dqs/C
                         clock pessimism             -0.653     4.820    
    OLOGIC_X0Y220        ODDR (Hold_oddr_C_D2)       -0.093     4.727    ddr3.u_axi_wrap_ddr/mig_axi/u_mig_axi_32_mig/u_memc_ui_top_axi/mem_intfc0/ddr_phy_top0/u_ddr_mc_phy_wrapper/u_ddr_mc_phy/ddr_phy_4lanes_0.u_ddr_phy_4lanes/ddr_byte_lane_B.ddr_byte_lane_B/ddr_byte_group_io/dqs_gen.oddr_dqs
  -------------------------------------------------------------------
                         required time                         -4.727    
                         arrival time                           5.140    
  -------------------------------------------------------------------
                         slack                                  0.413    





Pulse Width Checks
--------------------------------------------------------------------------------------
Clock Name:         oserdes_clk_1
Waveform(ns):       { 0.000 1.250 }
Period(ns):         2.500
Sources:            { ddr3.u_axi_wrap_ddr/mig_axi/u_mig_axi_32_mig/u_memc_ui_top_axi/mem_intfc0/ddr_phy_top0/u_ddr_mc_phy_wrapper/u_ddr_mc_phy/ddr_phy_4lanes_0.u_ddr_phy_4lanes/ddr_byte_lane_B.ddr_byte_lane_B/phaser_out/OCLK }

Check Type  Corner  Lib Pin  Reference Pin  Required(ns)  Actual(ns)  Slack(ns)  Location       Pin
Min Period  n/a     ODDR/C   n/a            1.474         2.500       1.026      OLOGIC_X0Y220  ddr3.u_axi_wrap_ddr/mig_axi/u_mig_axi_32_mig/u_memc_ui_top_axi/mem_intfc0/ddr_phy_top0/u_ddr_mc_phy_wrapper/u_ddr_mc_phy/ddr_phy_4lanes_0.u_ddr_phy_4lanes/ddr_byte_lane_B.ddr_byte_lane_B/ddr_byte_group_io/dqs_gen.oddr_dqs/C



---------------------------------------------------------------------------------------------------
From Clock:  oserdes_clkdiv_1
  To Clock:  oserdes_clkdiv_1

Setup :            0  Failing Endpoints,  Worst Slack        3.718ns,  Total Violation        0.000ns
Hold  :            0  Failing Endpoints,  Worst Slack        0.091ns,  Total Violation        0.000ns
PW    :            0  Failing Endpoints,  Worst Slack        0.000ns,  Total Violation        0.000ns
---------------------------------------------------------------------------------------------------


Max Delay Paths
--------------------------------------------------------------------------------------
Slack (MET) :             3.718ns  (required time - arrival time)
  Source:                 ddr3.u_axi_wrap_ddr/mig_axi/u_mig_axi_32_mig/u_memc_ui_top_axi/mem_intfc0/ddr_phy_top0/u_ddr_mc_phy_wrapper/u_ddr_mc_phy/ddr_phy_4lanes_0.u_ddr_phy_4lanes/ddr_byte_lane_B.ddr_byte_lane_B/out_fifo/RDCLK
                            (rising edge-triggered cell OUT_FIFO clocked by oserdes_clkdiv_1  {rise@0.000ns fall@2.500ns period=5.000ns})
  Destination:            ddr3.u_axi_wrap_ddr/mig_axi/u_mig_axi_32_mig/u_memc_ui_top_axi/mem_intfc0/ddr_phy_top0/u_ddr_mc_phy_wrapper/u_ddr_mc_phy/ddr_phy_4lanes_0.u_ddr_phy_4lanes/ddr_byte_lane_B.ddr_byte_lane_B/ddr_byte_group_io/output_[6].oserdes_dq_.ddr.oserdes_dq_i/D1
                            (rising edge-triggered cell OSERDESE2 clocked by oserdes_clkdiv_1  {rise@0.000ns fall@2.500ns period=5.000ns})
  Path Group:             oserdes_clkdiv_1
  Path Type:              Setup (Max at Slow Process Corner)
  Requirement:            5.000ns  (oserdes_clkdiv_1 rise@5.000ns - oserdes_clkdiv_1 rise@0.000ns)
  Data Path Delay:        1.098ns  (logic 0.596ns (54.305%)  route 0.502ns (45.695%))
  Logic Levels:           0  
  Clock Path Skew:        0.330ns (DCD - SCD + CPR)
    Destination Clock Delay (DCD):    8.533ns = ( 13.533 - 5.000 ) 
    Source Clock Delay      (SCD):    8.607ns
    Clock Pessimism Removal (CPR):    0.405ns
  Clock Uncertainty:      0.065ns  ((TSJ^2 + DJ^2)^1/2) / 2 + PE
    Total System Jitter     (TSJ):    0.071ns
    Discrete Jitter          (DJ):    0.109ns
    Phase Error              (PE):    0.000ns

    Location             Delay type                Incr(ns)  Path(ns)    Netlist Resource(s)
  -------------------------------------------------------------------    -------------------
                         (clock oserdes_clkdiv_1 rise edge)
                                                      0.000     0.000 r  
    AC19                                              0.000     0.000 r  clk (IN)
                         net (fo=0)                   0.000     0.000    clk
    AC19                 IBUF (Prop_ibuf_I_O)         1.416     1.416 r  clk_IBUF_inst/O
                         net (fo=1, routed)           2.602     4.018    clk_IBUF
    BUFGCTRL_X0Y0        BUFG (Prop_bufg_I_O)         0.081     4.099 r  clk_IBUF_BUFG_inst/O
                         net (fo=2166, routed)        1.696     5.795    ddr3.u_axi_wrap_ddr/mig_axi/u_mig_axi_32_mig/u_ddr3_infrastructure/mmcm_clk
    PLLE2_ADV_X0Y4       PLLE2_ADV (Prop_plle2_adv_CLKIN1_CLKOUT1)
                                                      0.077     5.872 r  ddr3.u_axi_wrap_ddr/mig_axi/u_mig_axi_32_mig/u_ddr3_infrastructure/plle2_i/CLKOUT1
                         net (fo=7, routed)           0.511     6.383    ddr3.u_axi_wrap_ddr/mig_axi/u_mig_axi_32_mig/u_memc_ui_top_axi/mem_intfc0/ddr_phy_top0/u_ddr_mc_phy_wrapper/u_ddr_mc_phy/ddr_phy_4lanes_0.u_ddr_phy_4lanes/ddr_byte_lane_B.ddr_byte_lane_B/mem_refclk
    PHASER_OUT_PHY_X0Y17 PHASER_OUT_PHY (Prop_phaser_out_phy_MEMREFCLK_OCLK)
                                                      2.083     8.466 r  ddr3.u_axi_wrap_ddr/mig_axi/u_mig_axi_32_mig/u_memc_ui_top_axi/mem_intfc0/ddr_phy_top0/u_ddr_mc_phy_wrapper/u_ddr_mc_phy/ddr_phy_4lanes_0.u_ddr_phy_4lanes/ddr_byte_lane_B.ddr_byte_lane_B/phaser_out/OCLK
    PHASER_OUT_PHY_X0Y17 PHASER_OUT_PHY (Prop_phaser_out_phy_OCLK_OCLKDIV)
                                                      0.141     8.607 r  ddr3.u_axi_wrap_ddr/mig_axi/u_mig_axi_32_mig/u_memc_ui_top_axi/mem_intfc0/ddr_phy_top0/u_ddr_mc_phy_wrapper/u_ddr_mc_phy/ddr_phy_4lanes_0.u_ddr_phy_4lanes/ddr_byte_lane_B.ddr_byte_lane_B/phaser_out/OCLKDIV
                         net (fo=11, routed)          0.000     8.607    ddr3.u_axi_wrap_ddr/mig_axi/u_mig_axi_32_mig/u_memc_ui_top_axi/mem_intfc0/ddr_phy_top0/u_ddr_mc_phy_wrapper/u_ddr_mc_phy/ddr_phy_4lanes_0.u_ddr_phy_4lanes/ddr_byte_lane_B.ddr_byte_lane_B/oserdes_clkdiv
    OUT_FIFO_X0Y17       OUT_FIFO                                     r  ddr3.u_axi_wrap_ddr/mig_axi/u_mig_axi_32_mig/u_memc_ui_top_axi/mem_intfc0/ddr_phy_top0/u_ddr_mc_phy_wrapper/u_ddr_mc_phy/ddr_phy_4lanes_0.u_ddr_phy_4lanes/ddr_byte_lane_B.ddr_byte_lane_B/out_fifo/RDCLK
  -------------------------------------------------------------------    -------------------
    OUT_FIFO_X0Y17       OUT_FIFO (Prop_out_fifo_RDCLK_Q6[0])
                                                      0.596     9.203 r  ddr3.u_axi_wrap_ddr/mig_axi/u_mig_axi_32_mig/u_memc_ui_top_axi/mem_intfc0/ddr_phy_top0/u_ddr_mc_phy_wrapper/u_ddr_mc_phy/ddr_phy_4lanes_0.u_ddr_phy_4lanes/ddr_byte_lane_B.ddr_byte_lane_B/out_fifo/Q6[0]
                         net (fo=1, routed)           0.502     9.705    ddr3.u_axi_wrap_ddr/mig_axi/u_mig_axi_32_mig/u_memc_ui_top_axi/mem_intfc0/ddr_phy_top0/u_ddr_mc_phy_wrapper/u_ddr_mc_phy/ddr_phy_4lanes_0.u_ddr_phy_4lanes/ddr_byte_lane_B.ddr_byte_lane_B/ddr_byte_group_io/of_dqbus[20]
    OLOGIC_X0Y221        OSERDESE2                                    r  ddr3.u_axi_wrap_ddr/mig_axi/u_mig_axi_32_mig/u_memc_ui_top_axi/mem_intfc0/ddr_phy_top0/u_ddr_mc_phy_wrapper/u_ddr_mc_phy/ddr_phy_4lanes_0.u_ddr_phy_4lanes/ddr_byte_lane_B.ddr_byte_lane_B/ddr_byte_group_io/output_[6].oserdes_dq_.ddr.oserdes_dq_i/D1
  -------------------------------------------------------------------    -------------------

                         (clock oserdes_clkdiv_1 rise edge)
                                                      5.000     5.000 r  
    AC19                                              0.000     5.000 r  clk (IN)
                         net (fo=0)                   0.000     5.000    clk
    AC19                 IBUF (Prop_ibuf_I_O)         1.350     6.350 r  clk_IBUF_inst/O
                         net (fo=1, routed)           2.471     8.821    clk_IBUF
    BUFGCTRL_X0Y0        BUFG (Prop_bufg_I_O)         0.077     8.898 r  clk_IBUF_BUFG_inst/O
                         net (fo=2166, routed)        1.586    10.484    ddr3.u_axi_wrap_ddr/mig_axi/u_mig_axi_32_mig/u_ddr3_infrastructure/mmcm_clk
    PLLE2_ADV_X0Y4       PLLE2_ADV (Prop_plle2_adv_CLKIN1_CLKOUT1)
                                                      0.073    10.557 r  ddr3.u_axi_wrap_ddr/mig_axi/u_mig_axi_32_mig/u_ddr3_infrastructure/plle2_i/CLKOUT1
                         net (fo=7, routed)           0.486    11.043    ddr3.u_axi_wrap_ddr/mig_axi/u_mig_axi_32_mig/u_memc_ui_top_axi/mem_intfc0/ddr_phy_top0/u_ddr_mc_phy_wrapper/u_ddr_mc_phy/ddr_phy_4lanes_0.u_ddr_phy_4lanes/ddr_byte_lane_B.ddr_byte_lane_B/mem_refclk
    PHASER_OUT_PHY_X0Y17 PHASER_OUT_PHY (Prop_phaser_out_phy_MEMREFCLK_OCLK)
                                                      2.027    13.070 r  ddr3.u_axi_wrap_ddr/mig_axi/u_mig_axi_32_mig/u_memc_ui_top_axi/mem_intfc0/ddr_phy_top0/u_ddr_mc_phy_wrapper/u_ddr_mc_phy/ddr_phy_4lanes_0.u_ddr_phy_4lanes/ddr_byte_lane_B.ddr_byte_lane_B/phaser_out/OCLK
    PHASER_OUT_PHY_X0Y17 PHASER_OUT_PHY (Prop_phaser_out_phy_OCLK_OCLKDIV)
                                                      0.133    13.203 r  ddr3.u_axi_wrap_ddr/mig_axi/u_mig_axi_32_mig/u_memc_ui_top_axi/mem_intfc0/ddr_phy_top0/u_ddr_mc_phy_wrapper/u_ddr_mc_phy/ddr_phy_4lanes_0.u_ddr_phy_4lanes/ddr_byte_lane_B.ddr_byte_lane_B/phaser_out/OCLKDIV
                         net (fo=11, routed)          0.330    13.533    ddr3.u_axi_wrap_ddr/mig_axi/u_mig_axi_32_mig/u_memc_ui_top_axi/mem_intfc0/ddr_phy_top0/u_ddr_mc_phy_wrapper/u_ddr_mc_phy/ddr_phy_4lanes_0.u_ddr_phy_4lanes/ddr_byte_lane_B.ddr_byte_lane_B/ddr_byte_group_io/oserdes_clkdiv
    OLOGIC_X0Y221        OSERDESE2                                    r  ddr3.u_axi_wrap_ddr/mig_axi/u_mig_axi_32_mig/u_memc_ui_top_axi/mem_intfc0/ddr_phy_top0/u_ddr_mc_phy_wrapper/u_ddr_mc_phy/ddr_phy_4lanes_0.u_ddr_phy_4lanes/ddr_byte_lane_B.ddr_byte_lane_B/ddr_byte_group_io/output_[6].oserdes_dq_.ddr.oserdes_dq_i/CLKDIV
                         clock pessimism              0.405    13.937    
                         clock uncertainty           -0.065    13.872    
    OLOGIC_X0Y221        OSERDESE2 (Setup_oserdese2_CLKDIV_D1)
                                                     -0.449    13.423    ddr3.u_axi_wrap_ddr/mig_axi/u_mig_axi_32_mig/u_memc_ui_top_axi/mem_intfc0/ddr_phy_top0/u_ddr_mc_phy_wrapper/u_ddr_mc_phy/ddr_phy_4lanes_0.u_ddr_phy_4lanes/ddr_byte_lane_B.ddr_byte_lane_B/ddr_byte_group_io/output_[6].oserdes_dq_.ddr.oserdes_dq_i
  -------------------------------------------------------------------
                         required time                         13.423    
                         arrival time                          -9.705    
  -------------------------------------------------------------------
                         slack                                  3.718    





Min Delay Paths
--------------------------------------------------------------------------------------
Slack (MET) :             0.091ns  (arrival time - required time)
  Source:                 ddr3.u_axi_wrap_ddr/mig_axi/u_mig_axi_32_mig/u_memc_ui_top_axi/mem_intfc0/ddr_phy_top0/u_ddr_mc_phy_wrapper/u_ddr_mc_phy/ddr_phy_4lanes_0.u_ddr_phy_4lanes/ddr_byte_lane_B.ddr_byte_lane_B/out_fifo/RDCLK
                            (rising edge-triggered cell OUT_FIFO clocked by oserdes_clkdiv_1  {rise@0.000ns fall@2.500ns period=5.000ns})
  Destination:            ddr3.u_axi_wrap_ddr/mig_axi/u_mig_axi_32_mig/u_memc_ui_top_axi/mem_intfc0/ddr_phy_top0/u_ddr_mc_phy_wrapper/u_ddr_mc_phy/ddr_phy_4lanes_0.u_ddr_phy_4lanes/ddr_byte_lane_B.ddr_byte_lane_B/ddr_byte_group_io/output_[2].oserdes_dq_.ddr.oserdes_dq_i/D2
                            (rising edge-triggered cell OSERDESE2 clocked by oserdes_clkdiv_1  {rise@0.000ns fall@2.500ns period=5.000ns})
  Path Group:             oserdes_clkdiv_1
  Path Type:              Hold (Min at Fast Process Corner)
  Requirement:            0.000ns  (oserdes_clkdiv_1 rise@0.000ns - oserdes_clkdiv_1 rise@0.000ns)
  Data Path Delay:        0.285ns  (logic 0.138ns (48.411%)  route 0.147ns (51.589%))
  Logic Levels:           0  
  Clock Path Skew:        0.175ns (DCD - SCD - CPR)
    Destination Clock Delay (DCD):    4.989ns
    Source Clock Delay      (SCD):    4.190ns
    Clock Pessimism Removal (CPR):    0.624ns

    Location             Delay type                Incr(ns)  Path(ns)    Netlist Resource(s)
  -------------------------------------------------------------------    -------------------
                         (clock oserdes_clkdiv_1 rise edge)
                                                      0.000     0.000 r  
    AC19                                              0.000     0.000 r  clk (IN)
                         net (fo=0)                   0.000     0.000    clk
    AC19                 IBUF (Prop_ibuf_I_O)         0.253     0.253 r  clk_IBUF_inst/O
                         net (fo=1, routed)           1.074     1.327    clk_IBUF
    BUFGCTRL_X0Y0        BUFG (Prop_bufg_I_O)         0.026     1.353 r  clk_IBUF_BUFG_inst/O
                         net (fo=2166, routed)        0.701     2.054    ddr3.u_axi_wrap_ddr/mig_axi/u_mig_axi_32_mig/u_ddr3_infrastructure/mmcm_clk
    PLLE2_ADV_X0Y4       PLLE2_ADV (Prop_plle2_adv_CLKIN1_CLKOUT1)
                                                      0.050     2.104 r  ddr3.u_axi_wrap_ddr/mig_axi/u_mig_axi_32_mig/u_ddr3_infrastructure/plle2_i/CLKOUT1
                         net (fo=7, routed)           0.190     2.294    ddr3.u_axi_wrap_ddr/mig_axi/u_mig_axi_32_mig/u_memc_ui_top_axi/mem_intfc0/ddr_phy_top0/u_ddr_mc_phy_wrapper/u_ddr_mc_phy/ddr_phy_4lanes_0.u_ddr_phy_4lanes/ddr_byte_lane_B.ddr_byte_lane_B/mem_refclk
    PHASER_OUT_PHY_X0Y17 PHASER_OUT_PHY (Prop_phaser_out_phy_MEMREFCLK_OCLK)
                                                      1.813     4.107 r  ddr3.u_axi_wrap_ddr/mig_axi/u_mig_axi_32_mig/u_memc_ui_top_axi/mem_intfc0/ddr_phy_top0/u_ddr_mc_phy_wrapper/u_ddr_mc_phy/ddr_phy_4lanes_0.u_ddr_phy_4lanes/ddr_byte_lane_B.ddr_byte_lane_B/phaser_out/OCLK
    PHASER_OUT_PHY_X0Y17 PHASER_OUT_PHY (Prop_phaser_out_phy_OCLK_OCLKDIV)
                                                      0.083     4.190 r  ddr3.u_axi_wrap_ddr/mig_axi/u_mig_axi_32_mig/u_memc_ui_top_axi/mem_intfc0/ddr_phy_top0/u_ddr_mc_phy_wrapper/u_ddr_mc_phy/ddr_phy_4lanes_0.u_ddr_phy_4lanes/ddr_byte_lane_B.ddr_byte_lane_B/phaser_out/OCLKDIV
                         net (fo=11, routed)          0.000     4.190    ddr3.u_axi_wrap_ddr/mig_axi/u_mig_axi_32_mig/u_memc_ui_top_axi/mem_intfc0/ddr_phy_top0/u_ddr_mc_phy_wrapper/u_ddr_mc_phy/ddr_phy_4lanes_0.u_ddr_phy_4lanes/ddr_byte_lane_B.ddr_byte_lane_B/oserdes_clkdiv
    OUT_FIFO_X0Y17       OUT_FIFO                                     r  ddr3.u_axi_wrap_ddr/mig_axi/u_mig_axi_32_mig/u_memc_ui_top_axi/mem_intfc0/ddr_phy_top0/u_ddr_mc_phy_wrapper/u_ddr_mc_phy/ddr_phy_4lanes_0.u_ddr_phy_4lanes/ddr_byte_lane_B.ddr_byte_lane_B/out_fifo/RDCLK
  -------------------------------------------------------------------    -------------------
    OUT_FIFO_X0Y17       OUT_FIFO (Prop_out_fifo_RDCLK_Q2[1])
                                                      0.138     4.328 r  ddr3.u_axi_wrap_ddr/mig_axi/u_mig_axi_32_mig/u_memc_ui_top_axi/mem_intfc0/ddr_phy_top0/u_ddr_mc_phy_wrapper/u_ddr_mc_phy/ddr_phy_4lanes_0.u_ddr_phy_4lanes/ddr_byte_lane_B.ddr_byte_lane_B/out_fifo/Q2[1]
                         net (fo=1, routed)           0.147     4.475    ddr3.u_axi_wrap_ddr/mig_axi/u_mig_axi_32_mig/u_memc_ui_top_axi/mem_intfc0/ddr_phy_top0/u_ddr_mc_phy_wrapper/u_ddr_mc_phy/ddr_phy_4lanes_0.u_ddr_phy_4lanes/ddr_byte_lane_B.ddr_byte_lane_B/ddr_byte_group_io/of_dqbus[5]
    OLOGIC_X0Y215        OSERDESE2                                    r  ddr3.u_axi_wrap_ddr/mig_axi/u_mig_axi_32_mig/u_memc_ui_top_axi/mem_intfc0/ddr_phy_top0/u_ddr_mc_phy_wrapper/u_ddr_mc_phy/ddr_phy_4lanes_0.u_ddr_phy_4lanes/ddr_byte_lane_B.ddr_byte_lane_B/ddr_byte_group_io/output_[2].oserdes_dq_.ddr.oserdes_dq_i/D2
  -------------------------------------------------------------------    -------------------

                         (clock oserdes_clkdiv_1 rise edge)
                                                      0.000     0.000 r  
    AC19                                              0.000     0.000 r  clk (IN)
                         net (fo=0)                   0.000     0.000    clk
    AC19                 IBUF (Prop_ibuf_I_O)         0.441     0.441 r  clk_IBUF_inst/O
                         net (fo=1, routed)           1.160     1.601    clk_IBUF
    BUFGCTRL_X0Y0        BUFG (Prop_bufg_I_O)         0.029     1.630 r  clk_IBUF_BUFG_inst/O
                         net (fo=2166, routed)        0.976     2.606    ddr3.u_axi_wrap_ddr/mig_axi/u_mig_axi_32_mig/u_ddr3_infrastructure/mmcm_clk
    PLLE2_ADV_X0Y4       PLLE2_ADV (Prop_plle2_adv_CLKIN1_CLKOUT1)
                                                      0.053     2.659 r  ddr3.u_axi_wrap_ddr/mig_axi/u_mig_axi_32_mig/u_ddr3_infrastructure/plle2_i/CLKOUT1
                         net (fo=7, routed)           0.209     2.868    ddr3.u_axi_wrap_ddr/mig_axi/u_mig_axi_32_mig/u_memc_ui_top_axi/mem_intfc0/ddr_phy_top0/u_ddr_mc_phy_wrapper/u_ddr_mc_phy/ddr_phy_4lanes_0.u_ddr_phy_4lanes/ddr_byte_lane_B.ddr_byte_lane_B/mem_refclk
    PHASER_OUT_PHY_X0Y17 PHASER_OUT_PHY (Prop_phaser_out_phy_MEMREFCLK_OCLK)
                                                      1.858     4.726 r  ddr3.u_axi_wrap_ddr/mig_axi/u_mig_axi_32_mig/u_memc_ui_top_axi/mem_intfc0/ddr_phy_top0/u_ddr_mc_phy_wrapper/u_ddr_mc_phy/ddr_phy_4lanes_0.u_ddr_phy_4lanes/ddr_byte_lane_B.ddr_byte_lane_B/phaser_out/OCLK
    PHASER_OUT_PHY_X0Y17 PHASER_OUT_PHY (Prop_phaser_out_phy_OCLK_OCLKDIV)
                                                      0.088     4.814 r  ddr3.u_axi_wrap_ddr/mig_axi/u_mig_axi_32_mig/u_memc_ui_top_axi/mem_intfc0/ddr_phy_top0/u_ddr_mc_phy_wrapper/u_ddr_mc_phy/ddr_phy_4lanes_0.u_ddr_phy_4lanes/ddr_byte_lane_B.ddr_byte_lane_B/phaser_out/OCLKDIV
                         net (fo=11, routed)          0.175     4.989    ddr3.u_axi_wrap_ddr/mig_axi/u_mig_axi_32_mig/u_memc_ui_top_axi/mem_intfc0/ddr_phy_top0/u_ddr_mc_phy_wrapper/u_ddr_mc_phy/ddr_phy_4lanes_0.u_ddr_phy_4lanes/ddr_byte_lane_B.ddr_byte_lane_B/ddr_byte_group_io/oserdes_clkdiv
    OLOGIC_X0Y215        OSERDESE2                                    r  ddr3.u_axi_wrap_ddr/mig_axi/u_mig_axi_32_mig/u_memc_ui_top_axi/mem_intfc0/ddr_phy_top0/u_ddr_mc_phy_wrapper/u_ddr_mc_phy/ddr_phy_4lanes_0.u_ddr_phy_4lanes/ddr_byte_lane_B.ddr_byte_lane_B/ddr_byte_group_io/output_[2].oserdes_dq_.ddr.oserdes_dq_i/CLKDIV
                         clock pessimism             -0.624     4.365    
    OLOGIC_X0Y215        OSERDESE2 (Hold_oserdese2_CLKDIV_D2)
                                                      0.019     4.384    ddr3.u_axi_wrap_ddr/mig_axi/u_mig_axi_32_mig/u_memc_ui_top_axi/mem_intfc0/ddr_phy_top0/u_ddr_mc_phy_wrapper/u_ddr_mc_phy/ddr_phy_4lanes_0.u_ddr_phy_4lanes/ddr_byte_lane_B.ddr_byte_lane_B/ddr_byte_group_io/output_[2].oserdes_dq_.ddr.oserdes_dq_i
  -------------------------------------------------------------------
                         required time                         -4.384    
                         arrival time                           4.475    
  -------------------------------------------------------------------
                         slack                                  0.091    





Pulse Width Checks
--------------------------------------------------------------------------------------
Clock Name:         oserdes_clkdiv_1
Waveform(ns):       { 0.000 2.500 }
Period(ns):         5.000
Sources:            { ddr3.u_axi_wrap_ddr/mig_axi/u_mig_axi_32_mig/u_memc_ui_top_axi/mem_intfc0/ddr_phy_top0/u_ddr_mc_phy_wrapper/u_ddr_mc_phy/ddr_phy_4lanes_0.u_ddr_phy_4lanes/ddr_byte_lane_B.ddr_byte_lane_B/phaser_out/OCLKDIV }

Check Type        Corner  Lib Pin         Reference Pin  Required(ns)  Actual(ns)  Slack(ns)  Location        Pin
Min Period        n/a     OUT_FIFO/RDCLK  n/a            5.000         5.000       0.000      OUT_FIFO_X0Y17  ddr3.u_axi_wrap_ddr/mig_axi/u_mig_axi_32_mig/u_memc_ui_top_axi/mem_intfc0/ddr_phy_top0/u_ddr_mc_phy_wrapper/u_ddr_mc_phy/ddr_phy_4lanes_0.u_ddr_phy_4lanes/ddr_byte_lane_B.ddr_byte_lane_B/out_fifo/RDCLK
Low Pulse Width   Slow    OUT_FIFO/RDCLK  n/a            2.150         2.500       0.350      OUT_FIFO_X0Y17  ddr3.u_axi_wrap_ddr/mig_axi/u_mig_axi_32_mig/u_memc_ui_top_axi/mem_intfc0/ddr_phy_top0/u_ddr_mc_phy_wrapper/u_ddr_mc_phy/ddr_phy_4lanes_0.u_ddr_phy_4lanes/ddr_byte_lane_B.ddr_byte_lane_B/out_fifo/RDCLK
High Pulse Width  Slow    OUT_FIFO/RDCLK  n/a            2.150         2.500       0.350      OUT_FIFO_X0Y17  ddr3.u_axi_wrap_ddr/mig_axi/u_mig_axi_32_mig/u_memc_ui_top_axi/mem_intfc0/ddr_phy_top0/u_ddr_mc_phy_wrapper/u_ddr_mc_phy/ddr_phy_4lanes_0.u_ddr_phy_4lanes/ddr_byte_lane_B.ddr_byte_lane_B/out_fifo/RDCLK



---------------------------------------------------------------------------------------------------
From Clock:  oserdes_clk_2
  To Clock:  oserdes_clk_2

Setup :           NA  Failing Endpoints,  Worst Slack           NA  ,  Total Violation           NA
Hold  :           NA  Failing Endpoints,  Worst Slack           NA  ,  Total Violation           NA
PW    :            0  Failing Endpoints,  Worst Slack        1.026ns,  Total Violation        0.000ns
---------------------------------------------------------------------------------------------------


Pulse Width Checks
--------------------------------------------------------------------------------------
Clock Name:         oserdes_clk_2
Waveform(ns):       { 0.000 1.250 }
Period(ns):         2.500
Sources:            { ddr3.u_axi_wrap_ddr/mig_axi/u_mig_axi_32_mig/u_memc_ui_top_axi/mem_intfc0/ddr_phy_top0/u_ddr_mc_phy_wrapper/u_ddr_mc_phy/ddr_phy_4lanes_0.u_ddr_phy_4lanes/ddr_byte_lane_C.ddr_byte_lane_C/phaser_out/OCLK }

Check Type  Corner  Lib Pin  Reference Pin  Required(ns)  Actual(ns)  Slack(ns)  Location       Pin
Min Period  n/a     ODDR/C   n/a            1.474         2.500       1.026      OLOGIC_X0Y226  ddr3.u_axi_wrap_ddr/mig_axi/u_mig_axi_32_mig/u_memc_ui_top_axi/mem_intfc0/ddr_phy_top0/u_ddr_mc_phy_wrapper/u_ddr_mc_phy/ddr_phy_4lanes_0.u_ddr_phy_4lanes/ddr_byte_lane_C.ddr_byte_lane_C/ddr_ck_gen_loop[0].ddr_ck_gen.ddr_ck/C



---------------------------------------------------------------------------------------------------
From Clock:  oserdes_clkdiv_2
  To Clock:  oserdes_clkdiv_2

Setup :            0  Failing Endpoints,  Worst Slack        8.726ns,  Total Violation        0.000ns
Hold  :            0  Failing Endpoints,  Worst Slack        0.089ns,  Total Violation        0.000ns
PW    :            0  Failing Endpoints,  Worst Slack        2.850ns,  Total Violation        0.000ns
---------------------------------------------------------------------------------------------------


Max Delay Paths
--------------------------------------------------------------------------------------
Slack (MET) :             8.726ns  (required time - arrival time)
  Source:                 ddr3.u_axi_wrap_ddr/mig_axi/u_mig_axi_32_mig/u_memc_ui_top_axi/mem_intfc0/ddr_phy_top0/u_ddr_mc_phy_wrapper/u_ddr_mc_phy/ddr_phy_4lanes_0.u_ddr_phy_4lanes/ddr_byte_lane_C.ddr_byte_lane_C/out_fifo/RDCLK
                            (rising edge-triggered cell OUT_FIFO clocked by oserdes_clkdiv_2  {rise@0.000ns fall@5.000ns period=10.000ns})
  Destination:            ddr3.u_axi_wrap_ddr/mig_axi/u_mig_axi_32_mig/u_memc_ui_top_axi/mem_intfc0/ddr_phy_top0/u_ddr_mc_phy_wrapper/u_ddr_mc_phy/ddr_phy_4lanes_0.u_ddr_phy_4lanes/ddr_byte_lane_C.ddr_byte_lane_C/ddr_byte_group_io/output_[2].oserdes_dq_.sdr.oserdes_dq_i/D1
                            (rising edge-triggered cell OSERDESE2 clocked by oserdes_clkdiv_2  {rise@0.000ns fall@5.000ns period=10.000ns})
  Path Group:             oserdes_clkdiv_2
  Path Type:              Setup (Max at Slow Process Corner)
  Requirement:            10.000ns  (oserdes_clkdiv_2 rise@10.000ns - oserdes_clkdiv_2 rise@0.000ns)
  Data Path Delay:        1.098ns  (logic 0.596ns (54.305%)  route 0.502ns (45.695%))
  Logic Levels:           0  
  Clock Path Skew:        0.338ns (DCD - SCD + CPR)
    Destination Clock Delay (DCD):    8.551ns = ( 18.551 - 10.000 ) 
    Source Clock Delay      (SCD):    8.618ns
    Clock Pessimism Removal (CPR):    0.406ns
  Clock Uncertainty:      0.065ns  ((TSJ^2 + DJ^2)^1/2) / 2 + PE
    Total System Jitter     (TSJ):    0.071ns
    Discrete Jitter          (DJ):    0.109ns
    Phase Error              (PE):    0.000ns

    Location             Delay type                Incr(ns)  Path(ns)    Netlist Resource(s)
  -------------------------------------------------------------------    -------------------
                         (clock oserdes_clkdiv_2 rise edge)
                                                      0.000     0.000 r  
    AC19                                              0.000     0.000 r  clk (IN)
                         net (fo=0)                   0.000     0.000    clk
    AC19                 IBUF (Prop_ibuf_I_O)         1.416     1.416 r  clk_IBUF_inst/O
                         net (fo=1, routed)           2.602     4.018    clk_IBUF
    BUFGCTRL_X0Y0        BUFG (Prop_bufg_I_O)         0.081     4.099 r  clk_IBUF_BUFG_inst/O
                         net (fo=2166, routed)        1.696     5.795    ddr3.u_axi_wrap_ddr/mig_axi/u_mig_axi_32_mig/u_ddr3_infrastructure/mmcm_clk
    PLLE2_ADV_X0Y4       PLLE2_ADV (Prop_plle2_adv_CLKIN1_CLKOUT1)
                                                      0.077     5.872 r  ddr3.u_axi_wrap_ddr/mig_axi/u_mig_axi_32_mig/u_ddr3_infrastructure/plle2_i/CLKOUT1
                         net (fo=7, routed)           0.522     6.394    ddr3.u_axi_wrap_ddr/mig_axi/u_mig_axi_32_mig/u_memc_ui_top_axi/mem_intfc0/ddr_phy_top0/u_ddr_mc_phy_wrapper/u_ddr_mc_phy/ddr_phy_4lanes_0.u_ddr_phy_4lanes/ddr_byte_lane_C.ddr_byte_lane_C/mem_refclk
    PHASER_OUT_PHY_X0Y18 PHASER_OUT_PHY (Prop_phaser_out_phy_MEMREFCLK_OCLK)
                                                      2.083     8.477 r  ddr3.u_axi_wrap_ddr/mig_axi/u_mig_axi_32_mig/u_memc_ui_top_axi/mem_intfc0/ddr_phy_top0/u_ddr_mc_phy_wrapper/u_ddr_mc_phy/ddr_phy_4lanes_0.u_ddr_phy_4lanes/ddr_byte_lane_C.ddr_byte_lane_C/phaser_out/OCLK
    PHASER_OUT_PHY_X0Y18 PHASER_OUT_PHY (Prop_phaser_out_phy_OCLK_OCLKDIV)
                                                      0.141     8.618 r  ddr3.u_axi_wrap_ddr/mig_axi/u_mig_axi_32_mig/u_memc_ui_top_axi/mem_intfc0/ddr_phy_top0/u_ddr_mc_phy_wrapper/u_ddr_mc_phy/ddr_phy_4lanes_0.u_ddr_phy_4lanes/ddr_byte_lane_C.ddr_byte_lane_C/phaser_out/OCLKDIV
                         net (fo=10, routed)          0.000     8.618    ddr3.u_axi_wrap_ddr/mig_axi/u_mig_axi_32_mig/u_memc_ui_top_axi/mem_intfc0/ddr_phy_top0/u_ddr_mc_phy_wrapper/u_ddr_mc_phy/ddr_phy_4lanes_0.u_ddr_phy_4lanes/ddr_byte_lane_C.ddr_byte_lane_C/oserdes_clkdiv
    OUT_FIFO_X0Y18       OUT_FIFO                                     r  ddr3.u_axi_wrap_ddr/mig_axi/u_mig_axi_32_mig/u_memc_ui_top_axi/mem_intfc0/ddr_phy_top0/u_ddr_mc_phy_wrapper/u_ddr_mc_phy/ddr_phy_4lanes_0.u_ddr_phy_4lanes/ddr_byte_lane_C.ddr_byte_lane_C/out_fifo/RDCLK
  -------------------------------------------------------------------    -------------------
    OUT_FIFO_X0Y18       OUT_FIFO (Prop_out_fifo_RDCLK_Q2[0])
                                                      0.596     9.214 r  ddr3.u_axi_wrap_ddr/mig_axi/u_mig_axi_32_mig/u_memc_ui_top_axi/mem_intfc0/ddr_phy_top0/u_ddr_mc_phy_wrapper/u_ddr_mc_phy/ddr_phy_4lanes_0.u_ddr_phy_4lanes/ddr_byte_lane_C.ddr_byte_lane_C/out_fifo/Q2[0]
                         net (fo=1, routed)           0.502     9.716    ddr3.u_axi_wrap_ddr/mig_axi/u_mig_axi_32_mig/u_memc_ui_top_axi/mem_intfc0/ddr_phy_top0/u_ddr_mc_phy_wrapper/u_ddr_mc_phy/ddr_phy_4lanes_0.u_ddr_phy_4lanes/ddr_byte_lane_C.ddr_byte_lane_C/ddr_byte_group_io/oserdes_dq[0]
    OLOGIC_X0Y227        OSERDESE2                                    r  ddr3.u_axi_wrap_ddr/mig_axi/u_mig_axi_32_mig/u_memc_ui_top_axi/mem_intfc0/ddr_phy_top0/u_ddr_mc_phy_wrapper/u_ddr_mc_phy/ddr_phy_4lanes_0.u_ddr_phy_4lanes/ddr_byte_lane_C.ddr_byte_lane_C/ddr_byte_group_io/output_[2].oserdes_dq_.sdr.oserdes_dq_i/D1
  -------------------------------------------------------------------    -------------------

                         (clock oserdes_clkdiv_2 rise edge)
                                                     10.000    10.000 r  
    AC19                                              0.000    10.000 r  clk (IN)
                         net (fo=0)                   0.000    10.000    clk
    AC19                 IBUF (Prop_ibuf_I_O)         1.350    11.350 r  clk_IBUF_inst/O
                         net (fo=1, routed)           2.471    13.821    clk_IBUF
    BUFGCTRL_X0Y0        BUFG (Prop_bufg_I_O)         0.077    13.898 r  clk_IBUF_BUFG_inst/O
                         net (fo=2166, routed)        1.586    15.484    ddr3.u_axi_wrap_ddr/mig_axi/u_mig_axi_32_mig/u_ddr3_infrastructure/mmcm_clk
    PLLE2_ADV_X0Y4       PLLE2_ADV (Prop_plle2_adv_CLKIN1_CLKOUT1)
                                                      0.073    15.557 r  ddr3.u_axi_wrap_ddr/mig_axi/u_mig_axi_32_mig/u_ddr3_infrastructure/plle2_i/CLKOUT1
                         net (fo=7, routed)           0.496    16.053    ddr3.u_axi_wrap_ddr/mig_axi/u_mig_axi_32_mig/u_memc_ui_top_axi/mem_intfc0/ddr_phy_top0/u_ddr_mc_phy_wrapper/u_ddr_mc_phy/ddr_phy_4lanes_0.u_ddr_phy_4lanes/ddr_byte_lane_C.ddr_byte_lane_C/mem_refclk
    PHASER_OUT_PHY_X0Y18 PHASER_OUT_PHY (Prop_phaser_out_phy_MEMREFCLK_OCLK)
                                                      2.027    18.080 r  ddr3.u_axi_wrap_ddr/mig_axi/u_mig_axi_32_mig/u_memc_ui_top_axi/mem_intfc0/ddr_phy_top0/u_ddr_mc_phy_wrapper/u_ddr_mc_phy/ddr_phy_4lanes_0.u_ddr_phy_4lanes/ddr_byte_lane_C.ddr_byte_lane_C/phaser_out/OCLK
    PHASER_OUT_PHY_X0Y18 PHASER_OUT_PHY (Prop_phaser_out_phy_OCLK_OCLKDIV)
                                                      0.133    18.213 r  ddr3.u_axi_wrap_ddr/mig_axi/u_mig_axi_32_mig/u_memc_ui_top_axi/mem_intfc0/ddr_phy_top0/u_ddr_mc_phy_wrapper/u_ddr_mc_phy/ddr_phy_4lanes_0.u_ddr_phy_4lanes/ddr_byte_lane_C.ddr_byte_lane_C/phaser_out/OCLKDIV
                         net (fo=10, routed)          0.338    18.551    ddr3.u_axi_wrap_ddr/mig_axi/u_mig_axi_32_mig/u_memc_ui_top_axi/mem_intfc0/ddr_phy_top0/u_ddr_mc_phy_wrapper/u_ddr_mc_phy/ddr_phy_4lanes_0.u_ddr_phy_4lanes/ddr_byte_lane_C.ddr_byte_lane_C/ddr_byte_group_io/oserdes_clkdiv
    OLOGIC_X0Y227        OSERDESE2                                    r  ddr3.u_axi_wrap_ddr/mig_axi/u_mig_axi_32_mig/u_memc_ui_top_axi/mem_intfc0/ddr_phy_top0/u_ddr_mc_phy_wrapper/u_ddr_mc_phy/ddr_phy_4lanes_0.u_ddr_phy_4lanes/ddr_byte_lane_C.ddr_byte_lane_C/ddr_byte_group_io/output_[2].oserdes_dq_.sdr.oserdes_dq_i/CLKDIV
                         clock pessimism              0.406    18.956    
                         clock uncertainty           -0.065    18.891    
    OLOGIC_X0Y227        OSERDESE2 (Setup_oserdese2_CLKDIV_D1)
                                                     -0.449    18.442    ddr3.u_axi_wrap_ddr/mig_axi/u_mig_axi_32_mig/u_memc_ui_top_axi/mem_intfc0/ddr_phy_top0/u_ddr_mc_phy_wrapper/u_ddr_mc_phy/ddr_phy_4lanes_0.u_ddr_phy_4lanes/ddr_byte_lane_C.ddr_byte_lane_C/ddr_byte_group_io/output_[2].oserdes_dq_.sdr.oserdes_dq_i
  -------------------------------------------------------------------
                         required time                         18.442    
                         arrival time                          -9.716    
  -------------------------------------------------------------------
                         slack                                  8.726    





Min Delay Paths
--------------------------------------------------------------------------------------
Slack (MET) :             0.089ns  (arrival time - required time)
  Source:                 ddr3.u_axi_wrap_ddr/mig_axi/u_mig_axi_32_mig/u_memc_ui_top_axi/mem_intfc0/ddr_phy_top0/u_ddr_mc_phy_wrapper/u_ddr_mc_phy/ddr_phy_4lanes_0.u_ddr_phy_4lanes/ddr_byte_lane_C.ddr_byte_lane_C/out_fifo/RDCLK
                            (rising edge-triggered cell OUT_FIFO clocked by oserdes_clkdiv_2  {rise@0.000ns fall@5.000ns period=10.000ns})
  Destination:            ddr3.u_axi_wrap_ddr/mig_axi/u_mig_axi_32_mig/u_memc_ui_top_axi/mem_intfc0/ddr_phy_top0/u_ddr_mc_phy_wrapper/u_ddr_mc_phy/ddr_phy_4lanes_0.u_ddr_phy_4lanes/ddr_byte_lane_C.ddr_byte_lane_C/ddr_byte_group_io/output_[2].oserdes_dq_.sdr.oserdes_dq_i/D2
                            (rising edge-triggered cell OSERDESE2 clocked by oserdes_clkdiv_2  {rise@0.000ns fall@5.000ns period=10.000ns})
  Path Group:             oserdes_clkdiv_2
  Path Type:              Hold (Min at Fast Process Corner)
  Requirement:            0.000ns  (oserdes_clkdiv_2 rise@0.000ns - oserdes_clkdiv_2 rise@0.000ns)
  Data Path Delay:        0.285ns  (logic 0.138ns (48.411%)  route 0.147ns (51.589%))
  Logic Levels:           0  
  Clock Path Skew:        0.177ns (DCD - SCD - CPR)
    Destination Clock Delay (DCD):    5.000ns
    Source Clock Delay      (SCD):    4.197ns
    Clock Pessimism Removal (CPR):    0.626ns

    Location             Delay type                Incr(ns)  Path(ns)    Netlist Resource(s)
  -------------------------------------------------------------------    -------------------
                         (clock oserdes_clkdiv_2 rise edge)
                                                      0.000     0.000 r  
    AC19                                              0.000     0.000 r  clk (IN)
                         net (fo=0)                   0.000     0.000    clk
    AC19                 IBUF (Prop_ibuf_I_O)         0.253     0.253 r  clk_IBUF_inst/O
                         net (fo=1, routed)           1.074     1.327    clk_IBUF
    BUFGCTRL_X0Y0        BUFG (Prop_bufg_I_O)         0.026     1.353 r  clk_IBUF_BUFG_inst/O
                         net (fo=2166, routed)        0.701     2.054    ddr3.u_axi_wrap_ddr/mig_axi/u_mig_axi_32_mig/u_ddr3_infrastructure/mmcm_clk
    PLLE2_ADV_X0Y4       PLLE2_ADV (Prop_plle2_adv_CLKIN1_CLKOUT1)
                                                      0.050     2.104 r  ddr3.u_axi_wrap_ddr/mig_axi/u_mig_axi_32_mig/u_ddr3_infrastructure/plle2_i/CLKOUT1
                         net (fo=7, routed)           0.197     2.301    ddr3.u_axi_wrap_ddr/mig_axi/u_mig_axi_32_mig/u_memc_ui_top_axi/mem_intfc0/ddr_phy_top0/u_ddr_mc_phy_wrapper/u_ddr_mc_phy/ddr_phy_4lanes_0.u_ddr_phy_4lanes/ddr_byte_lane_C.ddr_byte_lane_C/mem_refclk
    PHASER_OUT_PHY_X0Y18 PHASER_OUT_PHY (Prop_phaser_out_phy_MEMREFCLK_OCLK)
                                                      1.813     4.114 r  ddr3.u_axi_wrap_ddr/mig_axi/u_mig_axi_32_mig/u_memc_ui_top_axi/mem_intfc0/ddr_phy_top0/u_ddr_mc_phy_wrapper/u_ddr_mc_phy/ddr_phy_4lanes_0.u_ddr_phy_4lanes/ddr_byte_lane_C.ddr_byte_lane_C/phaser_out/OCLK
    PHASER_OUT_PHY_X0Y18 PHASER_OUT_PHY (Prop_phaser_out_phy_OCLK_OCLKDIV)
                                                      0.083     4.197 r  ddr3.u_axi_wrap_ddr/mig_axi/u_mig_axi_32_mig/u_memc_ui_top_axi/mem_intfc0/ddr_phy_top0/u_ddr_mc_phy_wrapper/u_ddr_mc_phy/ddr_phy_4lanes_0.u_ddr_phy_4lanes/ddr_byte_lane_C.ddr_byte_lane_C/phaser_out/OCLKDIV
                         net (fo=10, routed)          0.000     4.197    ddr3.u_axi_wrap_ddr/mig_axi/u_mig_axi_32_mig/u_memc_ui_top_axi/mem_intfc0/ddr_phy_top0/u_ddr_mc_phy_wrapper/u_ddr_mc_phy/ddr_phy_4lanes_0.u_ddr_phy_4lanes/ddr_byte_lane_C.ddr_byte_lane_C/oserdes_clkdiv
    OUT_FIFO_X0Y18       OUT_FIFO                                     r  ddr3.u_axi_wrap_ddr/mig_axi/u_mig_axi_32_mig/u_memc_ui_top_axi/mem_intfc0/ddr_phy_top0/u_ddr_mc_phy_wrapper/u_ddr_mc_phy/ddr_phy_4lanes_0.u_ddr_phy_4lanes/ddr_byte_lane_C.ddr_byte_lane_C/out_fifo/RDCLK
  -------------------------------------------------------------------    -------------------
    OUT_FIFO_X0Y18       OUT_FIFO (Prop_out_fifo_RDCLK_Q2[1])
                                                      0.138     4.335 r  ddr3.u_axi_wrap_ddr/mig_axi/u_mig_axi_32_mig/u_memc_ui_top_axi/mem_intfc0/ddr_phy_top0/u_ddr_mc_phy_wrapper/u_ddr_mc_phy/ddr_phy_4lanes_0.u_ddr_phy_4lanes/ddr_byte_lane_C.ddr_byte_lane_C/out_fifo/Q2[1]
                         net (fo=1, routed)           0.147     4.482    ddr3.u_axi_wrap_ddr/mig_axi/u_mig_axi_32_mig/u_memc_ui_top_axi/mem_intfc0/ddr_phy_top0/u_ddr_mc_phy_wrapper/u_ddr_mc_phy/ddr_phy_4lanes_0.u_ddr_phy_4lanes/ddr_byte_lane_C.ddr_byte_lane_C/ddr_byte_group_io/oserdes_dq[1]
    OLOGIC_X0Y227        OSERDESE2                                    r  ddr3.u_axi_wrap_ddr/mig_axi/u_mig_axi_32_mig/u_memc_ui_top_axi/mem_intfc0/ddr_phy_top0/u_ddr_mc_phy_wrapper/u_ddr_mc_phy/ddr_phy_4lanes_0.u_ddr_phy_4lanes/ddr_byte_lane_C.ddr_byte_lane_C/ddr_byte_group_io/output_[2].oserdes_dq_.sdr.oserdes_dq_i/D2
  -------------------------------------------------------------------    -------------------

                         (clock oserdes_clkdiv_2 rise edge)
                                                      0.000     0.000 r  
    AC19                                              0.000     0.000 r  clk (IN)
                         net (fo=0)                   0.000     0.000    clk
    AC19                 IBUF (Prop_ibuf_I_O)         0.441     0.441 r  clk_IBUF_inst/O
                         net (fo=1, routed)           1.160     1.601    clk_IBUF
    BUFGCTRL_X0Y0        BUFG (Prop_bufg_I_O)         0.029     1.630 r  clk_IBUF_BUFG_inst/O
                         net (fo=2166, routed)        0.976     2.606    ddr3.u_axi_wrap_ddr/mig_axi/u_mig_axi_32_mig/u_ddr3_infrastructure/mmcm_clk
    PLLE2_ADV_X0Y4       PLLE2_ADV (Prop_plle2_adv_CLKIN1_CLKOUT1)
                                                      0.053     2.659 r  ddr3.u_axi_wrap_ddr/mig_axi/u_mig_axi_32_mig/u_ddr3_infrastructure/plle2_i/CLKOUT1
                         net (fo=7, routed)           0.218     2.877    ddr3.u_axi_wrap_ddr/mig_axi/u_mig_axi_32_mig/u_memc_ui_top_axi/mem_intfc0/ddr_phy_top0/u_ddr_mc_phy_wrapper/u_ddr_mc_phy/ddr_phy_4lanes_0.u_ddr_phy_4lanes/ddr_byte_lane_C.ddr_byte_lane_C/mem_refclk
    PHASER_OUT_PHY_X0Y18 PHASER_OUT_PHY (Prop_phaser_out_phy_MEMREFCLK_OCLK)
                                                      1.858     4.735 r  ddr3.u_axi_wrap_ddr/mig_axi/u_mig_axi_32_mig/u_memc_ui_top_axi/mem_intfc0/ddr_phy_top0/u_ddr_mc_phy_wrapper/u_ddr_mc_phy/ddr_phy_4lanes_0.u_ddr_phy_4lanes/ddr_byte_lane_C.ddr_byte_lane_C/phaser_out/OCLK
    PHASER_OUT_PHY_X0Y18 PHASER_OUT_PHY (Prop_phaser_out_phy_OCLK_OCLKDIV)
                                                      0.088     4.823 r  ddr3.u_axi_wrap_ddr/mig_axi/u_mig_axi_32_mig/u_memc_ui_top_axi/mem_intfc0/ddr_phy_top0/u_ddr_mc_phy_wrapper/u_ddr_mc_phy/ddr_phy_4lanes_0.u_ddr_phy_4lanes/ddr_byte_lane_C.ddr_byte_lane_C/phaser_out/OCLKDIV
                         net (fo=10, routed)          0.177     5.000    ddr3.u_axi_wrap_ddr/mig_axi/u_mig_axi_32_mig/u_memc_ui_top_axi/mem_intfc0/ddr_phy_top0/u_ddr_mc_phy_wrapper/u_ddr_mc_phy/ddr_phy_4lanes_0.u_ddr_phy_4lanes/ddr_byte_lane_C.ddr_byte_lane_C/ddr_byte_group_io/oserdes_clkdiv
    OLOGIC_X0Y227        OSERDESE2                                    r  ddr3.u_axi_wrap_ddr/mig_axi/u_mig_axi_32_mig/u_memc_ui_top_axi/mem_intfc0/ddr_phy_top0/u_ddr_mc_phy_wrapper/u_ddr_mc_phy/ddr_phy_4lanes_0.u_ddr_phy_4lanes/ddr_byte_lane_C.ddr_byte_lane_C/ddr_byte_group_io/output_[2].oserdes_dq_.sdr.oserdes_dq_i/CLKDIV
                         clock pessimism             -0.626     4.374    
    OLOGIC_X0Y227        OSERDESE2 (Hold_oserdese2_CLKDIV_D2)
                                                      0.019     4.393    ddr3.u_axi_wrap_ddr/mig_axi/u_mig_axi_32_mig/u_memc_ui_top_axi/mem_intfc0/ddr_phy_top0/u_ddr_mc_phy_wrapper/u_ddr_mc_phy/ddr_phy_4lanes_0.u_ddr_phy_4lanes/ddr_byte_lane_C.ddr_byte_lane_C/ddr_byte_group_io/output_[2].oserdes_dq_.sdr.oserdes_dq_i
  -------------------------------------------------------------------
                         required time                         -4.393    
                         arrival time                           4.482    
  -------------------------------------------------------------------
                         slack                                  0.089    





Pulse Width Checks
--------------------------------------------------------------------------------------
Clock Name:         oserdes_clkdiv_2
Waveform(ns):       { 0.000 5.000 }
Period(ns):         10.000
Sources:            { ddr3.u_axi_wrap_ddr/mig_axi/u_mig_axi_32_mig/u_memc_ui_top_axi/mem_intfc0/ddr_phy_top0/u_ddr_mc_phy_wrapper/u_ddr_mc_phy/ddr_phy_4lanes_0.u_ddr_phy_4lanes/ddr_byte_lane_C.ddr_byte_lane_C/phaser_out/OCLKDIV }

Check Type        Corner  Lib Pin         Reference Pin  Required(ns)  Actual(ns)  Slack(ns)  Location        Pin
Min Period        n/a     OUT_FIFO/RDCLK  n/a            5.000         10.000      5.000      OUT_FIFO_X0Y18  ddr3.u_axi_wrap_ddr/mig_axi/u_mig_axi_32_mig/u_memc_ui_top_axi/mem_intfc0/ddr_phy_top0/u_ddr_mc_phy_wrapper/u_ddr_mc_phy/ddr_phy_4lanes_0.u_ddr_phy_4lanes/ddr_byte_lane_C.ddr_byte_lane_C/out_fifo/RDCLK
Low Pulse Width   Slow    OUT_FIFO/RDCLK  n/a            2.150         5.000       2.850      OUT_FIFO_X0Y18  ddr3.u_axi_wrap_ddr/mig_axi/u_mig_axi_32_mig/u_memc_ui_top_axi/mem_intfc0/ddr_phy_top0/u_ddr_mc_phy_wrapper/u_ddr_mc_phy/ddr_phy_4lanes_0.u_ddr_phy_4lanes/ddr_byte_lane_C.ddr_byte_lane_C/out_fifo/RDCLK
High Pulse Width  Slow    OUT_FIFO/RDCLK  n/a            2.150         5.000       2.850      OUT_FIFO_X0Y18  ddr3.u_axi_wrap_ddr/mig_axi/u_mig_axi_32_mig/u_memc_ui_top_axi/mem_intfc0/ddr_phy_top0/u_ddr_mc_phy_wrapper/u_ddr_mc_phy/ddr_phy_4lanes_0.u_ddr_phy_4lanes/ddr_byte_lane_C.ddr_byte_lane_C/out_fifo/RDCLK



---------------------------------------------------------------------------------------------------
From Clock:  oserdes_clk_3
  To Clock:  oserdes_clk_3

Setup :           NA  Failing Endpoints,  Worst Slack           NA  ,  Total Violation           NA
Hold  :           NA  Failing Endpoints,  Worst Slack           NA  ,  Total Violation           NA
PW    :            0  Failing Endpoints,  Worst Slack        1.029ns,  Total Violation        0.000ns
---------------------------------------------------------------------------------------------------


Pulse Width Checks
--------------------------------------------------------------------------------------
Clock Name:         oserdes_clk_3
Waveform(ns):       { 0.000 1.250 }
Period(ns):         2.500
Sources:            { ddr3.u_axi_wrap_ddr/mig_axi/u_mig_axi_32_mig/u_memc_ui_top_axi/mem_intfc0/ddr_phy_top0/u_ddr_mc_phy_wrapper/u_ddr_mc_phy/ddr_phy_4lanes_0.u_ddr_phy_4lanes/ddr_byte_lane_D.ddr_byte_lane_D/phaser_out/OCLK }

Check Type  Corner  Lib Pin        Reference Pin  Required(ns)  Actual(ns)  Slack(ns)  Location       Pin
Min Period  n/a     OSERDESE2/CLK  n/a            1.471         2.500       1.029      OLOGIC_X0Y237  ddr3.u_axi_wrap_ddr/mig_axi/u_mig_axi_32_mig/u_memc_ui_top_axi/mem_intfc0/ddr_phy_top0/u_ddr_mc_phy_wrapper/u_ddr_mc_phy/ddr_phy_4lanes_0.u_ddr_phy_4lanes/ddr_byte_lane_D.ddr_byte_lane_D/ddr_byte_group_io/output_[0].oserdes_dq_.sdr.oserdes_dq_i/CLK



---------------------------------------------------------------------------------------------------
From Clock:  oserdes_clkdiv_3
  To Clock:  oserdes_clkdiv_3

Setup :            0  Failing Endpoints,  Worst Slack        8.740ns,  Total Violation        0.000ns
Hold  :            0  Failing Endpoints,  Worst Slack        0.083ns,  Total Violation        0.000ns
PW    :            0  Failing Endpoints,  Worst Slack        2.850ns,  Total Violation        0.000ns
---------------------------------------------------------------------------------------------------


Max Delay Paths
--------------------------------------------------------------------------------------
Slack (MET) :             8.740ns  (required time - arrival time)
  Source:                 ddr3.u_axi_wrap_ddr/mig_axi/u_mig_axi_32_mig/u_memc_ui_top_axi/mem_intfc0/ddr_phy_top0/u_ddr_mc_phy_wrapper/u_ddr_mc_phy/ddr_phy_4lanes_0.u_ddr_phy_4lanes/ddr_byte_lane_D.ddr_byte_lane_D/out_fifo/RDCLK
                            (rising edge-triggered cell OUT_FIFO clocked by oserdes_clkdiv_3  {rise@0.000ns fall@5.000ns period=10.000ns})
  Destination:            ddr3.u_axi_wrap_ddr/mig_axi/u_mig_axi_32_mig/u_memc_ui_top_axi/mem_intfc0/ddr_phy_top0/u_ddr_mc_phy_wrapper/u_ddr_mc_phy/ddr_phy_4lanes_0.u_ddr_phy_4lanes/ddr_byte_lane_D.ddr_byte_lane_D/ddr_byte_group_io/output_[0].oserdes_dq_.sdr.oserdes_dq_i/D1
                            (rising edge-triggered cell OSERDESE2 clocked by oserdes_clkdiv_3  {rise@0.000ns fall@5.000ns period=10.000ns})
  Path Group:             oserdes_clkdiv_3
  Path Type:              Setup (Max at Slow Process Corner)
  Requirement:            10.000ns  (oserdes_clkdiv_3 rise@10.000ns - oserdes_clkdiv_3 rise@0.000ns)
  Data Path Delay:        1.098ns  (logic 0.596ns (54.305%)  route 0.502ns (45.695%))
  Logic Levels:           0  
  Clock Path Skew:        0.352ns (DCD - SCD + CPR)
    Destination Clock Delay (DCD):    8.555ns = ( 18.555 - 10.000 ) 
    Source Clock Delay      (SCD):    8.607ns
    Clock Pessimism Removal (CPR):    0.405ns
  Clock Uncertainty:      0.065ns  ((TSJ^2 + DJ^2)^1/2) / 2 + PE
    Total System Jitter     (TSJ):    0.071ns
    Discrete Jitter          (DJ):    0.109ns
    Phase Error              (PE):    0.000ns

    Location             Delay type                Incr(ns)  Path(ns)    Netlist Resource(s)
  -------------------------------------------------------------------    -------------------
                         (clock oserdes_clkdiv_3 rise edge)
                                                      0.000     0.000 r  
    AC19                                              0.000     0.000 r  clk (IN)
                         net (fo=0)                   0.000     0.000    clk
    AC19                 IBUF (Prop_ibuf_I_O)         1.416     1.416 r  clk_IBUF_inst/O
                         net (fo=1, routed)           2.602     4.018    clk_IBUF
    BUFGCTRL_X0Y0        BUFG (Prop_bufg_I_O)         0.081     4.099 r  clk_IBUF_BUFG_inst/O
                         net (fo=2166, routed)        1.696     5.795    ddr3.u_axi_wrap_ddr/mig_axi/u_mig_axi_32_mig/u_ddr3_infrastructure/mmcm_clk
    PLLE2_ADV_X0Y4       PLLE2_ADV (Prop_plle2_adv_CLKIN1_CLKOUT1)
                                                      0.077     5.872 r  ddr3.u_axi_wrap_ddr/mig_axi/u_mig_axi_32_mig/u_ddr3_infrastructure/plle2_i/CLKOUT1
                         net (fo=7, routed)           0.511     6.383    ddr3.u_axi_wrap_ddr/mig_axi/u_mig_axi_32_mig/u_memc_ui_top_axi/mem_intfc0/ddr_phy_top0/u_ddr_mc_phy_wrapper/u_ddr_mc_phy/ddr_phy_4lanes_0.u_ddr_phy_4lanes/ddr_byte_lane_D.ddr_byte_lane_D/mem_refclk
    PHASER_OUT_PHY_X0Y19 PHASER_OUT_PHY (Prop_phaser_out_phy_MEMREFCLK_OCLK)
                                                      2.083     8.466 r  ddr3.u_axi_wrap_ddr/mig_axi/u_mig_axi_32_mig/u_memc_ui_top_axi/mem_intfc0/ddr_phy_top0/u_ddr_mc_phy_wrapper/u_ddr_mc_phy/ddr_phy_4lanes_0.u_ddr_phy_4lanes/ddr_byte_lane_D.ddr_byte_lane_D/phaser_out/OCLK
    PHASER_OUT_PHY_X0Y19 PHASER_OUT_PHY (Prop_phaser_out_phy_OCLK_OCLKDIV)
                                                      0.141     8.607 r  ddr3.u_axi_wrap_ddr/mig_axi/u_mig_axi_32_mig/u_memc_ui_top_axi/mem_intfc0/ddr_phy_top0/u_ddr_mc_phy_wrapper/u_ddr_mc_phy/ddr_phy_4lanes_0.u_ddr_phy_4lanes/ddr_byte_lane_D.ddr_byte_lane_D/phaser_out/OCLKDIV
                         net (fo=13, routed)          0.000     8.607    ddr3.u_axi_wrap_ddr/mig_axi/u_mig_axi_32_mig/u_memc_ui_top_axi/mem_intfc0/ddr_phy_top0/u_ddr_mc_phy_wrapper/u_ddr_mc_phy/ddr_phy_4lanes_0.u_ddr_phy_4lanes/ddr_byte_lane_D.ddr_byte_lane_D/oserdes_clkdiv
    OUT_FIFO_X0Y19       OUT_FIFO                                     r  ddr3.u_axi_wrap_ddr/mig_axi/u_mig_axi_32_mig/u_memc_ui_top_axi/mem_intfc0/ddr_phy_top0/u_ddr_mc_phy_wrapper/u_ddr_mc_phy/ddr_phy_4lanes_0.u_ddr_phy_4lanes/ddr_byte_lane_D.ddr_byte_lane_D/out_fifo/RDCLK
  -------------------------------------------------------------------    -------------------
    OUT_FIFO_X0Y19       OUT_FIFO (Prop_out_fifo_RDCLK_Q0[0])
                                                      0.596     9.203 r  ddr3.u_axi_wrap_ddr/mig_axi/u_mig_axi_32_mig/u_memc_ui_top_axi/mem_intfc0/ddr_phy_top0/u_ddr_mc_phy_wrapper/u_ddr_mc_phy/ddr_phy_4lanes_0.u_ddr_phy_4lanes/ddr_byte_lane_D.ddr_byte_lane_D/out_fifo/Q0[0]
                         net (fo=1, routed)           0.502     9.705    ddr3.u_axi_wrap_ddr/mig_axi/u_mig_axi_32_mig/u_memc_ui_top_axi/mem_intfc0/ddr_phy_top0/u_ddr_mc_phy_wrapper/u_ddr_mc_phy/ddr_phy_4lanes_0.u_ddr_phy_4lanes/ddr_byte_lane_D.ddr_byte_lane_D/ddr_byte_group_io/oserdes_dq[0]
    OLOGIC_X0Y237        OSERDESE2                                    r  ddr3.u_axi_wrap_ddr/mig_axi/u_mig_axi_32_mig/u_memc_ui_top_axi/mem_intfc0/ddr_phy_top0/u_ddr_mc_phy_wrapper/u_ddr_mc_phy/ddr_phy_4lanes_0.u_ddr_phy_4lanes/ddr_byte_lane_D.ddr_byte_lane_D/ddr_byte_group_io/output_[0].oserdes_dq_.sdr.oserdes_dq_i/D1
  -------------------------------------------------------------------    -------------------

                         (clock oserdes_clkdiv_3 rise edge)
                                                     10.000    10.000 r  
    AC19                                              0.000    10.000 r  clk (IN)
                         net (fo=0)                   0.000    10.000    clk
    AC19                 IBUF (Prop_ibuf_I_O)         1.350    11.350 r  clk_IBUF_inst/O
                         net (fo=1, routed)           2.471    13.821    clk_IBUF
    BUFGCTRL_X0Y0        BUFG (Prop_bufg_I_O)         0.077    13.898 r  clk_IBUF_BUFG_inst/O
                         net (fo=2166, routed)        1.586    15.484    ddr3.u_axi_wrap_ddr/mig_axi/u_mig_axi_32_mig/u_ddr3_infrastructure/mmcm_clk
    PLLE2_ADV_X0Y4       PLLE2_ADV (Prop_plle2_adv_CLKIN1_CLKOUT1)
                                                      0.073    15.557 r  ddr3.u_axi_wrap_ddr/mig_axi/u_mig_axi_32_mig/u_ddr3_infrastructure/plle2_i/CLKOUT1
                         net (fo=7, routed)           0.486    16.043    ddr3.u_axi_wrap_ddr/mig_axi/u_mig_axi_32_mig/u_memc_ui_top_axi/mem_intfc0/ddr_phy_top0/u_ddr_mc_phy_wrapper/u_ddr_mc_phy/ddr_phy_4lanes_0.u_ddr_phy_4lanes/ddr_byte_lane_D.ddr_byte_lane_D/mem_refclk
    PHASER_OUT_PHY_X0Y19 PHASER_OUT_PHY (Prop_phaser_out_phy_MEMREFCLK_OCLK)
                                                      2.027    18.070 r  ddr3.u_axi_wrap_ddr/mig_axi/u_mig_axi_32_mig/u_memc_ui_top_axi/mem_intfc0/ddr_phy_top0/u_ddr_mc_phy_wrapper/u_ddr_mc_phy/ddr_phy_4lanes_0.u_ddr_phy_4lanes/ddr_byte_lane_D.ddr_byte_lane_D/phaser_out/OCLK
    PHASER_OUT_PHY_X0Y19 PHASER_OUT_PHY (Prop_phaser_out_phy_OCLK_OCLKDIV)
                                                      0.133    18.203 r  ddr3.u_axi_wrap_ddr/mig_axi/u_mig_axi_32_mig/u_memc_ui_top_axi/mem_intfc0/ddr_phy_top0/u_ddr_mc_phy_wrapper/u_ddr_mc_phy/ddr_phy_4lanes_0.u_ddr_phy_4lanes/ddr_byte_lane_D.ddr_byte_lane_D/phaser_out/OCLKDIV
                         net (fo=13, routed)          0.352    18.555    ddr3.u_axi_wrap_ddr/mig_axi/u_mig_axi_32_mig/u_memc_ui_top_axi/mem_intfc0/ddr_phy_top0/u_ddr_mc_phy_wrapper/u_ddr_mc_phy/ddr_phy_4lanes_0.u_ddr_phy_4lanes/ddr_byte_lane_D.ddr_byte_lane_D/ddr_byte_group_io/oserdes_clkdiv
    OLOGIC_X0Y237        OSERDESE2                                    r  ddr3.u_axi_wrap_ddr/mig_axi/u_mig_axi_32_mig/u_memc_ui_top_axi/mem_intfc0/ddr_phy_top0/u_ddr_mc_phy_wrapper/u_ddr_mc_phy/ddr_phy_4lanes_0.u_ddr_phy_4lanes/ddr_byte_lane_D.ddr_byte_lane_D/ddr_byte_group_io/output_[0].oserdes_dq_.sdr.oserdes_dq_i/CLKDIV
                         clock pessimism              0.405    18.959    
                         clock uncertainty           -0.065    18.894    
    OLOGIC_X0Y237        OSERDESE2 (Setup_oserdese2_CLKDIV_D1)
                                                     -0.449    18.445    ddr3.u_axi_wrap_ddr/mig_axi/u_mig_axi_32_mig/u_memc_ui_top_axi/mem_intfc0/ddr_phy_top0/u_ddr_mc_phy_wrapper/u_ddr_mc_phy/ddr_phy_4lanes_0.u_ddr_phy_4lanes/ddr_byte_lane_D.ddr_byte_lane_D/ddr_byte_group_io/output_[0].oserdes_dq_.sdr.oserdes_dq_i
  -------------------------------------------------------------------
                         required time                         18.445    
                         arrival time                          -9.705    
  -------------------------------------------------------------------
                         slack                                  8.740    





Min Delay Paths
--------------------------------------------------------------------------------------
Slack (MET) :             0.083ns  (arrival time - required time)
  Source:                 ddr3.u_axi_wrap_ddr/mig_axi/u_mig_axi_32_mig/u_memc_ui_top_axi/mem_intfc0/ddr_phy_top0/u_ddr_mc_phy_wrapper/u_ddr_mc_phy/ddr_phy_4lanes_0.u_ddr_phy_4lanes/ddr_byte_lane_D.ddr_byte_lane_D/out_fifo/RDCLK
                            (rising edge-triggered cell OUT_FIFO clocked by oserdes_clkdiv_3  {rise@0.000ns fall@5.000ns period=10.000ns})
  Destination:            ddr3.u_axi_wrap_ddr/mig_axi/u_mig_axi_32_mig/u_memc_ui_top_axi/mem_intfc0/ddr_phy_top0/u_ddr_mc_phy_wrapper/u_ddr_mc_phy/ddr_phy_4lanes_0.u_ddr_phy_4lanes/ddr_byte_lane_D.ddr_byte_lane_D/ddr_byte_group_io/output_[2].oserdes_dq_.sdr.oserdes_dq_i/D2
                            (rising edge-triggered cell OSERDESE2 clocked by oserdes_clkdiv_3  {rise@0.000ns fall@5.000ns period=10.000ns})
  Path Group:             oserdes_clkdiv_3
  Path Type:              Hold (Min at Fast Process Corner)
  Requirement:            0.000ns  (oserdes_clkdiv_3 rise@0.000ns - oserdes_clkdiv_3 rise@0.000ns)
  Data Path Delay:        0.285ns  (logic 0.138ns (48.411%)  route 0.147ns (51.589%))
  Logic Levels:           0  
  Clock Path Skew:        0.183ns (DCD - SCD - CPR)
    Destination Clock Delay (DCD):    4.997ns
    Source Clock Delay      (SCD):    4.190ns
    Clock Pessimism Removal (CPR):    0.624ns

    Location             Delay type                Incr(ns)  Path(ns)    Netlist Resource(s)
  -------------------------------------------------------------------    -------------------
                         (clock oserdes_clkdiv_3 rise edge)
                                                      0.000     0.000 r  
    AC19                                              0.000     0.000 r  clk (IN)
                         net (fo=0)                   0.000     0.000    clk
    AC19                 IBUF (Prop_ibuf_I_O)         0.253     0.253 r  clk_IBUF_inst/O
                         net (fo=1, routed)           1.074     1.327    clk_IBUF
    BUFGCTRL_X0Y0        BUFG (Prop_bufg_I_O)         0.026     1.353 r  clk_IBUF_BUFG_inst/O
                         net (fo=2166, routed)        0.701     2.054    ddr3.u_axi_wrap_ddr/mig_axi/u_mig_axi_32_mig/u_ddr3_infrastructure/mmcm_clk
    PLLE2_ADV_X0Y4       PLLE2_ADV (Prop_plle2_adv_CLKIN1_CLKOUT1)
                                                      0.050     2.104 r  ddr3.u_axi_wrap_ddr/mig_axi/u_mig_axi_32_mig/u_ddr3_infrastructure/plle2_i/CLKOUT1
                         net (fo=7, routed)           0.190     2.294    ddr3.u_axi_wrap_ddr/mig_axi/u_mig_axi_32_mig/u_memc_ui_top_axi/mem_intfc0/ddr_phy_top0/u_ddr_mc_phy_wrapper/u_ddr_mc_phy/ddr_phy_4lanes_0.u_ddr_phy_4lanes/ddr_byte_lane_D.ddr_byte_lane_D/mem_refclk
    PHASER_OUT_PHY_X0Y19 PHASER_OUT_PHY (Prop_phaser_out_phy_MEMREFCLK_OCLK)
                                                      1.813     4.107 r  ddr3.u_axi_wrap_ddr/mig_axi/u_mig_axi_32_mig/u_memc_ui_top_axi/mem_intfc0/ddr_phy_top0/u_ddr_mc_phy_wrapper/u_ddr_mc_phy/ddr_phy_4lanes_0.u_ddr_phy_4lanes/ddr_byte_lane_D.ddr_byte_lane_D/phaser_out/OCLK
    PHASER_OUT_PHY_X0Y19 PHASER_OUT_PHY (Prop_phaser_out_phy_OCLK_OCLKDIV)
                                                      0.083     4.190 r  ddr3.u_axi_wrap_ddr/mig_axi/u_mig_axi_32_mig/u_memc_ui_top_axi/mem_intfc0/ddr_phy_top0/u_ddr_mc_phy_wrapper/u_ddr_mc_phy/ddr_phy_4lanes_0.u_ddr_phy_4lanes/ddr_byte_lane_D.ddr_byte_lane_D/phaser_out/OCLKDIV
                         net (fo=13, routed)          0.000     4.190    ddr3.u_axi_wrap_ddr/mig_axi/u_mig_axi_32_mig/u_memc_ui_top_axi/mem_intfc0/ddr_phy_top0/u_ddr_mc_phy_wrapper/u_ddr_mc_phy/ddr_phy_4lanes_0.u_ddr_phy_4lanes/ddr_byte_lane_D.ddr_byte_lane_D/oserdes_clkdiv
    OUT_FIFO_X0Y19       OUT_FIFO                                     r  ddr3.u_axi_wrap_ddr/mig_axi/u_mig_axi_32_mig/u_memc_ui_top_axi/mem_intfc0/ddr_phy_top0/u_ddr_mc_phy_wrapper/u_ddr_mc_phy/ddr_phy_4lanes_0.u_ddr_phy_4lanes/ddr_byte_lane_D.ddr_byte_lane_D/out_fifo/RDCLK
  -------------------------------------------------------------------    -------------------
    OUT_FIFO_X0Y19       OUT_FIFO (Prop_out_fifo_RDCLK_Q2[1])
                                                      0.138     4.328 r  ddr3.u_axi_wrap_ddr/mig_axi/u_mig_axi_32_mig/u_memc_ui_top_axi/mem_intfc0/ddr_phy_top0/u_ddr_mc_phy_wrapper/u_ddr_mc_phy/ddr_phy_4lanes_0.u_ddr_phy_4lanes/ddr_byte_lane_D.ddr_byte_lane_D/out_fifo/Q2[1]
                         net (fo=1, routed)           0.147     4.475    ddr3.u_axi_wrap_ddr/mig_axi/u_mig_axi_32_mig/u_memc_ui_top_axi/mem_intfc0/ddr_phy_top0/u_ddr_mc_phy_wrapper/u_ddr_mc_phy/ddr_phy_4lanes_0.u_ddr_phy_4lanes/ddr_byte_lane_D.ddr_byte_lane_D/ddr_byte_group_io/oserdes_dq[9]
    OLOGIC_X0Y239        OSERDESE2                                    r  ddr3.u_axi_wrap_ddr/mig_axi/u_mig_axi_32_mig/u_memc_ui_top_axi/mem_intfc0/ddr_phy_top0/u_ddr_mc_phy_wrapper/u_ddr_mc_phy/ddr_phy_4lanes_0.u_ddr_phy_4lanes/ddr_byte_lane_D.ddr_byte_lane_D/ddr_byte_group_io/output_[2].oserdes_dq_.sdr.oserdes_dq_i/D2
  -------------------------------------------------------------------    -------------------

                         (clock oserdes_clkdiv_3 rise edge)
                                                      0.000     0.000 r  
    AC19                                              0.000     0.000 r  clk (IN)
                         net (fo=0)                   0.000     0.000    clk
    AC19                 IBUF (Prop_ibuf_I_O)         0.441     0.441 r  clk_IBUF_inst/O
                         net (fo=1, routed)           1.160     1.601    clk_IBUF
    BUFGCTRL_X0Y0        BUFG (Prop_bufg_I_O)         0.029     1.630 r  clk_IBUF_BUFG_inst/O
                         net (fo=2166, routed)        0.976     2.606    ddr3.u_axi_wrap_ddr/mig_axi/u_mig_axi_32_mig/u_ddr3_infrastructure/mmcm_clk
    PLLE2_ADV_X0Y4       PLLE2_ADV (Prop_plle2_adv_CLKIN1_CLKOUT1)
                                                      0.053     2.659 r  ddr3.u_axi_wrap_ddr/mig_axi/u_mig_axi_32_mig/u_ddr3_infrastructure/plle2_i/CLKOUT1
                         net (fo=7, routed)           0.209     2.868    ddr3.u_axi_wrap_ddr/mig_axi/u_mig_axi_32_mig/u_memc_ui_top_axi/mem_intfc0/ddr_phy_top0/u_ddr_mc_phy_wrapper/u_ddr_mc_phy/ddr_phy_4lanes_0.u_ddr_phy_4lanes/ddr_byte_lane_D.ddr_byte_lane_D/mem_refclk
    PHASER_OUT_PHY_X0Y19 PHASER_OUT_PHY (Prop_phaser_out_phy_MEMREFCLK_OCLK)
                                                      1.858     4.726 r  ddr3.u_axi_wrap_ddr/mig_axi/u_mig_axi_32_mig/u_memc_ui_top_axi/mem_intfc0/ddr_phy_top0/u_ddr_mc_phy_wrapper/u_ddr_mc_phy/ddr_phy_4lanes_0.u_ddr_phy_4lanes/ddr_byte_lane_D.ddr_byte_lane_D/phaser_out/OCLK
    PHASER_OUT_PHY_X0Y19 PHASER_OUT_PHY (Prop_phaser_out_phy_OCLK_OCLKDIV)
                                                      0.088     4.814 r  ddr3.u_axi_wrap_ddr/mig_axi/u_mig_axi_32_mig/u_memc_ui_top_axi/mem_intfc0/ddr_phy_top0/u_ddr_mc_phy_wrapper/u_ddr_mc_phy/ddr_phy_4lanes_0.u_ddr_phy_4lanes/ddr_byte_lane_D.ddr_byte_lane_D/phaser_out/OCLKDIV
                         net (fo=13, routed)          0.183     4.997    ddr3.u_axi_wrap_ddr/mig_axi/u_mig_axi_32_mig/u_memc_ui_top_axi/mem_intfc0/ddr_phy_top0/u_ddr_mc_phy_wrapper/u_ddr_mc_phy/ddr_phy_4lanes_0.u_ddr_phy_4lanes/ddr_byte_lane_D.ddr_byte_lane_D/ddr_byte_group_io/oserdes_clkdiv
    OLOGIC_X0Y239        OSERDESE2                                    r  ddr3.u_axi_wrap_ddr/mig_axi/u_mig_axi_32_mig/u_memc_ui_top_axi/mem_intfc0/ddr_phy_top0/u_ddr_mc_phy_wrapper/u_ddr_mc_phy/ddr_phy_4lanes_0.u_ddr_phy_4lanes/ddr_byte_lane_D.ddr_byte_lane_D/ddr_byte_group_io/output_[2].oserdes_dq_.sdr.oserdes_dq_i/CLKDIV
                         clock pessimism             -0.624     4.373    
    OLOGIC_X0Y239        OSERDESE2 (Hold_oserdese2_CLKDIV_D2)
                                                      0.019     4.392    ddr3.u_axi_wrap_ddr/mig_axi/u_mig_axi_32_mig/u_memc_ui_top_axi/mem_intfc0/ddr_phy_top0/u_ddr_mc_phy_wrapper/u_ddr_mc_phy/ddr_phy_4lanes_0.u_ddr_phy_4lanes/ddr_byte_lane_D.ddr_byte_lane_D/ddr_byte_group_io/output_[2].oserdes_dq_.sdr.oserdes_dq_i
  -------------------------------------------------------------------
                         required time                         -4.392    
                         arrival time                           4.475    
  -------------------------------------------------------------------
                         slack                                  0.083    





Pulse Width Checks
--------------------------------------------------------------------------------------
Clock Name:         oserdes_clkdiv_3
Waveform(ns):       { 0.000 5.000 }
Period(ns):         10.000
Sources:            { ddr3.u_axi_wrap_ddr/mig_axi/u_mig_axi_32_mig/u_memc_ui_top_axi/mem_intfc0/ddr_phy_top0/u_ddr_mc_phy_wrapper/u_ddr_mc_phy/ddr_phy_4lanes_0.u_ddr_phy_4lanes/ddr_byte_lane_D.ddr_byte_lane_D/phaser_out/OCLKDIV }

Check Type        Corner  Lib Pin         Reference Pin  Required(ns)  Actual(ns)  Slack(ns)  Location        Pin
Min Period        n/a     OUT_FIFO/RDCLK  n/a            5.000         10.000      5.000      OUT_FIFO_X0Y19  ddr3.u_axi_wrap_ddr/mig_axi/u_mig_axi_32_mig/u_memc_ui_top_axi/mem_intfc0/ddr_phy_top0/u_ddr_mc_phy_wrapper/u_ddr_mc_phy/ddr_phy_4lanes_0.u_ddr_phy_4lanes/ddr_byte_lane_D.ddr_byte_lane_D/out_fifo/RDCLK
Low Pulse Width   Slow    OUT_FIFO/RDCLK  n/a            2.150         5.000       2.850      OUT_FIFO_X0Y19  ddr3.u_axi_wrap_ddr/mig_axi/u_mig_axi_32_mig/u_memc_ui_top_axi/mem_intfc0/ddr_phy_top0/u_ddr_mc_phy_wrapper/u_ddr_mc_phy/ddr_phy_4lanes_0.u_ddr_phy_4lanes/ddr_byte_lane_D.ddr_byte_lane_D/out_fifo/RDCLK
High Pulse Width  Slow    OUT_FIFO/RDCLK  n/a            2.150         5.000       2.850      OUT_FIFO_X0Y19  ddr3.u_axi_wrap_ddr/mig_axi/u_mig_axi_32_mig/u_memc_ui_top_axi/mem_intfc0/ddr_phy_top0/u_ddr_mc_phy_wrapper/u_ddr_mc_phy/ddr_phy_4lanes_0.u_ddr_phy_4lanes/ddr_byte_lane_D.ddr_byte_lane_D/out_fifo/RDCLK



---------------------------------------------------------------------------------------------------
From Clock:  pll_clk3_out
  To Clock:  pll_clk3_out

Setup :           NA  Failing Endpoints,  Worst Slack           NA  ,  Total Violation           NA
Hold  :           NA  Failing Endpoints,  Worst Slack           NA  ,  Total Violation           NA
PW    :            0  Failing Endpoints,  Worst Slack        3.000ns,  Total Violation        0.000ns
---------------------------------------------------------------------------------------------------


Pulse Width Checks
--------------------------------------------------------------------------------------
Clock Name:         pll_clk3_out
Waveform(ns):       { 0.000 5.000 }
Period(ns):         10.000
Sources:            { ddr3.u_axi_wrap_ddr/mig_axi/u_mig_axi_32_mig/u_ddr3_infrastructure/plle2_i/CLKOUT3 }

Check Type        Corner  Lib Pin            Reference Pin  Required(ns)  Actual(ns)  Slack(ns)  Location         Pin
Min Period        n/a     BUFH/I             n/a            1.592         10.000      8.408      BUFHCE_X0Y48     ddr3.u_axi_wrap_ddr/mig_axi/u_mig_axi_32_mig/u_ddr3_infrastructure/u_bufh_pll_clk3/I
Max Period        n/a     MMCME2_ADV/CLKIN1  n/a            100.000       10.000      90.000     MMCME2_ADV_X0Y4  ddr3.u_axi_wrap_ddr/mig_axi/u_mig_axi_32_mig/u_ddr3_infrastructure/gen_mmcm.mmcm_i/CLKIN1
Low Pulse Width   Slow    MMCME2_ADV/CLKIN1  n/a            2.000         5.000       3.000      MMCME2_ADV_X0Y4  ddr3.u_axi_wrap_ddr/mig_axi/u_mig_axi_32_mig/u_ddr3_infrastructure/gen_mmcm.mmcm_i/CLKIN1
High Pulse Width  Slow    MMCME2_ADV/CLKIN1  n/a            2.000         5.000       3.000      MMCME2_ADV_X0Y4  ddr3.u_axi_wrap_ddr/mig_axi/u_mig_axi_32_mig/u_ddr3_infrastructure/gen_mmcm.mmcm_i/CLKIN1



---------------------------------------------------------------------------------------------------
From Clock:  clk_pll_i
  To Clock:  clk_pll_i

Setup :            0  Failing Endpoints,  Worst Slack        2.507ns,  Total Violation        0.000ns
Hold  :            0  Failing Endpoints,  Worst Slack        0.063ns,  Total Violation        0.000ns
PW    :            0  Failing Endpoints,  Worst Slack        2.850ns,  Total Violation        0.000ns
---------------------------------------------------------------------------------------------------


Max Delay Paths
--------------------------------------------------------------------------------------
Slack (MET) :             2.507ns  (required time - arrival time)
  Source:                 ddr3.u_axi_wrap_ddr/mig_axi/u_mig_axi_32_mig/u_memc_ui_top_axi/u_axi_mc/USE_UPSIZER.upsizer_d2/USE_WRITE.write_addr_inst/USE_REGISTER.M_AXI_AVALID_q_reg/C
                            (rising edge-triggered cell FDRE clocked by clk_pll_i  {rise@0.000ns fall@5.000ns period=10.000ns})
  Destination:            ddr3.u_axi_wrap_ddr/mig_axi/u_mig_axi_32_mig/u_memc_ui_top_axi/u_axi_mc/axi_mc_aw_channel_0/axi_mc_cmd_translator_0/axi_mc_incr_cmd_0/axaddr_incr_reg[5]/D
                            (rising edge-triggered cell FDRE clocked by clk_pll_i  {rise@0.000ns fall@5.000ns period=10.000ns})
  Path Group:             clk_pll_i
  Path Type:              Setup (Max at Slow Process Corner)
  Requirement:            10.000ns  (clk_pll_i rise@10.000ns - clk_pll_i rise@0.000ns)
  Data Path Delay:        7.229ns  (logic 1.437ns (19.878%)  route 5.792ns (80.122%))
  Logic Levels:           5  (LUT3=2 LUT4=1 LUT5=2)
  Clock Path Skew:        -0.010ns (DCD - SCD + CPR)
    Destination Clock Delay (DCD):    7.598ns = ( 17.598 - 10.000 ) 
    Source Clock Delay      (SCD):    8.041ns
    Clock Pessimism Removal (CPR):    0.433ns
  Clock Uncertainty:      0.060ns  ((TSJ^2 + DJ^2)^1/2) / 2 + PE
    Total System Jitter     (TSJ):    0.071ns
    Discrete Jitter          (DJ):    0.098ns
    Phase Error              (PE):    0.000ns

    Location             Delay type                Incr(ns)  Path(ns)    Netlist Resource(s)
  -------------------------------------------------------------------    -------------------
                         (clock clk_pll_i rise edge)
                                                      0.000     0.000 r  
    AC19                                              0.000     0.000 r  clk (IN)
                         net (fo=0)                   0.000     0.000    clk
    AC19                 IBUF (Prop_ibuf_I_O)         1.416     1.416 r  clk_IBUF_inst/O
                         net (fo=1, routed)           2.602     4.018    clk_IBUF
    BUFGCTRL_X0Y0        BUFG (Prop_bufg_I_O)         0.081     4.099 r  clk_IBUF_BUFG_inst/O
                         net (fo=2166, routed)        1.696     5.795    ddr3.u_axi_wrap_ddr/mig_axi/u_mig_axi_32_mig/u_ddr3_infrastructure/mmcm_clk
    PLLE2_ADV_X0Y4       PLLE2_ADV (Prop_plle2_adv_CLKIN1_CLKOUT3)
                                                      0.077     5.872 r  ddr3.u_axi_wrap_ddr/mig_axi/u_mig_axi_32_mig/u_ddr3_infrastructure/plle2_i/CLKOUT3
                         net (fo=1, routed)           1.429     7.301    ddr3.u_axi_wrap_ddr/mig_axi/u_mig_axi_32_mig/u_ddr3_infrastructure/pll_clk3_out
    BUFHCE_X0Y48         BUFH (Prop_bufh_I_O)         0.106     7.407 r  ddr3.u_axi_wrap_ddr/mig_axi/u_mig_axi_32_mig/u_ddr3_infrastructure/u_bufh_pll_clk3/O
                         net (fo=1, routed)           0.841     8.248    ddr3.u_axi_wrap_ddr/mig_axi/u_mig_axi_32_mig/u_ddr3_infrastructure/pll_clk3
    MMCME2_ADV_X0Y4      MMCME2_ADV (Prop_mmcme2_adv_CLKIN1_CLKFBOUT)
                                                     -3.816     4.432 r  ddr3.u_axi_wrap_ddr/mig_axi/u_mig_axi_32_mig/u_ddr3_infrastructure/gen_mmcm.mmcm_i/CLKFBOUT
                         net (fo=1, routed)           2.061     6.493    ddr3.u_axi_wrap_ddr/mig_axi/u_mig_axi_32_mig/u_ddr3_infrastructure/clk_pll_i
    BUFGCTRL_X0Y16       BUFG (Prop_bufg_I_O)         0.081     6.574 r  ddr3.u_axi_wrap_ddr/mig_axi/u_mig_axi_32_mig/u_ddr3_infrastructure/u_bufg_clkdiv0/O
                         net (fo=7005, routed)        1.467     8.041    ddr3.u_axi_wrap_ddr/mig_axi/u_mig_axi_32_mig/u_memc_ui_top_axi/u_axi_mc/USE_UPSIZER.upsizer_d2/USE_WRITE.write_addr_inst/CLK
    SLICE_X38Y197        FDRE                                         r  ddr3.u_axi_wrap_ddr/mig_axi/u_mig_axi_32_mig/u_memc_ui_top_axi/u_axi_mc/USE_UPSIZER.upsizer_d2/USE_WRITE.write_addr_inst/USE_REGISTER.M_AXI_AVALID_q_reg/C
  -------------------------------------------------------------------    -------------------
    SLICE_X38Y197        FDRE (Prop_fdre_C_Q)         0.379     8.420 f  ddr3.u_axi_wrap_ddr/mig_axi/u_mig_axi_32_mig/u_memc_ui_top_axi/u_axi_mc/USE_UPSIZER.upsizer_d2/USE_WRITE.write_addr_inst/USE_REGISTER.M_AXI_AVALID_q_reg/Q
                         net (fo=38, routed)          1.396     9.816    ddr3.u_axi_wrap_ddr/mig_axi/u_mig_axi_32_mig/u_memc_ui_top_axi/u_axi_mc/axi_mc_aw_channel_0/aw_cmd_fsm_0/awvalid_d2
    SLICE_X34Y209        LUT3 (Prop_lut3_I0_O)        0.124     9.940 f  ddr3.u_axi_wrap_ddr/mig_axi/u_mig_axi_32_mig/u_memc_ui_top_axi/u_axi_mc/axi_mc_aw_channel_0/aw_cmd_fsm_0/axvalid_i_1/O
                         net (fo=3, routed)           0.830    10.770    ddr3.u_axi_wrap_ddr/mig_axi/u_mig_axi_32_mig/u_memc_ui_top_axi/u_axi_mc/axi_mc_b_channel_0/bid_fifo_0/awvalid_int
    SLICE_X35Y202        LUT5 (Prop_lut5_I0_O)        0.267    11.037 r  ddr3.u_axi_wrap_ddr/mig_axi/u_mig_axi_32_mig/u_memc_ui_top_axi/u_axi_mc/axi_mc_b_channel_0/bid_fifo_0/app_addr_r1[25]_i_3/O
                         net (fo=5, routed)           0.872    11.910    ddr3.u_axi_wrap_ddr/mig_axi/u_mig_axi_32_mig/u_memc_ui_top_axi/u_axi_mc/axi_mc_cmd_arbiter_0/mc_app_wdf_wren_reg_reg
    SLICE_X43Y208        LUT3 (Prop_lut3_I2_O)        0.107    12.017 f  ddr3.u_axi_wrap_ddr/mig_axi/u_mig_axi_32_mig/u_memc_ui_top_axi/u_axi_mc/axi_mc_cmd_arbiter_0/app_wdf_wren_r1_i_2/O
                         net (fo=11, routed)          0.766    12.783    ddr3.u_axi_wrap_ddr/mig_axi/u_mig_axi_32_mig/u_memc_ui_top_axi/u_axi_mc/USE_UPSIZER.upsizer_d2/USE_WRITE.write_addr_inst/axaddr_incr_reg[0]
    SLICE_X35Y203        LUT4 (Prop_lut4_I3_O)        0.277    13.060 r  ddr3.u_axi_wrap_ddr/mig_axi/u_mig_axi_32_mig/u_memc_ui_top_axi/u_axi_mc/USE_UPSIZER.upsizer_d2/USE_WRITE.write_addr_inst/axlen_cnt[7]_i_3/O
                         net (fo=32, routed)          1.431    14.490    ddr3.u_axi_wrap_ddr/mig_axi/u_mig_axi_32_mig/u_memc_ui_top_axi/u_axi_mc/axi_mc_aw_channel_0/aw_cmd_fsm_0/axaddr_incr_reg[0]
    SLICE_X44Y201        LUT5 (Prop_lut5_I3_O)        0.283    14.773 r  ddr3.u_axi_wrap_ddr/mig_axi/u_mig_axi_32_mig/u_memc_ui_top_axi/u_axi_mc/axi_mc_aw_channel_0/aw_cmd_fsm_0/axaddr_incr[5]_i_1/O
                         net (fo=1, routed)           0.497    15.270    ddr3.u_axi_wrap_ddr/mig_axi/u_mig_axi_32_mig/u_memc_ui_top_axi/u_axi_mc/axi_mc_aw_channel_0/axi_mc_cmd_translator_0/axi_mc_incr_cmd_0/axaddr_incr_reg[26]_1[5]
    SLICE_X46Y201        FDRE                                         r  ddr3.u_axi_wrap_ddr/mig_axi/u_mig_axi_32_mig/u_memc_ui_top_axi/u_axi_mc/axi_mc_aw_channel_0/axi_mc_cmd_translator_0/axi_mc_incr_cmd_0/axaddr_incr_reg[5]/D
  -------------------------------------------------------------------    -------------------

                         (clock clk_pll_i rise edge)
                                                     10.000    10.000 r  
    AC19                                              0.000    10.000 r  clk (IN)
                         net (fo=0)                   0.000    10.000    clk
    AC19                 IBUF (Prop_ibuf_I_O)         1.350    11.350 r  clk_IBUF_inst/O
                         net (fo=1, routed)           2.471    13.821    clk_IBUF
    BUFGCTRL_X0Y0        BUFG (Prop_bufg_I_O)         0.077    13.898 r  clk_IBUF_BUFG_inst/O
                         net (fo=2166, routed)        1.586    15.484    ddr3.u_axi_wrap_ddr/mig_axi/u_mig_axi_32_mig/u_ddr3_infrastructure/mmcm_clk
    PLLE2_ADV_X0Y4       PLLE2_ADV (Prop_plle2_adv_CLKIN1_CLKOUT3)
                                                      0.073    15.557 r  ddr3.u_axi_wrap_ddr/mig_axi/u_mig_axi_32_mig/u_ddr3_infrastructure/plle2_i/CLKOUT3
                         net (fo=1, routed)           1.281    16.838    ddr3.u_axi_wrap_ddr/mig_axi/u_mig_axi_32_mig/u_ddr3_infrastructure/pll_clk3_out
    BUFHCE_X0Y48         BUFH (Prop_bufh_I_O)         0.069    16.907 r  ddr3.u_axi_wrap_ddr/mig_axi/u_mig_axi_32_mig/u_ddr3_infrastructure/u_bufh_pll_clk3/O
                         net (fo=1, routed)           0.805    17.712    ddr3.u_axi_wrap_ddr/mig_axi/u_mig_axi_32_mig/u_ddr3_infrastructure/pll_clk3
    MMCME2_ADV_X0Y4      MMCME2_ADV (Prop_mmcme2_adv_CLKIN1_CLKFBOUT)
                                                     -3.606    14.105 r  ddr3.u_axi_wrap_ddr/mig_axi/u_mig_axi_32_mig/u_ddr3_infrastructure/gen_mmcm.mmcm_i/CLKFBOUT
                         net (fo=1, routed)           1.964    16.070    ddr3.u_axi_wrap_ddr/mig_axi/u_mig_axi_32_mig/u_ddr3_infrastructure/clk_pll_i
    BUFGCTRL_X0Y16       BUFG (Prop_bufg_I_O)         0.077    16.147 r  ddr3.u_axi_wrap_ddr/mig_axi/u_mig_axi_32_mig/u_ddr3_infrastructure/u_bufg_clkdiv0/O
                         net (fo=7005, routed)        1.451    17.598    ddr3.u_axi_wrap_ddr/mig_axi/u_mig_axi_32_mig/u_memc_ui_top_axi/u_axi_mc/axi_mc_aw_channel_0/axi_mc_cmd_translator_0/axi_mc_incr_cmd_0/CLK
    SLICE_X46Y201        FDRE                                         r  ddr3.u_axi_wrap_ddr/mig_axi/u_mig_axi_32_mig/u_memc_ui_top_axi/u_axi_mc/axi_mc_aw_channel_0/axi_mc_cmd_translator_0/axi_mc_incr_cmd_0/axaddr_incr_reg[5]/C
                         clock pessimism              0.433    18.031    
                         clock uncertainty           -0.060    17.970    
    SLICE_X46Y201        FDRE (Setup_fdre_C_D)       -0.193    17.777    ddr3.u_axi_wrap_ddr/mig_axi/u_mig_axi_32_mig/u_memc_ui_top_axi/u_axi_mc/axi_mc_aw_channel_0/axi_mc_cmd_translator_0/axi_mc_incr_cmd_0/axaddr_incr_reg[5]
  -------------------------------------------------------------------
                         required time                         17.777    
                         arrival time                         -15.270    
  -------------------------------------------------------------------
                         slack                                  2.507    





Min Delay Paths
--------------------------------------------------------------------------------------
Slack (MET) :             0.063ns  (arrival time - required time)
  Source:                 ddr3.u_axi_wrap_ddr/mig_axi/u_mig_axi_32_mig/u_memc_ui_top_axi/u_axi_mc/USE_UPSIZER.upsizer_d2/USE_WRITE.write_addr_inst/USE_REGISTER.M_AXI_AADDR_q_reg[9]/C
                            (rising edge-triggered cell FDRE clocked by clk_pll_i  {rise@0.000ns fall@5.000ns period=10.000ns})
  Destination:            ddr3.u_axi_wrap_ddr/mig_axi/u_mig_axi_32_mig/u_memc_ui_top_axi/u_ui_top/ui_cmd0/app_addr_r1_reg[8]/D
                            (rising edge-triggered cell FDRE clocked by clk_pll_i  {rise@0.000ns fall@5.000ns period=10.000ns})
  Path Group:             clk_pll_i
  Path Type:              Hold (Min at Fast Process Corner)
  Requirement:            0.000ns  (clk_pll_i rise@0.000ns - clk_pll_i rise@0.000ns)
  Data Path Delay:        0.554ns  (logic 0.291ns (52.493%)  route 0.263ns (47.507%))
  Logic Levels:           2  (LUT6=1 MUXF7=1)
  Clock Path Skew:        0.357ns (DCD - SCD - CPR)
    Destination Clock Delay (DCD):    3.807ns
    Source Clock Delay      (SCD):    2.855ns
    Clock Pessimism Removal (CPR):    0.594ns

    Location             Delay type                Incr(ns)  Path(ns)    Netlist Resource(s)
  -------------------------------------------------------------------    -------------------
                         (clock clk_pll_i rise edge)
                                                      0.000     0.000 r  
    AC19                                              0.000     0.000 r  clk (IN)
                         net (fo=0)                   0.000     0.000    clk
    AC19                 IBUF (Prop_ibuf_I_O)         0.253     0.253 r  clk_IBUF_inst/O
                         net (fo=1, routed)           1.074     1.327    clk_IBUF
    BUFGCTRL_X0Y0        BUFG (Prop_bufg_I_O)         0.026     1.353 r  clk_IBUF_BUFG_inst/O
                         net (fo=2166, routed)        0.701     2.054    ddr3.u_axi_wrap_ddr/mig_axi/u_mig_axi_32_mig/u_ddr3_infrastructure/mmcm_clk
    PLLE2_ADV_X0Y4       PLLE2_ADV (Prop_plle2_adv_CLKIN1_CLKOUT3)
                                                      0.050     2.104 r  ddr3.u_axi_wrap_ddr/mig_axi/u_mig_axi_32_mig/u_ddr3_infrastructure/plle2_i/CLKOUT3
                         net (fo=1, routed)           0.518     2.622    ddr3.u_axi_wrap_ddr/mig_axi/u_mig_axi_32_mig/u_ddr3_infrastructure/pll_clk3_out
    BUFHCE_X0Y48         BUFH (Prop_bufh_I_O)         0.020     2.642 r  ddr3.u_axi_wrap_ddr/mig_axi/u_mig_axi_32_mig/u_ddr3_infrastructure/u_bufh_pll_clk3/O
                         net (fo=1, routed)           0.326     2.968    ddr3.u_axi_wrap_ddr/mig_axi/u_mig_axi_32_mig/u_ddr3_infrastructure/pll_clk3
    MMCME2_ADV_X0Y4      MMCME2_ADV (Prop_mmcme2_adv_CLKIN1_CLKFBOUT)
                                                     -1.511     1.457 r  ddr3.u_axi_wrap_ddr/mig_axi/u_mig_axi_32_mig/u_ddr3_infrastructure/gen_mmcm.mmcm_i/CLKFBOUT
                         net (fo=1, routed)           0.790     2.248    ddr3.u_axi_wrap_ddr/mig_axi/u_mig_axi_32_mig/u_ddr3_infrastructure/clk_pll_i
    BUFGCTRL_X0Y16       BUFG (Prop_bufg_I_O)         0.026     2.274 r  ddr3.u_axi_wrap_ddr/mig_axi/u_mig_axi_32_mig/u_ddr3_infrastructure/u_bufg_clkdiv0/O
                         net (fo=7005, routed)        0.582     2.855    ddr3.u_axi_wrap_ddr/mig_axi/u_mig_axi_32_mig/u_memc_ui_top_axi/u_axi_mc/USE_UPSIZER.upsizer_d2/USE_WRITE.write_addr_inst/CLK
    SLICE_X45Y195        FDRE                                         r  ddr3.u_axi_wrap_ddr/mig_axi/u_mig_axi_32_mig/u_memc_ui_top_axi/u_axi_mc/USE_UPSIZER.upsizer_d2/USE_WRITE.write_addr_inst/USE_REGISTER.M_AXI_AADDR_q_reg[9]/C
  -------------------------------------------------------------------    -------------------
    SLICE_X45Y195        FDRE (Prop_fdre_C_Q)         0.128     2.983 r  ddr3.u_axi_wrap_ddr/mig_axi/u_mig_axi_32_mig/u_memc_ui_top_axi/u_axi_mc/USE_UPSIZER.upsizer_d2/USE_WRITE.write_addr_inst/USE_REGISTER.M_AXI_AADDR_q_reg[9]/Q
                         net (fo=4, routed)           0.263     3.247    ddr3.u_axi_wrap_ddr/mig_axi/u_mig_axi_32_mig/u_memc_ui_top_axi/u_axi_mc/axi_mc_aw_channel_0/aw_cmd_fsm_0/axaddr_reg[26][9]
    SLICE_X46Y203        LUT6 (Prop_lut6_I4_O)        0.099     3.346 r  ddr3.u_axi_wrap_ddr/mig_axi/u_mig_axi_32_mig/u_memc_ui_top_axi/u_axi_mc/axi_mc_aw_channel_0/aw_cmd_fsm_0/app_addr_r1[8]_i_3/O
                         net (fo=1, routed)           0.000     3.346    ddr3.u_axi_wrap_ddr/mig_axi/u_mig_axi_32_mig/u_memc_ui_top_axi/u_axi_mc/axi_mc_cmd_arbiter_0/app_addr_r1_reg[8]_0
    SLICE_X46Y203        MUXF7 (Prop_muxf7_I1_O)      0.064     3.410 r  ddr3.u_axi_wrap_ddr/mig_axi/u_mig_axi_32_mig/u_memc_ui_top_axi/u_axi_mc/axi_mc_cmd_arbiter_0/app_addr_r1_reg[8]_i_1/O
                         net (fo=1, routed)           0.000     3.410    ddr3.u_axi_wrap_ddr/mig_axi/u_mig_axi_32_mig/u_memc_ui_top_axi/u_ui_top/ui_cmd0/D[5]
    SLICE_X46Y203        FDRE                                         r  ddr3.u_axi_wrap_ddr/mig_axi/u_mig_axi_32_mig/u_memc_ui_top_axi/u_ui_top/ui_cmd0/app_addr_r1_reg[8]/D
  -------------------------------------------------------------------    -------------------

                         (clock clk_pll_i rise edge)
                                                      0.000     0.000 r  
    AC19                                              0.000     0.000 r  clk (IN)
                         net (fo=0)                   0.000     0.000    clk
    AC19                 IBUF (Prop_ibuf_I_O)         0.441     0.441 r  clk_IBUF_inst/O
                         net (fo=1, routed)           1.160     1.601    clk_IBUF
    BUFGCTRL_X0Y0        BUFG (Prop_bufg_I_O)         0.029     1.630 r  clk_IBUF_BUFG_inst/O
                         net (fo=2166, routed)        0.976     2.606    ddr3.u_axi_wrap_ddr/mig_axi/u_mig_axi_32_mig/u_ddr3_infrastructure/mmcm_clk
    PLLE2_ADV_X0Y4       PLLE2_ADV (Prop_plle2_adv_CLKIN1_CLKOUT3)
                                                      0.053     2.659 r  ddr3.u_axi_wrap_ddr/mig_axi/u_mig_axi_32_mig/u_ddr3_infrastructure/plle2_i/CLKOUT3
                         net (fo=1, routed)           0.577     3.236    ddr3.u_axi_wrap_ddr/mig_axi/u_mig_axi_32_mig/u_ddr3_infrastructure/pll_clk3_out
    BUFHCE_X0Y48         BUFH (Prop_bufh_I_O)         0.043     3.279 r  ddr3.u_axi_wrap_ddr/mig_axi/u_mig_axi_32_mig/u_ddr3_infrastructure/u_bufh_pll_clk3/O
                         net (fo=1, routed)           0.553     3.832    ddr3.u_axi_wrap_ddr/mig_axi/u_mig_axi_32_mig/u_ddr3_infrastructure/pll_clk3
    MMCME2_ADV_X0Y4      MMCME2_ADV (Prop_mmcme2_adv_CLKIN1_CLKFBOUT)
                                                     -1.858     1.974 r  ddr3.u_axi_wrap_ddr/mig_axi/u_mig_axi_32_mig/u_ddr3_infrastructure/gen_mmcm.mmcm_i/CLKFBOUT
                         net (fo=1, routed)           0.860     2.834    ddr3.u_axi_wrap_ddr/mig_axi/u_mig_axi_32_mig/u_ddr3_infrastructure/clk_pll_i
    BUFGCTRL_X0Y16       BUFG (Prop_bufg_I_O)         0.029     2.863 r  ddr3.u_axi_wrap_ddr/mig_axi/u_mig_axi_32_mig/u_ddr3_infrastructure/u_bufg_clkdiv0/O
                         net (fo=7005, routed)        0.944     3.807    ddr3.u_axi_wrap_ddr/mig_axi/u_mig_axi_32_mig/u_memc_ui_top_axi/u_ui_top/ui_cmd0/CLK
    SLICE_X46Y203        FDRE                                         r  ddr3.u_axi_wrap_ddr/mig_axi/u_mig_axi_32_mig/u_memc_ui_top_axi/u_ui_top/ui_cmd0/app_addr_r1_reg[8]/C
                         clock pessimism             -0.594     3.213    
    SLICE_X46Y203        FDRE (Hold_fdre_C_D)         0.134     3.347    ddr3.u_axi_wrap_ddr/mig_axi/u_mig_axi_32_mig/u_memc_ui_top_axi/u_ui_top/ui_cmd0/app_addr_r1_reg[8]
  -------------------------------------------------------------------
                         required time                         -3.347    
                         arrival time                           3.410    
  -------------------------------------------------------------------
                         slack                                  0.063    





Pulse Width Checks
--------------------------------------------------------------------------------------
Clock Name:         clk_pll_i
Waveform(ns):       { 0.000 5.000 }
Period(ns):         10.000
Sources:            { ddr3.u_axi_wrap_ddr/mig_axi/u_mig_axi_32_mig/u_ddr3_infrastructure/gen_mmcm.mmcm_i/CLKFBOUT }

Check Type        Corner  Lib Pin             Reference Pin  Required(ns)  Actual(ns)  Slack(ns)  Location         Pin
Min Period        n/a     IN_FIFO/RDCLK       n/a            5.000         10.000      5.000      IN_FIFO_X0Y16    ddr3.u_axi_wrap_ddr/mig_axi/u_mig_axi_32_mig/u_memc_ui_top_axi/mem_intfc0/ddr_phy_top0/u_ddr_mc_phy_wrapper/u_ddr_mc_phy/ddr_phy_4lanes_0.u_ddr_phy_4lanes/ddr_byte_lane_A.ddr_byte_lane_A/in_fifo_gen.in_fifo/RDCLK
Max Period        n/a     MMCME2_ADV/CLKFBIN  n/a            100.000       10.000      90.000     MMCME2_ADV_X0Y4  ddr3.u_axi_wrap_ddr/mig_axi/u_mig_axi_32_mig/u_ddr3_infrastructure/gen_mmcm.mmcm_i/CLKFBIN
Low Pulse Width   Slow    IN_FIFO/RDCLK       n/a            2.150         5.000       2.850      IN_FIFO_X0Y16    ddr3.u_axi_wrap_ddr/mig_axi/u_mig_axi_32_mig/u_memc_ui_top_axi/mem_intfc0/ddr_phy_top0/u_ddr_mc_phy_wrapper/u_ddr_mc_phy/ddr_phy_4lanes_0.u_ddr_phy_4lanes/ddr_byte_lane_A.ddr_byte_lane_A/in_fifo_gen.in_fifo/RDCLK
High Pulse Width  Slow    IN_FIFO/RDCLK       n/a            2.150         5.000       2.850      IN_FIFO_X0Y16    ddr3.u_axi_wrap_ddr/mig_axi/u_mig_axi_32_mig/u_memc_ui_top_axi/mem_intfc0/ddr_phy_top0/u_ddr_mc_phy_wrapper/u_ddr_mc_phy/ddr_phy_4lanes_0.u_ddr_phy_4lanes/ddr_byte_lane_A.ddr_byte_lane_A/in_fifo_gen.in_fifo/RDCLK



---------------------------------------------------------------------------------------------------
From Clock:  pll_clkfbout
  To Clock:  pll_clkfbout

Setup :           NA  Failing Endpoints,  Worst Slack           NA  ,  Total Violation           NA
Hold  :           NA  Failing Endpoints,  Worst Slack           NA  ,  Total Violation           NA
PW    :            0  Failing Endpoints,  Worst Slack        8.751ns,  Total Violation        0.000ns
---------------------------------------------------------------------------------------------------


Pulse Width Checks
--------------------------------------------------------------------------------------
Clock Name:         pll_clkfbout
Waveform(ns):       { 0.000 5.000 }
Period(ns):         10.000
Sources:            { ddr3.u_axi_wrap_ddr/mig_axi/u_mig_axi_32_mig/u_ddr3_infrastructure/plle2_i/CLKFBOUT }

Check Type  Corner  Lib Pin             Reference Pin  Required(ns)  Actual(ns)  Slack(ns)  Location        Pin
Min Period  n/a     PLLE2_ADV/CLKFBOUT  n/a            1.249         10.000      8.751      PLLE2_ADV_X0Y4  ddr3.u_axi_wrap_ddr/mig_axi/u_mig_axi_32_mig/u_ddr3_infrastructure/plle2_i/CLKFBOUT
Max Period  n/a     PLLE2_ADV/CLKFBIN   n/a            52.633        10.000      42.633     PLLE2_ADV_X0Y4  ddr3.u_axi_wrap_ddr/mig_axi/u_mig_axi_32_mig/u_ddr3_infrastructure/plle2_i/CLKFBIN



---------------------------------------------------------------------------------------------------
From Clock:  sync_pulse
  To Clock:  sync_pulse

Setup :           NA  Failing Endpoints,  Worst Slack           NA  ,  Total Violation           NA
Hold  :           NA  Failing Endpoints,  Worst Slack           NA  ,  Total Violation           NA
PW    :            0  Failing Endpoints,  Worst Slack        1.428ns,  Total Violation        0.000ns
---------------------------------------------------------------------------------------------------


Pulse Width Checks
--------------------------------------------------------------------------------------
Clock Name:         sync_pulse
Waveform(ns):       { 1.094 3.594 }
Period(ns):         40.000
Sources:            { ddr3.u_axi_wrap_ddr/mig_axi/u_mig_axi_32_mig/u_ddr3_infrastructure/plle2_i/CLKOUT2 }

Check Type        Corner  Lib Pin               Reference Pin  Required(ns)  Actual(ns)  Slack(ns)  Location             Pin
Min Period        n/a     PLLE2_ADV/CLKOUT2     n/a            1.249         40.000      38.751     PLLE2_ADV_X0Y4       ddr3.u_axi_wrap_ddr/mig_axi/u_mig_axi_32_mig/u_ddr3_infrastructure/plle2_i/CLKOUT2
Max Period        n/a     PLLE2_ADV/CLKOUT2     n/a            160.000       40.000      120.000    PLLE2_ADV_X0Y4       ddr3.u_axi_wrap_ddr/mig_axi/u_mig_axi_32_mig/u_ddr3_infrastructure/plle2_i/CLKOUT2
High Pulse Width  Slow    PHASER_IN_PHY/SYNCIN  n/a            1.072         2.500       1.428      PHASER_IN_PHY_X0Y16  ddr3.u_axi_wrap_ddr/mig_axi/u_mig_axi_32_mig/u_memc_ui_top_axi/mem_intfc0/ddr_phy_top0/u_ddr_mc_phy_wrapper/u_ddr_mc_phy/ddr_phy_4lanes_0.u_ddr_phy_4lanes/ddr_byte_lane_A.ddr_byte_lane_A/phaser_in_gen.phaser_in/SYNCIN



---------------------------------------------------------------------------------------------------
From Clock:  sys_clk
  To Clock:  sys_clk

Setup :            0  Failing Endpoints,  Worst Slack        1.220ns,  Total Violation        0.000ns
Hold  :            0  Failing Endpoints,  Worst Slack        0.078ns,  Total Violation        0.000ns
PW    :            0  Failing Endpoints,  Worst Slack        3.870ns,  Total Violation        0.000ns
---------------------------------------------------------------------------------------------------


Max Delay Paths
--------------------------------------------------------------------------------------
Slack (MET) :             1.220ns  (required time - arrival time)
  Source:                 fpga_pll.u_rst_sys/delay_reg[1]/C
                            (rising edge-triggered cell FDCE clocked by sys_clk  {rise@0.000ns fall@5.000ns period=10.000ns})
  Destination:            APB_DEV/uart0/regs/receiver/FSM_onehot_rstate_reg[1]/R
                            (rising edge-triggered cell FDRE clocked by sys_clk  {rise@0.000ns fall@5.000ns period=10.000ns})
  Path Group:             sys_clk
  Path Type:              Setup (Max at Slow Process Corner)
  Requirement:            10.000ns  (sys_clk rise@10.000ns - sys_clk rise@0.000ns)
  Data Path Delay:        8.412ns  (logic 0.538ns (6.396%)  route 7.874ns (93.604%))
  Logic Levels:           1  (LUT1=1)
  Clock Path Skew:        0.112ns (DCD - SCD + CPR)
    Destination Clock Delay (DCD):    5.342ns = ( 15.342 - 10.000 ) 
    Source Clock Delay      (SCD):    5.497ns
    Clock Pessimism Removal (CPR):    0.267ns
  Clock Uncertainty:      0.057ns  ((TSJ^2 + DJ^2)^1/2) / 2 + PE
    Total System Jitter     (TSJ):    0.071ns
    Discrete Jitter          (DJ):    0.089ns
    Phase Error              (PE):    0.000ns

    Location             Delay type                Incr(ns)  Path(ns)    Netlist Resource(s)
  -------------------------------------------------------------------    -------------------
                         (clock sys_clk rise edge)    0.000     0.000 r  
    AC19                                              0.000     0.000 r  clk (IN)
                         net (fo=0)                   0.000     0.000    clk
    AC19                 IBUF (Prop_ibuf_I_O)         1.416     1.416 r  clk_IBUF_inst/O
                         net (fo=1, routed)           2.602     4.018    clk_IBUF
    BUFGCTRL_X0Y0        BUFG (Prop_bufg_I_O)         0.081     4.099 r  clk_IBUF_BUFG_inst/O
                         net (fo=2166, routed)        1.536     5.635    fpga_pll.u_clk_pll/inst/clk_in1
    PLLE2_ADV_X0Y2       PLLE2_ADV (Prop_plle2_adv_CLKIN1_CLKOUT1)
                                                     -3.173     2.461 r  fpga_pll.u_clk_pll/inst/plle2_adv_inst/CLKOUT1
                         net (fo=1, routed)           1.557     4.018    fpga_pll.u_clk_pll/inst/sys_clk_clk_pll
    BUFGCTRL_X0Y3        BUFG (Prop_bufg_I_O)         0.081     4.099 r  fpga_pll.u_clk_pll/inst/clkout2_buf/O
                         net (fo=3603, routed)        1.398     5.497    fpga_pll.u_rst_sys/sys_clk
    SLICE_X42Y195        FDCE                                         r  fpga_pll.u_rst_sys/delay_reg[1]/C
  -------------------------------------------------------------------    -------------------
    SLICE_X42Y195        FDCE (Prop_fdce_C_Q)         0.433     5.930 f  fpga_pll.u_rst_sys/delay_reg[1]/Q
                         net (fo=36, routed)          1.683     7.614    fpga_pll.u_rst_sys/Q[0]
    SLICE_X50Y192        LUT1 (Prop_lut1_I0_O)        0.105     7.719 r  fpga_pll.u_rst_sys/pushCC_pushPtr[2]_i_3__1/O
                         net (fo=718, routed)         6.191    13.909    APB_DEV/uart0/regs/receiver/prst
    SLICE_X2Y187         FDRE                                         r  APB_DEV/uart0/regs/receiver/FSM_onehot_rstate_reg[1]/R
  -------------------------------------------------------------------    -------------------

                         (clock sys_clk rise edge)   10.000    10.000 r  
    AC19                                              0.000    10.000 r  clk (IN)
                         net (fo=0)                   0.000    10.000    clk
    AC19                 IBUF (Prop_ibuf_I_O)         1.350    11.350 r  clk_IBUF_inst/O
                         net (fo=1, routed)           2.471    13.821    clk_IBUF
    BUFGCTRL_X0Y0        BUFG (Prop_bufg_I_O)         0.077    13.898 r  clk_IBUF_BUFG_inst/O
                         net (fo=2166, routed)        1.434    15.331    fpga_pll.u_clk_pll/inst/clk_in1
    PLLE2_ADV_X0Y2       PLLE2_ADV (Prop_plle2_adv_CLKIN1_CLKOUT1)
                                                     -2.995    12.336 r  fpga_pll.u_clk_pll/inst/plle2_adv_inst/CLKOUT1
                         net (fo=1, routed)           1.484    13.821    fpga_pll.u_clk_pll/inst/sys_clk_clk_pll
    BUFGCTRL_X0Y3        BUFG (Prop_bufg_I_O)         0.077    13.898 r  fpga_pll.u_clk_pll/inst/clkout2_buf/O
                         net (fo=3603, routed)        1.444    15.342    APB_DEV/uart0/regs/receiver/sys_clk
    SLICE_X2Y187         FDRE                                         r  APB_DEV/uart0/regs/receiver/FSM_onehot_rstate_reg[1]/C
                         clock pessimism              0.267    15.609    
                         clock uncertainty           -0.057    15.552    
    SLICE_X2Y187         FDRE (Setup_fdre_C_R)       -0.423    15.129    APB_DEV/uart0/regs/receiver/FSM_onehot_rstate_reg[1]
  -------------------------------------------------------------------
                         required time                         15.129    
                         arrival time                         -13.909    
  -------------------------------------------------------------------
                         slack                                  1.220    





Min Delay Paths
--------------------------------------------------------------------------------------
Slack (MET) :             0.078ns  (arrival time - required time)
  Source:                 APB_DEV/uart0/regs/receiver/rf_data_in_reg[3]/C
                            (rising edge-triggered cell FDRE clocked by sys_clk  {rise@0.000ns fall@5.000ns period=10.000ns})
  Destination:            APB_DEV/uart0/regs/receiver/fifo_rx/rfifo/ram_reg_0_15_0_5/RAMA/I
                            (rising edge-triggered cell RAMD32 clocked by sys_clk  {rise@0.000ns fall@5.000ns period=10.000ns})
  Path Group:             sys_clk
  Path Type:              Hold (Min at Fast Process Corner)
  Requirement:            0.000ns  (sys_clk rise@0.000ns - sys_clk rise@0.000ns)
  Data Path Delay:        0.242ns  (logic 0.141ns (58.222%)  route 0.101ns (41.777%))
  Logic Levels:           0  
  Clock Path Skew:        0.017ns (DCD - SCD - CPR)
    Destination Clock Delay (DCD):    2.553ns
    Source Clock Delay      (SCD):    2.001ns
    Clock Pessimism Removal (CPR):    0.535ns

    Location             Delay type                Incr(ns)  Path(ns)    Netlist Resource(s)
  -------------------------------------------------------------------    -------------------
                         (clock sys_clk rise edge)    0.000     0.000 r  
    AC19                                              0.000     0.000 r  clk (IN)
                         net (fo=0)                   0.000     0.000    clk
    AC19                 IBUF (Prop_ibuf_I_O)         0.253     0.253 r  clk_IBUF_inst/O
                         net (fo=1, routed)           1.074     1.327    clk_IBUF
    BUFGCTRL_X0Y0        BUFG (Prop_bufg_I_O)         0.026     1.353 r  clk_IBUF_BUFG_inst/O
                         net (fo=2166, routed)        0.615     1.967    fpga_pll.u_clk_pll/inst/clk_in1
    PLLE2_ADV_X0Y2       PLLE2_ADV (Prop_plle2_adv_CLKIN1_CLKOUT1)
                                                     -1.200     0.767 r  fpga_pll.u_clk_pll/inst/plle2_adv_inst/CLKOUT1
                         net (fo=1, routed)           0.560     1.327    fpga_pll.u_clk_pll/inst/sys_clk_clk_pll
    BUFGCTRL_X0Y3        BUFG (Prop_bufg_I_O)         0.026     1.353 r  fpga_pll.u_clk_pll/inst/clkout2_buf/O
                         net (fo=3603, routed)        0.649     2.001    APB_DEV/uart0/regs/receiver/sys_clk
    SLICE_X4Y187         FDRE                                         r  APB_DEV/uart0/regs/receiver/rf_data_in_reg[3]/C
  -------------------------------------------------------------------    -------------------
    SLICE_X4Y187         FDRE (Prop_fdre_C_Q)         0.141     2.142 r  APB_DEV/uart0/regs/receiver/rf_data_in_reg[3]/Q
                         net (fo=1, routed)           0.101     2.244    APB_DEV/uart0/regs/receiver/fifo_rx/rfifo/ram_reg_0_15_0_5/DIA0
    SLICE_X6Y188         RAMD32                                       r  APB_DEV/uart0/regs/receiver/fifo_rx/rfifo/ram_reg_0_15_0_5/RAMA/I
  -------------------------------------------------------------------    -------------------

                         (clock sys_clk rise edge)    0.000     0.000 r  
    AC19                                              0.000     0.000 r  clk (IN)
                         net (fo=0)                   0.000     0.000    clk
    AC19                 IBUF (Prop_ibuf_I_O)         0.441     0.441 r  clk_IBUF_inst/O
                         net (fo=1, routed)           1.160     1.601    clk_IBUF
    BUFGCTRL_X0Y0        BUFG (Prop_bufg_I_O)         0.029     1.630 r  clk_IBUF_BUFG_inst/O
                         net (fo=2166, routed)        0.884     2.513    fpga_pll.u_clk_pll/inst/clk_in1
    PLLE2_ADV_X0Y2       PLLE2_ADV (Prop_plle2_adv_CLKIN1_CLKOUT1)
                                                     -1.523     0.990 r  fpga_pll.u_clk_pll/inst/plle2_adv_inst/CLKOUT1
                         net (fo=1, routed)           0.611     1.601    fpga_pll.u_clk_pll/inst/sys_clk_clk_pll
    BUFGCTRL_X0Y3        BUFG (Prop_bufg_I_O)         0.029     1.630 r  fpga_pll.u_clk_pll/inst/clkout2_buf/O
                         net (fo=3603, routed)        0.924     2.553    APB_DEV/uart0/regs/receiver/fifo_rx/rfifo/ram_reg_0_15_0_5/WCLK
    SLICE_X6Y188         RAMD32                                       r  APB_DEV/uart0/regs/receiver/fifo_rx/rfifo/ram_reg_0_15_0_5/RAMA/CLK
                         clock pessimism             -0.535     2.018    
    SLICE_X6Y188         RAMD32 (Hold_ramd32_CLK_I)
                                                      0.147     2.165    APB_DEV/uart0/regs/receiver/fifo_rx/rfifo/ram_reg_0_15_0_5/RAMA
  -------------------------------------------------------------------
                         required time                         -2.165    
                         arrival time                           2.244    
  -------------------------------------------------------------------
                         slack                                  0.078    





Pulse Width Checks
--------------------------------------------------------------------------------------
Clock Name:         sys_clk
Waveform(ns):       { 0.000 5.000 }
Period(ns):         10.000
Sources:            { fpga_pll.u_clk_pll/inst/plle2_adv_inst/CLKOUT1 }

Check Type        Corner  Lib Pin             Reference Pin  Required(ns)  Actual(ns)  Slack(ns)  Location        Pin
Min Period        n/a     RAMB36E1/CLKARDCLK  n/a            2.170         10.000      7.830      RAMB36_X4Y33    u_jtag_axi_wrap/u_jtag_axi/inst/jtag_axi_engine_u/rd_cmd_fifo_i/inst_fifo_gen/gconvfifo.rf/grf.rf/gntv_or_sync_fifo.mem/gbm.gbmg.gbmga.ngecc.bmg/inst_blk_mem_gen/gnbram.gnativebmg.native_blk_mem_gen/valid.cstr/ramloop[0].ram.r/prim_noinit.ram/DEVICE_7SERIES.NO_BMM_INFO.SDP.WIDE_PRIM36_NO_ECC.ram/CLKARDCLK
Max Period        n/a     PLLE2_ADV/CLKOUT1   n/a            160.000       10.000      150.000    PLLE2_ADV_X0Y2  fpga_pll.u_clk_pll/inst/plle2_adv_inst/CLKOUT1
Low Pulse Width   Slow    RAMD32/CLK          n/a            1.130         5.000       3.870      SLICE_X6Y188    APB_DEV/uart0/regs/receiver/fifo_rx/rfifo/ram_reg_0_15_0_5/RAMA/CLK
High Pulse Width  Slow    RAMD32/CLK          n/a            1.130         5.000       3.870      SLICE_X6Y188    APB_DEV/uart0/regs/receiver/fifo_rx/rfifo/ram_reg_0_15_0_5/RAMA/CLK



---------------------------------------------------------------------------------------------------
From Clock:  dbg_hub/inst/BSCANID.u_xsdbm_id/SWITCH_N_EXT_BSCAN.bscan_inst/SERIES7_BSCAN.bscan_inst/TCK
  To Clock:  dbg_hub/inst/BSCANID.u_xsdbm_id/SWITCH_N_EXT_BSCAN.bscan_inst/SERIES7_BSCAN.bscan_inst/TCK

Setup :            0  Failing Endpoints,  Worst Slack       25.892ns,  Total Violation        0.000ns
Hold  :            0  Failing Endpoints,  Worst Slack        0.057ns,  Total Violation        0.000ns
PW    :            0  Failing Endpoints,  Worst Slack       15.370ns,  Total Violation        0.000ns
---------------------------------------------------------------------------------------------------


Max Delay Paths
--------------------------------------------------------------------------------------
Slack (MET) :             25.892ns  (required time - arrival time)
  Source:                 dbg_hub/inst/BSCANID.u_xsdbm_id/SWITCH_N_EXT_BSCAN.bscan_switch/state_reg[2]/C
                            (rising edge-triggered cell FDRE clocked by dbg_hub/inst/BSCANID.u_xsdbm_id/SWITCH_N_EXT_BSCAN.bscan_inst/SERIES7_BSCAN.bscan_inst/TCK  {rise@0.000ns fall@16.500ns period=33.000ns})
  Destination:            dbg_hub/inst/BSCANID.u_xsdbm_id/SWITCH_N_EXT_BSCAN.bscan_switch/portno_temp_reg[5]/D
                            (rising edge-triggered cell FDRE clocked by dbg_hub/inst/BSCANID.u_xsdbm_id/SWITCH_N_EXT_BSCAN.bscan_inst/SERIES7_BSCAN.bscan_inst/TCK  {rise@0.000ns fall@16.500ns period=33.000ns})
  Path Group:             dbg_hub/inst/BSCANID.u_xsdbm_id/SWITCH_N_EXT_BSCAN.bscan_inst/SERIES7_BSCAN.bscan_inst/TCK
  Path Type:              Setup (Max at Slow Process Corner)
  Requirement:            33.000ns  (dbg_hub/inst/BSCANID.u_xsdbm_id/SWITCH_N_EXT_BSCAN.bscan_inst/SERIES7_BSCAN.bscan_inst/TCK rise@33.000ns - dbg_hub/inst/BSCANID.u_xsdbm_id/SWITCH_N_EXT_BSCAN.bscan_inst/SERIES7_BSCAN.bscan_inst/TCK rise@0.000ns)
  Data Path Delay:        7.108ns  (logic 1.765ns (24.830%)  route 5.343ns (75.170%))
  Logic Levels:           6  (CARRY4=2 LUT3=1 LUT4=1 LUT5=1 LUT6=1)
  Clock Path Skew:        -0.038ns (DCD - SCD + CPR)
    Destination Clock Delay (DCD):    3.773ns = ( 36.773 - 33.000 ) 
    Source Clock Delay      (SCD):    4.240ns
    Clock Pessimism Removal (CPR):    0.429ns
  Clock Uncertainty:      0.035ns  ((TSJ^2 + TIJ^2)^1/2 + DJ) / 2 + PE
    Total System Jitter     (TSJ):    0.071ns
    Total Input Jitter      (TIJ):    0.000ns
    Discrete Jitter          (DJ):    0.000ns
    Phase Error              (PE):    0.000ns

    Location             Delay type                Incr(ns)  Path(ns)    Netlist Resource(s)
  -------------------------------------------------------------------    -------------------
                         (clock dbg_hub/inst/BSCANID.u_xsdbm_id/SWITCH_N_EXT_BSCAN.bscan_inst/SERIES7_BSCAN.bscan_inst/TCK rise edge)
                                                      0.000     0.000 r  
    BSCAN_X0Y0           BSCANE2                      0.000     0.000 r  dbg_hub/inst/BSCANID.u_xsdbm_id/SWITCH_N_EXT_BSCAN.bscan_inst/SERIES7_BSCAN.bscan_inst/TCK
                         net (fo=1, routed)           2.690     2.690    dbg_hub/inst/BSCANID.u_xsdbm_id/tck_bs
    BUFGCTRL_X0Y4        BUFG (Prop_bufg_I_O)         0.081     2.771 r  dbg_hub/inst/BSCANID.u_xsdbm_id/SWITCH_N_EXT_BSCAN.u_bufg_icon_tck/O
                         net (fo=486, routed)         1.469     4.240    dbg_hub/inst/BSCANID.u_xsdbm_id/SWITCH_N_EXT_BSCAN.bscan_switch/s_bscan_tck
    SLICE_X8Y173         FDRE                                         r  dbg_hub/inst/BSCANID.u_xsdbm_id/SWITCH_N_EXT_BSCAN.bscan_switch/state_reg[2]/C
  -------------------------------------------------------------------    -------------------
    SLICE_X8Y173         FDRE (Prop_fdre_C_Q)         0.433     4.673 f  dbg_hub/inst/BSCANID.u_xsdbm_id/SWITCH_N_EXT_BSCAN.bscan_switch/state_reg[2]/Q
                         net (fo=50, routed)          1.979     6.652    dbg_hub/inst/BSCANID.u_xsdbm_id/SWITCH_N_EXT_BSCAN.bscan_switch/state[2]
    SLICE_X1Y175         LUT4 (Prop_lut4_I2_O)        0.119     6.771 r  dbg_hub/inst/BSCANID.u_xsdbm_id/SWITCH_N_EXT_BSCAN.bscan_switch/curid_inferred_i_23/O
                         net (fo=2, routed)           1.159     7.931    dbg_hub/inst/BSCANID.u_xsdbm_id/SWITCH_N_EXT_BSCAN.bscan_switch/curid[9]
    SLICE_X5Y171         LUT6 (Prop_lut6_I4_O)        0.267     8.198 r  dbg_hub/inst/BSCANID.u_xsdbm_id/SWITCH_N_EXT_BSCAN.bscan_switch/state_temp[0]_i_12/O
                         net (fo=1, routed)           0.000     8.198    dbg_hub/inst/BSCANID.u_xsdbm_id/SWITCH_N_EXT_BSCAN.bscan_switch/state_temp[0]_i_12_n_0
    SLICE_X5Y171         CARRY4 (Prop_carry4_S[0]_CO[3])
                                                      0.440     8.638 r  dbg_hub/inst/BSCANID.u_xsdbm_id/SWITCH_N_EXT_BSCAN.bscan_switch/state_temp_reg[0]_i_4/CO[3]
                         net (fo=1, routed)           0.000     8.638    dbg_hub/inst/BSCANID.u_xsdbm_id/SWITCH_N_EXT_BSCAN.bscan_switch/state_temp_reg[0]_i_4_n_0
    SLICE_X5Y172         CARRY4 (Prop_carry4_CI_CO[3])
                                                      0.098     8.736 f  dbg_hub/inst/BSCANID.u_xsdbm_id/SWITCH_N_EXT_BSCAN.bscan_switch/state_temp_reg[0]_i_3/CO[3]
                         net (fo=4, routed)           1.306    10.041    dbg_hub/inst/BSCANID.u_xsdbm_id/SWITCH_N_EXT_BSCAN.bscan_switch/state_temp_reg[0]_i_3_n_0
    SLICE_X8Y173         LUT5 (Prop_lut5_I1_O)        0.122    10.163 r  dbg_hub/inst/BSCANID.u_xsdbm_id/SWITCH_N_EXT_BSCAN.bscan_switch/portno_temp[5]_i_2/O
                         net (fo=7, routed)           0.899    11.062    dbg_hub/inst/BSCANID.u_xsdbm_id/SWITCH_N_EXT_BSCAN.bscan_switch/portno_temp[5]_i_2_n_0
    SLICE_X10Y172        LUT3 (Prop_lut3_I1_O)        0.286    11.348 r  dbg_hub/inst/BSCANID.u_xsdbm_id/SWITCH_N_EXT_BSCAN.bscan_switch/portno_temp[5]_i_1/O
                         net (fo=1, routed)           0.000    11.348    dbg_hub/inst/BSCANID.u_xsdbm_id/SWITCH_N_EXT_BSCAN.bscan_switch/portno_temp[5]_i_1_n_0
    SLICE_X10Y172        FDRE                                         r  dbg_hub/inst/BSCANID.u_xsdbm_id/SWITCH_N_EXT_BSCAN.bscan_switch/portno_temp_reg[5]/D
  -------------------------------------------------------------------    -------------------

                         (clock dbg_hub/inst/BSCANID.u_xsdbm_id/SWITCH_N_EXT_BSCAN.bscan_inst/SERIES7_BSCAN.bscan_inst/TCK rise edge)
                                                     33.000    33.000 r  
    BSCAN_X0Y0           BSCANE2                      0.000    33.000 r  dbg_hub/inst/BSCANID.u_xsdbm_id/SWITCH_N_EXT_BSCAN.bscan_inst/SERIES7_BSCAN.bscan_inst/TCK
                         net (fo=1, routed)           2.331    35.331    dbg_hub/inst/BSCANID.u_xsdbm_id/tck_bs
    BUFGCTRL_X0Y4        BUFG (Prop_bufg_I_O)         0.077    35.408 r  dbg_hub/inst/BSCANID.u_xsdbm_id/SWITCH_N_EXT_BSCAN.u_bufg_icon_tck/O
                         net (fo=486, routed)         1.365    36.773    dbg_hub/inst/BSCANID.u_xsdbm_id/SWITCH_N_EXT_BSCAN.bscan_switch/s_bscan_tck
    SLICE_X10Y172        FDRE                                         r  dbg_hub/inst/BSCANID.u_xsdbm_id/SWITCH_N_EXT_BSCAN.bscan_switch/portno_temp_reg[5]/C
                         clock pessimism              0.429    37.202    
                         clock uncertainty           -0.035    37.167    
    SLICE_X10Y172        FDRE (Setup_fdre_C_D)        0.074    37.241    dbg_hub/inst/BSCANID.u_xsdbm_id/SWITCH_N_EXT_BSCAN.bscan_switch/portno_temp_reg[5]
  -------------------------------------------------------------------
                         required time                         37.241    
                         arrival time                         -11.348    
  -------------------------------------------------------------------
                         slack                                 25.892    





Min Delay Paths
--------------------------------------------------------------------------------------
Slack (MET) :             0.057ns  (arrival time - required time)
  Source:                 dbg_hub/inst/BSCANID.u_xsdbm_id/CORE_XSDB.UUT_MASTER/U_ICON_INTERFACE/U_CMD6_WR/U_WR_FIFO/SUBCORE_FIFO.xsdbm_v3_0_0_wrfifo_inst/inst_fifo_gen/gconvfifo.rf/grf.rf/gntv_or_sync_fifo.gl0.wr/wpntr/gic0.gc0.count_d2_reg[2]/C
                            (rising edge-triggered cell FDCE clocked by dbg_hub/inst/BSCANID.u_xsdbm_id/SWITCH_N_EXT_BSCAN.bscan_inst/SERIES7_BSCAN.bscan_inst/TCK  {rise@0.000ns fall@16.500ns period=33.000ns})
  Destination:            dbg_hub/inst/BSCANID.u_xsdbm_id/CORE_XSDB.UUT_MASTER/U_ICON_INTERFACE/U_CMD6_WR/U_WR_FIFO/SUBCORE_FIFO.xsdbm_v3_0_0_wrfifo_inst/inst_fifo_gen/gconvfifo.rf/grf.rf/gntv_or_sync_fifo.mem/gdm.dm_gen.dm/RAM_reg_0_15_0_5/RAMA/WADR2
                            (rising edge-triggered cell RAMD32 clocked by dbg_hub/inst/BSCANID.u_xsdbm_id/SWITCH_N_EXT_BSCAN.bscan_inst/SERIES7_BSCAN.bscan_inst/TCK  {rise@0.000ns fall@16.500ns period=33.000ns})
  Path Group:             dbg_hub/inst/BSCANID.u_xsdbm_id/SWITCH_N_EXT_BSCAN.bscan_inst/SERIES7_BSCAN.bscan_inst/TCK
  Path Type:              Hold (Min at Fast Process Corner)
  Requirement:            0.000ns  (dbg_hub/inst/BSCANID.u_xsdbm_id/SWITCH_N_EXT_BSCAN.bscan_inst/SERIES7_BSCAN.bscan_inst/TCK rise@0.000ns - dbg_hub/inst/BSCANID.u_xsdbm_id/SWITCH_N_EXT_BSCAN.bscan_inst/SERIES7_BSCAN.bscan_inst/TCK rise@0.000ns)
  Data Path Delay:        0.347ns  (logic 0.141ns (40.595%)  route 0.206ns (59.405%))
  Logic Levels:           0  
  Clock Path Skew:        0.036ns (DCD - SCD - CPR)
    Destination Clock Delay (DCD):    2.506ns
    Source Clock Delay      (SCD):    2.040ns
    Clock Pessimism Removal (CPR):    0.430ns

    Location             Delay type                Incr(ns)  Path(ns)    Netlist Resource(s)
  -------------------------------------------------------------------    -------------------
                         (clock dbg_hub/inst/BSCANID.u_xsdbm_id/SWITCH_N_EXT_BSCAN.bscan_inst/SERIES7_BSCAN.bscan_inst/TCK rise edge)
                                                      0.000     0.000 r  
    BSCAN_X0Y0           BSCANE2                      0.000     0.000 r  dbg_hub/inst/BSCANID.u_xsdbm_id/SWITCH_N_EXT_BSCAN.bscan_inst/SERIES7_BSCAN.bscan_inst/TCK
                         net (fo=1, routed)           1.439     1.439    dbg_hub/inst/BSCANID.u_xsdbm_id/tck_bs
    BUFGCTRL_X0Y4        BUFG (Prop_bufg_I_O)         0.026     1.465 r  dbg_hub/inst/BSCANID.u_xsdbm_id/SWITCH_N_EXT_BSCAN.u_bufg_icon_tck/O
                         net (fo=486, routed)         0.576     2.040    dbg_hub/inst/BSCANID.u_xsdbm_id/CORE_XSDB.UUT_MASTER/U_ICON_INTERFACE/U_CMD6_WR/U_WR_FIFO/SUBCORE_FIFO.xsdbm_v3_0_0_wrfifo_inst/inst_fifo_gen/gconvfifo.rf/grf.rf/gntv_or_sync_fifo.gl0.wr/wpntr/wr_clk
    SLICE_X69Y195        FDCE                                         r  dbg_hub/inst/BSCANID.u_xsdbm_id/CORE_XSDB.UUT_MASTER/U_ICON_INTERFACE/U_CMD6_WR/U_WR_FIFO/SUBCORE_FIFO.xsdbm_v3_0_0_wrfifo_inst/inst_fifo_gen/gconvfifo.rf/grf.rf/gntv_or_sync_fifo.gl0.wr/wpntr/gic0.gc0.count_d2_reg[2]/C
  -------------------------------------------------------------------    -------------------
    SLICE_X69Y195        FDCE (Prop_fdce_C_Q)         0.141     2.181 r  dbg_hub/inst/BSCANID.u_xsdbm_id/CORE_XSDB.UUT_MASTER/U_ICON_INTERFACE/U_CMD6_WR/U_WR_FIFO/SUBCORE_FIFO.xsdbm_v3_0_0_wrfifo_inst/inst_fifo_gen/gconvfifo.rf/grf.rf/gntv_or_sync_fifo.gl0.wr/wpntr/gic0.gc0.count_d2_reg[2]/Q
                         net (fo=26, routed)          0.206     2.388    dbg_hub/inst/BSCANID.u_xsdbm_id/CORE_XSDB.UUT_MASTER/U_ICON_INTERFACE/U_CMD6_WR/U_WR_FIFO/SUBCORE_FIFO.xsdbm_v3_0_0_wrfifo_inst/inst_fifo_gen/gconvfifo.rf/grf.rf/gntv_or_sync_fifo.mem/gdm.dm_gen.dm/RAM_reg_0_15_0_5/ADDRD2
    SLICE_X70Y194        RAMD32                                       r  dbg_hub/inst/BSCANID.u_xsdbm_id/CORE_XSDB.UUT_MASTER/U_ICON_INTERFACE/U_CMD6_WR/U_WR_FIFO/SUBCORE_FIFO.xsdbm_v3_0_0_wrfifo_inst/inst_fifo_gen/gconvfifo.rf/grf.rf/gntv_or_sync_fifo.mem/gdm.dm_gen.dm/RAM_reg_0_15_0_5/RAMA/WADR2
  -------------------------------------------------------------------    -------------------

                         (clock dbg_hub/inst/BSCANID.u_xsdbm_id/SWITCH_N_EXT_BSCAN.bscan_inst/SERIES7_BSCAN.bscan_inst/TCK rise edge)
                                                      0.000     0.000 r  
    BSCAN_X0Y0           BSCANE2                      0.000     0.000 r  dbg_hub/inst/BSCANID.u_xsdbm_id/SWITCH_N_EXT_BSCAN.bscan_inst/SERIES7_BSCAN.bscan_inst/TCK
                         net (fo=1, routed)           1.632     1.632    dbg_hub/inst/BSCANID.u_xsdbm_id/tck_bs
    BUFGCTRL_X0Y4        BUFG (Prop_bufg_I_O)         0.029     1.661 r  dbg_hub/inst/BSCANID.u_xsdbm_id/SWITCH_N_EXT_BSCAN.u_bufg_icon_tck/O
                         net (fo=486, routed)         0.845     2.506    dbg_hub/inst/BSCANID.u_xsdbm_id/CORE_XSDB.UUT_MASTER/U_ICON_INTERFACE/U_CMD6_WR/U_WR_FIFO/SUBCORE_FIFO.xsdbm_v3_0_0_wrfifo_inst/inst_fifo_gen/gconvfifo.rf/grf.rf/gntv_or_sync_fifo.mem/gdm.dm_gen.dm/RAM_reg_0_15_0_5/WCLK
    SLICE_X70Y194        RAMD32                                       r  dbg_hub/inst/BSCANID.u_xsdbm_id/CORE_XSDB.UUT_MASTER/U_ICON_INTERFACE/U_CMD6_WR/U_WR_FIFO/SUBCORE_FIFO.xsdbm_v3_0_0_wrfifo_inst/inst_fifo_gen/gconvfifo.rf/grf.rf/gntv_or_sync_fifo.mem/gdm.dm_gen.dm/RAM_reg_0_15_0_5/RAMA/CLK
                         clock pessimism             -0.430     2.076    
    SLICE_X70Y194        RAMD32 (Hold_ramd32_CLK_WADR2)
                                                      0.254     2.330    dbg_hub/inst/BSCANID.u_xsdbm_id/CORE_XSDB.UUT_MASTER/U_ICON_INTERFACE/U_CMD6_WR/U_WR_FIFO/SUBCORE_FIFO.xsdbm_v3_0_0_wrfifo_inst/inst_fifo_gen/gconvfifo.rf/grf.rf/gntv_or_sync_fifo.mem/gdm.dm_gen.dm/RAM_reg_0_15_0_5/RAMA
  -------------------------------------------------------------------
                         required time                         -2.330    
                         arrival time                           2.388    
  -------------------------------------------------------------------
                         slack                                  0.057    





Pulse Width Checks
--------------------------------------------------------------------------------------
Clock Name:         dbg_hub/inst/BSCANID.u_xsdbm_id/SWITCH_N_EXT_BSCAN.bscan_inst/SERIES7_BSCAN.bscan_inst/TCK
Waveform(ns):       { 0.000 16.500 }
Period(ns):         33.000
Sources:            { dbg_hub/inst/BSCANID.u_xsdbm_id/SWITCH_N_EXT_BSCAN.bscan_inst/SERIES7_BSCAN.bscan_inst/TCK }

Check Type        Corner  Lib Pin     Reference Pin  Required(ns)  Actual(ns)  Slack(ns)  Location       Pin
Min Period        n/a     BUFG/I      n/a            1.592         33.000      31.408     BUFGCTRL_X0Y4  dbg_hub/inst/BSCANID.u_xsdbm_id/SWITCH_N_EXT_BSCAN.u_bufg_icon_tck/I
Low Pulse Width   Slow    RAMD32/CLK  n/a            1.130         16.500      15.370     SLICE_X70Y194  dbg_hub/inst/BSCANID.u_xsdbm_id/CORE_XSDB.UUT_MASTER/U_ICON_INTERFACE/U_CMD6_WR/U_WR_FIFO/SUBCORE_FIFO.xsdbm_v3_0_0_wrfifo_inst/inst_fifo_gen/gconvfifo.rf/grf.rf/gntv_or_sync_fifo.mem/gdm.dm_gen.dm/RAM_reg_0_15_0_5/RAMA/CLK
High Pulse Width  Slow    RAMD32/CLK  n/a            1.130         16.500      15.370     SLICE_X70Y194  dbg_hub/inst/BSCANID.u_xsdbm_id/CORE_XSDB.UUT_MASTER/U_ICON_INTERFACE/U_CMD6_WR/U_WR_FIFO/SUBCORE_FIFO.xsdbm_v3_0_0_wrfifo_inst/inst_fifo_gen/gconvfifo.rf/grf.rf/gntv_or_sync_fifo.mem/gdm.dm_gen.dm/RAM_reg_0_15_0_5/RAMA/CLK



---------------------------------------------------------------------------------------------------
From Clock:  dbg_hub/inst/BSCANID.u_xsdbm_id/SWITCH_N_EXT_BSCAN.bscan_inst/SERIES7_BSCAN.bscan_inst/TCK
  To Clock:  clk

Setup :            0  Failing Endpoints,  Worst Slack       32.011ns,  Total Violation        0.000ns
Hold  :           NA  Failing Endpoints,  Worst Slack           NA  ,  Total Violation           NA
---------------------------------------------------------------------------------------------------


Max Delay Paths
--------------------------------------------------------------------------------------
Slack (MET) :             32.011ns  (required time - arrival time)
  Source:                 dbg_hub/inst/BSCANID.u_xsdbm_id/CORE_XSDB.UUT_MASTER/U_ICON_INTERFACE/U_CMD6_RD/U_RD_FIFO/SUBCORE_FIFO.xsdbm_v3_0_0_rdfifo_inst/inst_fifo_gen/gconvfifo.rf/grf.rf/gntv_or_sync_fifo.gcx.clkx/gnxpm_cdc.rd_pntr_gc_reg[0]/C
                            (rising edge-triggered cell FDCE clocked by dbg_hub/inst/BSCANID.u_xsdbm_id/SWITCH_N_EXT_BSCAN.bscan_inst/SERIES7_BSCAN.bscan_inst/TCK  {rise@0.000ns fall@16.500ns period=33.000ns})
  Destination:            dbg_hub/inst/BSCANID.u_xsdbm_id/CORE_XSDB.UUT_MASTER/U_ICON_INTERFACE/U_CMD6_RD/U_RD_FIFO/SUBCORE_FIFO.xsdbm_v3_0_0_rdfifo_inst/inst_fifo_gen/gconvfifo.rf/grf.rf/gntv_or_sync_fifo.gcx.clkx/gnxpm_cdc.gsync_stage[1].wr_stg_inst/Q_reg_reg[0]/D
                            (rising edge-triggered cell FDCE clocked by clk  {rise@0.000ns fall@5.000ns period=10.000ns})
  Path Group:             clk
  Path Type:              Setup (Max at Slow Process Corner)
  Requirement:            33.000ns  (MaxDelay Path 33.000ns)
  Data Path Delay:        0.787ns  (logic 0.398ns (50.542%)  route 0.389ns (49.458%))
  Logic Levels:           0  
  Timing Exception:       MaxDelay Path 33.000ns -datapath_only

    Location             Delay type                Incr(ns)  Path(ns)    Netlist Resource(s)
  -------------------------------------------------------------------    -------------------
    SLICE_X76Y198                                     0.000     0.000 r  dbg_hub/inst/BSCANID.u_xsdbm_id/CORE_XSDB.UUT_MASTER/U_ICON_INTERFACE/U_CMD6_RD/U_RD_FIFO/SUBCORE_FIFO.xsdbm_v3_0_0_rdfifo_inst/inst_fifo_gen/gconvfifo.rf/grf.rf/gntv_or_sync_fifo.gcx.clkx/gnxpm_cdc.rd_pntr_gc_reg[0]/C
    SLICE_X76Y198        FDCE (Prop_fdce_C_Q)         0.398     0.398 r  dbg_hub/inst/BSCANID.u_xsdbm_id/CORE_XSDB.UUT_MASTER/U_ICON_INTERFACE/U_CMD6_RD/U_RD_FIFO/SUBCORE_FIFO.xsdbm_v3_0_0_rdfifo_inst/inst_fifo_gen/gconvfifo.rf/grf.rf/gntv_or_sync_fifo.gcx.clkx/gnxpm_cdc.rd_pntr_gc_reg[0]/Q
                         net (fo=1, routed)           0.389     0.787    dbg_hub/inst/BSCANID.u_xsdbm_id/CORE_XSDB.UUT_MASTER/U_ICON_INTERFACE/U_CMD6_RD/U_RD_FIFO/SUBCORE_FIFO.xsdbm_v3_0_0_rdfifo_inst/inst_fifo_gen/gconvfifo.rf/grf.rf/gntv_or_sync_fifo.gcx.clkx/gnxpm_cdc.gsync_stage[1].wr_stg_inst/Q[0]
    SLICE_X75Y198        FDCE                                         r  dbg_hub/inst/BSCANID.u_xsdbm_id/CORE_XSDB.UUT_MASTER/U_ICON_INTERFACE/U_CMD6_RD/U_RD_FIFO/SUBCORE_FIFO.xsdbm_v3_0_0_rdfifo_inst/inst_fifo_gen/gconvfifo.rf/grf.rf/gntv_or_sync_fifo.gcx.clkx/gnxpm_cdc.gsync_stage[1].wr_stg_inst/Q_reg_reg[0]/D
  -------------------------------------------------------------------    -------------------

                         max delay                   33.000    33.000    
    SLICE_X75Y198        FDCE (Setup_fdce_C_D)       -0.202    32.798    dbg_hub/inst/BSCANID.u_xsdbm_id/CORE_XSDB.UUT_MASTER/U_ICON_INTERFACE/U_CMD6_RD/U_RD_FIFO/SUBCORE_FIFO.xsdbm_v3_0_0_rdfifo_inst/inst_fifo_gen/gconvfifo.rf/grf.rf/gntv_or_sync_fifo.gcx.clkx/gnxpm_cdc.gsync_stage[1].wr_stg_inst/Q_reg_reg[0]
  -------------------------------------------------------------------
                         required time                         32.798    
                         arrival time                          -0.787    
  -------------------------------------------------------------------
                         slack                                 32.011    





---------------------------------------------------------------------------------------------------
From Clock:  clk_pll_i
  To Clock:  ddr_clk

Setup :            0  Failing Endpoints,  Worst Slack       17.311ns,  Total Violation        0.000ns
Hold  :           NA  Failing Endpoints,  Worst Slack           NA  ,  Total Violation           NA
---------------------------------------------------------------------------------------------------


Max Delay Paths
--------------------------------------------------------------------------------------
Slack (MET) :             17.311ns  (required time - arrival time)
  Source:                 ddr3.u_axi_wrap_ddr/mig_axi/u_mig_axi_32_mig/u_ddr3_infrastructure/rstdiv0_sync_r1_reg_rep/C
                            (rising edge-triggered cell FDPE clocked by clk_pll_i  {rise@0.000ns fall@5.000ns period=10.000ns})
  Destination:            ddr3.u_axi_wrap_ddr/mig_axi/u_mig_axi_32_mig/temp_mon_enabled.u_tempmon/xadc_supplied_temperature.rst_r1_reg/D
                            (rising edge-triggered cell FDRE clocked by ddr_clk  {rise@0.000ns fall@2.500ns period=5.000ns})
  Path Group:             ddr_clk
  Path Type:              Setup (Max at Slow Process Corner)
  Requirement:            20.000ns  (MaxDelay Path 20.000ns)
  Data Path Delay:        2.614ns  (logic 0.433ns (16.567%)  route 2.181ns (83.433%))
  Logic Levels:           0  
  Timing Exception:       MaxDelay Path 20.000ns -datapath_only

    Location             Delay type                Incr(ns)  Path(ns)    Netlist Resource(s)
  -------------------------------------------------------------------    -------------------
    SLICE_X22Y237                                     0.000     0.000 r  ddr3.u_axi_wrap_ddr/mig_axi/u_mig_axi_32_mig/u_ddr3_infrastructure/rstdiv0_sync_r1_reg_rep/C
    SLICE_X22Y237        FDPE (Prop_fdpe_C_Q)         0.433     0.433 r  ddr3.u_axi_wrap_ddr/mig_axi/u_mig_axi_32_mig/u_ddr3_infrastructure/rstdiv0_sync_r1_reg_rep/Q
                         net (fo=32, routed)          2.181     2.614    ddr3.u_axi_wrap_ddr/mig_axi/u_mig_axi_32_mig/temp_mon_enabled.u_tempmon/in0
    SLICE_X11Y180        FDRE                                         r  ddr3.u_axi_wrap_ddr/mig_axi/u_mig_axi_32_mig/temp_mon_enabled.u_tempmon/xadc_supplied_temperature.rst_r1_reg/D
  -------------------------------------------------------------------    -------------------

                         max delay                   20.000    20.000    
    SLICE_X11Y180        FDRE (Setup_fdre_C_D)       -0.075    19.925    ddr3.u_axi_wrap_ddr/mig_axi/u_mig_axi_32_mig/temp_mon_enabled.u_tempmon/xadc_supplied_temperature.rst_r1_reg
  -------------------------------------------------------------------
                         required time                         19.925    
                         arrival time                          -2.614    
  -------------------------------------------------------------------
                         slack                                 17.311    





---------------------------------------------------------------------------------------------------
From Clock:  sync_pulse
  To Clock:  mem_refclk

Setup :            0  Failing Endpoints,  Worst Slack        0.978ns,  Total Violation        0.000ns
Hold  :            0  Failing Endpoints,  Worst Slack        0.673ns,  Total Violation        0.000ns
---------------------------------------------------------------------------------------------------


Max Delay Paths
--------------------------------------------------------------------------------------
Slack (MET) :             0.978ns  (required time - arrival time)
  Source:                 ddr3.u_axi_wrap_ddr/mig_axi/u_mig_axi_32_mig/u_ddr3_infrastructure/plle2_i/CLKOUT2
                            (clock source 'sync_pulse'  {rise@1.094ns fall@3.594ns period=40.000ns})
  Destination:            ddr3.u_axi_wrap_ddr/mig_axi/u_mig_axi_32_mig/u_memc_ui_top_axi/mem_intfc0/ddr_phy_top0/u_ddr_mc_phy_wrapper/u_ddr_mc_phy/ddr_phy_4lanes_0.u_ddr_phy_4lanes/phy_control_i/SYNCIN
                            (rising edge-triggered cell PHY_CONTROL clocked by mem_refclk  {rise@0.000ns fall@1.250ns period=2.500ns})
  Path Group:             mem_refclk
  Path Type:              Setup (Max at Slow Process Corner)
  Requirement:            1.406ns  (mem_refclk rise@2.500ns - sync_pulse rise@1.094ns)
  Data Path Delay:        0.528ns  (logic 0.000ns (0.000%)  route 0.528ns (100.000%))
  Logic Levels:           0  
  Clock Path Skew:        0.501ns (DCD - SCD + CPR)
    Destination Clock Delay (DCD):    6.058ns = ( 8.558 - 2.500 ) 
    Source Clock Delay      (SCD):    5.872ns = ( 6.966 - 1.094 ) 
    Clock Pessimism Removal (CPR):    0.315ns
  Clock Uncertainty:      0.219ns  ((TSJ^2 + DJ^2)^1/2) / 2 + PE
    Total System Jitter     (TSJ):    0.071ns
    Discrete Jitter          (DJ):    0.186ns
    Phase Error              (PE):    0.120ns

    Location             Delay type                Incr(ns)  Path(ns)    Netlist Resource(s)
  -------------------------------------------------------------------    -------------------
                         (clock sync_pulse rise edge)
                                                      1.094     1.094 r  
    AC19                                              0.000     1.094 r  clk (IN)
                         net (fo=0)                   0.000     1.094    clk
    AC19                 IBUF (Prop_ibuf_I_O)         1.416     2.510 r  clk_IBUF_inst/O
                         net (fo=1, routed)           2.602     5.112    clk_IBUF
    BUFGCTRL_X0Y0        BUFG (Prop_bufg_I_O)         0.081     5.193 r  clk_IBUF_BUFG_inst/O
                         net (fo=2166, routed)        1.696     6.889    ddr3.u_axi_wrap_ddr/mig_axi/u_mig_axi_32_mig/u_ddr3_infrastructure/mmcm_clk
  -------------------------------------------------------------------    -------------------
    PLLE2_ADV_X0Y4       PLLE2_ADV (Prop_plle2_adv_CLKIN1_CLKOUT2)
                                                      0.077     6.966 r  ddr3.u_axi_wrap_ddr/mig_axi/u_mig_axi_32_mig/u_ddr3_infrastructure/plle2_i/CLKOUT2
                         net (fo=7, routed)           0.528     7.494    ddr3.u_axi_wrap_ddr/mig_axi/u_mig_axi_32_mig/u_memc_ui_top_axi/mem_intfc0/ddr_phy_top0/u_ddr_mc_phy_wrapper/u_ddr_mc_phy/ddr_phy_4lanes_0.u_ddr_phy_4lanes/sync_pulse
    PHY_CONTROL_X0Y4     PHY_CONTROL                                  r  ddr3.u_axi_wrap_ddr/mig_axi/u_mig_axi_32_mig/u_memc_ui_top_axi/mem_intfc0/ddr_phy_top0/u_ddr_mc_phy_wrapper/u_ddr_mc_phy/ddr_phy_4lanes_0.u_ddr_phy_4lanes/phy_control_i/SYNCIN
  -------------------------------------------------------------------    -------------------

                         (clock mem_refclk rise edge)
                                                      2.500     2.500 r  
    AC19                                              0.000     2.500 r  clk (IN)
                         net (fo=0)                   0.000     2.500    clk
    AC19                 IBUF (Prop_ibuf_I_O)         1.350     3.850 r  clk_IBUF_inst/O
                         net (fo=1, routed)           2.471     6.321    clk_IBUF
    BUFGCTRL_X0Y0        BUFG (Prop_bufg_I_O)         0.077     6.398 r  clk_IBUF_BUFG_inst/O
                         net (fo=2166, routed)        1.586     7.984    ddr3.u_axi_wrap_ddr/mig_axi/u_mig_axi_32_mig/u_ddr3_infrastructure/mmcm_clk
    PLLE2_ADV_X0Y4       PLLE2_ADV (Prop_plle2_adv_CLKIN1_CLKOUT1)
                                                      0.073     8.057 r  ddr3.u_axi_wrap_ddr/mig_axi/u_mig_axi_32_mig/u_ddr3_infrastructure/plle2_i/CLKOUT1
                         net (fo=7, routed)           0.501     8.558    ddr3.u_axi_wrap_ddr/mig_axi/u_mig_axi_32_mig/u_memc_ui_top_axi/mem_intfc0/ddr_phy_top0/u_ddr_mc_phy_wrapper/u_ddr_mc_phy/ddr_phy_4lanes_0.u_ddr_phy_4lanes/mem_refclk
    PHY_CONTROL_X0Y4     PHY_CONTROL                                  r  ddr3.u_axi_wrap_ddr/mig_axi/u_mig_axi_32_mig/u_memc_ui_top_axi/mem_intfc0/ddr_phy_top0/u_ddr_mc_phy_wrapper/u_ddr_mc_phy/ddr_phy_4lanes_0.u_ddr_phy_4lanes/phy_control_i/MEMREFCLK
                         clock pessimism              0.315     8.873    
                         clock uncertainty           -0.219     8.654    
    PHY_CONTROL_X0Y4     PHY_CONTROL (Setup_phy_control_MEMREFCLK_SYNCIN)
                                                     -0.182     8.472    ddr3.u_axi_wrap_ddr/mig_axi/u_mig_axi_32_mig/u_memc_ui_top_axi/mem_intfc0/ddr_phy_top0/u_ddr_mc_phy_wrapper/u_ddr_mc_phy/ddr_phy_4lanes_0.u_ddr_phy_4lanes/phy_control_i
  -------------------------------------------------------------------
                         required time                          8.472    
                         arrival time                          -7.494    
  -------------------------------------------------------------------
                         slack                                  0.978    





Min Delay Paths
--------------------------------------------------------------------------------------
Slack (MET) :             0.673ns  (arrival time - required time)
  Source:                 ddr3.u_axi_wrap_ddr/mig_axi/u_mig_axi_32_mig/u_ddr3_infrastructure/plle2_i/CLKOUT2
                            (clock source 'sync_pulse'  {rise@1.094ns fall@3.594ns period=40.000ns})
  Destination:            ddr3.u_axi_wrap_ddr/mig_axi/u_mig_axi_32_mig/u_memc_ui_top_axi/mem_intfc0/ddr_phy_top0/u_ddr_mc_phy_wrapper/u_ddr_mc_phy/ddr_phy_4lanes_0.u_ddr_phy_4lanes/phy_control_i/SYNCIN
                            (rising edge-triggered cell PHY_CONTROL clocked by mem_refclk  {rise@0.000ns fall@1.250ns period=2.500ns})
  Path Group:             mem_refclk
  Path Type:              Hold (Min at Slow Process Corner)
  Requirement:            -1.094ns  (mem_refclk rise@2.500ns - sync_pulse fall@3.594ns)
  Data Path Delay:        0.501ns  (logic 0.000ns (0.000%)  route 0.501ns (100.000%))
  Logic Levels:           0  
  Clock Path Skew:        0.528ns (DCD - SCD - CPR)
    Destination Clock Delay (DCD):    6.400ns = ( 8.900 - 2.500 ) 
    Source Clock Delay      (SCD):    5.557ns = ( 9.150 - 3.594 ) 
    Clock Pessimism Removal (CPR):    0.315ns
  Clock Uncertainty:      0.219ns  ((TSJ^2 + DJ^2)^1/2) / 2 + PE
    Total System Jitter     (TSJ):    0.071ns
    Discrete Jitter          (DJ):    0.186ns
    Phase Error              (PE):    0.120ns

    Location             Delay type                Incr(ns)  Path(ns)    Netlist Resource(s)
  -------------------------------------------------------------------    -------------------
                         (clock sync_pulse fall edge)
                                                      3.594     3.594 f  
    AC19                                              0.000     3.594 f  clk (IN)
                         net (fo=0)                   0.000     3.594    clk
    AC19                 IBUF (Prop_ibuf_I_O)         1.350     4.944 f  clk_IBUF_inst/O
                         net (fo=1, routed)           2.471     7.414    clk_IBUF
    BUFGCTRL_X0Y0        BUFG (Prop_bufg_I_O)         0.077     7.491 f  clk_IBUF_BUFG_inst/O
                         net (fo=2166, routed)        1.586     9.077    ddr3.u_axi_wrap_ddr/mig_axi/u_mig_axi_32_mig/u_ddr3_infrastructure/mmcm_clk
  -------------------------------------------------------------------    -------------------
    PLLE2_ADV_X0Y4       PLLE2_ADV (Prop_plle2_adv_CLKIN1_CLKOUT2)
                                                      0.073     9.150 f  ddr3.u_axi_wrap_ddr/mig_axi/u_mig_axi_32_mig/u_ddr3_infrastructure/plle2_i/CLKOUT2
                         net (fo=7, routed)           0.501     9.651    ddr3.u_axi_wrap_ddr/mig_axi/u_mig_axi_32_mig/u_memc_ui_top_axi/mem_intfc0/ddr_phy_top0/u_ddr_mc_phy_wrapper/u_ddr_mc_phy/ddr_phy_4lanes_0.u_ddr_phy_4lanes/sync_pulse
    PHY_CONTROL_X0Y4     PHY_CONTROL                                  f  ddr3.u_axi_wrap_ddr/mig_axi/u_mig_axi_32_mig/u_memc_ui_top_axi/mem_intfc0/ddr_phy_top0/u_ddr_mc_phy_wrapper/u_ddr_mc_phy/ddr_phy_4lanes_0.u_ddr_phy_4lanes/phy_control_i/SYNCIN
  -------------------------------------------------------------------    -------------------

                         (clock mem_refclk rise edge)
                                                      2.500     2.500 r  
    AC19                                              0.000     2.500 r  clk (IN)
                         net (fo=0)                   0.000     2.500    clk
    AC19                 IBUF (Prop_ibuf_I_O)         1.416     3.916 r  clk_IBUF_inst/O
                         net (fo=1, routed)           2.602     6.518    clk_IBUF
    BUFGCTRL_X0Y0        BUFG (Prop_bufg_I_O)         0.081     6.599 r  clk_IBUF_BUFG_inst/O
                         net (fo=2166, routed)        1.696     8.295    ddr3.u_axi_wrap_ddr/mig_axi/u_mig_axi_32_mig/u_ddr3_infrastructure/mmcm_clk
    PLLE2_ADV_X0Y4       PLLE2_ADV (Prop_plle2_adv_CLKIN1_CLKOUT1)
                                                      0.077     8.372 r  ddr3.u_axi_wrap_ddr/mig_axi/u_mig_axi_32_mig/u_ddr3_infrastructure/plle2_i/CLKOUT1
                         net (fo=7, routed)           0.528     8.900    ddr3.u_axi_wrap_ddr/mig_axi/u_mig_axi_32_mig/u_memc_ui_top_axi/mem_intfc0/ddr_phy_top0/u_ddr_mc_phy_wrapper/u_ddr_mc_phy/ddr_phy_4lanes_0.u_ddr_phy_4lanes/mem_refclk
    PHY_CONTROL_X0Y4     PHY_CONTROL                                  r  ddr3.u_axi_wrap_ddr/mig_axi/u_mig_axi_32_mig/u_memc_ui_top_axi/mem_intfc0/ddr_phy_top0/u_ddr_mc_phy_wrapper/u_ddr_mc_phy/ddr_phy_4lanes_0.u_ddr_phy_4lanes/phy_control_i/MEMREFCLK
                         clock pessimism             -0.315     8.585    
                         clock uncertainty            0.219     8.804    
    PHY_CONTROL_X0Y4     PHY_CONTROL (Hold_phy_control_MEMREFCLK_SYNCIN)
                                                      0.174     8.978    ddr3.u_axi_wrap_ddr/mig_axi/u_mig_axi_32_mig/u_memc_ui_top_axi/mem_intfc0/ddr_phy_top0/u_ddr_mc_phy_wrapper/u_ddr_mc_phy/ddr_phy_4lanes_0.u_ddr_phy_4lanes/phy_control_i
  -------------------------------------------------------------------
                         required time                         -8.978    
                         arrival time                           9.651    
  -------------------------------------------------------------------
                         slack                                  0.673    





---------------------------------------------------------------------------------------------------
From Clock:  oserdes_clk
  To Clock:  oserdes_clkdiv

Setup :            0  Failing Endpoints,  Worst Slack        1.694ns,  Total Violation        0.000ns
Hold  :            0  Failing Endpoints,  Worst Slack        0.095ns,  Total Violation        0.000ns
---------------------------------------------------------------------------------------------------


Max Delay Paths
--------------------------------------------------------------------------------------
Slack (MET) :             1.694ns  (required time - arrival time)
  Source:                 ddr3.u_axi_wrap_ddr/mig_axi/u_mig_axi_32_mig/u_memc_ui_top_axi/mem_intfc0/ddr_phy_top0/u_ddr_mc_phy_wrapper/u_ddr_mc_phy/ddr_phy_4lanes_0.u_ddr_phy_4lanes/ddr_byte_lane_A.ddr_byte_lane_A/phaser_out/OCLK
                            (rising edge-triggered cell PHASER_OUT_PHY clocked by oserdes_clk  {rise@0.000ns fall@1.250ns period=2.500ns})
  Destination:            ddr3.u_axi_wrap_ddr/mig_axi/u_mig_axi_32_mig/u_memc_ui_top_axi/mem_intfc0/ddr_phy_top0/u_ddr_mc_phy_wrapper/u_ddr_mc_phy/ddr_phy_4lanes_0.u_ddr_phy_4lanes/ddr_byte_lane_A.ddr_byte_lane_A/out_fifo/RDEN
                            (rising edge-triggered cell OUT_FIFO clocked by oserdes_clkdiv  {rise@0.000ns fall@2.500ns period=5.000ns})
  Path Group:             oserdes_clkdiv
  Path Type:              Setup (Max at Slow Process Corner)
  Requirement:            2.500ns  (oserdes_clkdiv rise@5.000ns - oserdes_clk rise@2.500ns)
  Data Path Delay:        0.301ns  (logic 0.301ns (100.000%)  route 0.000ns (0.000%))
  Logic Levels:           0  
  Clock Path Skew:        0.133ns (DCD - SCD + CPR)
    Destination Clock Delay (DCD):    8.213ns = ( 13.213 - 5.000 ) 
    Source Clock Delay      (SCD):    8.477ns = ( 10.977 - 2.500 ) 
    Clock Pessimism Removal (CPR):    0.398ns
  Clock Uncertainty:      0.065ns  ((TSJ^2 + DJ^2)^1/2) / 2 + PE
    Total System Jitter     (TSJ):    0.071ns
    Discrete Jitter          (DJ):    0.109ns
    Phase Error              (PE):    0.000ns

    Location             Delay type                Incr(ns)  Path(ns)    Netlist Resource(s)
  -------------------------------------------------------------------    -------------------
                         (clock oserdes_clk rise edge)
                                                      2.500     2.500 r  
    AC19                                              0.000     2.500 r  clk (IN)
                         net (fo=0)                   0.000     2.500    clk
    AC19                 IBUF (Prop_ibuf_I_O)         1.416     3.916 r  clk_IBUF_inst/O
                         net (fo=1, routed)           2.602     6.518    clk_IBUF
    BUFGCTRL_X0Y0        BUFG (Prop_bufg_I_O)         0.081     6.599 r  clk_IBUF_BUFG_inst/O
                         net (fo=2166, routed)        1.696     8.295    ddr3.u_axi_wrap_ddr/mig_axi/u_mig_axi_32_mig/u_ddr3_infrastructure/mmcm_clk
    PLLE2_ADV_X0Y4       PLLE2_ADV (Prop_plle2_adv_CLKIN1_CLKOUT1)
                                                      0.077     8.372 r  ddr3.u_axi_wrap_ddr/mig_axi/u_mig_axi_32_mig/u_ddr3_infrastructure/plle2_i/CLKOUT1
                         net (fo=7, routed)           0.522     8.894    ddr3.u_axi_wrap_ddr/mig_axi/u_mig_axi_32_mig/u_memc_ui_top_axi/mem_intfc0/ddr_phy_top0/u_ddr_mc_phy_wrapper/u_ddr_mc_phy/ddr_phy_4lanes_0.u_ddr_phy_4lanes/ddr_byte_lane_A.ddr_byte_lane_A/mem_refclk
    PHASER_OUT_PHY_X0Y16 PHASER_OUT_PHY (Prop_phaser_out_phy_MEMREFCLK_OCLK)
                                                      2.083    10.977 r  ddr3.u_axi_wrap_ddr/mig_axi/u_mig_axi_32_mig/u_memc_ui_top_axi/mem_intfc0/ddr_phy_top0/u_ddr_mc_phy_wrapper/u_ddr_mc_phy/ddr_phy_4lanes_0.u_ddr_phy_4lanes/ddr_byte_lane_A.ddr_byte_lane_A/phaser_out/OCLK
  -------------------------------------------------------------------    -------------------
    PHASER_OUT_PHY_X0Y16 PHASER_OUT_PHY (Prop_phaser_out_phy_OCLK_RDENABLE)
                                                      0.301    11.278 r  ddr3.u_axi_wrap_ddr/mig_axi/u_mig_axi_32_mig/u_memc_ui_top_axi/mem_intfc0/ddr_phy_top0/u_ddr_mc_phy_wrapper/u_ddr_mc_phy/ddr_phy_4lanes_0.u_ddr_phy_4lanes/ddr_byte_lane_A.ddr_byte_lane_A/phaser_out/RDENABLE
                         net (fo=1, routed)           0.000    11.278    ddr3.u_axi_wrap_ddr/mig_axi/u_mig_axi_32_mig/u_memc_ui_top_axi/mem_intfc0/ddr_phy_top0/u_ddr_mc_phy_wrapper/u_ddr_mc_phy/ddr_phy_4lanes_0.u_ddr_phy_4lanes/ddr_byte_lane_A.ddr_byte_lane_A/po_rd_enable
    OUT_FIFO_X0Y16       OUT_FIFO                                     r  ddr3.u_axi_wrap_ddr/mig_axi/u_mig_axi_32_mig/u_memc_ui_top_axi/mem_intfc0/ddr_phy_top0/u_ddr_mc_phy_wrapper/u_ddr_mc_phy/ddr_phy_4lanes_0.u_ddr_phy_4lanes/ddr_byte_lane_A.ddr_byte_lane_A/out_fifo/RDEN
  -------------------------------------------------------------------    -------------------

                         (clock oserdes_clkdiv rise edge)
                                                      5.000     5.000 r  
    AC19                                              0.000     5.000 r  clk (IN)
                         net (fo=0)                   0.000     5.000    clk
    AC19                 IBUF (Prop_ibuf_I_O)         1.350     6.350 r  clk_IBUF_inst/O
                         net (fo=1, routed)           2.471     8.821    clk_IBUF
    BUFGCTRL_X0Y0        BUFG (Prop_bufg_I_O)         0.077     8.898 r  clk_IBUF_BUFG_inst/O
                         net (fo=2166, routed)        1.586    10.484    ddr3.u_axi_wrap_ddr/mig_axi/u_mig_axi_32_mig/u_ddr3_infrastructure/mmcm_clk
    PLLE2_ADV_X0Y4       PLLE2_ADV (Prop_plle2_adv_CLKIN1_CLKOUT1)
                                                      0.073    10.557 r  ddr3.u_axi_wrap_ddr/mig_axi/u_mig_axi_32_mig/u_ddr3_infrastructure/plle2_i/CLKOUT1
                         net (fo=7, routed)           0.496    11.053    ddr3.u_axi_wrap_ddr/mig_axi/u_mig_axi_32_mig/u_memc_ui_top_axi/mem_intfc0/ddr_phy_top0/u_ddr_mc_phy_wrapper/u_ddr_mc_phy/ddr_phy_4lanes_0.u_ddr_phy_4lanes/ddr_byte_lane_A.ddr_byte_lane_A/mem_refclk
    PHASER_OUT_PHY_X0Y16 PHASER_OUT_PHY (Prop_phaser_out_phy_MEMREFCLK_OCLK)
                                                      2.027    13.080 r  ddr3.u_axi_wrap_ddr/mig_axi/u_mig_axi_32_mig/u_memc_ui_top_axi/mem_intfc0/ddr_phy_top0/u_ddr_mc_phy_wrapper/u_ddr_mc_phy/ddr_phy_4lanes_0.u_ddr_phy_4lanes/ddr_byte_lane_A.ddr_byte_lane_A/phaser_out/OCLK
    PHASER_OUT_PHY_X0Y16 PHASER_OUT_PHY (Prop_phaser_out_phy_OCLK_OCLKDIV)
                                                      0.133    13.213 r  ddr3.u_axi_wrap_ddr/mig_axi/u_mig_axi_32_mig/u_memc_ui_top_axi/mem_intfc0/ddr_phy_top0/u_ddr_mc_phy_wrapper/u_ddr_mc_phy/ddr_phy_4lanes_0.u_ddr_phy_4lanes/ddr_byte_lane_A.ddr_byte_lane_A/phaser_out/OCLKDIV
                         net (fo=11, routed)          0.000    13.213    ddr3.u_axi_wrap_ddr/mig_axi/u_mig_axi_32_mig/u_memc_ui_top_axi/mem_intfc0/ddr_phy_top0/u_ddr_mc_phy_wrapper/u_ddr_mc_phy/ddr_phy_4lanes_0.u_ddr_phy_4lanes/ddr_byte_lane_A.ddr_byte_lane_A/oserdes_clkdiv
    OUT_FIFO_X0Y16       OUT_FIFO                                     r  ddr3.u_axi_wrap_ddr/mig_axi/u_mig_axi_32_mig/u_memc_ui_top_axi/mem_intfc0/ddr_phy_top0/u_ddr_mc_phy_wrapper/u_ddr_mc_phy/ddr_phy_4lanes_0.u_ddr_phy_4lanes/ddr_byte_lane_A.ddr_byte_lane_A/out_fifo/RDCLK
                         clock pessimism              0.398    13.610    
                         clock uncertainty           -0.065    13.545    
    OUT_FIFO_X0Y16       OUT_FIFO (Setup_out_fifo_RDCLK_RDEN)
                                                     -0.573    12.972    ddr3.u_axi_wrap_ddr/mig_axi/u_mig_axi_32_mig/u_memc_ui_top_axi/mem_intfc0/ddr_phy_top0/u_ddr_mc_phy_wrapper/u_ddr_mc_phy/ddr_phy_4lanes_0.u_ddr_phy_4lanes/ddr_byte_lane_A.ddr_byte_lane_A/out_fifo
  -------------------------------------------------------------------
                         required time                         12.972    
                         arrival time                         -11.278    
  -------------------------------------------------------------------
                         slack                                  1.694    





Min Delay Paths
--------------------------------------------------------------------------------------
Slack (MET) :             0.095ns  (arrival time - required time)
  Source:                 ddr3.u_axi_wrap_ddr/mig_axi/u_mig_axi_32_mig/u_memc_ui_top_axi/mem_intfc0/ddr_phy_top0/u_ddr_mc_phy_wrapper/u_ddr_mc_phy/ddr_phy_4lanes_0.u_ddr_phy_4lanes/ddr_byte_lane_A.ddr_byte_lane_A/phaser_out/OCLK
                            (rising edge-triggered cell PHASER_OUT_PHY clocked by oserdes_clk  {rise@0.000ns fall@1.250ns period=2.500ns})
  Destination:            ddr3.u_axi_wrap_ddr/mig_axi/u_mig_axi_32_mig/u_memc_ui_top_axi/mem_intfc0/ddr_phy_top0/u_ddr_mc_phy_wrapper/u_ddr_mc_phy/ddr_phy_4lanes_0.u_ddr_phy_4lanes/ddr_byte_lane_A.ddr_byte_lane_A/out_fifo/RDEN
                            (rising edge-triggered cell OUT_FIFO clocked by oserdes_clkdiv  {rise@0.000ns fall@2.500ns period=5.000ns})
  Path Group:             oserdes_clkdiv
  Path Type:              Hold (Min at Fast Process Corner)
  Requirement:            0.000ns  (oserdes_clkdiv rise@0.000ns - oserdes_clk rise@0.000ns)
  Data Path Delay:        0.172ns  (logic 0.172ns (100.000%)  route 0.000ns (0.000%))
  Logic Levels:           0  
  Clock Path Skew:        0.088ns (DCD - SCD - CPR)
    Destination Clock Delay (DCD):    4.823ns
    Source Clock Delay      (SCD):    4.114ns
    Clock Pessimism Removal (CPR):    0.621ns

    Location             Delay type                Incr(ns)  Path(ns)    Netlist Resource(s)
  -------------------------------------------------------------------    -------------------
                         (clock oserdes_clk rise edge)
                                                      0.000     0.000 r  
    AC19                                              0.000     0.000 r  clk (IN)
                         net (fo=0)                   0.000     0.000    clk
    AC19                 IBUF (Prop_ibuf_I_O)         0.253     0.253 r  clk_IBUF_inst/O
                         net (fo=1, routed)           1.074     1.327    clk_IBUF
    BUFGCTRL_X0Y0        BUFG (Prop_bufg_I_O)         0.026     1.353 r  clk_IBUF_BUFG_inst/O
                         net (fo=2166, routed)        0.701     2.054    ddr3.u_axi_wrap_ddr/mig_axi/u_mig_axi_32_mig/u_ddr3_infrastructure/mmcm_clk
    PLLE2_ADV_X0Y4       PLLE2_ADV (Prop_plle2_adv_CLKIN1_CLKOUT1)
                                                      0.050     2.104 r  ddr3.u_axi_wrap_ddr/mig_axi/u_mig_axi_32_mig/u_ddr3_infrastructure/plle2_i/CLKOUT1
                         net (fo=7, routed)           0.197     2.301    ddr3.u_axi_wrap_ddr/mig_axi/u_mig_axi_32_mig/u_memc_ui_top_axi/mem_intfc0/ddr_phy_top0/u_ddr_mc_phy_wrapper/u_ddr_mc_phy/ddr_phy_4lanes_0.u_ddr_phy_4lanes/ddr_byte_lane_A.ddr_byte_lane_A/mem_refclk
    PHASER_OUT_PHY_X0Y16 PHASER_OUT_PHY (Prop_phaser_out_phy_MEMREFCLK_OCLK)
                                                      1.813     4.114 r  ddr3.u_axi_wrap_ddr/mig_axi/u_mig_axi_32_mig/u_memc_ui_top_axi/mem_intfc0/ddr_phy_top0/u_ddr_mc_phy_wrapper/u_ddr_mc_phy/ddr_phy_4lanes_0.u_ddr_phy_4lanes/ddr_byte_lane_A.ddr_byte_lane_A/phaser_out/OCLK
  -------------------------------------------------------------------    -------------------
    PHASER_OUT_PHY_X0Y16 PHASER_OUT_PHY (Prop_phaser_out_phy_OCLK_RDENABLE)
                                                      0.172     4.286 r  ddr3.u_axi_wrap_ddr/mig_axi/u_mig_axi_32_mig/u_memc_ui_top_axi/mem_intfc0/ddr_phy_top0/u_ddr_mc_phy_wrapper/u_ddr_mc_phy/ddr_phy_4lanes_0.u_ddr_phy_4lanes/ddr_byte_lane_A.ddr_byte_lane_A/phaser_out/RDENABLE
                         net (fo=1, routed)           0.000     4.286    ddr3.u_axi_wrap_ddr/mig_axi/u_mig_axi_32_mig/u_memc_ui_top_axi/mem_intfc0/ddr_phy_top0/u_ddr_mc_phy_wrapper/u_ddr_mc_phy/ddr_phy_4lanes_0.u_ddr_phy_4lanes/ddr_byte_lane_A.ddr_byte_lane_A/po_rd_enable
    OUT_FIFO_X0Y16       OUT_FIFO                                     r  ddr3.u_axi_wrap_ddr/mig_axi/u_mig_axi_32_mig/u_memc_ui_top_axi/mem_intfc0/ddr_phy_top0/u_ddr_mc_phy_wrapper/u_ddr_mc_phy/ddr_phy_4lanes_0.u_ddr_phy_4lanes/ddr_byte_lane_A.ddr_byte_lane_A/out_fifo/RDEN
  -------------------------------------------------------------------    -------------------

                         (clock oserdes_clkdiv rise edge)
                                                      0.000     0.000 r  
    AC19                                              0.000     0.000 r  clk (IN)
                         net (fo=0)                   0.000     0.000    clk
    AC19                 IBUF (Prop_ibuf_I_O)         0.441     0.441 r  clk_IBUF_inst/O
                         net (fo=1, routed)           1.160     1.601    clk_IBUF
    BUFGCTRL_X0Y0        BUFG (Prop_bufg_I_O)         0.029     1.630 r  clk_IBUF_BUFG_inst/O
                         net (fo=2166, routed)        0.976     2.606    ddr3.u_axi_wrap_ddr/mig_axi/u_mig_axi_32_mig/u_ddr3_infrastructure/mmcm_clk
    PLLE2_ADV_X0Y4       PLLE2_ADV (Prop_plle2_adv_CLKIN1_CLKOUT1)
                                                      0.053     2.659 r  ddr3.u_axi_wrap_ddr/mig_axi/u_mig_axi_32_mig/u_ddr3_infrastructure/plle2_i/CLKOUT1
                         net (fo=7, routed)           0.218     2.877    ddr3.u_axi_wrap_ddr/mig_axi/u_mig_axi_32_mig/u_memc_ui_top_axi/mem_intfc0/ddr_phy_top0/u_ddr_mc_phy_wrapper/u_ddr_mc_phy/ddr_phy_4lanes_0.u_ddr_phy_4lanes/ddr_byte_lane_A.ddr_byte_lane_A/mem_refclk
    PHASER_OUT_PHY_X0Y16 PHASER_OUT_PHY (Prop_phaser_out_phy_MEMREFCLK_OCLK)
                                                      1.858     4.735 r  ddr3.u_axi_wrap_ddr/mig_axi/u_mig_axi_32_mig/u_memc_ui_top_axi/mem_intfc0/ddr_phy_top0/u_ddr_mc_phy_wrapper/u_ddr_mc_phy/ddr_phy_4lanes_0.u_ddr_phy_4lanes/ddr_byte_lane_A.ddr_byte_lane_A/phaser_out/OCLK
    PHASER_OUT_PHY_X0Y16 PHASER_OUT_PHY (Prop_phaser_out_phy_OCLK_OCLKDIV)
                                                      0.088     4.823 r  ddr3.u_axi_wrap_ddr/mig_axi/u_mig_axi_32_mig/u_memc_ui_top_axi/mem_intfc0/ddr_phy_top0/u_ddr_mc_phy_wrapper/u_ddr_mc_phy/ddr_phy_4lanes_0.u_ddr_phy_4lanes/ddr_byte_lane_A.ddr_byte_lane_A/phaser_out/OCLKDIV
                         net (fo=11, routed)          0.000     4.823    ddr3.u_axi_wrap_ddr/mig_axi/u_mig_axi_32_mig/u_memc_ui_top_axi/mem_intfc0/ddr_phy_top0/u_ddr_mc_phy_wrapper/u_ddr_mc_phy/ddr_phy_4lanes_0.u_ddr_phy_4lanes/ddr_byte_lane_A.ddr_byte_lane_A/oserdes_clkdiv
    OUT_FIFO_X0Y16       OUT_FIFO                                     r  ddr3.u_axi_wrap_ddr/mig_axi/u_mig_axi_32_mig/u_memc_ui_top_axi/mem_intfc0/ddr_phy_top0/u_ddr_mc_phy_wrapper/u_ddr_mc_phy/ddr_phy_4lanes_0.u_ddr_phy_4lanes/ddr_byte_lane_A.ddr_byte_lane_A/out_fifo/RDCLK
                         clock pessimism             -0.621     4.202    
    OUT_FIFO_X0Y16       OUT_FIFO (Hold_out_fifo_RDCLK_RDEN)
                                                     -0.011     4.191    ddr3.u_axi_wrap_ddr/mig_axi/u_mig_axi_32_mig/u_memc_ui_top_axi/mem_intfc0/ddr_phy_top0/u_ddr_mc_phy_wrapper/u_ddr_mc_phy/ddr_phy_4lanes_0.u_ddr_phy_4lanes/ddr_byte_lane_A.ddr_byte_lane_A/out_fifo
  -------------------------------------------------------------------
                         required time                         -4.191    
                         arrival time                           4.286    
  -------------------------------------------------------------------
                         slack                                  0.095    





---------------------------------------------------------------------------------------------------
From Clock:  oserdes_clk_1
  To Clock:  oserdes_clkdiv_1

Setup :            0  Failing Endpoints,  Worst Slack        1.694ns,  Total Violation        0.000ns
Hold  :            0  Failing Endpoints,  Worst Slack        0.095ns,  Total Violation        0.000ns
---------------------------------------------------------------------------------------------------


Max Delay Paths
--------------------------------------------------------------------------------------
Slack (MET) :             1.694ns  (required time - arrival time)
  Source:                 ddr3.u_axi_wrap_ddr/mig_axi/u_mig_axi_32_mig/u_memc_ui_top_axi/mem_intfc0/ddr_phy_top0/u_ddr_mc_phy_wrapper/u_ddr_mc_phy/ddr_phy_4lanes_0.u_ddr_phy_4lanes/ddr_byte_lane_B.ddr_byte_lane_B/phaser_out/OCLK
                            (rising edge-triggered cell PHASER_OUT_PHY clocked by oserdes_clk_1  {rise@0.000ns fall@1.250ns period=2.500ns})
  Destination:            ddr3.u_axi_wrap_ddr/mig_axi/u_mig_axi_32_mig/u_memc_ui_top_axi/mem_intfc0/ddr_phy_top0/u_ddr_mc_phy_wrapper/u_ddr_mc_phy/ddr_phy_4lanes_0.u_ddr_phy_4lanes/ddr_byte_lane_B.ddr_byte_lane_B/out_fifo/RDEN
                            (rising edge-triggered cell OUT_FIFO clocked by oserdes_clkdiv_1  {rise@0.000ns fall@2.500ns period=5.000ns})
  Path Group:             oserdes_clkdiv_1
  Path Type:              Setup (Max at Slow Process Corner)
  Requirement:            2.500ns  (oserdes_clkdiv_1 rise@5.000ns - oserdes_clk_1 rise@2.500ns)
  Data Path Delay:        0.301ns  (logic 0.301ns (100.000%)  route 0.000ns (0.000%))
  Logic Levels:           0  
  Clock Path Skew:        0.133ns (DCD - SCD + CPR)
    Destination Clock Delay (DCD):    8.203ns = ( 13.203 - 5.000 ) 
    Source Clock Delay      (SCD):    8.466ns = ( 10.966 - 2.500 ) 
    Clock Pessimism Removal (CPR):    0.397ns
  Clock Uncertainty:      0.065ns  ((TSJ^2 + DJ^2)^1/2) / 2 + PE
    Total System Jitter     (TSJ):    0.071ns
    Discrete Jitter          (DJ):    0.109ns
    Phase Error              (PE):    0.000ns

    Location             Delay type                Incr(ns)  Path(ns)    Netlist Resource(s)
  -------------------------------------------------------------------    -------------------
                         (clock oserdes_clk_1 rise edge)
                                                      2.500     2.500 r  
    AC19                                              0.000     2.500 r  clk (IN)
                         net (fo=0)                   0.000     2.500    clk
    AC19                 IBUF (Prop_ibuf_I_O)         1.416     3.916 r  clk_IBUF_inst/O
                         net (fo=1, routed)           2.602     6.518    clk_IBUF
    BUFGCTRL_X0Y0        BUFG (Prop_bufg_I_O)         0.081     6.599 r  clk_IBUF_BUFG_inst/O
                         net (fo=2166, routed)        1.696     8.295    ddr3.u_axi_wrap_ddr/mig_axi/u_mig_axi_32_mig/u_ddr3_infrastructure/mmcm_clk
    PLLE2_ADV_X0Y4       PLLE2_ADV (Prop_plle2_adv_CLKIN1_CLKOUT1)
                                                      0.077     8.372 r  ddr3.u_axi_wrap_ddr/mig_axi/u_mig_axi_32_mig/u_ddr3_infrastructure/plle2_i/CLKOUT1
                         net (fo=7, routed)           0.511     8.883    ddr3.u_axi_wrap_ddr/mig_axi/u_mig_axi_32_mig/u_memc_ui_top_axi/mem_intfc0/ddr_phy_top0/u_ddr_mc_phy_wrapper/u_ddr_mc_phy/ddr_phy_4lanes_0.u_ddr_phy_4lanes/ddr_byte_lane_B.ddr_byte_lane_B/mem_refclk
    PHASER_OUT_PHY_X0Y17 PHASER_OUT_PHY (Prop_phaser_out_phy_MEMREFCLK_OCLK)
                                                      2.083    10.966 r  ddr3.u_axi_wrap_ddr/mig_axi/u_mig_axi_32_mig/u_memc_ui_top_axi/mem_intfc0/ddr_phy_top0/u_ddr_mc_phy_wrapper/u_ddr_mc_phy/ddr_phy_4lanes_0.u_ddr_phy_4lanes/ddr_byte_lane_B.ddr_byte_lane_B/phaser_out/OCLK
  -------------------------------------------------------------------    -------------------
    PHASER_OUT_PHY_X0Y17 PHASER_OUT_PHY (Prop_phaser_out_phy_OCLK_RDENABLE)
                                                      0.301    11.267 r  ddr3.u_axi_wrap_ddr/mig_axi/u_mig_axi_32_mig/u_memc_ui_top_axi/mem_intfc0/ddr_phy_top0/u_ddr_mc_phy_wrapper/u_ddr_mc_phy/ddr_phy_4lanes_0.u_ddr_phy_4lanes/ddr_byte_lane_B.ddr_byte_lane_B/phaser_out/RDENABLE
                         net (fo=1, routed)           0.000    11.267    ddr3.u_axi_wrap_ddr/mig_axi/u_mig_axi_32_mig/u_memc_ui_top_axi/mem_intfc0/ddr_phy_top0/u_ddr_mc_phy_wrapper/u_ddr_mc_phy/ddr_phy_4lanes_0.u_ddr_phy_4lanes/ddr_byte_lane_B.ddr_byte_lane_B/po_rd_enable
    OUT_FIFO_X0Y17       OUT_FIFO                                     r  ddr3.u_axi_wrap_ddr/mig_axi/u_mig_axi_32_mig/u_memc_ui_top_axi/mem_intfc0/ddr_phy_top0/u_ddr_mc_phy_wrapper/u_ddr_mc_phy/ddr_phy_4lanes_0.u_ddr_phy_4lanes/ddr_byte_lane_B.ddr_byte_lane_B/out_fifo/RDEN
  -------------------------------------------------------------------    -------------------

                         (clock oserdes_clkdiv_1 rise edge)
                                                      5.000     5.000 r  
    AC19                                              0.000     5.000 r  clk (IN)
                         net (fo=0)                   0.000     5.000    clk
    AC19                 IBUF (Prop_ibuf_I_O)         1.350     6.350 r  clk_IBUF_inst/O
                         net (fo=1, routed)           2.471     8.821    clk_IBUF
    BUFGCTRL_X0Y0        BUFG (Prop_bufg_I_O)         0.077     8.898 r  clk_IBUF_BUFG_inst/O
                         net (fo=2166, routed)        1.586    10.484    ddr3.u_axi_wrap_ddr/mig_axi/u_mig_axi_32_mig/u_ddr3_infrastructure/mmcm_clk
    PLLE2_ADV_X0Y4       PLLE2_ADV (Prop_plle2_adv_CLKIN1_CLKOUT1)
                                                      0.073    10.557 r  ddr3.u_axi_wrap_ddr/mig_axi/u_mig_axi_32_mig/u_ddr3_infrastructure/plle2_i/CLKOUT1
                         net (fo=7, routed)           0.486    11.043    ddr3.u_axi_wrap_ddr/mig_axi/u_mig_axi_32_mig/u_memc_ui_top_axi/mem_intfc0/ddr_phy_top0/u_ddr_mc_phy_wrapper/u_ddr_mc_phy/ddr_phy_4lanes_0.u_ddr_phy_4lanes/ddr_byte_lane_B.ddr_byte_lane_B/mem_refclk
    PHASER_OUT_PHY_X0Y17 PHASER_OUT_PHY (Prop_phaser_out_phy_MEMREFCLK_OCLK)
                                                      2.027    13.070 r  ddr3.u_axi_wrap_ddr/mig_axi/u_mig_axi_32_mig/u_memc_ui_top_axi/mem_intfc0/ddr_phy_top0/u_ddr_mc_phy_wrapper/u_ddr_mc_phy/ddr_phy_4lanes_0.u_ddr_phy_4lanes/ddr_byte_lane_B.ddr_byte_lane_B/phaser_out/OCLK
    PHASER_OUT_PHY_X0Y17 PHASER_OUT_PHY (Prop_phaser_out_phy_OCLK_OCLKDIV)
                                                      0.133    13.203 r  ddr3.u_axi_wrap_ddr/mig_axi/u_mig_axi_32_mig/u_memc_ui_top_axi/mem_intfc0/ddr_phy_top0/u_ddr_mc_phy_wrapper/u_ddr_mc_phy/ddr_phy_4lanes_0.u_ddr_phy_4lanes/ddr_byte_lane_B.ddr_byte_lane_B/phaser_out/OCLKDIV
                         net (fo=11, routed)          0.000    13.203    ddr3.u_axi_wrap_ddr/mig_axi/u_mig_axi_32_mig/u_memc_ui_top_axi/mem_intfc0/ddr_phy_top0/u_ddr_mc_phy_wrapper/u_ddr_mc_phy/ddr_phy_4lanes_0.u_ddr_phy_4lanes/ddr_byte_lane_B.ddr_byte_lane_B/oserdes_clkdiv
    OUT_FIFO_X0Y17       OUT_FIFO                                     r  ddr3.u_axi_wrap_ddr/mig_axi/u_mig_axi_32_mig/u_memc_ui_top_axi/mem_intfc0/ddr_phy_top0/u_ddr_mc_phy_wrapper/u_ddr_mc_phy/ddr_phy_4lanes_0.u_ddr_phy_4lanes/ddr_byte_lane_B.ddr_byte_lane_B/out_fifo/RDCLK
                         clock pessimism              0.397    13.599    
                         clock uncertainty           -0.065    13.534    
    OUT_FIFO_X0Y17       OUT_FIFO (Setup_out_fifo_RDCLK_RDEN)
                                                     -0.573    12.961    ddr3.u_axi_wrap_ddr/mig_axi/u_mig_axi_32_mig/u_memc_ui_top_axi/mem_intfc0/ddr_phy_top0/u_ddr_mc_phy_wrapper/u_ddr_mc_phy/ddr_phy_4lanes_0.u_ddr_phy_4lanes/ddr_byte_lane_B.ddr_byte_lane_B/out_fifo
  -------------------------------------------------------------------
                         required time                         12.961    
                         arrival time                         -11.267    
  -------------------------------------------------------------------
                         slack                                  1.694    





Min Delay Paths
--------------------------------------------------------------------------------------
Slack (MET) :             0.095ns  (arrival time - required time)
  Source:                 ddr3.u_axi_wrap_ddr/mig_axi/u_mig_axi_32_mig/u_memc_ui_top_axi/mem_intfc0/ddr_phy_top0/u_ddr_mc_phy_wrapper/u_ddr_mc_phy/ddr_phy_4lanes_0.u_ddr_phy_4lanes/ddr_byte_lane_B.ddr_byte_lane_B/phaser_out/OCLK
                            (rising edge-triggered cell PHASER_OUT_PHY clocked by oserdes_clk_1  {rise@0.000ns fall@1.250ns period=2.500ns})
  Destination:            ddr3.u_axi_wrap_ddr/mig_axi/u_mig_axi_32_mig/u_memc_ui_top_axi/mem_intfc0/ddr_phy_top0/u_ddr_mc_phy_wrapper/u_ddr_mc_phy/ddr_phy_4lanes_0.u_ddr_phy_4lanes/ddr_byte_lane_B.ddr_byte_lane_B/out_fifo/RDEN
                            (rising edge-triggered cell OUT_FIFO clocked by oserdes_clkdiv_1  {rise@0.000ns fall@2.500ns period=5.000ns})
  Path Group:             oserdes_clkdiv_1
  Path Type:              Hold (Min at Fast Process Corner)
  Requirement:            0.000ns  (oserdes_clkdiv_1 rise@0.000ns - oserdes_clk_1 rise@0.000ns)
  Data Path Delay:        0.172ns  (logic 0.172ns (100.000%)  route 0.000ns (0.000%))
  Logic Levels:           0  
  Clock Path Skew:        0.088ns (DCD - SCD - CPR)
    Destination Clock Delay (DCD):    4.814ns
    Source Clock Delay      (SCD):    4.107ns
    Clock Pessimism Removal (CPR):    0.619ns

    Location             Delay type                Incr(ns)  Path(ns)    Netlist Resource(s)
  -------------------------------------------------------------------    -------------------
                         (clock oserdes_clk_1 rise edge)
                                                      0.000     0.000 r  
    AC19                                              0.000     0.000 r  clk (IN)
                         net (fo=0)                   0.000     0.000    clk
    AC19                 IBUF (Prop_ibuf_I_O)         0.253     0.253 r  clk_IBUF_inst/O
                         net (fo=1, routed)           1.074     1.327    clk_IBUF
    BUFGCTRL_X0Y0        BUFG (Prop_bufg_I_O)         0.026     1.353 r  clk_IBUF_BUFG_inst/O
                         net (fo=2166, routed)        0.701     2.054    ddr3.u_axi_wrap_ddr/mig_axi/u_mig_axi_32_mig/u_ddr3_infrastructure/mmcm_clk
    PLLE2_ADV_X0Y4       PLLE2_ADV (Prop_plle2_adv_CLKIN1_CLKOUT1)
                                                      0.050     2.104 r  ddr3.u_axi_wrap_ddr/mig_axi/u_mig_axi_32_mig/u_ddr3_infrastructure/plle2_i/CLKOUT1
                         net (fo=7, routed)           0.190     2.294    ddr3.u_axi_wrap_ddr/mig_axi/u_mig_axi_32_mig/u_memc_ui_top_axi/mem_intfc0/ddr_phy_top0/u_ddr_mc_phy_wrapper/u_ddr_mc_phy/ddr_phy_4lanes_0.u_ddr_phy_4lanes/ddr_byte_lane_B.ddr_byte_lane_B/mem_refclk
    PHASER_OUT_PHY_X0Y17 PHASER_OUT_PHY (Prop_phaser_out_phy_MEMREFCLK_OCLK)
                                                      1.813     4.107 r  ddr3.u_axi_wrap_ddr/mig_axi/u_mig_axi_32_mig/u_memc_ui_top_axi/mem_intfc0/ddr_phy_top0/u_ddr_mc_phy_wrapper/u_ddr_mc_phy/ddr_phy_4lanes_0.u_ddr_phy_4lanes/ddr_byte_lane_B.ddr_byte_lane_B/phaser_out/OCLK
  -------------------------------------------------------------------    -------------------
    PHASER_OUT_PHY_X0Y17 PHASER_OUT_PHY (Prop_phaser_out_phy_OCLK_RDENABLE)
                                                      0.172     4.279 r  ddr3.u_axi_wrap_ddr/mig_axi/u_mig_axi_32_mig/u_memc_ui_top_axi/mem_intfc0/ddr_phy_top0/u_ddr_mc_phy_wrapper/u_ddr_mc_phy/ddr_phy_4lanes_0.u_ddr_phy_4lanes/ddr_byte_lane_B.ddr_byte_lane_B/phaser_out/RDENABLE
                         net (fo=1, routed)           0.000     4.279    ddr3.u_axi_wrap_ddr/mig_axi/u_mig_axi_32_mig/u_memc_ui_top_axi/mem_intfc0/ddr_phy_top0/u_ddr_mc_phy_wrapper/u_ddr_mc_phy/ddr_phy_4lanes_0.u_ddr_phy_4lanes/ddr_byte_lane_B.ddr_byte_lane_B/po_rd_enable
    OUT_FIFO_X0Y17       OUT_FIFO                                     r  ddr3.u_axi_wrap_ddr/mig_axi/u_mig_axi_32_mig/u_memc_ui_top_axi/mem_intfc0/ddr_phy_top0/u_ddr_mc_phy_wrapper/u_ddr_mc_phy/ddr_phy_4lanes_0.u_ddr_phy_4lanes/ddr_byte_lane_B.ddr_byte_lane_B/out_fifo/RDEN
  -------------------------------------------------------------------    -------------------

                         (clock oserdes_clkdiv_1 rise edge)
                                                      0.000     0.000 r  
    AC19                                              0.000     0.000 r  clk (IN)
                         net (fo=0)                   0.000     0.000    clk
    AC19                 IBUF (Prop_ibuf_I_O)         0.441     0.441 r  clk_IBUF_inst/O
                         net (fo=1, routed)           1.160     1.601    clk_IBUF
    BUFGCTRL_X0Y0        BUFG (Prop_bufg_I_O)         0.029     1.630 r  clk_IBUF_BUFG_inst/O
                         net (fo=2166, routed)        0.976     2.606    ddr3.u_axi_wrap_ddr/mig_axi/u_mig_axi_32_mig/u_ddr3_infrastructure/mmcm_clk
    PLLE2_ADV_X0Y4       PLLE2_ADV (Prop_plle2_adv_CLKIN1_CLKOUT1)
                                                      0.053     2.659 r  ddr3.u_axi_wrap_ddr/mig_axi/u_mig_axi_32_mig/u_ddr3_infrastructure/plle2_i/CLKOUT1
                         net (fo=7, routed)           0.209     2.868    ddr3.u_axi_wrap_ddr/mig_axi/u_mig_axi_32_mig/u_memc_ui_top_axi/mem_intfc0/ddr_phy_top0/u_ddr_mc_phy_wrapper/u_ddr_mc_phy/ddr_phy_4lanes_0.u_ddr_phy_4lanes/ddr_byte_lane_B.ddr_byte_lane_B/mem_refclk
    PHASER_OUT_PHY_X0Y17 PHASER_OUT_PHY (Prop_phaser_out_phy_MEMREFCLK_OCLK)
                                                      1.858     4.726 r  ddr3.u_axi_wrap_ddr/mig_axi/u_mig_axi_32_mig/u_memc_ui_top_axi/mem_intfc0/ddr_phy_top0/u_ddr_mc_phy_wrapper/u_ddr_mc_phy/ddr_phy_4lanes_0.u_ddr_phy_4lanes/ddr_byte_lane_B.ddr_byte_lane_B/phaser_out/OCLK
    PHASER_OUT_PHY_X0Y17 PHASER_OUT_PHY (Prop_phaser_out_phy_OCLK_OCLKDIV)
                                                      0.088     4.814 r  ddr3.u_axi_wrap_ddr/mig_axi/u_mig_axi_32_mig/u_memc_ui_top_axi/mem_intfc0/ddr_phy_top0/u_ddr_mc_phy_wrapper/u_ddr_mc_phy/ddr_phy_4lanes_0.u_ddr_phy_4lanes/ddr_byte_lane_B.ddr_byte_lane_B/phaser_out/OCLKDIV
                         net (fo=11, routed)          0.000     4.814    ddr3.u_axi_wrap_ddr/mig_axi/u_mig_axi_32_mig/u_memc_ui_top_axi/mem_intfc0/ddr_phy_top0/u_ddr_mc_phy_wrapper/u_ddr_mc_phy/ddr_phy_4lanes_0.u_ddr_phy_4lanes/ddr_byte_lane_B.ddr_byte_lane_B/oserdes_clkdiv
    OUT_FIFO_X0Y17       OUT_FIFO                                     r  ddr3.u_axi_wrap_ddr/mig_axi/u_mig_axi_32_mig/u_memc_ui_top_axi/mem_intfc0/ddr_phy_top0/u_ddr_mc_phy_wrapper/u_ddr_mc_phy/ddr_phy_4lanes_0.u_ddr_phy_4lanes/ddr_byte_lane_B.ddr_byte_lane_B/out_fifo/RDCLK
                         clock pessimism             -0.619     4.195    
    OUT_FIFO_X0Y17       OUT_FIFO (Hold_out_fifo_RDCLK_RDEN)
                                                     -0.011     4.184    ddr3.u_axi_wrap_ddr/mig_axi/u_mig_axi_32_mig/u_memc_ui_top_axi/mem_intfc0/ddr_phy_top0/u_ddr_mc_phy_wrapper/u_ddr_mc_phy/ddr_phy_4lanes_0.u_ddr_phy_4lanes/ddr_byte_lane_B.ddr_byte_lane_B/out_fifo
  -------------------------------------------------------------------
                         required time                         -4.184    
                         arrival time                           4.279    
  -------------------------------------------------------------------
                         slack                                  0.095    





---------------------------------------------------------------------------------------------------
From Clock:  oserdes_clk_2
  To Clock:  oserdes_clkdiv_2

Setup :            0  Failing Endpoints,  Worst Slack        1.694ns,  Total Violation        0.000ns
Hold  :            0  Failing Endpoints,  Worst Slack        0.095ns,  Total Violation        0.000ns
---------------------------------------------------------------------------------------------------


Max Delay Paths
--------------------------------------------------------------------------------------
Slack (MET) :             1.694ns  (required time - arrival time)
  Source:                 ddr3.u_axi_wrap_ddr/mig_axi/u_mig_axi_32_mig/u_memc_ui_top_axi/mem_intfc0/ddr_phy_top0/u_ddr_mc_phy_wrapper/u_ddr_mc_phy/ddr_phy_4lanes_0.u_ddr_phy_4lanes/ddr_byte_lane_C.ddr_byte_lane_C/phaser_out/OCLK
                            (rising edge-triggered cell PHASER_OUT_PHY clocked by oserdes_clk_2  {rise@0.000ns fall@1.250ns period=2.500ns})
  Destination:            ddr3.u_axi_wrap_ddr/mig_axi/u_mig_axi_32_mig/u_memc_ui_top_axi/mem_intfc0/ddr_phy_top0/u_ddr_mc_phy_wrapper/u_ddr_mc_phy/ddr_phy_4lanes_0.u_ddr_phy_4lanes/ddr_byte_lane_C.ddr_byte_lane_C/out_fifo/RDEN
                            (rising edge-triggered cell OUT_FIFO clocked by oserdes_clkdiv_2  {rise@0.000ns fall@5.000ns period=10.000ns})
  Path Group:             oserdes_clkdiv_2
  Path Type:              Setup (Max at Slow Process Corner)
  Requirement:            2.500ns  (oserdes_clkdiv_2 rise@10.000ns - oserdes_clk_2 rise@7.500ns)
  Data Path Delay:        0.301ns  (logic 0.301ns (100.000%)  route 0.000ns (0.000%))
  Logic Levels:           0  
  Clock Path Skew:        0.133ns (DCD - SCD + CPR)
    Destination Clock Delay (DCD):    8.213ns = ( 18.213 - 10.000 ) 
    Source Clock Delay      (SCD):    8.477ns = ( 15.977 - 7.500 ) 
    Clock Pessimism Removal (CPR):    0.398ns
  Clock Uncertainty:      0.065ns  ((TSJ^2 + DJ^2)^1/2) / 2 + PE
    Total System Jitter     (TSJ):    0.071ns
    Discrete Jitter          (DJ):    0.109ns
    Phase Error              (PE):    0.000ns

    Location             Delay type                Incr(ns)  Path(ns)    Netlist Resource(s)
  -------------------------------------------------------------------    -------------------
                         (clock oserdes_clk_2 rise edge)
                                                      7.500     7.500 r  
    AC19                                              0.000     7.500 r  clk (IN)
                         net (fo=0)                   0.000     7.500    clk
    AC19                 IBUF (Prop_ibuf_I_O)         1.416     8.916 r  clk_IBUF_inst/O
                         net (fo=1, routed)           2.602    11.518    clk_IBUF
    BUFGCTRL_X0Y0        BUFG (Prop_bufg_I_O)         0.081    11.599 r  clk_IBUF_BUFG_inst/O
                         net (fo=2166, routed)        1.696    13.295    ddr3.u_axi_wrap_ddr/mig_axi/u_mig_axi_32_mig/u_ddr3_infrastructure/mmcm_clk
    PLLE2_ADV_X0Y4       PLLE2_ADV (Prop_plle2_adv_CLKIN1_CLKOUT1)
                                                      0.077    13.372 r  ddr3.u_axi_wrap_ddr/mig_axi/u_mig_axi_32_mig/u_ddr3_infrastructure/plle2_i/CLKOUT1
                         net (fo=7, routed)           0.522    13.894    ddr3.u_axi_wrap_ddr/mig_axi/u_mig_axi_32_mig/u_memc_ui_top_axi/mem_intfc0/ddr_phy_top0/u_ddr_mc_phy_wrapper/u_ddr_mc_phy/ddr_phy_4lanes_0.u_ddr_phy_4lanes/ddr_byte_lane_C.ddr_byte_lane_C/mem_refclk
    PHASER_OUT_PHY_X0Y18 PHASER_OUT_PHY (Prop_phaser_out_phy_MEMREFCLK_OCLK)
                                                      2.083    15.977 r  ddr3.u_axi_wrap_ddr/mig_axi/u_mig_axi_32_mig/u_memc_ui_top_axi/mem_intfc0/ddr_phy_top0/u_ddr_mc_phy_wrapper/u_ddr_mc_phy/ddr_phy_4lanes_0.u_ddr_phy_4lanes/ddr_byte_lane_C.ddr_byte_lane_C/phaser_out/OCLK
  -------------------------------------------------------------------    -------------------
    PHASER_OUT_PHY_X0Y18 PHASER_OUT_PHY (Prop_phaser_out_phy_OCLK_RDENABLE)
                                                      0.301    16.278 r  ddr3.u_axi_wrap_ddr/mig_axi/u_mig_axi_32_mig/u_memc_ui_top_axi/mem_intfc0/ddr_phy_top0/u_ddr_mc_phy_wrapper/u_ddr_mc_phy/ddr_phy_4lanes_0.u_ddr_phy_4lanes/ddr_byte_lane_C.ddr_byte_lane_C/phaser_out/RDENABLE
                         net (fo=1, routed)           0.000    16.278    ddr3.u_axi_wrap_ddr/mig_axi/u_mig_axi_32_mig/u_memc_ui_top_axi/mem_intfc0/ddr_phy_top0/u_ddr_mc_phy_wrapper/u_ddr_mc_phy/ddr_phy_4lanes_0.u_ddr_phy_4lanes/ddr_byte_lane_C.ddr_byte_lane_C/po_rd_enable
    OUT_FIFO_X0Y18       OUT_FIFO                                     r  ddr3.u_axi_wrap_ddr/mig_axi/u_mig_axi_32_mig/u_memc_ui_top_axi/mem_intfc0/ddr_phy_top0/u_ddr_mc_phy_wrapper/u_ddr_mc_phy/ddr_phy_4lanes_0.u_ddr_phy_4lanes/ddr_byte_lane_C.ddr_byte_lane_C/out_fifo/RDEN
  -------------------------------------------------------------------    -------------------

                         (clock oserdes_clkdiv_2 rise edge)
                                                     10.000    10.000 r  
    AC19                                              0.000    10.000 r  clk (IN)
                         net (fo=0)                   0.000    10.000    clk
    AC19                 IBUF (Prop_ibuf_I_O)         1.350    11.350 r  clk_IBUF_inst/O
                         net (fo=1, routed)           2.471    13.821    clk_IBUF
    BUFGCTRL_X0Y0        BUFG (Prop_bufg_I_O)         0.077    13.898 r  clk_IBUF_BUFG_inst/O
                         net (fo=2166, routed)        1.586    15.484    ddr3.u_axi_wrap_ddr/mig_axi/u_mig_axi_32_mig/u_ddr3_infrastructure/mmcm_clk
    PLLE2_ADV_X0Y4       PLLE2_ADV (Prop_plle2_adv_CLKIN1_CLKOUT1)
                                                      0.073    15.557 r  ddr3.u_axi_wrap_ddr/mig_axi/u_mig_axi_32_mig/u_ddr3_infrastructure/plle2_i/CLKOUT1
                         net (fo=7, routed)           0.496    16.053    ddr3.u_axi_wrap_ddr/mig_axi/u_mig_axi_32_mig/u_memc_ui_top_axi/mem_intfc0/ddr_phy_top0/u_ddr_mc_phy_wrapper/u_ddr_mc_phy/ddr_phy_4lanes_0.u_ddr_phy_4lanes/ddr_byte_lane_C.ddr_byte_lane_C/mem_refclk
    PHASER_OUT_PHY_X0Y18 PHASER_OUT_PHY (Prop_phaser_out_phy_MEMREFCLK_OCLK)
                                                      2.027    18.080 r  ddr3.u_axi_wrap_ddr/mig_axi/u_mig_axi_32_mig/u_memc_ui_top_axi/mem_intfc0/ddr_phy_top0/u_ddr_mc_phy_wrapper/u_ddr_mc_phy/ddr_phy_4lanes_0.u_ddr_phy_4lanes/ddr_byte_lane_C.ddr_byte_lane_C/phaser_out/OCLK
    PHASER_OUT_PHY_X0Y18 PHASER_OUT_PHY (Prop_phaser_out_phy_OCLK_OCLKDIV)
                                                      0.133    18.213 r  ddr3.u_axi_wrap_ddr/mig_axi/u_mig_axi_32_mig/u_memc_ui_top_axi/mem_intfc0/ddr_phy_top0/u_ddr_mc_phy_wrapper/u_ddr_mc_phy/ddr_phy_4lanes_0.u_ddr_phy_4lanes/ddr_byte_lane_C.ddr_byte_lane_C/phaser_out/OCLKDIV
                         net (fo=10, routed)          0.000    18.213    ddr3.u_axi_wrap_ddr/mig_axi/u_mig_axi_32_mig/u_memc_ui_top_axi/mem_intfc0/ddr_phy_top0/u_ddr_mc_phy_wrapper/u_ddr_mc_phy/ddr_phy_4lanes_0.u_ddr_phy_4lanes/ddr_byte_lane_C.ddr_byte_lane_C/oserdes_clkdiv
    OUT_FIFO_X0Y18       OUT_FIFO                                     r  ddr3.u_axi_wrap_ddr/mig_axi/u_mig_axi_32_mig/u_memc_ui_top_axi/mem_intfc0/ddr_phy_top0/u_ddr_mc_phy_wrapper/u_ddr_mc_phy/ddr_phy_4lanes_0.u_ddr_phy_4lanes/ddr_byte_lane_C.ddr_byte_lane_C/out_fifo/RDCLK
                         clock pessimism              0.398    18.610    
                         clock uncertainty           -0.065    18.545    
    OUT_FIFO_X0Y18       OUT_FIFO (Setup_out_fifo_RDCLK_RDEN)
                                                     -0.573    17.972    ddr3.u_axi_wrap_ddr/mig_axi/u_mig_axi_32_mig/u_memc_ui_top_axi/mem_intfc0/ddr_phy_top0/u_ddr_mc_phy_wrapper/u_ddr_mc_phy/ddr_phy_4lanes_0.u_ddr_phy_4lanes/ddr_byte_lane_C.ddr_byte_lane_C/out_fifo
  -------------------------------------------------------------------
                         required time                         17.972    
                         arrival time                         -16.278    
  -------------------------------------------------------------------
                         slack                                  1.694    





Min Delay Paths
--------------------------------------------------------------------------------------
Slack (MET) :             0.095ns  (arrival time - required time)
  Source:                 ddr3.u_axi_wrap_ddr/mig_axi/u_mig_axi_32_mig/u_memc_ui_top_axi/mem_intfc0/ddr_phy_top0/u_ddr_mc_phy_wrapper/u_ddr_mc_phy/ddr_phy_4lanes_0.u_ddr_phy_4lanes/ddr_byte_lane_C.ddr_byte_lane_C/phaser_out/OCLK
                            (rising edge-triggered cell PHASER_OUT_PHY clocked by oserdes_clk_2  {rise@0.000ns fall@1.250ns period=2.500ns})
  Destination:            ddr3.u_axi_wrap_ddr/mig_axi/u_mig_axi_32_mig/u_memc_ui_top_axi/mem_intfc0/ddr_phy_top0/u_ddr_mc_phy_wrapper/u_ddr_mc_phy/ddr_phy_4lanes_0.u_ddr_phy_4lanes/ddr_byte_lane_C.ddr_byte_lane_C/out_fifo/RDEN
                            (rising edge-triggered cell OUT_FIFO clocked by oserdes_clkdiv_2  {rise@0.000ns fall@5.000ns period=10.000ns})
  Path Group:             oserdes_clkdiv_2
  Path Type:              Hold (Min at Fast Process Corner)
  Requirement:            0.000ns  (oserdes_clkdiv_2 rise@0.000ns - oserdes_clk_2 rise@0.000ns)
  Data Path Delay:        0.172ns  (logic 0.172ns (100.000%)  route 0.000ns (0.000%))
  Logic Levels:           0  
  Clock Path Skew:        0.088ns (DCD - SCD - CPR)
    Destination Clock Delay (DCD):    4.823ns
    Source Clock Delay      (SCD):    4.114ns
    Clock Pessimism Removal (CPR):    0.621ns

    Location             Delay type                Incr(ns)  Path(ns)    Netlist Resource(s)
  -------------------------------------------------------------------    -------------------
                         (clock oserdes_clk_2 rise edge)
                                                      0.000     0.000 r  
    AC19                                              0.000     0.000 r  clk (IN)
                         net (fo=0)                   0.000     0.000    clk
    AC19                 IBUF (Prop_ibuf_I_O)         0.253     0.253 r  clk_IBUF_inst/O
                         net (fo=1, routed)           1.074     1.327    clk_IBUF
    BUFGCTRL_X0Y0        BUFG (Prop_bufg_I_O)         0.026     1.353 r  clk_IBUF_BUFG_inst/O
                         net (fo=2166, routed)        0.701     2.054    ddr3.u_axi_wrap_ddr/mig_axi/u_mig_axi_32_mig/u_ddr3_infrastructure/mmcm_clk
    PLLE2_ADV_X0Y4       PLLE2_ADV (Prop_plle2_adv_CLKIN1_CLKOUT1)
                                                      0.050     2.104 r  ddr3.u_axi_wrap_ddr/mig_axi/u_mig_axi_32_mig/u_ddr3_infrastructure/plle2_i/CLKOUT1
                         net (fo=7, routed)           0.197     2.301    ddr3.u_axi_wrap_ddr/mig_axi/u_mig_axi_32_mig/u_memc_ui_top_axi/mem_intfc0/ddr_phy_top0/u_ddr_mc_phy_wrapper/u_ddr_mc_phy/ddr_phy_4lanes_0.u_ddr_phy_4lanes/ddr_byte_lane_C.ddr_byte_lane_C/mem_refclk
    PHASER_OUT_PHY_X0Y18 PHASER_OUT_PHY (Prop_phaser_out_phy_MEMREFCLK_OCLK)
                                                      1.813     4.114 r  ddr3.u_axi_wrap_ddr/mig_axi/u_mig_axi_32_mig/u_memc_ui_top_axi/mem_intfc0/ddr_phy_top0/u_ddr_mc_phy_wrapper/u_ddr_mc_phy/ddr_phy_4lanes_0.u_ddr_phy_4lanes/ddr_byte_lane_C.ddr_byte_lane_C/phaser_out/OCLK
  -------------------------------------------------------------------    -------------------
    PHASER_OUT_PHY_X0Y18 PHASER_OUT_PHY (Prop_phaser_out_phy_OCLK_RDENABLE)
                                                      0.172     4.286 r  ddr3.u_axi_wrap_ddr/mig_axi/u_mig_axi_32_mig/u_memc_ui_top_axi/mem_intfc0/ddr_phy_top0/u_ddr_mc_phy_wrapper/u_ddr_mc_phy/ddr_phy_4lanes_0.u_ddr_phy_4lanes/ddr_byte_lane_C.ddr_byte_lane_C/phaser_out/RDENABLE
                         net (fo=1, routed)           0.000     4.286    ddr3.u_axi_wrap_ddr/mig_axi/u_mig_axi_32_mig/u_memc_ui_top_axi/mem_intfc0/ddr_phy_top0/u_ddr_mc_phy_wrapper/u_ddr_mc_phy/ddr_phy_4lanes_0.u_ddr_phy_4lanes/ddr_byte_lane_C.ddr_byte_lane_C/po_rd_enable
    OUT_FIFO_X0Y18       OUT_FIFO                                     r  ddr3.u_axi_wrap_ddr/mig_axi/u_mig_axi_32_mig/u_memc_ui_top_axi/mem_intfc0/ddr_phy_top0/u_ddr_mc_phy_wrapper/u_ddr_mc_phy/ddr_phy_4lanes_0.u_ddr_phy_4lanes/ddr_byte_lane_C.ddr_byte_lane_C/out_fifo/RDEN
  -------------------------------------------------------------------    -------------------

                         (clock oserdes_clkdiv_2 rise edge)
                                                      0.000     0.000 r  
    AC19                                              0.000     0.000 r  clk (IN)
                         net (fo=0)                   0.000     0.000    clk
    AC19                 IBUF (Prop_ibuf_I_O)         0.441     0.441 r  clk_IBUF_inst/O
                         net (fo=1, routed)           1.160     1.601    clk_IBUF
    BUFGCTRL_X0Y0        BUFG (Prop_bufg_I_O)         0.029     1.630 r  clk_IBUF_BUFG_inst/O
                         net (fo=2166, routed)        0.976     2.606    ddr3.u_axi_wrap_ddr/mig_axi/u_mig_axi_32_mig/u_ddr3_infrastructure/mmcm_clk
    PLLE2_ADV_X0Y4       PLLE2_ADV (Prop_plle2_adv_CLKIN1_CLKOUT1)
                                                      0.053     2.659 r  ddr3.u_axi_wrap_ddr/mig_axi/u_mig_axi_32_mig/u_ddr3_infrastructure/plle2_i/CLKOUT1
                         net (fo=7, routed)           0.218     2.877    ddr3.u_axi_wrap_ddr/mig_axi/u_mig_axi_32_mig/u_memc_ui_top_axi/mem_intfc0/ddr_phy_top0/u_ddr_mc_phy_wrapper/u_ddr_mc_phy/ddr_phy_4lanes_0.u_ddr_phy_4lanes/ddr_byte_lane_C.ddr_byte_lane_C/mem_refclk
    PHASER_OUT_PHY_X0Y18 PHASER_OUT_PHY (Prop_phaser_out_phy_MEMREFCLK_OCLK)
                                                      1.858     4.735 r  ddr3.u_axi_wrap_ddr/mig_axi/u_mig_axi_32_mig/u_memc_ui_top_axi/mem_intfc0/ddr_phy_top0/u_ddr_mc_phy_wrapper/u_ddr_mc_phy/ddr_phy_4lanes_0.u_ddr_phy_4lanes/ddr_byte_lane_C.ddr_byte_lane_C/phaser_out/OCLK
    PHASER_OUT_PHY_X0Y18 PHASER_OUT_PHY (Prop_phaser_out_phy_OCLK_OCLKDIV)
                                                      0.088     4.823 r  ddr3.u_axi_wrap_ddr/mig_axi/u_mig_axi_32_mig/u_memc_ui_top_axi/mem_intfc0/ddr_phy_top0/u_ddr_mc_phy_wrapper/u_ddr_mc_phy/ddr_phy_4lanes_0.u_ddr_phy_4lanes/ddr_byte_lane_C.ddr_byte_lane_C/phaser_out/OCLKDIV
                         net (fo=10, routed)          0.000     4.823    ddr3.u_axi_wrap_ddr/mig_axi/u_mig_axi_32_mig/u_memc_ui_top_axi/mem_intfc0/ddr_phy_top0/u_ddr_mc_phy_wrapper/u_ddr_mc_phy/ddr_phy_4lanes_0.u_ddr_phy_4lanes/ddr_byte_lane_C.ddr_byte_lane_C/oserdes_clkdiv
    OUT_FIFO_X0Y18       OUT_FIFO                                     r  ddr3.u_axi_wrap_ddr/mig_axi/u_mig_axi_32_mig/u_memc_ui_top_axi/mem_intfc0/ddr_phy_top0/u_ddr_mc_phy_wrapper/u_ddr_mc_phy/ddr_phy_4lanes_0.u_ddr_phy_4lanes/ddr_byte_lane_C.ddr_byte_lane_C/out_fifo/RDCLK
                         clock pessimism             -0.621     4.202    
    OUT_FIFO_X0Y18       OUT_FIFO (Hold_out_fifo_RDCLK_RDEN)
                                                     -0.011     4.191    ddr3.u_axi_wrap_ddr/mig_axi/u_mig_axi_32_mig/u_memc_ui_top_axi/mem_intfc0/ddr_phy_top0/u_ddr_mc_phy_wrapper/u_ddr_mc_phy/ddr_phy_4lanes_0.u_ddr_phy_4lanes/ddr_byte_lane_C.ddr_byte_lane_C/out_fifo
  -------------------------------------------------------------------
                         required time                         -4.191    
                         arrival time                           4.286    
  -------------------------------------------------------------------
                         slack                                  0.095    





---------------------------------------------------------------------------------------------------
From Clock:  oserdes_clk_3
  To Clock:  oserdes_clkdiv_3

Setup :            0  Failing Endpoints,  Worst Slack        1.694ns,  Total Violation        0.000ns
Hold  :            0  Failing Endpoints,  Worst Slack        0.095ns,  Total Violation        0.000ns
---------------------------------------------------------------------------------------------------


Max Delay Paths
--------------------------------------------------------------------------------------
Slack (MET) :             1.694ns  (required time - arrival time)
  Source:                 ddr3.u_axi_wrap_ddr/mig_axi/u_mig_axi_32_mig/u_memc_ui_top_axi/mem_intfc0/ddr_phy_top0/u_ddr_mc_phy_wrapper/u_ddr_mc_phy/ddr_phy_4lanes_0.u_ddr_phy_4lanes/ddr_byte_lane_D.ddr_byte_lane_D/phaser_out/OCLK
                            (rising edge-triggered cell PHASER_OUT_PHY clocked by oserdes_clk_3  {rise@0.000ns fall@1.250ns period=2.500ns})
  Destination:            ddr3.u_axi_wrap_ddr/mig_axi/u_mig_axi_32_mig/u_memc_ui_top_axi/mem_intfc0/ddr_phy_top0/u_ddr_mc_phy_wrapper/u_ddr_mc_phy/ddr_phy_4lanes_0.u_ddr_phy_4lanes/ddr_byte_lane_D.ddr_byte_lane_D/out_fifo/RDEN
                            (rising edge-triggered cell OUT_FIFO clocked by oserdes_clkdiv_3  {rise@0.000ns fall@5.000ns period=10.000ns})
  Path Group:             oserdes_clkdiv_3
  Path Type:              Setup (Max at Slow Process Corner)
  Requirement:            2.500ns  (oserdes_clkdiv_3 rise@10.000ns - oserdes_clk_3 rise@7.500ns)
  Data Path Delay:        0.301ns  (logic 0.301ns (100.000%)  route 0.000ns (0.000%))
  Logic Levels:           0  
  Clock Path Skew:        0.133ns (DCD - SCD + CPR)
    Destination Clock Delay (DCD):    8.203ns = ( 18.203 - 10.000 ) 
    Source Clock Delay      (SCD):    8.466ns = ( 15.966 - 7.500 ) 
    Clock Pessimism Removal (CPR):    0.397ns
  Clock Uncertainty:      0.065ns  ((TSJ^2 + DJ^2)^1/2) / 2 + PE
    Total System Jitter     (TSJ):    0.071ns
    Discrete Jitter          (DJ):    0.109ns
    Phase Error              (PE):    0.000ns

    Location             Delay type                Incr(ns)  Path(ns)    Netlist Resource(s)
  -------------------------------------------------------------------    -------------------
                         (clock oserdes_clk_3 rise edge)
                                                      7.500     7.500 r  
    AC19                                              0.000     7.500 r  clk (IN)
                         net (fo=0)                   0.000     7.500    clk
    AC19                 IBUF (Prop_ibuf_I_O)         1.416     8.916 r  clk_IBUF_inst/O
                         net (fo=1, routed)           2.602    11.518    clk_IBUF
    BUFGCTRL_X0Y0        BUFG (Prop_bufg_I_O)         0.081    11.599 r  clk_IBUF_BUFG_inst/O
                         net (fo=2166, routed)        1.696    13.295    ddr3.u_axi_wrap_ddr/mig_axi/u_mig_axi_32_mig/u_ddr3_infrastructure/mmcm_clk
    PLLE2_ADV_X0Y4       PLLE2_ADV (Prop_plle2_adv_CLKIN1_CLKOUT1)
                                                      0.077    13.372 r  ddr3.u_axi_wrap_ddr/mig_axi/u_mig_axi_32_mig/u_ddr3_infrastructure/plle2_i/CLKOUT1
                         net (fo=7, routed)           0.511    13.883    ddr3.u_axi_wrap_ddr/mig_axi/u_mig_axi_32_mig/u_memc_ui_top_axi/mem_intfc0/ddr_phy_top0/u_ddr_mc_phy_wrapper/u_ddr_mc_phy/ddr_phy_4lanes_0.u_ddr_phy_4lanes/ddr_byte_lane_D.ddr_byte_lane_D/mem_refclk
    PHASER_OUT_PHY_X0Y19 PHASER_OUT_PHY (Prop_phaser_out_phy_MEMREFCLK_OCLK)
                                                      2.083    15.966 r  ddr3.u_axi_wrap_ddr/mig_axi/u_mig_axi_32_mig/u_memc_ui_top_axi/mem_intfc0/ddr_phy_top0/u_ddr_mc_phy_wrapper/u_ddr_mc_phy/ddr_phy_4lanes_0.u_ddr_phy_4lanes/ddr_byte_lane_D.ddr_byte_lane_D/phaser_out/OCLK
  -------------------------------------------------------------------    -------------------
    PHASER_OUT_PHY_X0Y19 PHASER_OUT_PHY (Prop_phaser_out_phy_OCLK_RDENABLE)
                                                      0.301    16.267 r  ddr3.u_axi_wrap_ddr/mig_axi/u_mig_axi_32_mig/u_memc_ui_top_axi/mem_intfc0/ddr_phy_top0/u_ddr_mc_phy_wrapper/u_ddr_mc_phy/ddr_phy_4lanes_0.u_ddr_phy_4lanes/ddr_byte_lane_D.ddr_byte_lane_D/phaser_out/RDENABLE
                         net (fo=1, routed)           0.000    16.267    ddr3.u_axi_wrap_ddr/mig_axi/u_mig_axi_32_mig/u_memc_ui_top_axi/mem_intfc0/ddr_phy_top0/u_ddr_mc_phy_wrapper/u_ddr_mc_phy/ddr_phy_4lanes_0.u_ddr_phy_4lanes/ddr_byte_lane_D.ddr_byte_lane_D/po_rd_enable
    OUT_FIFO_X0Y19       OUT_FIFO                                     r  ddr3.u_axi_wrap_ddr/mig_axi/u_mig_axi_32_mig/u_memc_ui_top_axi/mem_intfc0/ddr_phy_top0/u_ddr_mc_phy_wrapper/u_ddr_mc_phy/ddr_phy_4lanes_0.u_ddr_phy_4lanes/ddr_byte_lane_D.ddr_byte_lane_D/out_fifo/RDEN
  -------------------------------------------------------------------    -------------------

                         (clock oserdes_clkdiv_3 rise edge)
                                                     10.000    10.000 r  
    AC19                                              0.000    10.000 r  clk (IN)
                         net (fo=0)                   0.000    10.000    clk
    AC19                 IBUF (Prop_ibuf_I_O)         1.350    11.350 r  clk_IBUF_inst/O
                         net (fo=1, routed)           2.471    13.821    clk_IBUF
    BUFGCTRL_X0Y0        BUFG (Prop_bufg_I_O)         0.077    13.898 r  clk_IBUF_BUFG_inst/O
                         net (fo=2166, routed)        1.586    15.484    ddr3.u_axi_wrap_ddr/mig_axi/u_mig_axi_32_mig/u_ddr3_infrastructure/mmcm_clk
    PLLE2_ADV_X0Y4       PLLE2_ADV (Prop_plle2_adv_CLKIN1_CLKOUT1)
                                                      0.073    15.557 r  ddr3.u_axi_wrap_ddr/mig_axi/u_mig_axi_32_mig/u_ddr3_infrastructure/plle2_i/CLKOUT1
                         net (fo=7, routed)           0.486    16.043    ddr3.u_axi_wrap_ddr/mig_axi/u_mig_axi_32_mig/u_memc_ui_top_axi/mem_intfc0/ddr_phy_top0/u_ddr_mc_phy_wrapper/u_ddr_mc_phy/ddr_phy_4lanes_0.u_ddr_phy_4lanes/ddr_byte_lane_D.ddr_byte_lane_D/mem_refclk
    PHASER_OUT_PHY_X0Y19 PHASER_OUT_PHY (Prop_phaser_out_phy_MEMREFCLK_OCLK)
                                                      2.027    18.070 r  ddr3.u_axi_wrap_ddr/mig_axi/u_mig_axi_32_mig/u_memc_ui_top_axi/mem_intfc0/ddr_phy_top0/u_ddr_mc_phy_wrapper/u_ddr_mc_phy/ddr_phy_4lanes_0.u_ddr_phy_4lanes/ddr_byte_lane_D.ddr_byte_lane_D/phaser_out/OCLK
    PHASER_OUT_PHY_X0Y19 PHASER_OUT_PHY (Prop_phaser_out_phy_OCLK_OCLKDIV)
                                                      0.133    18.203 r  ddr3.u_axi_wrap_ddr/mig_axi/u_mig_axi_32_mig/u_memc_ui_top_axi/mem_intfc0/ddr_phy_top0/u_ddr_mc_phy_wrapper/u_ddr_mc_phy/ddr_phy_4lanes_0.u_ddr_phy_4lanes/ddr_byte_lane_D.ddr_byte_lane_D/phaser_out/OCLKDIV
                         net (fo=13, routed)          0.000    18.203    ddr3.u_axi_wrap_ddr/mig_axi/u_mig_axi_32_mig/u_memc_ui_top_axi/mem_intfc0/ddr_phy_top0/u_ddr_mc_phy_wrapper/u_ddr_mc_phy/ddr_phy_4lanes_0.u_ddr_phy_4lanes/ddr_byte_lane_D.ddr_byte_lane_D/oserdes_clkdiv
    OUT_FIFO_X0Y19       OUT_FIFO                                     r  ddr3.u_axi_wrap_ddr/mig_axi/u_mig_axi_32_mig/u_memc_ui_top_axi/mem_intfc0/ddr_phy_top0/u_ddr_mc_phy_wrapper/u_ddr_mc_phy/ddr_phy_4lanes_0.u_ddr_phy_4lanes/ddr_byte_lane_D.ddr_byte_lane_D/out_fifo/RDCLK
                         clock pessimism              0.397    18.599    
                         clock uncertainty           -0.065    18.534    
    OUT_FIFO_X0Y19       OUT_FIFO (Setup_out_fifo_RDCLK_RDEN)
                                                     -0.573    17.961    ddr3.u_axi_wrap_ddr/mig_axi/u_mig_axi_32_mig/u_memc_ui_top_axi/mem_intfc0/ddr_phy_top0/u_ddr_mc_phy_wrapper/u_ddr_mc_phy/ddr_phy_4lanes_0.u_ddr_phy_4lanes/ddr_byte_lane_D.ddr_byte_lane_D/out_fifo
  -------------------------------------------------------------------
                         required time                         17.961    
                         arrival time                         -16.267    
  -------------------------------------------------------------------
                         slack                                  1.694    





Min Delay Paths
--------------------------------------------------------------------------------------
Slack (MET) :             0.095ns  (arrival time - required time)
  Source:                 ddr3.u_axi_wrap_ddr/mig_axi/u_mig_axi_32_mig/u_memc_ui_top_axi/mem_intfc0/ddr_phy_top0/u_ddr_mc_phy_wrapper/u_ddr_mc_phy/ddr_phy_4lanes_0.u_ddr_phy_4lanes/ddr_byte_lane_D.ddr_byte_lane_D/phaser_out/OCLK
                            (rising edge-triggered cell PHASER_OUT_PHY clocked by oserdes_clk_3  {rise@0.000ns fall@1.250ns period=2.500ns})
  Destination:            ddr3.u_axi_wrap_ddr/mig_axi/u_mig_axi_32_mig/u_memc_ui_top_axi/mem_intfc0/ddr_phy_top0/u_ddr_mc_phy_wrapper/u_ddr_mc_phy/ddr_phy_4lanes_0.u_ddr_phy_4lanes/ddr_byte_lane_D.ddr_byte_lane_D/out_fifo/RDEN
                            (rising edge-triggered cell OUT_FIFO clocked by oserdes_clkdiv_3  {rise@0.000ns fall@5.000ns period=10.000ns})
  Path Group:             oserdes_clkdiv_3
  Path Type:              Hold (Min at Fast Process Corner)
  Requirement:            0.000ns  (oserdes_clkdiv_3 rise@0.000ns - oserdes_clk_3 rise@0.000ns)
  Data Path Delay:        0.172ns  (logic 0.172ns (100.000%)  route 0.000ns (0.000%))
  Logic Levels:           0  
  Clock Path Skew:        0.088ns (DCD - SCD - CPR)
    Destination Clock Delay (DCD):    4.814ns
    Source Clock Delay      (SCD):    4.107ns
    Clock Pessimism Removal (CPR):    0.619ns

    Location             Delay type                Incr(ns)  Path(ns)    Netlist Resource(s)
  -------------------------------------------------------------------    -------------------
                         (clock oserdes_clk_3 rise edge)
                                                      0.000     0.000 r  
    AC19                                              0.000     0.000 r  clk (IN)
                         net (fo=0)                   0.000     0.000    clk
    AC19                 IBUF (Prop_ibuf_I_O)         0.253     0.253 r  clk_IBUF_inst/O
                         net (fo=1, routed)           1.074     1.327    clk_IBUF
    BUFGCTRL_X0Y0        BUFG (Prop_bufg_I_O)         0.026     1.353 r  clk_IBUF_BUFG_inst/O
                         net (fo=2166, routed)        0.701     2.054    ddr3.u_axi_wrap_ddr/mig_axi/u_mig_axi_32_mig/u_ddr3_infrastructure/mmcm_clk
    PLLE2_ADV_X0Y4       PLLE2_ADV (Prop_plle2_adv_CLKIN1_CLKOUT1)
                                                      0.050     2.104 r  ddr3.u_axi_wrap_ddr/mig_axi/u_mig_axi_32_mig/u_ddr3_infrastructure/plle2_i/CLKOUT1
                         net (fo=7, routed)           0.190     2.294    ddr3.u_axi_wrap_ddr/mig_axi/u_mig_axi_32_mig/u_memc_ui_top_axi/mem_intfc0/ddr_phy_top0/u_ddr_mc_phy_wrapper/u_ddr_mc_phy/ddr_phy_4lanes_0.u_ddr_phy_4lanes/ddr_byte_lane_D.ddr_byte_lane_D/mem_refclk
    PHASER_OUT_PHY_X0Y19 PHASER_OUT_PHY (Prop_phaser_out_phy_MEMREFCLK_OCLK)
                                                      1.813     4.107 r  ddr3.u_axi_wrap_ddr/mig_axi/u_mig_axi_32_mig/u_memc_ui_top_axi/mem_intfc0/ddr_phy_top0/u_ddr_mc_phy_wrapper/u_ddr_mc_phy/ddr_phy_4lanes_0.u_ddr_phy_4lanes/ddr_byte_lane_D.ddr_byte_lane_D/phaser_out/OCLK
  -------------------------------------------------------------------    -------------------
    PHASER_OUT_PHY_X0Y19 PHASER_OUT_PHY (Prop_phaser_out_phy_OCLK_RDENABLE)
                                                      0.172     4.279 r  ddr3.u_axi_wrap_ddr/mig_axi/u_mig_axi_32_mig/u_memc_ui_top_axi/mem_intfc0/ddr_phy_top0/u_ddr_mc_phy_wrapper/u_ddr_mc_phy/ddr_phy_4lanes_0.u_ddr_phy_4lanes/ddr_byte_lane_D.ddr_byte_lane_D/phaser_out/RDENABLE
                         net (fo=1, routed)           0.000     4.279    ddr3.u_axi_wrap_ddr/mig_axi/u_mig_axi_32_mig/u_memc_ui_top_axi/mem_intfc0/ddr_phy_top0/u_ddr_mc_phy_wrapper/u_ddr_mc_phy/ddr_phy_4lanes_0.u_ddr_phy_4lanes/ddr_byte_lane_D.ddr_byte_lane_D/po_rd_enable
    OUT_FIFO_X0Y19       OUT_FIFO                                     r  ddr3.u_axi_wrap_ddr/mig_axi/u_mig_axi_32_mig/u_memc_ui_top_axi/mem_intfc0/ddr_phy_top0/u_ddr_mc_phy_wrapper/u_ddr_mc_phy/ddr_phy_4lanes_0.u_ddr_phy_4lanes/ddr_byte_lane_D.ddr_byte_lane_D/out_fifo/RDEN
  -------------------------------------------------------------------    -------------------

                         (clock oserdes_clkdiv_3 rise edge)
                                                      0.000     0.000 r  
    AC19                                              0.000     0.000 r  clk (IN)
                         net (fo=0)                   0.000     0.000    clk
    AC19                 IBUF (Prop_ibuf_I_O)         0.441     0.441 r  clk_IBUF_inst/O
                         net (fo=1, routed)           1.160     1.601    clk_IBUF
    BUFGCTRL_X0Y0        BUFG (Prop_bufg_I_O)         0.029     1.630 r  clk_IBUF_BUFG_inst/O
                         net (fo=2166, routed)        0.976     2.606    ddr3.u_axi_wrap_ddr/mig_axi/u_mig_axi_32_mig/u_ddr3_infrastructure/mmcm_clk
    PLLE2_ADV_X0Y4       PLLE2_ADV (Prop_plle2_adv_CLKIN1_CLKOUT1)
                                                      0.053     2.659 r  ddr3.u_axi_wrap_ddr/mig_axi/u_mig_axi_32_mig/u_ddr3_infrastructure/plle2_i/CLKOUT1
                         net (fo=7, routed)           0.209     2.868    ddr3.u_axi_wrap_ddr/mig_axi/u_mig_axi_32_mig/u_memc_ui_top_axi/mem_intfc0/ddr_phy_top0/u_ddr_mc_phy_wrapper/u_ddr_mc_phy/ddr_phy_4lanes_0.u_ddr_phy_4lanes/ddr_byte_lane_D.ddr_byte_lane_D/mem_refclk
    PHASER_OUT_PHY_X0Y19 PHASER_OUT_PHY (Prop_phaser_out_phy_MEMREFCLK_OCLK)
                                                      1.858     4.726 r  ddr3.u_axi_wrap_ddr/mig_axi/u_mig_axi_32_mig/u_memc_ui_top_axi/mem_intfc0/ddr_phy_top0/u_ddr_mc_phy_wrapper/u_ddr_mc_phy/ddr_phy_4lanes_0.u_ddr_phy_4lanes/ddr_byte_lane_D.ddr_byte_lane_D/phaser_out/OCLK
    PHASER_OUT_PHY_X0Y19 PHASER_OUT_PHY (Prop_phaser_out_phy_OCLK_OCLKDIV)
                                                      0.088     4.814 r  ddr3.u_axi_wrap_ddr/mig_axi/u_mig_axi_32_mig/u_memc_ui_top_axi/mem_intfc0/ddr_phy_top0/u_ddr_mc_phy_wrapper/u_ddr_mc_phy/ddr_phy_4lanes_0.u_ddr_phy_4lanes/ddr_byte_lane_D.ddr_byte_lane_D/phaser_out/OCLKDIV
                         net (fo=13, routed)          0.000     4.814    ddr3.u_axi_wrap_ddr/mig_axi/u_mig_axi_32_mig/u_memc_ui_top_axi/mem_intfc0/ddr_phy_top0/u_ddr_mc_phy_wrapper/u_ddr_mc_phy/ddr_phy_4lanes_0.u_ddr_phy_4lanes/ddr_byte_lane_D.ddr_byte_lane_D/oserdes_clkdiv
    OUT_FIFO_X0Y19       OUT_FIFO                                     r  ddr3.u_axi_wrap_ddr/mig_axi/u_mig_axi_32_mig/u_memc_ui_top_axi/mem_intfc0/ddr_phy_top0/u_ddr_mc_phy_wrapper/u_ddr_mc_phy/ddr_phy_4lanes_0.u_ddr_phy_4lanes/ddr_byte_lane_D.ddr_byte_lane_D/out_fifo/RDCLK
                         clock pessimism             -0.619     4.195    
    OUT_FIFO_X0Y19       OUT_FIFO (Hold_out_fifo_RDCLK_RDEN)
                                                     -0.011     4.184    ddr3.u_axi_wrap_ddr/mig_axi/u_mig_axi_32_mig/u_memc_ui_top_axi/mem_intfc0/ddr_phy_top0/u_ddr_mc_phy_wrapper/u_ddr_mc_phy/ddr_phy_4lanes_0.u_ddr_phy_4lanes/ddr_byte_lane_D.ddr_byte_lane_D/out_fifo
  -------------------------------------------------------------------
                         required time                         -4.184    
                         arrival time                           4.279    
  -------------------------------------------------------------------
                         slack                                  0.095    





---------------------------------------------------------------------------------------------------
From Clock:  ddr_clk
  To Clock:  clk_pll_i

Setup :            0  Failing Endpoints,  Worst Slack       17.404ns,  Total Violation        0.000ns
Hold  :            0  Failing Endpoints,  Worst Slack        0.114ns,  Total Violation        0.000ns
---------------------------------------------------------------------------------------------------


Max Delay Paths
--------------------------------------------------------------------------------------
Slack (MET) :             17.404ns  (required time - arrival time)
  Source:                 ddr3.u_axi_wrap_ddr/mig_axi/u_mig_axi_32_mig/temp_mon_enabled.u_tempmon/xadc_supplied_temperature.temperature_reg[0]/C
                            (rising edge-triggered cell FDRE clocked by ddr_clk  {rise@0.000ns fall@2.500ns period=5.000ns})
  Destination:            ddr3.u_axi_wrap_ddr/mig_axi/u_mig_axi_32_mig/temp_mon_enabled.u_tempmon/device_temp_sync_r1_reg[0]/D
                            (rising edge-triggered cell FDRE clocked by clk_pll_i  {rise@0.000ns fall@5.000ns period=10.000ns})
  Path Group:             clk_pll_i
  Path Type:              Setup (Max at Slow Process Corner)
  Requirement:            20.000ns  (MaxDelay Path 20.000ns)
  Data Path Delay:        4.468ns  (logic 0.379ns (8.482%)  route 4.089ns (91.518%))
  Logic Levels:           0  
  Clock Path Skew:        2.138ns (DCD - SCD + CPR)
    Destination Clock Delay (DCD):    7.507ns
    Source Clock Delay      (SCD):    5.570ns
    Clock Pessimism Removal (CPR):    0.201ns
  Clock Uncertainty:      0.261ns  ((TSJ^2 + DJ^2)^1/2) / 2 + PE
    Total System Jitter     (TSJ):    0.071ns
    Discrete Jitter          (DJ):    0.209ns
    Phase Error              (PE):    0.151ns
  Timing Exception:       MaxDelay Path 20.000ns

    Location             Delay type                Incr(ns)  Path(ns)    Netlist Resource(s)
  -------------------------------------------------------------------    -------------------
                         (clock ddr_clk rise edge)    0.000     0.000 r  
    AC19                                              0.000     0.000 r  clk (IN)
                         net (fo=0)                   0.000     0.000    clk
    AC19                 IBUF (Prop_ibuf_I_O)         1.416     1.416 r  clk_IBUF_inst/O
                         net (fo=1, routed)           2.602     4.018    clk_IBUF
    BUFGCTRL_X0Y0        BUFG (Prop_bufg_I_O)         0.081     4.099 r  clk_IBUF_BUFG_inst/O
                         net (fo=2166, routed)        1.823     5.922    fpga_pll.u_clk_pll_ddr/inst/clk_in1
    PLLE2_ADV_X1Y0       PLLE2_ADV (Prop_plle2_adv_CLKIN1_CLKOUT0)
                                                     -4.192     1.730 r  fpga_pll.u_clk_pll_ddr/inst/plle2_adv_inst/CLKOUT0
                         net (fo=1, routed)           2.288     4.018    fpga_pll.u_clk_pll_ddr/inst/ddr_clk_clk_pll_ddr
    BUFGCTRL_X0Y1        BUFG (Prop_bufg_I_O)         0.081     4.099 r  fpga_pll.u_clk_pll_ddr/inst/clkout1_buf/O
                         net (fo=62, routed)          1.471     5.570    ddr3.u_axi_wrap_ddr/mig_axi/u_mig_axi_32_mig/temp_mon_enabled.u_tempmon/clk_ref_i
    SLICE_X11Y177        FDRE                                         r  ddr3.u_axi_wrap_ddr/mig_axi/u_mig_axi_32_mig/temp_mon_enabled.u_tempmon/xadc_supplied_temperature.temperature_reg[0]/C
  -------------------------------------------------------------------    -------------------
    SLICE_X11Y177        FDRE (Prop_fdre_C_Q)         0.379     5.949 r  ddr3.u_axi_wrap_ddr/mig_axi/u_mig_axi_32_mig/temp_mon_enabled.u_tempmon/xadc_supplied_temperature.temperature_reg[0]/Q
                         net (fo=1, routed)           4.089    10.039    ddr3.u_axi_wrap_ddr/mig_axi/u_mig_axi_32_mig/temp_mon_enabled.u_tempmon/device_temp_lcl[0]
    SLICE_X10Y175        FDRE                                         r  ddr3.u_axi_wrap_ddr/mig_axi/u_mig_axi_32_mig/temp_mon_enabled.u_tempmon/device_temp_sync_r1_reg[0]/D
  -------------------------------------------------------------------    -------------------

                         max delay                   20.000    20.000    
    AC19                                              0.000    20.000 r  clk (IN)
                         net (fo=0)                   0.000    20.000    clk
    AC19                 IBUF (Prop_ibuf_I_O)         1.350    21.350 r  clk_IBUF_inst/O
                         net (fo=1, routed)           2.471    23.821    clk_IBUF
    BUFGCTRL_X0Y0        BUFG (Prop_bufg_I_O)         0.077    23.898 r  clk_IBUF_BUFG_inst/O
                         net (fo=2166, routed)        1.586    25.484    ddr3.u_axi_wrap_ddr/mig_axi/u_mig_axi_32_mig/u_ddr3_infrastructure/mmcm_clk
    PLLE2_ADV_X0Y4       PLLE2_ADV (Prop_plle2_adv_CLKIN1_CLKOUT3)
                                                      0.073    25.557 r  ddr3.u_axi_wrap_ddr/mig_axi/u_mig_axi_32_mig/u_ddr3_infrastructure/plle2_i/CLKOUT3
                         net (fo=1, routed)           1.281    26.838    ddr3.u_axi_wrap_ddr/mig_axi/u_mig_axi_32_mig/u_ddr3_infrastructure/pll_clk3_out
    BUFHCE_X0Y48         BUFH (Prop_bufh_I_O)         0.069    26.907 r  ddr3.u_axi_wrap_ddr/mig_axi/u_mig_axi_32_mig/u_ddr3_infrastructure/u_bufh_pll_clk3/O
                         net (fo=1, routed)           0.805    27.712    ddr3.u_axi_wrap_ddr/mig_axi/u_mig_axi_32_mig/u_ddr3_infrastructure/pll_clk3
    MMCME2_ADV_X0Y4      MMCME2_ADV (Prop_mmcme2_adv_CLKIN1_CLKFBOUT)
                                                     -3.606    24.105 r  ddr3.u_axi_wrap_ddr/mig_axi/u_mig_axi_32_mig/u_ddr3_infrastructure/gen_mmcm.mmcm_i/CLKFBOUT
                         net (fo=1, routed)           1.964    26.070    ddr3.u_axi_wrap_ddr/mig_axi/u_mig_axi_32_mig/u_ddr3_infrastructure/clk_pll_i
    BUFGCTRL_X0Y16       BUFG (Prop_bufg_I_O)         0.077    26.147 r  ddr3.u_axi_wrap_ddr/mig_axi/u_mig_axi_32_mig/u_ddr3_infrastructure/u_bufg_clkdiv0/O
                         net (fo=7005, routed)        1.360    27.507    ddr3.u_axi_wrap_ddr/mig_axi/u_mig_axi_32_mig/temp_mon_enabled.u_tempmon/device_temp_r_reg[11]_0
    SLICE_X10Y175        FDRE                                         r  ddr3.u_axi_wrap_ddr/mig_axi/u_mig_axi_32_mig/temp_mon_enabled.u_tempmon/device_temp_sync_r1_reg[0]/C
                         clock pessimism              0.201    27.708    
                         clock uncertainty           -0.261    27.447    
    SLICE_X10Y175        FDRE (Setup_fdre_C_D)       -0.004    27.443    ddr3.u_axi_wrap_ddr/mig_axi/u_mig_axi_32_mig/temp_mon_enabled.u_tempmon/device_temp_sync_r1_reg[0]
  -------------------------------------------------------------------
                         required time                         27.443    
                         arrival time                         -10.039    
  -------------------------------------------------------------------
                         slack                                 17.404    





Min Delay Paths
--------------------------------------------------------------------------------------
Slack (MET) :             0.114ns  (arrival time - required time)
  Source:                 ddr3.u_axi_wrap_ddr/mig_axi/u_mig_axi_32_mig/temp_mon_enabled.u_tempmon/xadc_supplied_temperature.temperature_reg[5]/C
                            (rising edge-triggered cell FDRE clocked by ddr_clk  {rise@0.000ns fall@2.500ns period=5.000ns})
  Destination:            ddr3.u_axi_wrap_ddr/mig_axi/u_mig_axi_32_mig/temp_mon_enabled.u_tempmon/device_temp_sync_r1_reg[5]/D
                            (rising edge-triggered cell FDRE clocked by clk_pll_i  {rise@0.000ns fall@5.000ns period=10.000ns})
  Path Group:             clk_pll_i
  Path Type:              Hold (Min at Fast Process Corner)
  Requirement:            0.000ns  (clk_pll_i rise@0.000ns - ddr_clk rise@0.000ns)
  Data Path Delay:        1.951ns  (logic 0.141ns (7.226%)  route 1.810ns (92.774%))
  Logic Levels:           0  
  Clock Path Skew:        1.501ns (DCD - SCD - CPR)
    Destination Clock Delay (DCD):    3.742ns
    Source Clock Delay      (SCD):    1.964ns
    Clock Pessimism Removal (CPR):    0.277ns
  Clock Uncertainty:      0.261ns  ((TSJ^2 + DJ^2)^1/2) / 2 + PE
    Total System Jitter     (TSJ):    0.071ns
    Discrete Jitter          (DJ):    0.209ns
    Phase Error              (PE):    0.151ns

    Location             Delay type                Incr(ns)  Path(ns)    Netlist Resource(s)
  -------------------------------------------------------------------    -------------------
                         (clock ddr_clk rise edge)    0.000     0.000 r  
    AC19                                              0.000     0.000 r  clk (IN)
                         net (fo=0)                   0.000     0.000    clk
    AC19                 IBUF (Prop_ibuf_I_O)         0.253     0.253 r  clk_IBUF_inst/O
                         net (fo=1, routed)           1.074     1.327    clk_IBUF
    BUFGCTRL_X0Y0        BUFG (Prop_bufg_I_O)         0.026     1.353 r  clk_IBUF_BUFG_inst/O
                         net (fo=2166, routed)        0.750     2.103    fpga_pll.u_clk_pll_ddr/inst/clk_in1
    PLLE2_ADV_X1Y0       PLLE2_ADV (Prop_plle2_adv_CLKIN1_CLKOUT0)
                                                     -1.703     0.400 r  fpga_pll.u_clk_pll_ddr/inst/plle2_adv_inst/CLKOUT0
                         net (fo=1, routed)           0.927     1.327    fpga_pll.u_clk_pll_ddr/inst/ddr_clk_clk_pll_ddr
    BUFGCTRL_X0Y1        BUFG (Prop_bufg_I_O)         0.026     1.353 r  fpga_pll.u_clk_pll_ddr/inst/clkout1_buf/O
                         net (fo=62, routed)          0.612     1.964    ddr3.u_axi_wrap_ddr/mig_axi/u_mig_axi_32_mig/temp_mon_enabled.u_tempmon/clk_ref_i
    SLICE_X13Y174        FDRE                                         r  ddr3.u_axi_wrap_ddr/mig_axi/u_mig_axi_32_mig/temp_mon_enabled.u_tempmon/xadc_supplied_temperature.temperature_reg[5]/C
  -------------------------------------------------------------------    -------------------
    SLICE_X13Y174        FDRE (Prop_fdre_C_Q)         0.141     2.105 r  ddr3.u_axi_wrap_ddr/mig_axi/u_mig_axi_32_mig/temp_mon_enabled.u_tempmon/xadc_supplied_temperature.temperature_reg[5]/Q
                         net (fo=1, routed)           1.810     3.916    ddr3.u_axi_wrap_ddr/mig_axi/u_mig_axi_32_mig/temp_mon_enabled.u_tempmon/device_temp_lcl[5]
    SLICE_X9Y173         FDRE                                         r  ddr3.u_axi_wrap_ddr/mig_axi/u_mig_axi_32_mig/temp_mon_enabled.u_tempmon/device_temp_sync_r1_reg[5]/D
  -------------------------------------------------------------------    -------------------

                         (clock clk_pll_i rise edge)
                                                      0.000     0.000 r  
    AC19                                              0.000     0.000 r  clk (IN)
                         net (fo=0)                   0.000     0.000    clk
    AC19                 IBUF (Prop_ibuf_I_O)         0.441     0.441 r  clk_IBUF_inst/O
                         net (fo=1, routed)           1.160     1.601    clk_IBUF
    BUFGCTRL_X0Y0        BUFG (Prop_bufg_I_O)         0.029     1.630 r  clk_IBUF_BUFG_inst/O
                         net (fo=2166, routed)        0.976     2.606    ddr3.u_axi_wrap_ddr/mig_axi/u_mig_axi_32_mig/u_ddr3_infrastructure/mmcm_clk
    PLLE2_ADV_X0Y4       PLLE2_ADV (Prop_plle2_adv_CLKIN1_CLKOUT3)
                                                      0.053     2.659 r  ddr3.u_axi_wrap_ddr/mig_axi/u_mig_axi_32_mig/u_ddr3_infrastructure/plle2_i/CLKOUT3
                         net (fo=1, routed)           0.577     3.236    ddr3.u_axi_wrap_ddr/mig_axi/u_mig_axi_32_mig/u_ddr3_infrastructure/pll_clk3_out
    BUFHCE_X0Y48         BUFH (Prop_bufh_I_O)         0.043     3.279 r  ddr3.u_axi_wrap_ddr/mig_axi/u_mig_axi_32_mig/u_ddr3_infrastructure/u_bufh_pll_clk3/O
                         net (fo=1, routed)           0.553     3.832    ddr3.u_axi_wrap_ddr/mig_axi/u_mig_axi_32_mig/u_ddr3_infrastructure/pll_clk3
    MMCME2_ADV_X0Y4      MMCME2_ADV (Prop_mmcme2_adv_CLKIN1_CLKFBOUT)
                                                     -1.858     1.974 r  ddr3.u_axi_wrap_ddr/mig_axi/u_mig_axi_32_mig/u_ddr3_infrastructure/gen_mmcm.mmcm_i/CLKFBOUT
                         net (fo=1, routed)           0.860     2.834    ddr3.u_axi_wrap_ddr/mig_axi/u_mig_axi_32_mig/u_ddr3_infrastructure/clk_pll_i
    BUFGCTRL_X0Y16       BUFG (Prop_bufg_I_O)         0.029     2.863 r  ddr3.u_axi_wrap_ddr/mig_axi/u_mig_axi_32_mig/u_ddr3_infrastructure/u_bufg_clkdiv0/O
                         net (fo=7005, routed)        0.880     3.742    ddr3.u_axi_wrap_ddr/mig_axi/u_mig_axi_32_mig/temp_mon_enabled.u_tempmon/device_temp_r_reg[11]_0
    SLICE_X9Y173         FDRE                                         r  ddr3.u_axi_wrap_ddr/mig_axi/u_mig_axi_32_mig/temp_mon_enabled.u_tempmon/device_temp_sync_r1_reg[5]/C
                         clock pessimism             -0.277     3.465    
                         clock uncertainty            0.261     3.726    
    SLICE_X9Y173         FDRE (Hold_fdre_C_D)         0.075     3.801    ddr3.u_axi_wrap_ddr/mig_axi/u_mig_axi_32_mig/temp_mon_enabled.u_tempmon/device_temp_sync_r1_reg[5]
  -------------------------------------------------------------------
                         required time                         -3.801    
                         arrival time                           3.916    
  -------------------------------------------------------------------
                         slack                                  0.114    





---------------------------------------------------------------------------------------------------
From Clock:  sys_clk
  To Clock:  clk_pll_i

Setup :            0  Failing Endpoints,  Worst Slack        6.547ns,  Total Violation        0.000ns
Hold  :            0  Failing Endpoints,  Worst Slack        0.056ns,  Total Violation        0.000ns
---------------------------------------------------------------------------------------------------


Max Delay Paths
--------------------------------------------------------------------------------------
Slack (MET) :             6.547ns  (required time - arrival time)
  Source:                 ddr3.u_axi_wrap_ddr/u_Axi_CDC/arFifo/ram_reg_0_3_0_5/RAMA/CLK
                            (rising edge-triggered cell RAMD32 clocked by sys_clk  {rise@0.000ns fall@5.000ns period=10.000ns})
  Destination:            ddr3.u_axi_wrap_ddr/u_Axi_CDC/arFifo/_zz_ram_port1_reg[0]/D
                            (rising edge-triggered cell FDRE clocked by clk_pll_i  {rise@0.000ns fall@5.000ns period=10.000ns})
  Path Group:             clk_pll_i
  Path Type:              Setup (Max at Slow Process Corner)
  Requirement:            10.000ns  (clk_pll_i rise@10.000ns - sys_clk rise@0.000ns)
  Data Path Delay:        5.120ns  (logic 1.109ns (21.659%)  route 4.011ns (78.341%))
  Logic Levels:           0  
  Clock Path Skew:        2.139ns (DCD - SCD + CPR)
    Destination Clock Delay (DCD):    7.433ns = ( 17.433 - 10.000 ) 
    Source Clock Delay      (SCD):    5.495ns
    Clock Pessimism Removal (CPR):    0.201ns
  Clock Uncertainty:      0.237ns  ((TSJ^2 + DJ^2)^1/2) / 2 + PE
    Total System Jitter     (TSJ):    0.071ns
    Discrete Jitter          (DJ):    0.184ns
    Phase Error              (PE):    0.139ns

    Location             Delay type                Incr(ns)  Path(ns)    Netlist Resource(s)
  -------------------------------------------------------------------    -------------------
                         (clock sys_clk rise edge)    0.000     0.000 r  
    AC19                                              0.000     0.000 r  clk (IN)
                         net (fo=0)                   0.000     0.000    clk
    AC19                 IBUF (Prop_ibuf_I_O)         1.416     1.416 r  clk_IBUF_inst/O
                         net (fo=1, routed)           2.602     4.018    clk_IBUF
    BUFGCTRL_X0Y0        BUFG (Prop_bufg_I_O)         0.081     4.099 r  clk_IBUF_BUFG_inst/O
                         net (fo=2166, routed)        1.536     5.635    fpga_pll.u_clk_pll/inst/clk_in1
    PLLE2_ADV_X0Y2       PLLE2_ADV (Prop_plle2_adv_CLKIN1_CLKOUT1)
                                                     -3.173     2.461 r  fpga_pll.u_clk_pll/inst/plle2_adv_inst/CLKOUT1
                         net (fo=1, routed)           1.557     4.018    fpga_pll.u_clk_pll/inst/sys_clk_clk_pll
    BUFGCTRL_X0Y3        BUFG (Prop_bufg_I_O)         0.081     4.099 r  fpga_pll.u_clk_pll/inst/clkout2_buf/O
                         net (fo=3603, routed)        1.396     5.495    ddr3.u_axi_wrap_ddr/u_Axi_CDC/arFifo/ram_reg_0_3_0_5/WCLK
    SLICE_X52Y191        RAMD32                                       r  ddr3.u_axi_wrap_ddr/u_Axi_CDC/arFifo/ram_reg_0_3_0_5/RAMA/CLK
  -------------------------------------------------------------------    -------------------
    SLICE_X52Y191        RAMD32 (Prop_ramd32_CLK_O)
                                                      1.109     6.604 r  ddr3.u_axi_wrap_ddr/u_Axi_CDC/arFifo/ram_reg_0_3_0_5/RAMA/O
                         net (fo=1, routed)           4.011    10.615    ddr3.u_axi_wrap_ddr/u_Axi_CDC/arFifo/_zz_ram_port10__2[0]
    SLICE_X51Y193        FDRE                                         r  ddr3.u_axi_wrap_ddr/u_Axi_CDC/arFifo/_zz_ram_port1_reg[0]/D
  -------------------------------------------------------------------    -------------------

                         (clock clk_pll_i rise edge)
                                                     10.000    10.000 r  
    AC19                                              0.000    10.000 r  clk (IN)
                         net (fo=0)                   0.000    10.000    clk
    AC19                 IBUF (Prop_ibuf_I_O)         1.350    11.350 r  clk_IBUF_inst/O
                         net (fo=1, routed)           2.471    13.821    clk_IBUF
    BUFGCTRL_X0Y0        BUFG (Prop_bufg_I_O)         0.077    13.898 r  clk_IBUF_BUFG_inst/O
                         net (fo=2166, routed)        1.586    15.484    ddr3.u_axi_wrap_ddr/mig_axi/u_mig_axi_32_mig/u_ddr3_infrastructure/mmcm_clk
    PLLE2_ADV_X0Y4       PLLE2_ADV (Prop_plle2_adv_CLKIN1_CLKOUT3)
                                                      0.073    15.557 r  ddr3.u_axi_wrap_ddr/mig_axi/u_mig_axi_32_mig/u_ddr3_infrastructure/plle2_i/CLKOUT3
                         net (fo=1, routed)           1.281    16.838    ddr3.u_axi_wrap_ddr/mig_axi/u_mig_axi_32_mig/u_ddr3_infrastructure/pll_clk3_out
    BUFHCE_X0Y48         BUFH (Prop_bufh_I_O)         0.069    16.907 r  ddr3.u_axi_wrap_ddr/mig_axi/u_mig_axi_32_mig/u_ddr3_infrastructure/u_bufh_pll_clk3/O
                         net (fo=1, routed)           0.805    17.712    ddr3.u_axi_wrap_ddr/mig_axi/u_mig_axi_32_mig/u_ddr3_infrastructure/pll_clk3
    MMCME2_ADV_X0Y4      MMCME2_ADV (Prop_mmcme2_adv_CLKIN1_CLKFBOUT)
                                                     -3.606    14.105 r  ddr3.u_axi_wrap_ddr/mig_axi/u_mig_axi_32_mig/u_ddr3_infrastructure/gen_mmcm.mmcm_i/CLKFBOUT
                         net (fo=1, routed)           1.964    16.070    ddr3.u_axi_wrap_ddr/mig_axi/u_mig_axi_32_mig/u_ddr3_infrastructure/clk_pll_i
    BUFGCTRL_X0Y16       BUFG (Prop_bufg_I_O)         0.077    16.147 r  ddr3.u_axi_wrap_ddr/mig_axi/u_mig_axi_32_mig/u_ddr3_infrastructure/u_bufg_clkdiv0/O
                         net (fo=7005, routed)        1.286    17.433    ddr3.u_axi_wrap_ddr/u_Axi_CDC/arFifo/ui_clk
    SLICE_X51Y193        FDRE                                         r  ddr3.u_axi_wrap_ddr/u_Axi_CDC/arFifo/_zz_ram_port1_reg[0]/C
                         clock pessimism              0.201    17.634    
                         clock uncertainty           -0.237    17.397    
    SLICE_X51Y193        FDRE (Setup_fdre_C_D)       -0.234    17.163    ddr3.u_axi_wrap_ddr/u_Axi_CDC/arFifo/_zz_ram_port1_reg[0]
  -------------------------------------------------------------------
                         required time                         17.163    
                         arrival time                         -10.615    
  -------------------------------------------------------------------
                         slack                                  6.547    





Min Delay Paths
--------------------------------------------------------------------------------------
Slack (MET) :             0.056ns  (arrival time - required time)
  Source:                 ddr3.u_axi_wrap_ddr/u_Axi_CDC/awFifo/ram_reg_0_3_24_29/RAMB/CLK
                            (rising edge-triggered cell RAMD32 clocked by sys_clk  {rise@0.000ns fall@5.000ns period=10.000ns})
  Destination:            ddr3.u_axi_wrap_ddr/u_Axi_CDC/awFifo/_zz_ram_port1_reg[26]/D
                            (rising edge-triggered cell FDRE clocked by clk_pll_i  {rise@0.000ns fall@5.000ns period=10.000ns})
  Path Group:             clk_pll_i
  Path Type:              Hold (Min at Fast Process Corner)
  Requirement:            0.000ns  (clk_pll_i rise@0.000ns - sys_clk rise@0.000ns)
  Data Path Delay:        1.793ns  (logic 0.394ns (21.974%)  route 1.399ns (78.026%))
  Logic Levels:           0  
  Clock Path Skew:        1.503ns (DCD - SCD - CPR)
    Destination Clock Delay (DCD):    3.714ns
    Source Clock Delay      (SCD):    1.934ns
    Clock Pessimism Removal (CPR):    0.277ns
  Clock Uncertainty:      0.237ns  ((TSJ^2 + DJ^2)^1/2) / 2 + PE
    Total System Jitter     (TSJ):    0.071ns
    Discrete Jitter          (DJ):    0.184ns
    Phase Error              (PE):    0.139ns

    Location             Delay type                Incr(ns)  Path(ns)    Netlist Resource(s)
  -------------------------------------------------------------------    -------------------
                         (clock sys_clk rise edge)    0.000     0.000 r  
    AC19                                              0.000     0.000 r  clk (IN)
                         net (fo=0)                   0.000     0.000    clk
    AC19                 IBUF (Prop_ibuf_I_O)         0.253     0.253 r  clk_IBUF_inst/O
                         net (fo=1, routed)           1.074     1.327    clk_IBUF
    BUFGCTRL_X0Y0        BUFG (Prop_bufg_I_O)         0.026     1.353 r  clk_IBUF_BUFG_inst/O
                         net (fo=2166, routed)        0.615     1.967    fpga_pll.u_clk_pll/inst/clk_in1
    PLLE2_ADV_X0Y2       PLLE2_ADV (Prop_plle2_adv_CLKIN1_CLKOUT1)
                                                     -1.200     0.767 r  fpga_pll.u_clk_pll/inst/plle2_adv_inst/CLKOUT1
                         net (fo=1, routed)           0.560     1.327    fpga_pll.u_clk_pll/inst/sys_clk_clk_pll
    BUFGCTRL_X0Y3        BUFG (Prop_bufg_I_O)         0.026     1.353 r  fpga_pll.u_clk_pll/inst/clkout2_buf/O
                         net (fo=3603, routed)        0.582     1.934    ddr3.u_axi_wrap_ddr/u_Axi_CDC/awFifo/ram_reg_0_3_24_29/WCLK
    SLICE_X52Y188        RAMD32                                       r  ddr3.u_axi_wrap_ddr/u_Axi_CDC/awFifo/ram_reg_0_3_24_29/RAMB/CLK
  -------------------------------------------------------------------    -------------------
    SLICE_X52Y188        RAMD32 (Prop_ramd32_CLK_O)
                                                      0.394     2.328 r  ddr3.u_axi_wrap_ddr/u_Axi_CDC/awFifo/ram_reg_0_3_24_29/RAMB/O
                         net (fo=1, routed)           1.399     3.727    ddr3.u_axi_wrap_ddr/u_Axi_CDC/awFifo/_zz_ram_port10[26]
    SLICE_X49Y193        FDRE                                         r  ddr3.u_axi_wrap_ddr/u_Axi_CDC/awFifo/_zz_ram_port1_reg[26]/D
  -------------------------------------------------------------------    -------------------

                         (clock clk_pll_i rise edge)
                                                      0.000     0.000 r  
    AC19                                              0.000     0.000 r  clk (IN)
                         net (fo=0)                   0.000     0.000    clk
    AC19                 IBUF (Prop_ibuf_I_O)         0.441     0.441 r  clk_IBUF_inst/O
                         net (fo=1, routed)           1.160     1.601    clk_IBUF
    BUFGCTRL_X0Y0        BUFG (Prop_bufg_I_O)         0.029     1.630 r  clk_IBUF_BUFG_inst/O
                         net (fo=2166, routed)        0.976     2.606    ddr3.u_axi_wrap_ddr/mig_axi/u_mig_axi_32_mig/u_ddr3_infrastructure/mmcm_clk
    PLLE2_ADV_X0Y4       PLLE2_ADV (Prop_plle2_adv_CLKIN1_CLKOUT3)
                                                      0.053     2.659 r  ddr3.u_axi_wrap_ddr/mig_axi/u_mig_axi_32_mig/u_ddr3_infrastructure/plle2_i/CLKOUT3
                         net (fo=1, routed)           0.577     3.236    ddr3.u_axi_wrap_ddr/mig_axi/u_mig_axi_32_mig/u_ddr3_infrastructure/pll_clk3_out
    BUFHCE_X0Y48         BUFH (Prop_bufh_I_O)         0.043     3.279 r  ddr3.u_axi_wrap_ddr/mig_axi/u_mig_axi_32_mig/u_ddr3_infrastructure/u_bufh_pll_clk3/O
                         net (fo=1, routed)           0.553     3.832    ddr3.u_axi_wrap_ddr/mig_axi/u_mig_axi_32_mig/u_ddr3_infrastructure/pll_clk3
    MMCME2_ADV_X0Y4      MMCME2_ADV (Prop_mmcme2_adv_CLKIN1_CLKFBOUT)
                                                     -1.858     1.974 r  ddr3.u_axi_wrap_ddr/mig_axi/u_mig_axi_32_mig/u_ddr3_infrastructure/gen_mmcm.mmcm_i/CLKFBOUT
                         net (fo=1, routed)           0.860     2.834    ddr3.u_axi_wrap_ddr/mig_axi/u_mig_axi_32_mig/u_ddr3_infrastructure/clk_pll_i
    BUFGCTRL_X0Y16       BUFG (Prop_bufg_I_O)         0.029     2.863 r  ddr3.u_axi_wrap_ddr/mig_axi/u_mig_axi_32_mig/u_ddr3_infrastructure/u_bufg_clkdiv0/O
                         net (fo=7005, routed)        0.851     3.714    ddr3.u_axi_wrap_ddr/u_Axi_CDC/awFifo/ui_clk
    SLICE_X49Y193        FDRE                                         r  ddr3.u_axi_wrap_ddr/u_Axi_CDC/awFifo/_zz_ram_port1_reg[26]/C
                         clock pessimism             -0.277     3.437    
                         clock uncertainty            0.237     3.674    
    SLICE_X49Y193        FDRE (Hold_fdre_C_D)        -0.003     3.671    ddr3.u_axi_wrap_ddr/u_Axi_CDC/awFifo/_zz_ram_port1_reg[26]
  -------------------------------------------------------------------
                         required time                         -3.671    
                         arrival time                           3.727    
  -------------------------------------------------------------------
                         slack                                  0.056    





---------------------------------------------------------------------------------------------------
From Clock:  clk_pll_i
  To Clock:  sys_clk

Setup :            0  Failing Endpoints,  Worst Slack        4.895ns,  Total Violation        0.000ns
Hold  :            0  Failing Endpoints,  Worst Slack        0.572ns,  Total Violation        0.000ns
---------------------------------------------------------------------------------------------------


Max Delay Paths
--------------------------------------------------------------------------------------
Slack (MET) :             4.895ns  (required time - arrival time)
  Source:                 ddr3.u_axi_wrap_ddr/u_Axi_CDC/rFifo/ram_reg_0_7_18_23/RAMA/CLK
                            (rising edge-triggered cell RAMD32 clocked by clk_pll_i  {rise@0.000ns fall@5.000ns period=10.000ns})
  Destination:            ddr3.u_axi_wrap_ddr/u_Axi_CDC/rFifo/_zz_ram_port1_reg[18]/D
                            (rising edge-triggered cell FDRE clocked by sys_clk  {rise@0.000ns fall@5.000ns period=10.000ns})
  Path Group:             sys_clk
  Path Type:              Setup (Max at Slow Process Corner)
  Requirement:            10.000ns  (sys_clk rise@10.000ns - clk_pll_i rise@0.000ns)
  Data Path Delay:        1.980ns  (logic 1.109ns (56.005%)  route 0.871ns (43.995%))
  Logic Levels:           0  
  Clock Path Skew:        -2.682ns (DCD - SCD + CPR)
    Destination Clock Delay (DCD):    5.259ns = ( 15.259 - 10.000 ) 
    Source Clock Delay      (SCD):    8.142ns
    Clock Pessimism Removal (CPR):    0.201ns
  Clock Uncertainty:      0.237ns  ((TSJ^2 + DJ^2)^1/2) / 2 + PE
    Total System Jitter     (TSJ):    0.071ns
    Discrete Jitter          (DJ):    0.184ns
    Phase Error              (PE):    0.139ns

    Location             Delay type                Incr(ns)  Path(ns)    Netlist Resource(s)
  -------------------------------------------------------------------    -------------------
                         (clock clk_pll_i rise edge)
                                                      0.000     0.000 r  
    AC19                                              0.000     0.000 r  clk (IN)
                         net (fo=0)                   0.000     0.000    clk
    AC19                 IBUF (Prop_ibuf_I_O)         1.416     1.416 r  clk_IBUF_inst/O
                         net (fo=1, routed)           2.602     4.018    clk_IBUF
    BUFGCTRL_X0Y0        BUFG (Prop_bufg_I_O)         0.081     4.099 r  clk_IBUF_BUFG_inst/O
                         net (fo=2166, routed)        1.696     5.795    ddr3.u_axi_wrap_ddr/mig_axi/u_mig_axi_32_mig/u_ddr3_infrastructure/mmcm_clk
    PLLE2_ADV_X0Y4       PLLE2_ADV (Prop_plle2_adv_CLKIN1_CLKOUT3)
                                                      0.077     5.872 r  ddr3.u_axi_wrap_ddr/mig_axi/u_mig_axi_32_mig/u_ddr3_infrastructure/plle2_i/CLKOUT3
                         net (fo=1, routed)           1.429     7.301    ddr3.u_axi_wrap_ddr/mig_axi/u_mig_axi_32_mig/u_ddr3_infrastructure/pll_clk3_out
    BUFHCE_X0Y48         BUFH (Prop_bufh_I_O)         0.106     7.407 r  ddr3.u_axi_wrap_ddr/mig_axi/u_mig_axi_32_mig/u_ddr3_infrastructure/u_bufh_pll_clk3/O
                         net (fo=1, routed)           0.841     8.248    ddr3.u_axi_wrap_ddr/mig_axi/u_mig_axi_32_mig/u_ddr3_infrastructure/pll_clk3
    MMCME2_ADV_X0Y4      MMCME2_ADV (Prop_mmcme2_adv_CLKIN1_CLKFBOUT)
                                                     -3.816     4.432 r  ddr3.u_axi_wrap_ddr/mig_axi/u_mig_axi_32_mig/u_ddr3_infrastructure/gen_mmcm.mmcm_i/CLKFBOUT
                         net (fo=1, routed)           2.061     6.493    ddr3.u_axi_wrap_ddr/mig_axi/u_mig_axi_32_mig/u_ddr3_infrastructure/clk_pll_i
    BUFGCTRL_X0Y16       BUFG (Prop_bufg_I_O)         0.081     6.574 r  ddr3.u_axi_wrap_ddr/mig_axi/u_mig_axi_32_mig/u_ddr3_infrastructure/u_bufg_clkdiv0/O
                         net (fo=7005, routed)        1.568     8.142    ddr3.u_axi_wrap_ddr/u_Axi_CDC/rFifo/ram_reg_0_7_18_23/WCLK
    SLICE_X42Y203        RAMD32                                       r  ddr3.u_axi_wrap_ddr/u_Axi_CDC/rFifo/ram_reg_0_7_18_23/RAMA/CLK
  -------------------------------------------------------------------    -------------------
    SLICE_X42Y203        RAMD32 (Prop_ramd32_CLK_O)
                                                      1.109     9.251 r  ddr3.u_axi_wrap_ddr/u_Axi_CDC/rFifo/ram_reg_0_7_18_23/RAMA/O
                         net (fo=1, routed)           0.871    10.122    ddr3.u_axi_wrap_ddr/u_Axi_CDC/rFifo/_zz_ram_port10__3[18]
    SLICE_X38Y195        FDRE                                         r  ddr3.u_axi_wrap_ddr/u_Axi_CDC/rFifo/_zz_ram_port1_reg[18]/D
  -------------------------------------------------------------------    -------------------

                         (clock sys_clk rise edge)   10.000    10.000 r  
    AC19                                              0.000    10.000 r  clk (IN)
                         net (fo=0)                   0.000    10.000    clk
    AC19                 IBUF (Prop_ibuf_I_O)         1.350    11.350 r  clk_IBUF_inst/O
                         net (fo=1, routed)           2.471    13.821    clk_IBUF
    BUFGCTRL_X0Y0        BUFG (Prop_bufg_I_O)         0.077    13.898 r  clk_IBUF_BUFG_inst/O
                         net (fo=2166, routed)        1.434    15.331    fpga_pll.u_clk_pll/inst/clk_in1
    PLLE2_ADV_X0Y2       PLLE2_ADV (Prop_plle2_adv_CLKIN1_CLKOUT1)
                                                     -2.995    12.336 r  fpga_pll.u_clk_pll/inst/plle2_adv_inst/CLKOUT1
                         net (fo=1, routed)           1.484    13.821    fpga_pll.u_clk_pll/inst/sys_clk_clk_pll
    BUFGCTRL_X0Y3        BUFG (Prop_bufg_I_O)         0.077    13.898 r  fpga_pll.u_clk_pll/inst/clkout2_buf/O
                         net (fo=3603, routed)        1.361    15.259    ddr3.u_axi_wrap_ddr/u_Axi_CDC/rFifo/sys_clk
    SLICE_X38Y195        FDRE                                         r  ddr3.u_axi_wrap_ddr/u_Axi_CDC/rFifo/_zz_ram_port1_reg[18]/C
                         clock pessimism              0.201    15.460    
                         clock uncertainty           -0.237    15.223    
    SLICE_X38Y195        FDRE (Setup_fdre_C_D)       -0.206    15.017    ddr3.u_axi_wrap_ddr/u_Axi_CDC/rFifo/_zz_ram_port1_reg[18]
  -------------------------------------------------------------------
                         required time                         15.017    
                         arrival time                         -10.122    
  -------------------------------------------------------------------
                         slack                                  4.895    





Min Delay Paths
--------------------------------------------------------------------------------------
Slack (MET) :             0.572ns  (arrival time - required time)
  Source:                 ddr3.u_axi_wrap_ddr/u_Axi_CDC/awFifo/popCC_ptrToPush_reg[0]/C
                            (rising edge-triggered cell FDCE clocked by clk_pll_i  {rise@0.000ns fall@5.000ns period=10.000ns})
  Destination:            ddr3.u_axi_wrap_ddr/u_Axi_CDC/awFifo/popToPushGray_buffercc/buffers_0_reg[0]/D
                            (rising edge-triggered cell FDCE clocked by sys_clk  {rise@0.000ns fall@5.000ns period=10.000ns})
  Path Group:             sys_clk
  Path Type:              Hold (Min at Fast Process Corner)
  Requirement:            0.000ns  (sys_clk rise@0.000ns - clk_pll_i rise@0.000ns)
  Data Path Delay:        0.208ns  (logic 0.141ns (67.752%)  route 0.067ns (32.248%))
  Logic Levels:           0  
  Clock Path Skew:        -0.648ns (DCD - SCD - CPR)
    Destination Clock Delay (DCD):    2.483ns
    Source Clock Delay      (SCD):    2.854ns
    Clock Pessimism Removal (CPR):    0.277ns
  Clock Uncertainty:      0.237ns  ((TSJ^2 + DJ^2)^1/2) / 2 + PE
    Total System Jitter     (TSJ):    0.071ns
    Discrete Jitter          (DJ):    0.184ns
    Phase Error              (PE):    0.139ns

    Location             Delay type                Incr(ns)  Path(ns)    Netlist Resource(s)
  -------------------------------------------------------------------    -------------------
                         (clock clk_pll_i rise edge)
                                                      0.000     0.000 r  
    AC19                                              0.000     0.000 r  clk (IN)
                         net (fo=0)                   0.000     0.000    clk
    AC19                 IBUF (Prop_ibuf_I_O)         0.253     0.253 r  clk_IBUF_inst/O
                         net (fo=1, routed)           1.074     1.327    clk_IBUF
    BUFGCTRL_X0Y0        BUFG (Prop_bufg_I_O)         0.026     1.353 r  clk_IBUF_BUFG_inst/O
                         net (fo=2166, routed)        0.701     2.054    ddr3.u_axi_wrap_ddr/mig_axi/u_mig_axi_32_mig/u_ddr3_infrastructure/mmcm_clk
    PLLE2_ADV_X0Y4       PLLE2_ADV (Prop_plle2_adv_CLKIN1_CLKOUT3)
                                                      0.050     2.104 r  ddr3.u_axi_wrap_ddr/mig_axi/u_mig_axi_32_mig/u_ddr3_infrastructure/plle2_i/CLKOUT3
                         net (fo=1, routed)           0.518     2.622    ddr3.u_axi_wrap_ddr/mig_axi/u_mig_axi_32_mig/u_ddr3_infrastructure/pll_clk3_out
    BUFHCE_X0Y48         BUFH (Prop_bufh_I_O)         0.020     2.642 r  ddr3.u_axi_wrap_ddr/mig_axi/u_mig_axi_32_mig/u_ddr3_infrastructure/u_bufh_pll_clk3/O
                         net (fo=1, routed)           0.326     2.968    ddr3.u_axi_wrap_ddr/mig_axi/u_mig_axi_32_mig/u_ddr3_infrastructure/pll_clk3
    MMCME2_ADV_X0Y4      MMCME2_ADV (Prop_mmcme2_adv_CLKIN1_CLKFBOUT)
                                                     -1.511     1.457 r  ddr3.u_axi_wrap_ddr/mig_axi/u_mig_axi_32_mig/u_ddr3_infrastructure/gen_mmcm.mmcm_i/CLKFBOUT
                         net (fo=1, routed)           0.790     2.248    ddr3.u_axi_wrap_ddr/mig_axi/u_mig_axi_32_mig/u_ddr3_infrastructure/clk_pll_i
    BUFGCTRL_X0Y16       BUFG (Prop_bufg_I_O)         0.026     2.274 r  ddr3.u_axi_wrap_ddr/mig_axi/u_mig_axi_32_mig/u_ddr3_infrastructure/u_bufg_clkdiv0/O
                         net (fo=7005, routed)        0.581     2.854    ddr3.u_axi_wrap_ddr/u_Axi_CDC/awFifo/ui_clk
    SLICE_X55Y194        FDCE                                         r  ddr3.u_axi_wrap_ddr/u_Axi_CDC/awFifo/popCC_ptrToPush_reg[0]/C
  -------------------------------------------------------------------    -------------------
    SLICE_X55Y194        FDCE (Prop_fdce_C_Q)         0.141     2.995 r  ddr3.u_axi_wrap_ddr/u_Axi_CDC/awFifo/popCC_ptrToPush_reg[0]/Q
                         net (fo=2, routed)           0.067     3.063    ddr3.u_axi_wrap_ddr/u_Axi_CDC/awFifo/popToPushGray_buffercc/D[0]
    SLICE_X54Y194        FDCE                                         r  ddr3.u_axi_wrap_ddr/u_Axi_CDC/awFifo/popToPushGray_buffercc/buffers_0_reg[0]/D
  -------------------------------------------------------------------    -------------------

                         (clock sys_clk rise edge)    0.000     0.000 r  
    AC19                                              0.000     0.000 r  clk (IN)
                         net (fo=0)                   0.000     0.000    clk
    AC19                 IBUF (Prop_ibuf_I_O)         0.441     0.441 r  clk_IBUF_inst/O
                         net (fo=1, routed)           1.160     1.601    clk_IBUF
    BUFGCTRL_X0Y0        BUFG (Prop_bufg_I_O)         0.029     1.630 r  clk_IBUF_BUFG_inst/O
                         net (fo=2166, routed)        0.884     2.513    fpga_pll.u_clk_pll/inst/clk_in1
    PLLE2_ADV_X0Y2       PLLE2_ADV (Prop_plle2_adv_CLKIN1_CLKOUT1)
                                                     -1.523     0.990 r  fpga_pll.u_clk_pll/inst/plle2_adv_inst/CLKOUT1
                         net (fo=1, routed)           0.611     1.601    fpga_pll.u_clk_pll/inst/sys_clk_clk_pll
    BUFGCTRL_X0Y3        BUFG (Prop_bufg_I_O)         0.029     1.630 r  fpga_pll.u_clk_pll/inst/clkout2_buf/O
                         net (fo=3603, routed)        0.853     2.483    ddr3.u_axi_wrap_ddr/u_Axi_CDC/awFifo/popToPushGray_buffercc/sys_clk
    SLICE_X54Y194        FDCE                                         r  ddr3.u_axi_wrap_ddr/u_Axi_CDC/awFifo/popToPushGray_buffercc/buffers_0_reg[0]/C
                         clock pessimism             -0.277     2.206    
                         clock uncertainty            0.237     2.443    
    SLICE_X54Y194        FDCE (Hold_fdce_C_D)         0.047     2.490    ddr3.u_axi_wrap_ddr/u_Axi_CDC/awFifo/popToPushGray_buffercc/buffers_0_reg[0]
  -------------------------------------------------------------------
                         required time                         -2.490    
                         arrival time                           3.063    
  -------------------------------------------------------------------
                         slack                                  0.572    





---------------------------------------------------------------------------------------------------
From Clock:  clk
  To Clock:  dbg_hub/inst/BSCANID.u_xsdbm_id/SWITCH_N_EXT_BSCAN.bscan_inst/SERIES7_BSCAN.bscan_inst/TCK

Setup :            0  Failing Endpoints,  Worst Slack        9.027ns,  Total Violation        0.000ns
Hold  :           NA  Failing Endpoints,  Worst Slack           NA  ,  Total Violation           NA
---------------------------------------------------------------------------------------------------


Max Delay Paths
--------------------------------------------------------------------------------------
Slack (MET) :             9.027ns  (required time - arrival time)
  Source:                 dbg_hub/inst/BSCANID.u_xsdbm_id/CORE_XSDB.UUT_MASTER/U_ICON_INTERFACE/U_CMD6_WR/U_WR_FIFO/SUBCORE_FIFO.xsdbm_v3_0_0_wrfifo_inst/inst_fifo_gen/gconvfifo.rf/grf.rf/gntv_or_sync_fifo.gcx.clkx/gnxpm_cdc.rd_pntr_gc_reg[0]/C
                            (rising edge-triggered cell FDCE clocked by clk  {rise@0.000ns fall@5.000ns period=10.000ns})
  Destination:            dbg_hub/inst/BSCANID.u_xsdbm_id/CORE_XSDB.UUT_MASTER/U_ICON_INTERFACE/U_CMD6_WR/U_WR_FIFO/SUBCORE_FIFO.xsdbm_v3_0_0_wrfifo_inst/inst_fifo_gen/gconvfifo.rf/grf.rf/gntv_or_sync_fifo.gcx.clkx/gnxpm_cdc.gsync_stage[1].wr_stg_inst/Q_reg_reg[0]/D
                            (rising edge-triggered cell FDCE clocked by dbg_hub/inst/BSCANID.u_xsdbm_id/SWITCH_N_EXT_BSCAN.bscan_inst/SERIES7_BSCAN.bscan_inst/TCK  {rise@0.000ns fall@16.500ns period=33.000ns})
  Path Group:             dbg_hub/inst/BSCANID.u_xsdbm_id/SWITCH_N_EXT_BSCAN.bscan_inst/SERIES7_BSCAN.bscan_inst/TCK
  Path Type:              Setup (Max at Slow Process Corner)
  Requirement:            10.000ns  (MaxDelay Path 10.000ns)
  Data Path Delay:        0.898ns  (logic 0.379ns (42.219%)  route 0.519ns (57.781%))
  Logic Levels:           0  
  Timing Exception:       MaxDelay Path 10.000ns -datapath_only

    Location             Delay type                Incr(ns)  Path(ns)    Netlist Resource(s)
  -------------------------------------------------------------------    -------------------
    SLICE_X67Y192                                     0.000     0.000 r  dbg_hub/inst/BSCANID.u_xsdbm_id/CORE_XSDB.UUT_MASTER/U_ICON_INTERFACE/U_CMD6_WR/U_WR_FIFO/SUBCORE_FIFO.xsdbm_v3_0_0_wrfifo_inst/inst_fifo_gen/gconvfifo.rf/grf.rf/gntv_or_sync_fifo.gcx.clkx/gnxpm_cdc.rd_pntr_gc_reg[0]/C
    SLICE_X67Y192        FDCE (Prop_fdce_C_Q)         0.379     0.379 r  dbg_hub/inst/BSCANID.u_xsdbm_id/CORE_XSDB.UUT_MASTER/U_ICON_INTERFACE/U_CMD6_WR/U_WR_FIFO/SUBCORE_FIFO.xsdbm_v3_0_0_wrfifo_inst/inst_fifo_gen/gconvfifo.rf/grf.rf/gntv_or_sync_fifo.gcx.clkx/gnxpm_cdc.rd_pntr_gc_reg[0]/Q
                         net (fo=1, routed)           0.519     0.898    dbg_hub/inst/BSCANID.u_xsdbm_id/CORE_XSDB.UUT_MASTER/U_ICON_INTERFACE/U_CMD6_WR/U_WR_FIFO/SUBCORE_FIFO.xsdbm_v3_0_0_wrfifo_inst/inst_fifo_gen/gconvfifo.rf/grf.rf/gntv_or_sync_fifo.gcx.clkx/gnxpm_cdc.gsync_stage[1].wr_stg_inst/Q[0]
    SLICE_X67Y193        FDCE                                         r  dbg_hub/inst/BSCANID.u_xsdbm_id/CORE_XSDB.UUT_MASTER/U_ICON_INTERFACE/U_CMD6_WR/U_WR_FIFO/SUBCORE_FIFO.xsdbm_v3_0_0_wrfifo_inst/inst_fifo_gen/gconvfifo.rf/grf.rf/gntv_or_sync_fifo.gcx.clkx/gnxpm_cdc.gsync_stage[1].wr_stg_inst/Q_reg_reg[0]/D
  -------------------------------------------------------------------    -------------------

                         max delay                   10.000    10.000    
    SLICE_X67Y193        FDCE (Setup_fdce_C_D)       -0.075     9.925    dbg_hub/inst/BSCANID.u_xsdbm_id/CORE_XSDB.UUT_MASTER/U_ICON_INTERFACE/U_CMD6_WR/U_WR_FIFO/SUBCORE_FIFO.xsdbm_v3_0_0_wrfifo_inst/inst_fifo_gen/gconvfifo.rf/grf.rf/gntv_or_sync_fifo.gcx.clkx/gnxpm_cdc.gsync_stage[1].wr_stg_inst/Q_reg_reg[0]
  -------------------------------------------------------------------
                         required time                          9.925    
                         arrival time                          -0.898    
  -------------------------------------------------------------------
                         slack                                  9.027    





---------------------------------------------------------------------------------------------------
Path Group:  **async_default**
From Clock:  clk
  To Clock:  clk

Setup :            0  Failing Endpoints,  Worst Slack        6.982ns,  Total Violation        0.000ns
Hold  :            0  Failing Endpoints,  Worst Slack        0.254ns,  Total Violation        0.000ns
---------------------------------------------------------------------------------------------------


Max Delay Paths
--------------------------------------------------------------------------------------
Slack (MET) :             6.982ns  (required time - arrival time)
  Source:                 dbg_hub/inst/BSCANID.u_xsdbm_id/CORE_XSDB.UUT_MASTER/U_ICON_INTERFACE/U_CMD1/ctl_reg_reg[0]/C
                            (rising edge-triggered cell FDRE clocked by clk  {rise@0.000ns fall@5.000ns period=10.000ns})
  Destination:            dbg_hub/inst/BSCANID.u_xsdbm_id/CORE_XSDB.UUT_MASTER/U_XSDB_BUS_CONTROLLER/timer_rst_reg/PRE
                            (recovery check against rising-edge clock clk  {rise@0.000ns fall@5.000ns period=10.000ns})
  Path Group:             **async_default**
  Path Type:              Recovery (Max at Slow Process Corner)
  Requirement:            10.000ns  (clk rise@10.000ns - clk rise@0.000ns)
  Data Path Delay:        2.639ns  (logic 0.433ns (16.405%)  route 2.206ns (83.595%))
  Logic Levels:           0  
  Clock Path Skew:        -0.051ns (DCD - SCD + CPR)
    Destination Clock Delay (DCD):    5.176ns = ( 15.176 - 10.000 ) 
    Source Clock Delay      (SCD):    5.494ns
    Clock Pessimism Removal (CPR):    0.267ns
  Clock Uncertainty:      0.035ns  ((TSJ^2 + TIJ^2)^1/2 + DJ) / 2 + PE
    Total System Jitter     (TSJ):    0.071ns
    Total Input Jitter      (TIJ):    0.000ns
    Discrete Jitter          (DJ):    0.000ns
    Phase Error              (PE):    0.000ns

    Location             Delay type                Incr(ns)  Path(ns)    Netlist Resource(s)
  -------------------------------------------------------------------    -------------------
                         (clock clk rise edge)        0.000     0.000 r  
    AC19                                              0.000     0.000 r  clk (IN)
                         net (fo=0)                   0.000     0.000    clk
    AC19                 IBUF (Prop_ibuf_I_O)         1.416     1.416 r  clk_IBUF_inst/O
                         net (fo=1, routed)           2.602     4.018    clk_IBUF
    BUFGCTRL_X0Y0        BUFG (Prop_bufg_I_O)         0.081     4.099 r  clk_IBUF_BUFG_inst/O
                         net (fo=2166, routed)        1.395     5.494    dbg_hub/inst/BSCANID.u_xsdbm_id/CORE_XSDB.UUT_MASTER/U_ICON_INTERFACE/U_CMD1/clk
    SLICE_X60Y193        FDRE                                         r  dbg_hub/inst/BSCANID.u_xsdbm_id/CORE_XSDB.UUT_MASTER/U_ICON_INTERFACE/U_CMD1/ctl_reg_reg[0]/C
  -------------------------------------------------------------------    -------------------
    SLICE_X60Y193        FDRE (Prop_fdre_C_Q)         0.433     5.927 f  dbg_hub/inst/BSCANID.u_xsdbm_id/CORE_XSDB.UUT_MASTER/U_ICON_INTERFACE/U_CMD1/ctl_reg_reg[0]/Q
                         net (fo=182, routed)         2.206     8.134    dbg_hub/inst/BSCANID.u_xsdbm_id/CORE_XSDB.UUT_MASTER/U_XSDB_BUS_CONTROLLER/out[0]
    SLICE_X69Y199        FDPE                                         f  dbg_hub/inst/BSCANID.u_xsdbm_id/CORE_XSDB.UUT_MASTER/U_XSDB_BUS_CONTROLLER/timer_rst_reg/PRE
  -------------------------------------------------------------------    -------------------

                         (clock clk rise edge)       10.000    10.000 r  
    AC19                                              0.000    10.000 r  clk (IN)
                         net (fo=0)                   0.000    10.000    clk
    AC19                 IBUF (Prop_ibuf_I_O)         1.350    11.350 r  clk_IBUF_inst/O
                         net (fo=1, routed)           2.471    13.821    clk_IBUF
    BUFGCTRL_X0Y0        BUFG (Prop_bufg_I_O)         0.077    13.898 r  clk_IBUF_BUFG_inst/O
                         net (fo=2166, routed)        1.278    15.176    dbg_hub/inst/BSCANID.u_xsdbm_id/CORE_XSDB.UUT_MASTER/U_XSDB_BUS_CONTROLLER/clk
    SLICE_X69Y199        FDPE                                         r  dbg_hub/inst/BSCANID.u_xsdbm_id/CORE_XSDB.UUT_MASTER/U_XSDB_BUS_CONTROLLER/timer_rst_reg/C
                         clock pessimism              0.267    15.443    
                         clock uncertainty           -0.035    15.408    
    SLICE_X69Y199        FDPE (Recov_fdpe_C_PRE)     -0.292    15.116    dbg_hub/inst/BSCANID.u_xsdbm_id/CORE_XSDB.UUT_MASTER/U_XSDB_BUS_CONTROLLER/timer_rst_reg
  -------------------------------------------------------------------
                         required time                         15.116    
                         arrival time                          -8.134    
  -------------------------------------------------------------------
                         slack                                  6.982    





Min Delay Paths
--------------------------------------------------------------------------------------
Slack (MET) :             0.254ns  (arrival time - required time)
  Source:                 dbg_hub/inst/BSCANID.u_xsdbm_id/CORE_XSDB.UUT_MASTER/U_ICON_INTERFACE/U_CMD6_RD/U_RD_FIFO/SUBCORE_FIFO.xsdbm_v3_0_0_rdfifo_inst/inst_fifo_gen/gconvfifo.rf/grf.rf/rstblk/ngwrdrst.grst.g7serrst.rst_wr_reg2_reg/C
                            (rising edge-triggered cell FDPE clocked by clk  {rise@0.000ns fall@5.000ns period=10.000ns})
  Destination:            dbg_hub/inst/BSCANID.u_xsdbm_id/CORE_XSDB.UUT_MASTER/U_ICON_INTERFACE/U_CMD6_RD/U_RD_FIFO/SUBCORE_FIFO.xsdbm_v3_0_0_rdfifo_inst/inst_fifo_gen/gconvfifo.rf/grf.rf/rstblk/ngwrdrst.grst.g7serrst.wr_rst_asreg_reg/PRE
                            (removal check against rising-edge clock clk  {rise@0.000ns fall@5.000ns period=10.000ns})
  Path Group:             **async_default**
  Path Type:              Removal (Min at Fast Process Corner)
  Requirement:            0.000ns  (clk rise@0.000ns - clk rise@0.000ns)
  Data Path Delay:        0.379ns  (logic 0.128ns (33.794%)  route 0.251ns (66.206%))
  Logic Levels:           0  
  Clock Path Skew:        0.274ns (DCD - SCD - CPR)
    Destination Clock Delay (DCD):    2.472ns
    Source Clock Delay      (SCD):    1.916ns
    Clock Pessimism Removal (CPR):    0.282ns

    Location             Delay type                Incr(ns)  Path(ns)    Netlist Resource(s)
  -------------------------------------------------------------------    -------------------
                         (clock clk rise edge)        0.000     0.000 r  
    AC19                                              0.000     0.000 r  clk (IN)
                         net (fo=0)                   0.000     0.000    clk
    AC19                 IBUF (Prop_ibuf_I_O)         0.253     0.253 r  clk_IBUF_inst/O
                         net (fo=1, routed)           1.074     1.327    clk_IBUF
    BUFGCTRL_X0Y0        BUFG (Prop_bufg_I_O)         0.026     1.353 r  clk_IBUF_BUFG_inst/O
                         net (fo=2166, routed)        0.564     1.916    dbg_hub/inst/BSCANID.u_xsdbm_id/CORE_XSDB.UUT_MASTER/U_ICON_INTERFACE/U_CMD6_RD/U_RD_FIFO/SUBCORE_FIFO.xsdbm_v3_0_0_rdfifo_inst/inst_fifo_gen/gconvfifo.rf/grf.rf/rstblk/wr_clk
    SLICE_X83Y198        FDPE                                         r  dbg_hub/inst/BSCANID.u_xsdbm_id/CORE_XSDB.UUT_MASTER/U_ICON_INTERFACE/U_CMD6_RD/U_RD_FIFO/SUBCORE_FIFO.xsdbm_v3_0_0_rdfifo_inst/inst_fifo_gen/gconvfifo.rf/grf.rf/rstblk/ngwrdrst.grst.g7serrst.rst_wr_reg2_reg/C
  -------------------------------------------------------------------    -------------------
    SLICE_X83Y198        FDPE (Prop_fdpe_C_Q)         0.128     2.044 f  dbg_hub/inst/BSCANID.u_xsdbm_id/CORE_XSDB.UUT_MASTER/U_ICON_INTERFACE/U_CMD6_RD/U_RD_FIFO/SUBCORE_FIFO.xsdbm_v3_0_0_rdfifo_inst/inst_fifo_gen/gconvfifo.rf/grf.rf/rstblk/ngwrdrst.grst.g7serrst.rst_wr_reg2_reg/Q
                         net (fo=1, routed)           0.251     2.295    dbg_hub/inst/BSCANID.u_xsdbm_id/CORE_XSDB.UUT_MASTER/U_ICON_INTERFACE/U_CMD6_RD/U_RD_FIFO/SUBCORE_FIFO.xsdbm_v3_0_0_rdfifo_inst/inst_fifo_gen/gconvfifo.rf/grf.rf/rstblk/ngwrdrst.rst_wr_reg2
    SLICE_X89Y197        FDPE                                         f  dbg_hub/inst/BSCANID.u_xsdbm_id/CORE_XSDB.UUT_MASTER/U_ICON_INTERFACE/U_CMD6_RD/U_RD_FIFO/SUBCORE_FIFO.xsdbm_v3_0_0_rdfifo_inst/inst_fifo_gen/gconvfifo.rf/grf.rf/rstblk/ngwrdrst.grst.g7serrst.wr_rst_asreg_reg/PRE
  -------------------------------------------------------------------    -------------------

                         (clock clk rise edge)        0.000     0.000 r  
    AC19                                              0.000     0.000 r  clk (IN)
                         net (fo=0)                   0.000     0.000    clk
    AC19                 IBUF (Prop_ibuf_I_O)         0.441     0.441 r  clk_IBUF_inst/O
                         net (fo=1, routed)           1.160     1.601    clk_IBUF
    BUFGCTRL_X0Y0        BUFG (Prop_bufg_I_O)         0.029     1.630 r  clk_IBUF_BUFG_inst/O
                         net (fo=2166, routed)        0.843     2.472    dbg_hub/inst/BSCANID.u_xsdbm_id/CORE_XSDB.UUT_MASTER/U_ICON_INTERFACE/U_CMD6_RD/U_RD_FIFO/SUBCORE_FIFO.xsdbm_v3_0_0_rdfifo_inst/inst_fifo_gen/gconvfifo.rf/grf.rf/rstblk/wr_clk
    SLICE_X89Y197        FDPE                                         r  dbg_hub/inst/BSCANID.u_xsdbm_id/CORE_XSDB.UUT_MASTER/U_ICON_INTERFACE/U_CMD6_RD/U_RD_FIFO/SUBCORE_FIFO.xsdbm_v3_0_0_rdfifo_inst/inst_fifo_gen/gconvfifo.rf/grf.rf/rstblk/ngwrdrst.grst.g7serrst.wr_rst_asreg_reg/C
                         clock pessimism             -0.282     2.190    
    SLICE_X89Y197        FDPE (Remov_fdpe_C_PRE)     -0.149     2.041    dbg_hub/inst/BSCANID.u_xsdbm_id/CORE_XSDB.UUT_MASTER/U_ICON_INTERFACE/U_CMD6_RD/U_RD_FIFO/SUBCORE_FIFO.xsdbm_v3_0_0_rdfifo_inst/inst_fifo_gen/gconvfifo.rf/grf.rf/rstblk/ngwrdrst.grst.g7serrst.wr_rst_asreg_reg
  -------------------------------------------------------------------
                         required time                         -2.041    
                         arrival time                           2.295    
  -------------------------------------------------------------------
                         slack                                  0.254    





---------------------------------------------------------------------------------------------------
Path Group:  **async_default**
From Clock:  clk_pll_i
  To Clock:  clk_pll_i

Setup :            0  Failing Endpoints,  Worst Slack        5.239ns,  Total Violation        0.000ns
Hold  :            0  Failing Endpoints,  Worst Slack        0.615ns,  Total Violation        0.000ns
---------------------------------------------------------------------------------------------------


Max Delay Paths
--------------------------------------------------------------------------------------
Slack (MET) :             5.239ns  (required time - arrival time)
  Source:                 ddr3.u_axi_wrap_ddr/ddr_aresetn_reg/C
                            (rising edge-triggered cell FDRE clocked by clk_pll_i  {rise@0.000ns fall@5.000ns period=10.000ns})
  Destination:            ddr3.u_axi_wrap_ddr/u_Axi_CDC/bFifo/pushCC_pushPtrGray_reg[0]/CLR
                            (recovery check against rising-edge clock clk_pll_i  {rise@0.000ns fall@5.000ns period=10.000ns})
  Path Group:             **async_default**
  Path Type:              Recovery (Max at Slow Process Corner)
  Requirement:            10.000ns  (clk_pll_i rise@10.000ns - clk_pll_i rise@0.000ns)
  Data Path Delay:        4.023ns  (logic 0.484ns (12.029%)  route 3.539ns (87.971%))
  Logic Levels:           1  (LUT1=1)
  Clock Path Skew:        -0.346ns (DCD - SCD + CPR)
    Destination Clock Delay (DCD):    7.433ns = ( 17.433 - 10.000 ) 
    Source Clock Delay      (SCD):    8.212ns
    Clock Pessimism Removal (CPR):    0.433ns
  Clock Uncertainty:      0.060ns  ((TSJ^2 + DJ^2)^1/2) / 2 + PE
    Total System Jitter     (TSJ):    0.071ns
    Discrete Jitter          (DJ):    0.098ns
    Phase Error              (PE):    0.000ns

    Location             Delay type                Incr(ns)  Path(ns)    Netlist Resource(s)
  -------------------------------------------------------------------    -------------------
                         (clock clk_pll_i rise edge)
                                                      0.000     0.000 r  
    AC19                                              0.000     0.000 r  clk (IN)
                         net (fo=0)                   0.000     0.000    clk
    AC19                 IBUF (Prop_ibuf_I_O)         1.416     1.416 r  clk_IBUF_inst/O
                         net (fo=1, routed)           2.602     4.018    clk_IBUF
    BUFGCTRL_X0Y0        BUFG (Prop_bufg_I_O)         0.081     4.099 r  clk_IBUF_BUFG_inst/O
                         net (fo=2166, routed)        1.696     5.795    ddr3.u_axi_wrap_ddr/mig_axi/u_mig_axi_32_mig/u_ddr3_infrastructure/mmcm_clk
    PLLE2_ADV_X0Y4       PLLE2_ADV (Prop_plle2_adv_CLKIN1_CLKOUT3)
                                                      0.077     5.872 r  ddr3.u_axi_wrap_ddr/mig_axi/u_mig_axi_32_mig/u_ddr3_infrastructure/plle2_i/CLKOUT3
                         net (fo=1, routed)           1.429     7.301    ddr3.u_axi_wrap_ddr/mig_axi/u_mig_axi_32_mig/u_ddr3_infrastructure/pll_clk3_out
    BUFHCE_X0Y48         BUFH (Prop_bufh_I_O)         0.106     7.407 r  ddr3.u_axi_wrap_ddr/mig_axi/u_mig_axi_32_mig/u_ddr3_infrastructure/u_bufh_pll_clk3/O
                         net (fo=1, routed)           0.841     8.248    ddr3.u_axi_wrap_ddr/mig_axi/u_mig_axi_32_mig/u_ddr3_infrastructure/pll_clk3
    MMCME2_ADV_X0Y4      MMCME2_ADV (Prop_mmcme2_adv_CLKIN1_CLKFBOUT)
                                                     -3.816     4.432 r  ddr3.u_axi_wrap_ddr/mig_axi/u_mig_axi_32_mig/u_ddr3_infrastructure/gen_mmcm.mmcm_i/CLKFBOUT
                         net (fo=1, routed)           2.061     6.493    ddr3.u_axi_wrap_ddr/mig_axi/u_mig_axi_32_mig/u_ddr3_infrastructure/clk_pll_i
    BUFGCTRL_X0Y16       BUFG (Prop_bufg_I_O)         0.081     6.574 r  ddr3.u_axi_wrap_ddr/mig_axi/u_mig_axi_32_mig/u_ddr3_infrastructure/u_bufg_clkdiv0/O
                         net (fo=7005, routed)        1.638     8.212    ddr3.u_axi_wrap_ddr/ui_clk
    SLICE_X21Y223        FDRE                                         r  ddr3.u_axi_wrap_ddr/ddr_aresetn_reg/C
  -------------------------------------------------------------------    -------------------
    SLICE_X21Y223        FDRE (Prop_fdre_C_Q)         0.379     8.591 r  ddr3.u_axi_wrap_ddr/ddr_aresetn_reg/Q
                         net (fo=3, routed)           1.510    10.101    ddr3.u_axi_wrap_ddr/u_Axi_CDC/rFifo/popToPushGray_buffercc/aresetn
    SLICE_X34Y206        LUT1 (Prop_lut1_I0_O)        0.105    10.206 f  ddr3.u_axi_wrap_ddr/u_Axi_CDC/rFifo/popToPushGray_buffercc/pushCC_pushPtr[2]_i_3__0/O
                         net (fo=30, routed)          2.029    12.235    ddr3.u_axi_wrap_ddr/u_Axi_CDC/bFifo/buffers_0_reg[2]
    SLICE_X49Y195        FDCE                                         f  ddr3.u_axi_wrap_ddr/u_Axi_CDC/bFifo/pushCC_pushPtrGray_reg[0]/CLR
  -------------------------------------------------------------------    -------------------

                         (clock clk_pll_i rise edge)
                                                     10.000    10.000 r  
    AC19                                              0.000    10.000 r  clk (IN)
                         net (fo=0)                   0.000    10.000    clk
    AC19                 IBUF (Prop_ibuf_I_O)         1.350    11.350 r  clk_IBUF_inst/O
                         net (fo=1, routed)           2.471    13.821    clk_IBUF
    BUFGCTRL_X0Y0        BUFG (Prop_bufg_I_O)         0.077    13.898 r  clk_IBUF_BUFG_inst/O
                         net (fo=2166, routed)        1.586    15.484    ddr3.u_axi_wrap_ddr/mig_axi/u_mig_axi_32_mig/u_ddr3_infrastructure/mmcm_clk
    PLLE2_ADV_X0Y4       PLLE2_ADV (Prop_plle2_adv_CLKIN1_CLKOUT3)
                                                      0.073    15.557 r  ddr3.u_axi_wrap_ddr/mig_axi/u_mig_axi_32_mig/u_ddr3_infrastructure/plle2_i/CLKOUT3
                         net (fo=1, routed)           1.281    16.838    ddr3.u_axi_wrap_ddr/mig_axi/u_mig_axi_32_mig/u_ddr3_infrastructure/pll_clk3_out
    BUFHCE_X0Y48         BUFH (Prop_bufh_I_O)         0.069    16.907 r  ddr3.u_axi_wrap_ddr/mig_axi/u_mig_axi_32_mig/u_ddr3_infrastructure/u_bufh_pll_clk3/O
                         net (fo=1, routed)           0.805    17.712    ddr3.u_axi_wrap_ddr/mig_axi/u_mig_axi_32_mig/u_ddr3_infrastructure/pll_clk3
    MMCME2_ADV_X0Y4      MMCME2_ADV (Prop_mmcme2_adv_CLKIN1_CLKFBOUT)
                                                     -3.606    14.105 r  ddr3.u_axi_wrap_ddr/mig_axi/u_mig_axi_32_mig/u_ddr3_infrastructure/gen_mmcm.mmcm_i/CLKFBOUT
                         net (fo=1, routed)           1.964    16.070    ddr3.u_axi_wrap_ddr/mig_axi/u_mig_axi_32_mig/u_ddr3_infrastructure/clk_pll_i
    BUFGCTRL_X0Y16       BUFG (Prop_bufg_I_O)         0.077    16.147 r  ddr3.u_axi_wrap_ddr/mig_axi/u_mig_axi_32_mig/u_ddr3_infrastructure/u_bufg_clkdiv0/O
                         net (fo=7005, routed)        1.286    17.433    ddr3.u_axi_wrap_ddr/u_Axi_CDC/bFifo/ui_clk
    SLICE_X49Y195        FDCE                                         r  ddr3.u_axi_wrap_ddr/u_Axi_CDC/bFifo/pushCC_pushPtrGray_reg[0]/C
                         clock pessimism              0.433    17.866    
                         clock uncertainty           -0.060    17.806    
    SLICE_X49Y195        FDCE (Recov_fdce_C_CLR)     -0.331    17.475    ddr3.u_axi_wrap_ddr/u_Axi_CDC/bFifo/pushCC_pushPtrGray_reg[0]
  -------------------------------------------------------------------
                         required time                         17.475    
                         arrival time                         -12.235    
  -------------------------------------------------------------------
                         slack                                  5.239    





Min Delay Paths
--------------------------------------------------------------------------------------
Slack (MET) :             0.615ns  (arrival time - required time)
  Source:                 ddr3.u_axi_wrap_ddr/u_Axi_CDC/awFifo/bufferCC_12/buffers_1_reg/C
                            (rising edge-triggered cell FDCE clocked by clk_pll_i  {rise@0.000ns fall@5.000ns period=10.000ns})
  Destination:            ddr3.u_axi_wrap_ddr/u_Axi_CDC/arFifo/popCC_popPtr_reg[1]/CLR
                            (removal check against rising-edge clock clk_pll_i  {rise@0.000ns fall@5.000ns period=10.000ns})
  Path Group:             **async_default**
  Path Type:              Removal (Min at Fast Process Corner)
  Requirement:            0.000ns  (clk_pll_i rise@0.000ns - clk_pll_i rise@0.000ns)
  Data Path Delay:        0.559ns  (logic 0.227ns (40.640%)  route 0.332ns (59.360%))
  Logic Levels:           1  (LUT1=1)
  Clock Path Skew:        0.036ns (DCD - SCD - CPR)
    Destination Clock Delay (DCD):    3.713ns
    Source Clock Delay      (SCD):    2.854ns
    Clock Pessimism Removal (CPR):    0.823ns

    Location             Delay type                Incr(ns)  Path(ns)    Netlist Resource(s)
  -------------------------------------------------------------------    -------------------
                         (clock clk_pll_i rise edge)
                                                      0.000     0.000 r  
    AC19                                              0.000     0.000 r  clk (IN)
                         net (fo=0)                   0.000     0.000    clk
    AC19                 IBUF (Prop_ibuf_I_O)         0.253     0.253 r  clk_IBUF_inst/O
                         net (fo=1, routed)           1.074     1.327    clk_IBUF
    BUFGCTRL_X0Y0        BUFG (Prop_bufg_I_O)         0.026     1.353 r  clk_IBUF_BUFG_inst/O
                         net (fo=2166, routed)        0.701     2.054    ddr3.u_axi_wrap_ddr/mig_axi/u_mig_axi_32_mig/u_ddr3_infrastructure/mmcm_clk
    PLLE2_ADV_X0Y4       PLLE2_ADV (Prop_plle2_adv_CLKIN1_CLKOUT3)
                                                      0.050     2.104 r  ddr3.u_axi_wrap_ddr/mig_axi/u_mig_axi_32_mig/u_ddr3_infrastructure/plle2_i/CLKOUT3
                         net (fo=1, routed)           0.518     2.622    ddr3.u_axi_wrap_ddr/mig_axi/u_mig_axi_32_mig/u_ddr3_infrastructure/pll_clk3_out
    BUFHCE_X0Y48         BUFH (Prop_bufh_I_O)         0.020     2.642 r  ddr3.u_axi_wrap_ddr/mig_axi/u_mig_axi_32_mig/u_ddr3_infrastructure/u_bufh_pll_clk3/O
                         net (fo=1, routed)           0.326     2.968    ddr3.u_axi_wrap_ddr/mig_axi/u_mig_axi_32_mig/u_ddr3_infrastructure/pll_clk3
    MMCME2_ADV_X0Y4      MMCME2_ADV (Prop_mmcme2_adv_CLKIN1_CLKFBOUT)
                                                     -1.511     1.457 r  ddr3.u_axi_wrap_ddr/mig_axi/u_mig_axi_32_mig/u_ddr3_infrastructure/gen_mmcm.mmcm_i/CLKFBOUT
                         net (fo=1, routed)           0.790     2.248    ddr3.u_axi_wrap_ddr/mig_axi/u_mig_axi_32_mig/u_ddr3_infrastructure/clk_pll_i
    BUFGCTRL_X0Y16       BUFG (Prop_bufg_I_O)         0.026     2.274 r  ddr3.u_axi_wrap_ddr/mig_axi/u_mig_axi_32_mig/u_ddr3_infrastructure/u_bufg_clkdiv0/O
                         net (fo=7005, routed)        0.581     2.854    ddr3.u_axi_wrap_ddr/u_Axi_CDC/awFifo/bufferCC_12/ui_clk
    SLICE_X50Y192        FDCE                                         r  ddr3.u_axi_wrap_ddr/u_Axi_CDC/awFifo/bufferCC_12/buffers_1_reg/C
  -------------------------------------------------------------------    -------------------
    SLICE_X50Y192        FDCE (Prop_fdce_C_Q)         0.128     2.982 r  ddr3.u_axi_wrap_ddr/u_Axi_CDC/awFifo/bufferCC_12/buffers_1_reg/Q
                         net (fo=1, routed)           0.151     3.133    ddr3.u_axi_wrap_ddr/u_Axi_CDC/awFifo/bufferCC_12/buffers_1
    SLICE_X50Y192        LUT1 (Prop_lut1_I0_O)        0.099     3.232 f  ddr3.u_axi_wrap_ddr/u_Axi_CDC/awFifo/bufferCC_12/popCC_popPtr[2]_i_2__0/O
                         net (fo=43, routed)          0.181     3.413    ddr3.u_axi_wrap_ddr/u_Axi_CDC/arFifo/buffers_0_reg[2]
    SLICE_X55Y192        FDCE                                         f  ddr3.u_axi_wrap_ddr/u_Axi_CDC/arFifo/popCC_popPtr_reg[1]/CLR
  -------------------------------------------------------------------    -------------------

                         (clock clk_pll_i rise edge)
                                                      0.000     0.000 r  
    AC19                                              0.000     0.000 r  clk (IN)
                         net (fo=0)                   0.000     0.000    clk
    AC19                 IBUF (Prop_ibuf_I_O)         0.441     0.441 r  clk_IBUF_inst/O
                         net (fo=1, routed)           1.160     1.601    clk_IBUF
    BUFGCTRL_X0Y0        BUFG (Prop_bufg_I_O)         0.029     1.630 r  clk_IBUF_BUFG_inst/O
                         net (fo=2166, routed)        0.976     2.606    ddr3.u_axi_wrap_ddr/mig_axi/u_mig_axi_32_mig/u_ddr3_infrastructure/mmcm_clk
    PLLE2_ADV_X0Y4       PLLE2_ADV (Prop_plle2_adv_CLKIN1_CLKOUT3)
                                                      0.053     2.659 r  ddr3.u_axi_wrap_ddr/mig_axi/u_mig_axi_32_mig/u_ddr3_infrastructure/plle2_i/CLKOUT3
                         net (fo=1, routed)           0.577     3.236    ddr3.u_axi_wrap_ddr/mig_axi/u_mig_axi_32_mig/u_ddr3_infrastructure/pll_clk3_out
    BUFHCE_X0Y48         BUFH (Prop_bufh_I_O)         0.043     3.279 r  ddr3.u_axi_wrap_ddr/mig_axi/u_mig_axi_32_mig/u_ddr3_infrastructure/u_bufh_pll_clk3/O
                         net (fo=1, routed)           0.553     3.832    ddr3.u_axi_wrap_ddr/mig_axi/u_mig_axi_32_mig/u_ddr3_infrastructure/pll_clk3
    MMCME2_ADV_X0Y4      MMCME2_ADV (Prop_mmcme2_adv_CLKIN1_CLKFBOUT)
                                                     -1.858     1.974 r  ddr3.u_axi_wrap_ddr/mig_axi/u_mig_axi_32_mig/u_ddr3_infrastructure/gen_mmcm.mmcm_i/CLKFBOUT
                         net (fo=1, routed)           0.860     2.834    ddr3.u_axi_wrap_ddr/mig_axi/u_mig_axi_32_mig/u_ddr3_infrastructure/clk_pll_i
    BUFGCTRL_X0Y16       BUFG (Prop_bufg_I_O)         0.029     2.863 r  ddr3.u_axi_wrap_ddr/mig_axi/u_mig_axi_32_mig/u_ddr3_infrastructure/u_bufg_clkdiv0/O
                         net (fo=7005, routed)        0.850     3.713    ddr3.u_axi_wrap_ddr/u_Axi_CDC/arFifo/ui_clk
    SLICE_X55Y192        FDCE                                         r  ddr3.u_axi_wrap_ddr/u_Axi_CDC/arFifo/popCC_popPtr_reg[1]/C
                         clock pessimism             -0.823     2.890    
    SLICE_X55Y192        FDCE (Remov_fdce_C_CLR)     -0.092     2.798    ddr3.u_axi_wrap_ddr/u_Axi_CDC/arFifo/popCC_popPtr_reg[1]
  -------------------------------------------------------------------
                         required time                         -2.798    
                         arrival time                           3.413    
  -------------------------------------------------------------------
                         slack                                  0.615    





---------------------------------------------------------------------------------------------------
Path Group:  **async_default**
From Clock:  sys_clk
  To Clock:  clk_pll_i

Setup :            0  Failing Endpoints,  Worst Slack        6.242ns,  Total Violation        0.000ns
Hold  :            0  Failing Endpoints,  Worst Slack        1.002ns,  Total Violation        0.000ns
---------------------------------------------------------------------------------------------------


Max Delay Paths
--------------------------------------------------------------------------------------
Slack (MET) :             6.242ns  (required time - arrival time)
  Source:                 fpga_pll.u_rst_sys/delay_reg[1]/C
                            (rising edge-triggered cell FDCE clocked by sys_clk  {rise@0.000ns fall@5.000ns period=10.000ns})
  Destination:            ddr3.u_axi_wrap_ddr/u_Axi_CDC/awFifo/bufferCC_12/buffers_0_reg/CLR
                            (recovery check against rising-edge clock clk_pll_i  {rise@0.000ns fall@5.000ns period=10.000ns})
  Path Group:             **async_default**
  Path Type:              Recovery (Max at Slow Process Corner)
  Requirement:            10.000ns  (clk_pll_i rise@10.000ns - sys_clk rise@0.000ns)
  Data Path Delay:        5.326ns  (logic 0.538ns (10.100%)  route 4.788ns (89.900%))
  Logic Levels:           1  (LUT1=1)
  Clock Path Skew:        2.137ns (DCD - SCD + CPR)
    Destination Clock Delay (DCD):    7.433ns = ( 17.433 - 10.000 ) 
    Source Clock Delay      (SCD):    5.497ns
    Clock Pessimism Removal (CPR):    0.201ns
  Clock Uncertainty:      0.237ns  ((TSJ^2 + DJ^2)^1/2) / 2 + PE
    Total System Jitter     (TSJ):    0.071ns
    Discrete Jitter          (DJ):    0.184ns
    Phase Error              (PE):    0.139ns

    Location             Delay type                Incr(ns)  Path(ns)    Netlist Resource(s)
  -------------------------------------------------------------------    -------------------
                         (clock sys_clk rise edge)    0.000     0.000 r  
    AC19                                              0.000     0.000 r  clk (IN)
                         net (fo=0)                   0.000     0.000    clk
    AC19                 IBUF (Prop_ibuf_I_O)         1.416     1.416 r  clk_IBUF_inst/O
                         net (fo=1, routed)           2.602     4.018    clk_IBUF
    BUFGCTRL_X0Y0        BUFG (Prop_bufg_I_O)         0.081     4.099 r  clk_IBUF_BUFG_inst/O
                         net (fo=2166, routed)        1.536     5.635    fpga_pll.u_clk_pll/inst/clk_in1
    PLLE2_ADV_X0Y2       PLLE2_ADV (Prop_plle2_adv_CLKIN1_CLKOUT1)
                                                     -3.173     2.461 r  fpga_pll.u_clk_pll/inst/plle2_adv_inst/CLKOUT1
                         net (fo=1, routed)           1.557     4.018    fpga_pll.u_clk_pll/inst/sys_clk_clk_pll
    BUFGCTRL_X0Y3        BUFG (Prop_bufg_I_O)         0.081     4.099 r  fpga_pll.u_clk_pll/inst/clkout2_buf/O
                         net (fo=3603, routed)        1.398     5.497    fpga_pll.u_rst_sys/sys_clk
    SLICE_X42Y195        FDCE                                         r  fpga_pll.u_rst_sys/delay_reg[1]/C
  -------------------------------------------------------------------    -------------------
    SLICE_X42Y195        FDCE (Prop_fdce_C_Q)         0.433     5.930 r  fpga_pll.u_rst_sys/delay_reg[1]/Q
                         net (fo=36, routed)          1.683     7.614    fpga_pll.u_rst_sys/Q[0]
    SLICE_X50Y192        LUT1 (Prop_lut1_I0_O)        0.105     7.719 f  fpga_pll.u_rst_sys/pushCC_pushPtr[2]_i_3__1/O
                         net (fo=718, routed)         3.105    10.824    ddr3.u_axi_wrap_ddr/u_Axi_CDC/awFifo/bufferCC_12/prst
    SLICE_X50Y192        FDCE                                         f  ddr3.u_axi_wrap_ddr/u_Axi_CDC/awFifo/bufferCC_12/buffers_0_reg/CLR
  -------------------------------------------------------------------    -------------------

                         (clock clk_pll_i rise edge)
                                                     10.000    10.000 r  
    AC19                                              0.000    10.000 r  clk (IN)
                         net (fo=0)                   0.000    10.000    clk
    AC19                 IBUF (Prop_ibuf_I_O)         1.350    11.350 r  clk_IBUF_inst/O
                         net (fo=1, routed)           2.471    13.821    clk_IBUF
    BUFGCTRL_X0Y0        BUFG (Prop_bufg_I_O)         0.077    13.898 r  clk_IBUF_BUFG_inst/O
                         net (fo=2166, routed)        1.586    15.484    ddr3.u_axi_wrap_ddr/mig_axi/u_mig_axi_32_mig/u_ddr3_infrastructure/mmcm_clk
    PLLE2_ADV_X0Y4       PLLE2_ADV (Prop_plle2_adv_CLKIN1_CLKOUT3)
                                                      0.073    15.557 r  ddr3.u_axi_wrap_ddr/mig_axi/u_mig_axi_32_mig/u_ddr3_infrastructure/plle2_i/CLKOUT3
                         net (fo=1, routed)           1.281    16.838    ddr3.u_axi_wrap_ddr/mig_axi/u_mig_axi_32_mig/u_ddr3_infrastructure/pll_clk3_out
    BUFHCE_X0Y48         BUFH (Prop_bufh_I_O)         0.069    16.907 r  ddr3.u_axi_wrap_ddr/mig_axi/u_mig_axi_32_mig/u_ddr3_infrastructure/u_bufh_pll_clk3/O
                         net (fo=1, routed)           0.805    17.712    ddr3.u_axi_wrap_ddr/mig_axi/u_mig_axi_32_mig/u_ddr3_infrastructure/pll_clk3
    MMCME2_ADV_X0Y4      MMCME2_ADV (Prop_mmcme2_adv_CLKIN1_CLKFBOUT)
                                                     -3.606    14.105 r  ddr3.u_axi_wrap_ddr/mig_axi/u_mig_axi_32_mig/u_ddr3_infrastructure/gen_mmcm.mmcm_i/CLKFBOUT
                         net (fo=1, routed)           1.964    16.070    ddr3.u_axi_wrap_ddr/mig_axi/u_mig_axi_32_mig/u_ddr3_infrastructure/clk_pll_i
    BUFGCTRL_X0Y16       BUFG (Prop_bufg_I_O)         0.077    16.147 r  ddr3.u_axi_wrap_ddr/mig_axi/u_mig_axi_32_mig/u_ddr3_infrastructure/u_bufg_clkdiv0/O
                         net (fo=7005, routed)        1.286    17.433    ddr3.u_axi_wrap_ddr/u_Axi_CDC/awFifo/bufferCC_12/ui_clk
    SLICE_X50Y192        FDCE                                         r  ddr3.u_axi_wrap_ddr/u_Axi_CDC/awFifo/bufferCC_12/buffers_0_reg/C
                         clock pessimism              0.201    17.634    
                         clock uncertainty           -0.237    17.397    
    SLICE_X50Y192        FDCE (Recov_fdce_C_CLR)     -0.331    17.066    ddr3.u_axi_wrap_ddr/u_Axi_CDC/awFifo/bufferCC_12/buffers_0_reg
  -------------------------------------------------------------------
                         required time                         17.066    
                         arrival time                         -10.824    
  -------------------------------------------------------------------
                         slack                                  6.242    





Min Delay Paths
--------------------------------------------------------------------------------------
Slack (MET) :             1.002ns  (arrival time - required time)
  Source:                 fpga_pll.u_rst_sys/delay_reg[1]/C
                            (rising edge-triggered cell FDCE clocked by sys_clk  {rise@0.000ns fall@5.000ns period=10.000ns})
  Destination:            ddr3.u_axi_wrap_ddr/u_Axi_CDC/awFifo/bufferCC_12/buffers_0_reg/CLR
                            (removal check against rising-edge clock clk_pll_i  {rise@0.000ns fall@5.000ns period=10.000ns})
  Path Group:             **async_default**
  Path Type:              Removal (Min at Fast Process Corner)
  Requirement:            0.000ns  (clk_pll_i rise@0.000ns - sys_clk rise@0.000ns)
  Data Path Delay:        2.646ns  (logic 0.209ns (7.897%)  route 2.437ns (92.103%))
  Logic Levels:           1  (LUT1=1)
  Clock Path Skew:        1.500ns (DCD - SCD - CPR)
    Destination Clock Delay (DCD):    3.713ns
    Source Clock Delay      (SCD):    1.936ns
    Clock Pessimism Removal (CPR):    0.277ns
  Clock Uncertainty:      0.237ns  ((TSJ^2 + DJ^2)^1/2) / 2 + PE
    Total System Jitter     (TSJ):    0.071ns
    Discrete Jitter          (DJ):    0.184ns
    Phase Error              (PE):    0.139ns

    Location             Delay type                Incr(ns)  Path(ns)    Netlist Resource(s)
  -------------------------------------------------------------------    -------------------
                         (clock sys_clk rise edge)    0.000     0.000 r  
    AC19                                              0.000     0.000 r  clk (IN)
                         net (fo=0)                   0.000     0.000    clk
    AC19                 IBUF (Prop_ibuf_I_O)         0.253     0.253 r  clk_IBUF_inst/O
                         net (fo=1, routed)           1.074     1.327    clk_IBUF
    BUFGCTRL_X0Y0        BUFG (Prop_bufg_I_O)         0.026     1.353 r  clk_IBUF_BUFG_inst/O
                         net (fo=2166, routed)        0.615     1.967    fpga_pll.u_clk_pll/inst/clk_in1
    PLLE2_ADV_X0Y2       PLLE2_ADV (Prop_plle2_adv_CLKIN1_CLKOUT1)
                                                     -1.200     0.767 r  fpga_pll.u_clk_pll/inst/plle2_adv_inst/CLKOUT1
                         net (fo=1, routed)           0.560     1.327    fpga_pll.u_clk_pll/inst/sys_clk_clk_pll
    BUFGCTRL_X0Y3        BUFG (Prop_bufg_I_O)         0.026     1.353 r  fpga_pll.u_clk_pll/inst/clkout2_buf/O
                         net (fo=3603, routed)        0.584     1.936    fpga_pll.u_rst_sys/sys_clk
    SLICE_X42Y195        FDCE                                         r  fpga_pll.u_rst_sys/delay_reg[1]/C
  -------------------------------------------------------------------    -------------------
    SLICE_X42Y195        FDCE (Prop_fdce_C_Q)         0.164     2.100 r  fpga_pll.u_rst_sys/delay_reg[1]/Q
                         net (fo=36, routed)          0.832     2.933    fpga_pll.u_rst_sys/Q[0]
    SLICE_X50Y192        LUT1 (Prop_lut1_I0_O)        0.045     2.978 f  fpga_pll.u_rst_sys/pushCC_pushPtr[2]_i_3__1/O
                         net (fo=718, routed)         1.605     4.583    ddr3.u_axi_wrap_ddr/u_Axi_CDC/awFifo/bufferCC_12/prst
    SLICE_X50Y192        FDCE                                         f  ddr3.u_axi_wrap_ddr/u_Axi_CDC/awFifo/bufferCC_12/buffers_0_reg/CLR
  -------------------------------------------------------------------    -------------------

                         (clock clk_pll_i rise edge)
                                                      0.000     0.000 r  
    AC19                                              0.000     0.000 r  clk (IN)
                         net (fo=0)                   0.000     0.000    clk
    AC19                 IBUF (Prop_ibuf_I_O)         0.441     0.441 r  clk_IBUF_inst/O
                         net (fo=1, routed)           1.160     1.601    clk_IBUF
    BUFGCTRL_X0Y0        BUFG (Prop_bufg_I_O)         0.029     1.630 r  clk_IBUF_BUFG_inst/O
                         net (fo=2166, routed)        0.976     2.606    ddr3.u_axi_wrap_ddr/mig_axi/u_mig_axi_32_mig/u_ddr3_infrastructure/mmcm_clk
    PLLE2_ADV_X0Y4       PLLE2_ADV (Prop_plle2_adv_CLKIN1_CLKOUT3)
                                                      0.053     2.659 r  ddr3.u_axi_wrap_ddr/mig_axi/u_mig_axi_32_mig/u_ddr3_infrastructure/plle2_i/CLKOUT3
                         net (fo=1, routed)           0.577     3.236    ddr3.u_axi_wrap_ddr/mig_axi/u_mig_axi_32_mig/u_ddr3_infrastructure/pll_clk3_out
    BUFHCE_X0Y48         BUFH (Prop_bufh_I_O)         0.043     3.279 r  ddr3.u_axi_wrap_ddr/mig_axi/u_mig_axi_32_mig/u_ddr3_infrastructure/u_bufh_pll_clk3/O
                         net (fo=1, routed)           0.553     3.832    ddr3.u_axi_wrap_ddr/mig_axi/u_mig_axi_32_mig/u_ddr3_infrastructure/pll_clk3
    MMCME2_ADV_X0Y4      MMCME2_ADV (Prop_mmcme2_adv_CLKIN1_CLKFBOUT)
                                                     -1.858     1.974 r  ddr3.u_axi_wrap_ddr/mig_axi/u_mig_axi_32_mig/u_ddr3_infrastructure/gen_mmcm.mmcm_i/CLKFBOUT
                         net (fo=1, routed)           0.860     2.834    ddr3.u_axi_wrap_ddr/mig_axi/u_mig_axi_32_mig/u_ddr3_infrastructure/clk_pll_i
    BUFGCTRL_X0Y16       BUFG (Prop_bufg_I_O)         0.029     2.863 r  ddr3.u_axi_wrap_ddr/mig_axi/u_mig_axi_32_mig/u_ddr3_infrastructure/u_bufg_clkdiv0/O
                         net (fo=7005, routed)        0.850     3.713    ddr3.u_axi_wrap_ddr/u_Axi_CDC/awFifo/bufferCC_12/ui_clk
    SLICE_X50Y192        FDCE                                         r  ddr3.u_axi_wrap_ddr/u_Axi_CDC/awFifo/bufferCC_12/buffers_0_reg/C
                         clock pessimism             -0.277     3.436    
                         clock uncertainty            0.237     3.673    
    SLICE_X50Y192        FDCE (Remov_fdce_C_CLR)     -0.092     3.581    ddr3.u_axi_wrap_ddr/u_Axi_CDC/awFifo/bufferCC_12/buffers_0_reg
  -------------------------------------------------------------------
                         required time                         -3.581    
                         arrival time                           4.583    
  -------------------------------------------------------------------
                         slack                                  1.002    





---------------------------------------------------------------------------------------------------
Path Group:  **async_default**
From Clock:  cpu_clk
  To Clock:  cpu_clk

Setup :            0  Failing Endpoints,  Worst Slack       22.914ns,  Total Violation        0.000ns
Hold  :            0  Failing Endpoints,  Worst Slack        0.660ns,  Total Violation        0.000ns
---------------------------------------------------------------------------------------------------


Max Delay Paths
--------------------------------------------------------------------------------------
Slack (MET) :             22.914ns  (required time - arrival time)
  Source:                 fpga_pll.u_rst_cpu/delay_reg[1]/C
                            (rising edge-triggered cell FDCE clocked by cpu_clk  {rise@0.000ns fall@15.625ns period=31.250ns})
  Destination:            u_axi_clock_sync/arFifo/pushCC_pushPtr_reg[0]/CLR
                            (recovery check against rising-edge clock cpu_clk  {rise@0.000ns fall@15.625ns period=31.250ns})
  Path Group:             **async_default**
  Path Type:              Recovery (Max at Slow Process Corner)
  Requirement:            31.250ns  (cpu_clk rise@31.250ns - cpu_clk rise@0.000ns)
  Data Path Delay:        7.989ns  (logic 0.484ns (6.058%)  route 7.505ns (93.942%))
  Logic Levels:           1  (LUT1=1)
  Clock Path Skew:        -0.024ns (DCD - SCD + CPR)
    Destination Clock Delay (DCD):    5.173ns = ( 36.423 - 31.250 ) 
    Source Clock Delay      (SCD):    5.480ns
    Clock Pessimism Removal (CPR):    0.283ns
  Clock Uncertainty:      0.065ns  ((TSJ^2 + DJ^2)^1/2) / 2 + PE
    Total System Jitter     (TSJ):    0.071ns
    Discrete Jitter          (DJ):    0.109ns
    Phase Error              (PE):    0.000ns

    Location             Delay type                Incr(ns)  Path(ns)    Netlist Resource(s)
  -------------------------------------------------------------------    -------------------
                         (clock cpu_clk rise edge)    0.000     0.000 r  
    AC19                                              0.000     0.000 r  clk (IN)
                         net (fo=0)                   0.000     0.000    clk
    AC19                 IBUF (Prop_ibuf_I_O)         1.416     1.416 r  clk_IBUF_inst/O
                         net (fo=1, routed)           2.602     4.018    clk_IBUF
    BUFGCTRL_X0Y0        BUFG (Prop_bufg_I_O)         0.081     4.099 r  clk_IBUF_BUFG_inst/O
                         net (fo=2166, routed)        1.536     5.635    fpga_pll.u_clk_pll/inst/clk_in1
    PLLE2_ADV_X0Y2       PLLE2_ADV (Prop_plle2_adv_CLKIN1_CLKOUT0)
                                                     -3.173     2.461 r  fpga_pll.u_clk_pll/inst/plle2_adv_inst/CLKOUT0
                         net (fo=1, routed)           1.557     4.018    fpga_pll.u_clk_pll/inst/cpu_clk_clk_pll
    BUFGCTRL_X0Y2        BUFG (Prop_bufg_I_O)         0.081     4.099 r  fpga_pll.u_clk_pll/inst/clkout1_buf/O
                         net (fo=25951, routed)       1.381     5.480    fpga_pll.u_rst_cpu/cpu_clk
    SLICE_X55Y172        FDCE                                         r  fpga_pll.u_rst_cpu/delay_reg[1]/C
  -------------------------------------------------------------------    -------------------
    SLICE_X55Y172        FDCE (Prop_fdce_C_Q)         0.379     5.859 r  fpga_pll.u_rst_cpu/delay_reg[1]/Q
                         net (fo=316, routed)         5.538    11.397    fpga_pll.u_rst_cpu/Q[0]
    SLICE_X19Y179        LUT1 (Prop_lut1_I0_O)        0.105    11.502 f  fpga_pll.u_rst_cpu/FSM_onehot_genblk1[3].state[3][4]_i_2/O
                         net (fo=78, routed)          1.967    13.469    u_axi_clock_sync/arFifo/buffers_0_reg[2]_0
    SLICE_X56Y171        FDCE                                         f  u_axi_clock_sync/arFifo/pushCC_pushPtr_reg[0]/CLR
  -------------------------------------------------------------------    -------------------

                         (clock cpu_clk rise edge)   31.250    31.250 r  
    AC19                                              0.000    31.250 r  clk (IN)
                         net (fo=0)                   0.000    31.250    clk
    AC19                 IBUF (Prop_ibuf_I_O)         1.350    32.600 r  clk_IBUF_inst/O
                         net (fo=1, routed)           2.471    35.071    clk_IBUF
    BUFGCTRL_X0Y0        BUFG (Prop_bufg_I_O)         0.077    35.148 r  clk_IBUF_BUFG_inst/O
                         net (fo=2166, routed)        1.434    36.581    fpga_pll.u_clk_pll/inst/clk_in1
    PLLE2_ADV_X0Y2       PLLE2_ADV (Prop_plle2_adv_CLKIN1_CLKOUT0)
                                                     -2.995    33.586 r  fpga_pll.u_clk_pll/inst/plle2_adv_inst/CLKOUT0
                         net (fo=1, routed)           1.484    35.071    fpga_pll.u_clk_pll/inst/cpu_clk_clk_pll
    BUFGCTRL_X0Y2        BUFG (Prop_bufg_I_O)         0.077    35.148 r  fpga_pll.u_clk_pll/inst/clkout1_buf/O
                         net (fo=25951, routed)       1.275    36.423    u_axi_clock_sync/arFifo/cpu_clk
    SLICE_X56Y171        FDCE                                         r  u_axi_clock_sync/arFifo/pushCC_pushPtr_reg[0]/C
                         clock pessimism              0.283    36.706    
                         clock uncertainty           -0.065    36.641    
    SLICE_X56Y171        FDCE (Recov_fdce_C_CLR)     -0.258    36.383    u_axi_clock_sync/arFifo/pushCC_pushPtr_reg[0]
  -------------------------------------------------------------------
                         required time                         36.383    
                         arrival time                         -13.469    
  -------------------------------------------------------------------
                         slack                                 22.914    





Min Delay Paths
--------------------------------------------------------------------------------------
Slack (MET) :             0.660ns  (arrival time - required time)
  Source:                 u_axi_clock_sync/bFifo/bufferCC_12/buffers_1_reg/C
                            (rising edge-triggered cell FDCE clocked by cpu_clk  {rise@0.000ns fall@15.625ns period=31.250ns})
  Destination:            u_axi_clock_sync/rFifo/popCC_popPtr_reg[0]/CLR
                            (removal check against rising-edge clock cpu_clk  {rise@0.000ns fall@15.625ns period=31.250ns})
  Path Group:             **async_default**
  Path Type:              Removal (Min at Fast Process Corner)
  Requirement:            0.000ns  (cpu_clk rise@0.000ns - cpu_clk rise@0.000ns)
  Data Path Delay:        0.627ns  (logic 0.227ns (36.220%)  route 0.400ns (63.780%))
  Logic Levels:           1  (LUT1=1)
  Clock Path Skew:        0.034ns (DCD - SCD - CPR)
    Destination Clock Delay (DCD):    2.472ns
    Source Clock Delay      (SCD):    1.927ns
    Clock Pessimism Removal (CPR):    0.511ns

    Location             Delay type                Incr(ns)  Path(ns)    Netlist Resource(s)
  -------------------------------------------------------------------    -------------------
                         (clock cpu_clk rise edge)    0.000     0.000 r  
    AC19                                              0.000     0.000 r  clk (IN)
                         net (fo=0)                   0.000     0.000    clk
    AC19                 IBUF (Prop_ibuf_I_O)         0.253     0.253 r  clk_IBUF_inst/O
                         net (fo=1, routed)           1.074     1.327    clk_IBUF
    BUFGCTRL_X0Y0        BUFG (Prop_bufg_I_O)         0.026     1.353 r  clk_IBUF_BUFG_inst/O
                         net (fo=2166, routed)        0.615     1.967    fpga_pll.u_clk_pll/inst/clk_in1
    PLLE2_ADV_X0Y2       PLLE2_ADV (Prop_plle2_adv_CLKIN1_CLKOUT0)
                                                     -1.200     0.767 r  fpga_pll.u_clk_pll/inst/plle2_adv_inst/CLKOUT0
                         net (fo=1, routed)           0.560     1.327    fpga_pll.u_clk_pll/inst/cpu_clk_clk_pll
    BUFGCTRL_X0Y2        BUFG (Prop_bufg_I_O)         0.026     1.353 r  fpga_pll.u_clk_pll/inst/clkout1_buf/O
                         net (fo=25951, routed)       0.575     1.927    u_axi_clock_sync/bFifo/bufferCC_12/cpu_clk
    SLICE_X49Y179        FDCE                                         r  u_axi_clock_sync/bFifo/bufferCC_12/buffers_1_reg/C
  -------------------------------------------------------------------    -------------------
    SLICE_X49Y179        FDCE (Prop_fdce_C_Q)         0.128     2.055 r  u_axi_clock_sync/bFifo/bufferCC_12/buffers_1_reg/Q
                         net (fo=1, routed)           0.214     2.269    u_axi_clock_sync/bFifo/bufferCC_12/buffers_1
    SLICE_X49Y179        LUT1 (Prop_lut1_I0_O)        0.099     2.368 f  u_axi_clock_sync/bFifo/bufferCC_12/popCC_popPtr[2]_i_2__3/O
                         net (fo=30, routed)          0.186     2.554    u_axi_clock_sync/rFifo/buffers_0_reg[3]
    SLICE_X52Y179        FDCE                                         f  u_axi_clock_sync/rFifo/popCC_popPtr_reg[0]/CLR
  -------------------------------------------------------------------    -------------------

                         (clock cpu_clk rise edge)    0.000     0.000 r  
    AC19                                              0.000     0.000 r  clk (IN)
                         net (fo=0)                   0.000     0.000    clk
    AC19                 IBUF (Prop_ibuf_I_O)         0.441     0.441 r  clk_IBUF_inst/O
                         net (fo=1, routed)           1.160     1.601    clk_IBUF
    BUFGCTRL_X0Y0        BUFG (Prop_bufg_I_O)         0.029     1.630 r  clk_IBUF_BUFG_inst/O
                         net (fo=2166, routed)        0.884     2.513    fpga_pll.u_clk_pll/inst/clk_in1
    PLLE2_ADV_X0Y2       PLLE2_ADV (Prop_plle2_adv_CLKIN1_CLKOUT0)
                                                     -1.523     0.990 r  fpga_pll.u_clk_pll/inst/plle2_adv_inst/CLKOUT0
                         net (fo=1, routed)           0.611     1.601    fpga_pll.u_clk_pll/inst/cpu_clk_clk_pll
    BUFGCTRL_X0Y2        BUFG (Prop_bufg_I_O)         0.029     1.630 r  fpga_pll.u_clk_pll/inst/clkout1_buf/O
                         net (fo=25951, routed)       0.842     2.472    u_axi_clock_sync/rFifo/cpu_clk
    SLICE_X52Y179        FDCE                                         r  u_axi_clock_sync/rFifo/popCC_popPtr_reg[0]/C
                         clock pessimism             -0.511     1.961    
    SLICE_X52Y179        FDCE (Remov_fdce_C_CLR)     -0.067     1.894    u_axi_clock_sync/rFifo/popCC_popPtr_reg[0]
  -------------------------------------------------------------------
                         required time                         -1.894    
                         arrival time                           2.554    
  -------------------------------------------------------------------
                         slack                                  0.660    





---------------------------------------------------------------------------------------------------
Path Group:  **async_default**
From Clock:  dbg_hub/inst/BSCANID.u_xsdbm_id/SWITCH_N_EXT_BSCAN.bscan_inst/SERIES7_BSCAN.bscan_inst/TCK
  To Clock:  dbg_hub/inst/BSCANID.u_xsdbm_id/SWITCH_N_EXT_BSCAN.bscan_inst/SERIES7_BSCAN.bscan_inst/TCK

Setup :            0  Failing Endpoints,  Worst Slack       26.937ns,  Total Violation        0.000ns
Hold  :            0  Failing Endpoints,  Worst Slack        0.333ns,  Total Violation        0.000ns
---------------------------------------------------------------------------------------------------


Max Delay Paths
--------------------------------------------------------------------------------------
Slack (MET) :             26.937ns  (required time - arrival time)
  Source:                 dbg_hub/inst/BSCANID.u_xsdbm_id/SWITCH_N_EXT_BSCAN.bscan_switch/portno_reg[2]/C
                            (rising edge-triggered cell FDRE clocked by dbg_hub/inst/BSCANID.u_xsdbm_id/SWITCH_N_EXT_BSCAN.bscan_inst/SERIES7_BSCAN.bscan_inst/TCK  {rise@0.000ns fall@16.500ns period=33.000ns})
  Destination:            dbg_hub/inst/BSCANID.u_xsdbm_id/CORE_XSDB.U_ICON/U_CMD/iTARGET_reg[14]/CLR
                            (recovery check against rising-edge clock dbg_hub/inst/BSCANID.u_xsdbm_id/SWITCH_N_EXT_BSCAN.bscan_inst/SERIES7_BSCAN.bscan_inst/TCK  {rise@0.000ns fall@16.500ns period=33.000ns})
  Path Group:             **async_default**
  Path Type:              Recovery (Max at Slow Process Corner)
  Requirement:            33.000ns  (dbg_hub/inst/BSCANID.u_xsdbm_id/SWITCH_N_EXT_BSCAN.bscan_inst/SERIES7_BSCAN.bscan_inst/TCK rise@33.000ns - dbg_hub/inst/BSCANID.u_xsdbm_id/SWITCH_N_EXT_BSCAN.bscan_inst/SERIES7_BSCAN.bscan_inst/TCK rise@0.000ns)
  Data Path Delay:        5.578ns  (logic 0.866ns (15.525%)  route 4.712ns (84.475%))
  Logic Levels:           3  (LUT1=1 LUT4=1 LUT6=1)
  Clock Path Skew:        -0.118ns (DCD - SCD + CPR)
    Destination Clock Delay (DCD):    3.695ns = ( 36.695 - 33.000 ) 
    Source Clock Delay      (SCD):    4.242ns
    Clock Pessimism Removal (CPR):    0.429ns
  Clock Uncertainty:      0.035ns  ((TSJ^2 + TIJ^2)^1/2 + DJ) / 2 + PE
    Total System Jitter     (TSJ):    0.071ns
    Total Input Jitter      (TIJ):    0.000ns
    Discrete Jitter          (DJ):    0.000ns
    Phase Error              (PE):    0.000ns

    Location             Delay type                Incr(ns)  Path(ns)    Netlist Resource(s)
  -------------------------------------------------------------------    -------------------
                         (clock dbg_hub/inst/BSCANID.u_xsdbm_id/SWITCH_N_EXT_BSCAN.bscan_inst/SERIES7_BSCAN.bscan_inst/TCK rise edge)
                                                      0.000     0.000 r  
    BSCAN_X0Y0           BSCANE2                      0.000     0.000 r  dbg_hub/inst/BSCANID.u_xsdbm_id/SWITCH_N_EXT_BSCAN.bscan_inst/SERIES7_BSCAN.bscan_inst/TCK
                         net (fo=1, routed)           2.690     2.690    dbg_hub/inst/BSCANID.u_xsdbm_id/tck_bs
    BUFGCTRL_X0Y4        BUFG (Prop_bufg_I_O)         0.081     2.771 r  dbg_hub/inst/BSCANID.u_xsdbm_id/SWITCH_N_EXT_BSCAN.u_bufg_icon_tck/O
                         net (fo=486, routed)         1.471     4.242    dbg_hub/inst/BSCANID.u_xsdbm_id/SWITCH_N_EXT_BSCAN.bscan_switch/s_bscan_tck
    SLICE_X11Y172        FDRE                                         r  dbg_hub/inst/BSCANID.u_xsdbm_id/SWITCH_N_EXT_BSCAN.bscan_switch/portno_reg[2]/C
  -------------------------------------------------------------------    -------------------
    SLICE_X11Y172        FDRE (Prop_fdre_C_Q)         0.379     4.621 f  dbg_hub/inst/BSCANID.u_xsdbm_id/SWITCH_N_EXT_BSCAN.bscan_switch/portno_reg[2]/Q
                         net (fo=1, routed)           0.691     5.312    dbg_hub/inst/BSCANID.u_xsdbm_id/SWITCH_N_EXT_BSCAN.bscan_switch/portno[2]
    SLICE_X11Y172        LUT6 (Prop_lut6_I1_O)        0.105     5.417 f  dbg_hub/inst/BSCANID.u_xsdbm_id/SWITCH_N_EXT_BSCAN.bscan_switch/m_bscan_drck[0]_INST_0_i_1/O
                         net (fo=5, routed)           1.254     6.671    dbg_hub/inst/BSCANID.u_xsdbm_id/SWITCH_N_EXT_BSCAN.bscan_switch/m_bscan_drck[0]_INST_0_i_1_n_0
    SLICE_X15Y177        LUT4 (Prop_lut4_I3_O)        0.115     6.786 r  dbg_hub/inst/BSCANID.u_xsdbm_id/SWITCH_N_EXT_BSCAN.bscan_switch/m_bscan_sel[0]_INST_0/O
                         net (fo=2, routed)           2.033     8.819    dbg_hub/inst/BSCANID.u_xsdbm_id/CORE_XSDB.U_ICON/U_CMD/iTARGET_reg[6]_0
    SLICE_X48Y194        LUT1 (Prop_lut1_I0_O)        0.267     9.086 f  dbg_hub/inst/BSCANID.u_xsdbm_id/CORE_XSDB.U_ICON/U_CMD/iTARGET[15]_i_2/O
                         net (fo=10, routed)          0.734     9.820    dbg_hub/inst/BSCANID.u_xsdbm_id/CORE_XSDB.U_ICON/U_CMD/iSEL_n
    SLICE_X54Y196        FDCE                                         f  dbg_hub/inst/BSCANID.u_xsdbm_id/CORE_XSDB.U_ICON/U_CMD/iTARGET_reg[14]/CLR
  -------------------------------------------------------------------    -------------------

                         (clock dbg_hub/inst/BSCANID.u_xsdbm_id/SWITCH_N_EXT_BSCAN.bscan_inst/SERIES7_BSCAN.bscan_inst/TCK rise edge)
                                                     33.000    33.000 r  
    BSCAN_X0Y0           BSCANE2                      0.000    33.000 r  dbg_hub/inst/BSCANID.u_xsdbm_id/SWITCH_N_EXT_BSCAN.bscan_inst/SERIES7_BSCAN.bscan_inst/TCK
                         net (fo=1, routed)           2.331    35.331    dbg_hub/inst/BSCANID.u_xsdbm_id/tck_bs
    BUFGCTRL_X0Y4        BUFG (Prop_bufg_I_O)         0.077    35.408 r  dbg_hub/inst/BSCANID.u_xsdbm_id/SWITCH_N_EXT_BSCAN.u_bufg_icon_tck/O
                         net (fo=486, routed)         1.287    36.695    dbg_hub/inst/BSCANID.u_xsdbm_id/CORE_XSDB.U_ICON/U_CMD/m_bscan_tck[0]
    SLICE_X54Y196        FDCE                                         r  dbg_hub/inst/BSCANID.u_xsdbm_id/CORE_XSDB.U_ICON/U_CMD/iTARGET_reg[14]/C
                         clock pessimism              0.429    37.124    
                         clock uncertainty           -0.035    37.089    
    SLICE_X54Y196        FDCE (Recov_fdce_C_CLR)     -0.331    36.758    dbg_hub/inst/BSCANID.u_xsdbm_id/CORE_XSDB.U_ICON/U_CMD/iTARGET_reg[14]
  -------------------------------------------------------------------
                         required time                         36.758    
                         arrival time                          -9.820    
  -------------------------------------------------------------------
                         slack                                 26.937    





Min Delay Paths
--------------------------------------------------------------------------------------
Slack (MET) :             0.333ns  (arrival time - required time)
  Source:                 dbg_hub/inst/BSCANID.u_xsdbm_id/CORE_XSDB.UUT_MASTER/U_ICON_INTERFACE/U_CMD6_WR/U_WR_FIFO/SUBCORE_FIFO.xsdbm_v3_0_0_wrfifo_inst/inst_fifo_gen/gconvfifo.rf/grf.rf/rstblk/ngwrdrst.grst.g7serrst.wr_rst_reg_reg[1]/C
                            (rising edge-triggered cell FDPE clocked by dbg_hub/inst/BSCANID.u_xsdbm_id/SWITCH_N_EXT_BSCAN.bscan_inst/SERIES7_BSCAN.bscan_inst/TCK  {rise@0.000ns fall@16.500ns period=33.000ns})
  Destination:            dbg_hub/inst/BSCANID.u_xsdbm_id/CORE_XSDB.UUT_MASTER/U_ICON_INTERFACE/U_CMD6_WR/U_WR_FIFO/SUBCORE_FIFO.xsdbm_v3_0_0_wrfifo_inst/inst_fifo_gen/gconvfifo.rf/grf.rf/gntv_or_sync_fifo.gl0.wr/wpntr/gic0.gc0.count_d1_reg[2]/CLR
                            (removal check against rising-edge clock dbg_hub/inst/BSCANID.u_xsdbm_id/SWITCH_N_EXT_BSCAN.bscan_inst/SERIES7_BSCAN.bscan_inst/TCK  {rise@0.000ns fall@16.500ns period=33.000ns})
  Path Group:             **async_default**
  Path Type:              Removal (Min at Fast Process Corner)
  Requirement:            0.000ns  (dbg_hub/inst/BSCANID.u_xsdbm_id/SWITCH_N_EXT_BSCAN.bscan_inst/SERIES7_BSCAN.bscan_inst/TCK rise@0.000ns - dbg_hub/inst/BSCANID.u_xsdbm_id/SWITCH_N_EXT_BSCAN.bscan_inst/SERIES7_BSCAN.bscan_inst/TCK rise@0.000ns)
  Data Path Delay:        0.257ns  (logic 0.141ns (54.935%)  route 0.116ns (45.065%))
  Logic Levels:           0  
  Clock Path Skew:        0.016ns (DCD - SCD - CPR)
    Destination Clock Delay (DCD):    2.507ns
    Source Clock Delay      (SCD):    2.040ns
    Clock Pessimism Removal (CPR):    0.451ns

    Location             Delay type                Incr(ns)  Path(ns)    Netlist Resource(s)
  -------------------------------------------------------------------    -------------------
                         (clock dbg_hub/inst/BSCANID.u_xsdbm_id/SWITCH_N_EXT_BSCAN.bscan_inst/SERIES7_BSCAN.bscan_inst/TCK rise edge)
                                                      0.000     0.000 r  
    BSCAN_X0Y0           BSCANE2                      0.000     0.000 r  dbg_hub/inst/BSCANID.u_xsdbm_id/SWITCH_N_EXT_BSCAN.bscan_inst/SERIES7_BSCAN.bscan_inst/TCK
                         net (fo=1, routed)           1.439     1.439    dbg_hub/inst/BSCANID.u_xsdbm_id/tck_bs
    BUFGCTRL_X0Y4        BUFG (Prop_bufg_I_O)         0.026     1.465 r  dbg_hub/inst/BSCANID.u_xsdbm_id/SWITCH_N_EXT_BSCAN.u_bufg_icon_tck/O
                         net (fo=486, routed)         0.576     2.040    dbg_hub/inst/BSCANID.u_xsdbm_id/CORE_XSDB.UUT_MASTER/U_ICON_INTERFACE/U_CMD6_WR/U_WR_FIFO/SUBCORE_FIFO.xsdbm_v3_0_0_wrfifo_inst/inst_fifo_gen/gconvfifo.rf/grf.rf/rstblk/wr_clk
    SLICE_X67Y195        FDPE                                         r  dbg_hub/inst/BSCANID.u_xsdbm_id/CORE_XSDB.UUT_MASTER/U_ICON_INTERFACE/U_CMD6_WR/U_WR_FIFO/SUBCORE_FIFO.xsdbm_v3_0_0_wrfifo_inst/inst_fifo_gen/gconvfifo.rf/grf.rf/rstblk/ngwrdrst.grst.g7serrst.wr_rst_reg_reg[1]/C
  -------------------------------------------------------------------    -------------------
    SLICE_X67Y195        FDPE (Prop_fdpe_C_Q)         0.141     2.181 f  dbg_hub/inst/BSCANID.u_xsdbm_id/CORE_XSDB.UUT_MASTER/U_ICON_INTERFACE/U_CMD6_WR/U_WR_FIFO/SUBCORE_FIFO.xsdbm_v3_0_0_wrfifo_inst/inst_fifo_gen/gconvfifo.rf/grf.rf/rstblk/ngwrdrst.grst.g7serrst.wr_rst_reg_reg[1]/Q
                         net (fo=12, routed)          0.116     2.297    dbg_hub/inst/BSCANID.u_xsdbm_id/CORE_XSDB.UUT_MASTER/U_ICON_INTERFACE/U_CMD6_WR/U_WR_FIFO/SUBCORE_FIFO.xsdbm_v3_0_0_wrfifo_inst/inst_fifo_gen/gconvfifo.rf/grf.rf/gntv_or_sync_fifo.gl0.wr/wpntr/gic0.gc0.count_reg[0]_0[0]
    SLICE_X69Y195        FDCE                                         f  dbg_hub/inst/BSCANID.u_xsdbm_id/CORE_XSDB.UUT_MASTER/U_ICON_INTERFACE/U_CMD6_WR/U_WR_FIFO/SUBCORE_FIFO.xsdbm_v3_0_0_wrfifo_inst/inst_fifo_gen/gconvfifo.rf/grf.rf/gntv_or_sync_fifo.gl0.wr/wpntr/gic0.gc0.count_d1_reg[2]/CLR
  -------------------------------------------------------------------    -------------------

                         (clock dbg_hub/inst/BSCANID.u_xsdbm_id/SWITCH_N_EXT_BSCAN.bscan_inst/SERIES7_BSCAN.bscan_inst/TCK rise edge)
                                                      0.000     0.000 r  
    BSCAN_X0Y0           BSCANE2                      0.000     0.000 r  dbg_hub/inst/BSCANID.u_xsdbm_id/SWITCH_N_EXT_BSCAN.bscan_inst/SERIES7_BSCAN.bscan_inst/TCK
                         net (fo=1, routed)           1.632     1.632    dbg_hub/inst/BSCANID.u_xsdbm_id/tck_bs
    BUFGCTRL_X0Y4        BUFG (Prop_bufg_I_O)         0.029     1.661 r  dbg_hub/inst/BSCANID.u_xsdbm_id/SWITCH_N_EXT_BSCAN.u_bufg_icon_tck/O
                         net (fo=486, routed)         0.846     2.507    dbg_hub/inst/BSCANID.u_xsdbm_id/CORE_XSDB.UUT_MASTER/U_ICON_INTERFACE/U_CMD6_WR/U_WR_FIFO/SUBCORE_FIFO.xsdbm_v3_0_0_wrfifo_inst/inst_fifo_gen/gconvfifo.rf/grf.rf/gntv_or_sync_fifo.gl0.wr/wpntr/wr_clk
    SLICE_X69Y195        FDCE                                         r  dbg_hub/inst/BSCANID.u_xsdbm_id/CORE_XSDB.UUT_MASTER/U_ICON_INTERFACE/U_CMD6_WR/U_WR_FIFO/SUBCORE_FIFO.xsdbm_v3_0_0_wrfifo_inst/inst_fifo_gen/gconvfifo.rf/grf.rf/gntv_or_sync_fifo.gl0.wr/wpntr/gic0.gc0.count_d1_reg[2]/C
                         clock pessimism             -0.451     2.056    
    SLICE_X69Y195        FDCE (Remov_fdce_C_CLR)     -0.092     1.964    dbg_hub/inst/BSCANID.u_xsdbm_id/CORE_XSDB.UUT_MASTER/U_ICON_INTERFACE/U_CMD6_WR/U_WR_FIFO/SUBCORE_FIFO.xsdbm_v3_0_0_wrfifo_inst/inst_fifo_gen/gconvfifo.rf/grf.rf/gntv_or_sync_fifo.gl0.wr/wpntr/gic0.gc0.count_d1_reg[2]
  -------------------------------------------------------------------
                         required time                         -1.964    
                         arrival time                           2.297    
  -------------------------------------------------------------------
                         slack                                  0.333    





---------------------------------------------------------------------------------------------------
Path Group:  **async_default**
From Clock:  clk_pll_i
  To Clock:  sys_clk

Setup :            0  Failing Endpoints,  Worst Slack        3.118ns,  Total Violation        0.000ns
Hold  :            0  Failing Endpoints,  Worst Slack        2.001ns,  Total Violation        0.000ns
---------------------------------------------------------------------------------------------------


Max Delay Paths
--------------------------------------------------------------------------------------
Slack (MET) :             3.118ns  (required time - arrival time)
  Source:                 ddr3.u_axi_wrap_ddr/ddr_aresetn_reg/C
                            (rising edge-triggered cell FDRE clocked by clk_pll_i  {rise@0.000ns fall@5.000ns period=10.000ns})
  Destination:            ddr3.u_axi_wrap_ddr/u_Axi_CDC/bFifo/bufferCC_12/buffers_1_reg/CLR
                            (recovery check against rising-edge clock sys_clk  {rise@0.000ns fall@5.000ns period=10.000ns})
  Path Group:             **async_default**
  Path Type:              Recovery (Max at Slow Process Corner)
  Requirement:            10.000ns  (sys_clk rise@10.000ns - clk_pll_i rise@0.000ns)
  Data Path Delay:        3.693ns  (logic 0.484ns (13.106%)  route 3.209ns (86.894%))
  Logic Levels:           1  (LUT1=1)
  Clock Path Skew:        -2.660ns (DCD - SCD + CPR)
    Destination Clock Delay (DCD):    5.351ns = ( 15.351 - 10.000 ) 
    Source Clock Delay      (SCD):    8.212ns
    Clock Pessimism Removal (CPR):    0.201ns
  Clock Uncertainty:      0.237ns  ((TSJ^2 + DJ^2)^1/2) / 2 + PE
    Total System Jitter     (TSJ):    0.071ns
    Discrete Jitter          (DJ):    0.184ns
    Phase Error              (PE):    0.139ns

    Location             Delay type                Incr(ns)  Path(ns)    Netlist Resource(s)
  -------------------------------------------------------------------    -------------------
                         (clock clk_pll_i rise edge)
                                                      0.000     0.000 r  
    AC19                                              0.000     0.000 r  clk (IN)
                         net (fo=0)                   0.000     0.000    clk
    AC19                 IBUF (Prop_ibuf_I_O)         1.416     1.416 r  clk_IBUF_inst/O
                         net (fo=1, routed)           2.602     4.018    clk_IBUF
    BUFGCTRL_X0Y0        BUFG (Prop_bufg_I_O)         0.081     4.099 r  clk_IBUF_BUFG_inst/O
                         net (fo=2166, routed)        1.696     5.795    ddr3.u_axi_wrap_ddr/mig_axi/u_mig_axi_32_mig/u_ddr3_infrastructure/mmcm_clk
    PLLE2_ADV_X0Y4       PLLE2_ADV (Prop_plle2_adv_CLKIN1_CLKOUT3)
                                                      0.077     5.872 r  ddr3.u_axi_wrap_ddr/mig_axi/u_mig_axi_32_mig/u_ddr3_infrastructure/plle2_i/CLKOUT3
                         net (fo=1, routed)           1.429     7.301    ddr3.u_axi_wrap_ddr/mig_axi/u_mig_axi_32_mig/u_ddr3_infrastructure/pll_clk3_out
    BUFHCE_X0Y48         BUFH (Prop_bufh_I_O)         0.106     7.407 r  ddr3.u_axi_wrap_ddr/mig_axi/u_mig_axi_32_mig/u_ddr3_infrastructure/u_bufh_pll_clk3/O
                         net (fo=1, routed)           0.841     8.248    ddr3.u_axi_wrap_ddr/mig_axi/u_mig_axi_32_mig/u_ddr3_infrastructure/pll_clk3
    MMCME2_ADV_X0Y4      MMCME2_ADV (Prop_mmcme2_adv_CLKIN1_CLKFBOUT)
                                                     -3.816     4.432 r  ddr3.u_axi_wrap_ddr/mig_axi/u_mig_axi_32_mig/u_ddr3_infrastructure/gen_mmcm.mmcm_i/CLKFBOUT
                         net (fo=1, routed)           2.061     6.493    ddr3.u_axi_wrap_ddr/mig_axi/u_mig_axi_32_mig/u_ddr3_infrastructure/clk_pll_i
    BUFGCTRL_X0Y16       BUFG (Prop_bufg_I_O)         0.081     6.574 r  ddr3.u_axi_wrap_ddr/mig_axi/u_mig_axi_32_mig/u_ddr3_infrastructure/u_bufg_clkdiv0/O
                         net (fo=7005, routed)        1.638     8.212    ddr3.u_axi_wrap_ddr/ui_clk
    SLICE_X21Y223        FDRE                                         r  ddr3.u_axi_wrap_ddr/ddr_aresetn_reg/C
  -------------------------------------------------------------------    -------------------
    SLICE_X21Y223        FDRE (Prop_fdre_C_Q)         0.379     8.591 r  ddr3.u_axi_wrap_ddr/ddr_aresetn_reg/Q
                         net (fo=3, routed)           1.510    10.101    ddr3.u_axi_wrap_ddr/u_Axi_CDC/rFifo/popToPushGray_buffercc/aresetn
    SLICE_X34Y206        LUT1 (Prop_lut1_I0_O)        0.105    10.206 f  ddr3.u_axi_wrap_ddr/u_Axi_CDC/rFifo/popToPushGray_buffercc/pushCC_pushPtr[2]_i_3__0/O
                         net (fo=30, routed)          1.699    11.905    ddr3.u_axi_wrap_ddr/u_Axi_CDC/bFifo/bufferCC_12/buffers_0_reg_0
    SLICE_X48Y201        FDCE                                         f  ddr3.u_axi_wrap_ddr/u_Axi_CDC/bFifo/bufferCC_12/buffers_1_reg/CLR
  -------------------------------------------------------------------    -------------------

                         (clock sys_clk rise edge)   10.000    10.000 r  
    AC19                                              0.000    10.000 r  clk (IN)
                         net (fo=0)                   0.000    10.000    clk
    AC19                 IBUF (Prop_ibuf_I_O)         1.350    11.350 r  clk_IBUF_inst/O
                         net (fo=1, routed)           2.471    13.821    clk_IBUF
    BUFGCTRL_X0Y0        BUFG (Prop_bufg_I_O)         0.077    13.898 r  clk_IBUF_BUFG_inst/O
                         net (fo=2166, routed)        1.434    15.331    fpga_pll.u_clk_pll/inst/clk_in1
    PLLE2_ADV_X0Y2       PLLE2_ADV (Prop_plle2_adv_CLKIN1_CLKOUT1)
                                                     -2.995    12.336 r  fpga_pll.u_clk_pll/inst/plle2_adv_inst/CLKOUT1
                         net (fo=1, routed)           1.484    13.821    fpga_pll.u_clk_pll/inst/sys_clk_clk_pll
    BUFGCTRL_X0Y3        BUFG (Prop_bufg_I_O)         0.077    13.898 r  fpga_pll.u_clk_pll/inst/clkout2_buf/O
                         net (fo=3603, routed)        1.453    15.351    ddr3.u_axi_wrap_ddr/u_Axi_CDC/bFifo/bufferCC_12/sys_clk
    SLICE_X48Y201        FDCE                                         r  ddr3.u_axi_wrap_ddr/u_Axi_CDC/bFifo/bufferCC_12/buffers_1_reg/C
                         clock pessimism              0.201    15.552    
                         clock uncertainty           -0.237    15.315    
    SLICE_X48Y201        FDCE (Recov_fdce_C_CLR)     -0.292    15.023    ddr3.u_axi_wrap_ddr/u_Axi_CDC/bFifo/bufferCC_12/buffers_1_reg
  -------------------------------------------------------------------
                         required time                         15.023    
                         arrival time                         -11.905    
  -------------------------------------------------------------------
                         slack                                  3.118    





Min Delay Paths
--------------------------------------------------------------------------------------
Slack (MET) :             2.001ns  (arrival time - required time)
  Source:                 ddr3.u_axi_wrap_ddr/ddr_aresetn_reg/C
                            (rising edge-triggered cell FDRE clocked by clk_pll_i  {rise@0.000ns fall@5.000ns period=10.000ns})
  Destination:            fpga_pll.u_rst_sys/delay_reg[0]/CLR
                            (removal check against rising-edge clock sys_clk  {rise@0.000ns fall@5.000ns period=10.000ns})
  Path Group:             **async_default**
  Path Type:              Removal (Min at Fast Process Corner)
  Requirement:            0.000ns  (sys_clk rise@0.000ns - clk_pll_i rise@0.000ns)
  Data Path Delay:        1.409ns  (logic 0.186ns (13.201%)  route 1.223ns (86.799%))
  Logic Levels:           1  (LUT3=1)
  Clock Path Skew:        -0.763ns (DCD - SCD - CPR)
    Destination Clock Delay (DCD):    2.484ns
    Source Clock Delay      (SCD):    2.970ns
    Clock Pessimism Removal (CPR):    0.277ns
  Clock Uncertainty:      0.237ns  ((TSJ^2 + DJ^2)^1/2) / 2 + PE
    Total System Jitter     (TSJ):    0.071ns
    Discrete Jitter          (DJ):    0.184ns
    Phase Error              (PE):    0.139ns

    Location             Delay type                Incr(ns)  Path(ns)    Netlist Resource(s)
  -------------------------------------------------------------------    -------------------
                         (clock clk_pll_i rise edge)
                                                      0.000     0.000 r  
    AC19                                              0.000     0.000 r  clk (IN)
                         net (fo=0)                   0.000     0.000    clk
    AC19                 IBUF (Prop_ibuf_I_O)         0.253     0.253 r  clk_IBUF_inst/O
                         net (fo=1, routed)           1.074     1.327    clk_IBUF
    BUFGCTRL_X0Y0        BUFG (Prop_bufg_I_O)         0.026     1.353 r  clk_IBUF_BUFG_inst/O
                         net (fo=2166, routed)        0.701     2.054    ddr3.u_axi_wrap_ddr/mig_axi/u_mig_axi_32_mig/u_ddr3_infrastructure/mmcm_clk
    PLLE2_ADV_X0Y4       PLLE2_ADV (Prop_plle2_adv_CLKIN1_CLKOUT3)
                                                      0.050     2.104 r  ddr3.u_axi_wrap_ddr/mig_axi/u_mig_axi_32_mig/u_ddr3_infrastructure/plle2_i/CLKOUT3
                         net (fo=1, routed)           0.518     2.622    ddr3.u_axi_wrap_ddr/mig_axi/u_mig_axi_32_mig/u_ddr3_infrastructure/pll_clk3_out
    BUFHCE_X0Y48         BUFH (Prop_bufh_I_O)         0.020     2.642 r  ddr3.u_axi_wrap_ddr/mig_axi/u_mig_axi_32_mig/u_ddr3_infrastructure/u_bufh_pll_clk3/O
                         net (fo=1, routed)           0.326     2.968    ddr3.u_axi_wrap_ddr/mig_axi/u_mig_axi_32_mig/u_ddr3_infrastructure/pll_clk3
    MMCME2_ADV_X0Y4      MMCME2_ADV (Prop_mmcme2_adv_CLKIN1_CLKFBOUT)
                                                     -1.511     1.457 r  ddr3.u_axi_wrap_ddr/mig_axi/u_mig_axi_32_mig/u_ddr3_infrastructure/gen_mmcm.mmcm_i/CLKFBOUT
                         net (fo=1, routed)           0.790     2.248    ddr3.u_axi_wrap_ddr/mig_axi/u_mig_axi_32_mig/u_ddr3_infrastructure/clk_pll_i
    BUFGCTRL_X0Y16       BUFG (Prop_bufg_I_O)         0.026     2.274 r  ddr3.u_axi_wrap_ddr/mig_axi/u_mig_axi_32_mig/u_ddr3_infrastructure/u_bufg_clkdiv0/O
                         net (fo=7005, routed)        0.696     2.970    ddr3.u_axi_wrap_ddr/ui_clk
    SLICE_X21Y223        FDRE                                         r  ddr3.u_axi_wrap_ddr/ddr_aresetn_reg/C
  -------------------------------------------------------------------    -------------------
    SLICE_X21Y223        FDRE (Prop_fdre_C_Q)         0.141     3.111 r  ddr3.u_axi_wrap_ddr/ddr_aresetn_reg/Q
                         net (fo=3, routed)           0.909     4.020    ddr3.u_axi_wrap_ddr/ddr_aresetn
    SLICE_X37Y196        LUT3 (Prop_lut3_I2_O)        0.045     4.065 f  ddr3.u_axi_wrap_ddr/delay[1]_i_1/O
                         net (fo=2, routed)           0.314     4.379    fpga_pll.u_rst_sys/delay_reg[0]_0
    SLICE_X42Y195        FDCE                                         f  fpga_pll.u_rst_sys/delay_reg[0]/CLR
  -------------------------------------------------------------------    -------------------

                         (clock sys_clk rise edge)    0.000     0.000 r  
    AC19                                              0.000     0.000 r  clk (IN)
                         net (fo=0)                   0.000     0.000    clk
    AC19                 IBUF (Prop_ibuf_I_O)         0.441     0.441 r  clk_IBUF_inst/O
                         net (fo=1, routed)           1.160     1.601    clk_IBUF
    BUFGCTRL_X0Y0        BUFG (Prop_bufg_I_O)         0.029     1.630 r  clk_IBUF_BUFG_inst/O
                         net (fo=2166, routed)        0.884     2.513    fpga_pll.u_clk_pll/inst/clk_in1
    PLLE2_ADV_X0Y2       PLLE2_ADV (Prop_plle2_adv_CLKIN1_CLKOUT1)
                                                     -1.523     0.990 r  fpga_pll.u_clk_pll/inst/plle2_adv_inst/CLKOUT1
                         net (fo=1, routed)           0.611     1.601    fpga_pll.u_clk_pll/inst/sys_clk_clk_pll
    BUFGCTRL_X0Y3        BUFG (Prop_bufg_I_O)         0.029     1.630 r  fpga_pll.u_clk_pll/inst/clkout2_buf/O
                         net (fo=3603, routed)        0.854     2.484    fpga_pll.u_rst_sys/sys_clk
    SLICE_X42Y195        FDCE                                         r  fpga_pll.u_rst_sys/delay_reg[0]/C
                         clock pessimism             -0.277     2.207    
                         clock uncertainty            0.237     2.444    
    SLICE_X42Y195        FDCE (Remov_fdce_C_CLR)     -0.067     2.377    fpga_pll.u_rst_sys/delay_reg[0]
  -------------------------------------------------------------------
                         required time                         -2.377    
                         arrival time                           4.379    
  -------------------------------------------------------------------
                         slack                                  2.001    





---------------------------------------------------------------------------------------------------
Path Group:  **async_default**
From Clock:  sys_clk
  To Clock:  sys_clk

Setup :            0  Failing Endpoints,  Worst Slack        1.902ns,  Total Violation        0.000ns
Hold  :            0  Failing Endpoints,  Worst Slack        0.769ns,  Total Violation        0.000ns
---------------------------------------------------------------------------------------------------


Max Delay Paths
--------------------------------------------------------------------------------------
Slack (MET) :             1.902ns  (required time - arrival time)
  Source:                 fpga_pll.u_rst_sys/delay_reg[1]/C
                            (rising edge-triggered cell FDCE clocked by sys_clk  {rise@0.000ns fall@5.000ns period=10.000ns})
  Destination:            ddr3.u_axi_wrap_ddr/b_countcmp_reg[13]/CLR
                            (recovery check against rising-edge clock sys_clk  {rise@0.000ns fall@5.000ns period=10.000ns})
  Path Group:             **async_default**
  Path Type:              Recovery (Max at Slow Process Corner)
  Requirement:            10.000ns  (sys_clk rise@10.000ns - sys_clk rise@0.000ns)
  Data Path Delay:        7.835ns  (logic 0.538ns (6.867%)  route 7.297ns (93.133%))
  Logic Levels:           1  (LUT1=1)
  Clock Path Skew:        0.125ns (DCD - SCD + CPR)
    Destination Clock Delay (DCD):    5.414ns = ( 15.414 - 10.000 ) 
    Source Clock Delay      (SCD):    5.497ns
    Clock Pessimism Removal (CPR):    0.208ns
  Clock Uncertainty:      0.057ns  ((TSJ^2 + DJ^2)^1/2) / 2 + PE
    Total System Jitter     (TSJ):    0.071ns
    Discrete Jitter          (DJ):    0.089ns
    Phase Error              (PE):    0.000ns

    Location             Delay type                Incr(ns)  Path(ns)    Netlist Resource(s)
  -------------------------------------------------------------------    -------------------
                         (clock sys_clk rise edge)    0.000     0.000 r  
    AC19                                              0.000     0.000 r  clk (IN)
                         net (fo=0)                   0.000     0.000    clk
    AC19                 IBUF (Prop_ibuf_I_O)         1.416     1.416 r  clk_IBUF_inst/O
                         net (fo=1, routed)           2.602     4.018    clk_IBUF
    BUFGCTRL_X0Y0        BUFG (Prop_bufg_I_O)         0.081     4.099 r  clk_IBUF_BUFG_inst/O
                         net (fo=2166, routed)        1.536     5.635    fpga_pll.u_clk_pll/inst/clk_in1
    PLLE2_ADV_X0Y2       PLLE2_ADV (Prop_plle2_adv_CLKIN1_CLKOUT1)
                                                     -3.173     2.461 r  fpga_pll.u_clk_pll/inst/plle2_adv_inst/CLKOUT1
                         net (fo=1, routed)           1.557     4.018    fpga_pll.u_clk_pll/inst/sys_clk_clk_pll
    BUFGCTRL_X0Y3        BUFG (Prop_bufg_I_O)         0.081     4.099 r  fpga_pll.u_clk_pll/inst/clkout2_buf/O
                         net (fo=3603, routed)        1.398     5.497    fpga_pll.u_rst_sys/sys_clk
    SLICE_X42Y195        FDCE                                         r  fpga_pll.u_rst_sys/delay_reg[1]/C
  -------------------------------------------------------------------    -------------------
    SLICE_X42Y195        FDCE (Prop_fdce_C_Q)         0.433     5.930 r  fpga_pll.u_rst_sys/delay_reg[1]/Q
                         net (fo=36, routed)          1.683     7.614    fpga_pll.u_rst_sys/Q[0]
    SLICE_X50Y192        LUT1 (Prop_lut1_I0_O)        0.105     7.719 f  fpga_pll.u_rst_sys/pushCC_pushPtr[2]_i_3__1/O
                         net (fo=718, routed)         5.614    13.332    ddr3.u_axi_wrap_ddr/prst
    SLICE_X39Y228        FDCE                                         f  ddr3.u_axi_wrap_ddr/b_countcmp_reg[13]/CLR
  -------------------------------------------------------------------    -------------------

                         (clock sys_clk rise edge)   10.000    10.000 r  
    AC19                                              0.000    10.000 r  clk (IN)
                         net (fo=0)                   0.000    10.000    clk
    AC19                 IBUF (Prop_ibuf_I_O)         1.350    11.350 r  clk_IBUF_inst/O
                         net (fo=1, routed)           2.471    13.821    clk_IBUF
    BUFGCTRL_X0Y0        BUFG (Prop_bufg_I_O)         0.077    13.898 r  clk_IBUF_BUFG_inst/O
                         net (fo=2166, routed)        1.434    15.331    fpga_pll.u_clk_pll/inst/clk_in1
    PLLE2_ADV_X0Y2       PLLE2_ADV (Prop_plle2_adv_CLKIN1_CLKOUT1)
                                                     -2.995    12.336 r  fpga_pll.u_clk_pll/inst/plle2_adv_inst/CLKOUT1
                         net (fo=1, routed)           1.484    13.821    fpga_pll.u_clk_pll/inst/sys_clk_clk_pll
    BUFGCTRL_X0Y3        BUFG (Prop_bufg_I_O)         0.077    13.898 r  fpga_pll.u_clk_pll/inst/clkout2_buf/O
                         net (fo=3603, routed)        1.516    15.414    ddr3.u_axi_wrap_ddr/sys_clk
    SLICE_X39Y228        FDCE                                         r  ddr3.u_axi_wrap_ddr/b_countcmp_reg[13]/C
                         clock pessimism              0.208    15.622    
                         clock uncertainty           -0.057    15.565    
    SLICE_X39Y228        FDCE (Recov_fdce_C_CLR)     -0.331    15.234    ddr3.u_axi_wrap_ddr/b_countcmp_reg[13]
  -------------------------------------------------------------------
                         required time                         15.234    
                         arrival time                         -13.332    
  -------------------------------------------------------------------
                         slack                                  1.902    





Min Delay Paths
--------------------------------------------------------------------------------------
Slack (MET) :             0.769ns  (arrival time - required time)
  Source:                 ddr3.u_axi_wrap_ddr/u_Axi_CDC/bFifo/bufferCC_12/buffers_1_reg/C
                            (rising edge-triggered cell FDCE clocked by sys_clk  {rise@0.000ns fall@5.000ns period=10.000ns})
  Destination:            ddr3.u_axi_wrap_ddr/u_Axi_CDC/bFifo/popCC_addressGen_rValid_reg/CLR
                            (removal check against rising-edge clock sys_clk  {rise@0.000ns fall@5.000ns period=10.000ns})
  Path Group:             **async_default**
  Path Type:              Removal (Min at Fast Process Corner)
  Requirement:            0.000ns  (sys_clk rise@0.000ns - sys_clk rise@0.000ns)
  Data Path Delay:        0.853ns  (logic 0.246ns (28.836%)  route 0.607ns (71.164%))
  Logic Levels:           1  (LUT1=1)
  Clock Path Skew:        0.176ns (DCD - SCD - CPR)
    Destination Clock Delay (DCD):    2.483ns
    Source Clock Delay      (SCD):    2.025ns
    Clock Pessimism Removal (CPR):    0.282ns

    Location             Delay type                Incr(ns)  Path(ns)    Netlist Resource(s)
  -------------------------------------------------------------------    -------------------
                         (clock sys_clk rise edge)    0.000     0.000 r  
    AC19                                              0.000     0.000 r  clk (IN)
                         net (fo=0)                   0.000     0.000    clk
    AC19                 IBUF (Prop_ibuf_I_O)         0.253     0.253 r  clk_IBUF_inst/O
                         net (fo=1, routed)           1.074     1.327    clk_IBUF
    BUFGCTRL_X0Y0        BUFG (Prop_bufg_I_O)         0.026     1.353 r  clk_IBUF_BUFG_inst/O
                         net (fo=2166, routed)        0.615     1.967    fpga_pll.u_clk_pll/inst/clk_in1
    PLLE2_ADV_X0Y2       PLLE2_ADV (Prop_plle2_adv_CLKIN1_CLKOUT1)
                                                     -1.200     0.767 r  fpga_pll.u_clk_pll/inst/plle2_adv_inst/CLKOUT1
                         net (fo=1, routed)           0.560     1.327    fpga_pll.u_clk_pll/inst/sys_clk_clk_pll
    BUFGCTRL_X0Y3        BUFG (Prop_bufg_I_O)         0.026     1.353 r  fpga_pll.u_clk_pll/inst/clkout2_buf/O
                         net (fo=3603, routed)        0.672     2.025    ddr3.u_axi_wrap_ddr/u_Axi_CDC/bFifo/bufferCC_12/sys_clk
    SLICE_X48Y201        FDCE                                         r  ddr3.u_axi_wrap_ddr/u_Axi_CDC/bFifo/bufferCC_12/buffers_1_reg/C
  -------------------------------------------------------------------    -------------------
    SLICE_X48Y201        FDCE (Prop_fdce_C_Q)         0.148     2.173 r  ddr3.u_axi_wrap_ddr/u_Axi_CDC/bFifo/bufferCC_12/buffers_1_reg/Q
                         net (fo=1, routed)           0.283     2.456    ddr3.u_axi_wrap_ddr/u_Axi_CDC/bFifo/bufferCC_12/buffers_1
    SLICE_X48Y201        LUT1 (Prop_lut1_I0_O)        0.098     2.554 f  ddr3.u_axi_wrap_ddr/u_Axi_CDC/bFifo/bufferCC_12/popCC_popPtr[2]_i_2__1/O
                         net (fo=30, routed)          0.324     2.878    ddr3.u_axi_wrap_ddr/u_Axi_CDC/bFifo/buffers_1_reg
    SLICE_X51Y196        FDCE                                         f  ddr3.u_axi_wrap_ddr/u_Axi_CDC/bFifo/popCC_addressGen_rValid_reg/CLR
  -------------------------------------------------------------------    -------------------

                         (clock sys_clk rise edge)    0.000     0.000 r  
    AC19                                              0.000     0.000 r  clk (IN)
                         net (fo=0)                   0.000     0.000    clk
    AC19                 IBUF (Prop_ibuf_I_O)         0.441     0.441 r  clk_IBUF_inst/O
                         net (fo=1, routed)           1.160     1.601    clk_IBUF
    BUFGCTRL_X0Y0        BUFG (Prop_bufg_I_O)         0.029     1.630 r  clk_IBUF_BUFG_inst/O
                         net (fo=2166, routed)        0.884     2.513    fpga_pll.u_clk_pll/inst/clk_in1
    PLLE2_ADV_X0Y2       PLLE2_ADV (Prop_plle2_adv_CLKIN1_CLKOUT1)
                                                     -1.523     0.990 r  fpga_pll.u_clk_pll/inst/plle2_adv_inst/CLKOUT1
                         net (fo=1, routed)           0.611     1.601    fpga_pll.u_clk_pll/inst/sys_clk_clk_pll
    BUFGCTRL_X0Y3        BUFG (Prop_bufg_I_O)         0.029     1.630 r  fpga_pll.u_clk_pll/inst/clkout2_buf/O
                         net (fo=3603, routed)        0.853     2.483    ddr3.u_axi_wrap_ddr/u_Axi_CDC/bFifo/sys_clk
    SLICE_X51Y196        FDCE                                         r  ddr3.u_axi_wrap_ddr/u_Axi_CDC/bFifo/popCC_addressGen_rValid_reg/C
                         clock pessimism             -0.282     2.201    
    SLICE_X51Y196        FDCE (Remov_fdce_C_CLR)     -0.092     2.109    ddr3.u_axi_wrap_ddr/u_Axi_CDC/bFifo/popCC_addressGen_rValid_reg
  -------------------------------------------------------------------
                         required time                         -2.109    
                         arrival time                           2.878    
  -------------------------------------------------------------------
                         slack                                  0.769    





---------------------------------------------------------------------------------------------------
Path Group:  **default**
From Clock:  clk_pll_i
  To Clock:  

Setup :            0  Failing Endpoints,  Worst Slack        1.255ns,  Total Violation        0.000ns
Hold  :           NA  Failing Endpoints,  Worst Slack           NA  ,  Total Violation           NA
---------------------------------------------------------------------------------------------------


Max Delay Paths
--------------------------------------------------------------------------------------
Slack (MET) :             1.255ns  (required time - arrival time)
  Source:                 ddr3.u_axi_wrap_ddr/mig_axi/u_mig_axi_32_mig/u_ddr3_infrastructure/rstdiv0_sync_r1_reg_rep/C
                            (rising edge-triggered cell FDPE clocked by clk_pll_i  {rise@0.000ns fall@5.000ns period=10.000ns})
  Destination:            ddr3.u_axi_wrap_ddr/mig_axi/u_mig_axi_32_mig/u_memc_ui_top_axi/mem_intfc0/ddr_phy_top0/u_ddr_mc_phy_wrapper/u_ddr_mc_phy/ddr_phy_4lanes_0.u_ddr_phy_4lanes/phy_control_i/RESET
  Path Group:             **default**
  Path Type:              Max at Slow Process Corner
  Requirement:            5.000ns  (MaxDelay Path 5.000ns)
  Data Path Delay:        3.745ns  (logic 0.433ns (11.561%)  route 3.312ns (88.439%))
  Logic Levels:           0  
  Output Delay:           0.000ns
  Timing Exception:       MaxDelay Path 5.000ns -datapath_only

    Location             Delay type                Incr(ns)  Path(ns)    Netlist Resource(s)
  -------------------------------------------------------------------    -------------------
    SLICE_X22Y237                                     0.000     0.000 r  ddr3.u_axi_wrap_ddr/mig_axi/u_mig_axi_32_mig/u_ddr3_infrastructure/rstdiv0_sync_r1_reg_rep/C
    SLICE_X22Y237        FDPE (Prop_fdpe_C_Q)         0.433     0.433 r  ddr3.u_axi_wrap_ddr/mig_axi/u_mig_axi_32_mig/u_ddr3_infrastructure/rstdiv0_sync_r1_reg_rep/Q
                         net (fo=32, routed)          3.312     3.745    ddr3.u_axi_wrap_ddr/mig_axi/u_mig_axi_32_mig/u_memc_ui_top_axi/mem_intfc0/ddr_phy_top0/u_ddr_mc_phy_wrapper/u_ddr_mc_phy/ddr_phy_4lanes_0.u_ddr_phy_4lanes/in0
    PHY_CONTROL_X0Y4     PHY_CONTROL                                  r  ddr3.u_axi_wrap_ddr/mig_axi/u_mig_axi_32_mig/u_memc_ui_top_axi/mem_intfc0/ddr_phy_top0/u_ddr_mc_phy_wrapper/u_ddr_mc_phy/ddr_phy_4lanes_0.u_ddr_phy_4lanes/phy_control_i/RESET
  -------------------------------------------------------------------    -------------------

                         max delay                    5.000     5.000    
    PHY_CONTROL_X0Y4     PHY_CONTROL                  0.000     5.000    ddr3.u_axi_wrap_ddr/mig_axi/u_mig_axi_32_mig/u_memc_ui_top_axi/mem_intfc0/ddr_phy_top0/u_ddr_mc_phy_wrapper/u_ddr_mc_phy/ddr_phy_4lanes_0.u_ddr_phy_4lanes/phy_control_i
                         output delay                -0.000     5.000    
  -------------------------------------------------------------------
                         required time                          5.000    
                         arrival time                          -3.745    
  -------------------------------------------------------------------
                         slack                                  1.255    





--------------------------------------------------------------------------------------
Path Group:  (none)
From Clock:  clk_pll_i
  To Clock:  

Max Delay             0 Endpoints
Min Delay             1 Endpoint
--------------------------------------------------------------------------------------


Min Delay Paths
--------------------------------------------------------------------------------------
Slack:                    inf
  Source:                 ddr3.u_axi_wrap_ddr/mig_axi/u_mig_axi_32_mig/u_ddr3_infrastructure/rstdiv0_sync_r1_reg_rep/C
                            (rising edge-triggered cell FDPE clocked by clk_pll_i  {rise@0.000ns fall@5.000ns period=10.000ns})
  Destination:            ddr3.u_axi_wrap_ddr/mig_axi/u_mig_axi_32_mig/u_memc_ui_top_axi/mem_intfc0/ddr_phy_top0/u_ddr_mc_phy_wrapper/u_ddr_mc_phy/ddr_phy_4lanes_0.u_ddr_phy_4lanes/phy_control_i/RESET
  Path Group:             (none)
  Path Type:              Min at Fast Process Corner
  Data Path Delay:        2.001ns  (logic 0.164ns (8.194%)  route 1.837ns (91.806%))
  Logic Levels:           0  
  Clock Uncertainty:      0.168ns  ((TSJ^2 + DJ^2)^1/2) / 2 + PE
    Total System Jitter     (TSJ):    0.050ns
    Discrete Jitter          (DJ):    0.096ns
    Phase Error              (PE):    0.114ns
  Timing Exception:       False Path

    Location             Delay type                Incr(ns)  Path(ns)    Netlist Resource(s)
  -------------------------------------------------------------------    -------------------
                         (clock clk_pll_i rise edge)
                                                      0.000     0.000 r  
    AC19                                              0.000     0.000 r  clk (IN)
                         net (fo=0)                   0.000     0.000    clk
    AC19                 IBUF (Prop_ibuf_I_O)         0.253     0.253 r  clk_IBUF_inst/O
                         net (fo=1, routed)           1.074     1.327    clk_IBUF
    BUFGCTRL_X0Y0        BUFG (Prop_bufg_I_O)         0.026     1.353 r  clk_IBUF_BUFG_inst/O
                         net (fo=2166, routed)        0.701     2.054    ddr3.u_axi_wrap_ddr/mig_axi/u_mig_axi_32_mig/u_ddr3_infrastructure/mmcm_clk
    PLLE2_ADV_X0Y4       PLLE2_ADV (Prop_plle2_adv_CLKIN1_CLKOUT3)
                                                      0.050     2.104 r  ddr3.u_axi_wrap_ddr/mig_axi/u_mig_axi_32_mig/u_ddr3_infrastructure/plle2_i/CLKOUT3
                         net (fo=1, routed)           0.518     2.622    ddr3.u_axi_wrap_ddr/mig_axi/u_mig_axi_32_mig/u_ddr3_infrastructure/pll_clk3_out
    BUFHCE_X0Y48         BUFH (Prop_bufh_I_O)         0.020     2.642 r  ddr3.u_axi_wrap_ddr/mig_axi/u_mig_axi_32_mig/u_ddr3_infrastructure/u_bufh_pll_clk3/O
                         net (fo=1, routed)           0.326     2.968    ddr3.u_axi_wrap_ddr/mig_axi/u_mig_axi_32_mig/u_ddr3_infrastructure/pll_clk3
    MMCME2_ADV_X0Y4      MMCME2_ADV (Prop_mmcme2_adv_CLKIN1_CLKFBOUT)
                                                     -1.511     1.457 r  ddr3.u_axi_wrap_ddr/mig_axi/u_mig_axi_32_mig/u_ddr3_infrastructure/gen_mmcm.mmcm_i/CLKFBOUT
                         net (fo=1, routed)           0.790     2.248    ddr3.u_axi_wrap_ddr/mig_axi/u_mig_axi_32_mig/u_ddr3_infrastructure/clk_pll_i
    BUFGCTRL_X0Y16       BUFG (Prop_bufg_I_O)         0.026     2.274 r  ddr3.u_axi_wrap_ddr/mig_axi/u_mig_axi_32_mig/u_ddr3_infrastructure/u_bufg_clkdiv0/O
                         net (fo=7005, routed)        0.705     2.979    ddr3.u_axi_wrap_ddr/mig_axi/u_mig_axi_32_mig/u_ddr3_infrastructure/CLK
    SLICE_X22Y237        FDPE                                         r  ddr3.u_axi_wrap_ddr/mig_axi/u_mig_axi_32_mig/u_ddr3_infrastructure/rstdiv0_sync_r1_reg_rep/C
  -------------------------------------------------------------------    -------------------
    SLICE_X22Y237        FDPE (Prop_fdpe_C_Q)         0.164     3.143 r  ddr3.u_axi_wrap_ddr/mig_axi/u_mig_axi_32_mig/u_ddr3_infrastructure/rstdiv0_sync_r1_reg_rep/Q
                         net (fo=32, routed)          1.837     4.980    ddr3.u_axi_wrap_ddr/mig_axi/u_mig_axi_32_mig/u_memc_ui_top_axi/mem_intfc0/ddr_phy_top0/u_ddr_mc_phy_wrapper/u_ddr_mc_phy/ddr_phy_4lanes_0.u_ddr_phy_4lanes/in0
    PHY_CONTROL_X0Y4     PHY_CONTROL                                  r  ddr3.u_axi_wrap_ddr/mig_axi/u_mig_axi_32_mig/u_memc_ui_top_axi/mem_intfc0/ddr_phy_top0/u_ddr_mc_phy_wrapper/u_ddr_mc_phy/ddr_phy_4lanes_0.u_ddr_phy_4lanes/phy_control_i/RESET
  -------------------------------------------------------------------    -------------------





--------------------------------------------------------------------------------------
Path Group:  (none)
From Clock:  clk
  To Clock:  clk

Max Delay           210 Endpoints
Min Delay           210 Endpoints
--------------------------------------------------------------------------------------


Max Delay Paths
--------------------------------------------------------------------------------------
Slack:                    inf
  Source:                 vio/inst/DECODER_INST/Hold_probe_in_reg/C
                            (rising edge-triggered cell FDRE clocked by clk  {rise@0.000ns fall@5.000ns period=10.000ns})
  Destination:            vio/inst/PROBE_IN_INST/probe_in_reg_reg[55]/CE
                            (rising edge-triggered cell FDRE clocked by clk  {rise@0.000ns fall@5.000ns period=10.000ns})
  Path Group:             (none)
  Path Type:              Setup (Max at Slow Process Corner)
  Data Path Delay:        5.065ns  (logic 0.484ns (9.556%)  route 4.581ns (90.444%))
  Logic Levels:           1  (LUT1=1)
  Clock Path Skew:        -0.312ns (DCD - SCD + CPR)
    Destination Clock Delay (DCD):    5.162ns
    Source Clock Delay      (SCD):    5.474ns
    Clock Pessimism Removal (CPR):    0.000ns
  Clock Uncertainty:      0.035ns  ((TSJ^2 + TIJ^2)^1/2 + DJ) / 2 + PE
    Total System Jitter     (TSJ):    0.071ns
    Total Input Jitter      (TIJ):    0.000ns
    Discrete Jitter          (DJ):    0.000ns
    Phase Error              (PE):    0.000ns
  Timing Exception:       False Path

    Location             Delay type                Incr(ns)  Path(ns)    Netlist Resource(s)
  -------------------------------------------------------------------    -------------------
                         (clock clk rise edge)        0.000     0.000 r  
    AC19                                              0.000     0.000 r  clk (IN)
                         net (fo=0)                   0.000     0.000    clk
    AC19                 IBUF (Prop_ibuf_I_O)         1.416     1.416 r  clk_IBUF_inst/O
                         net (fo=1, routed)           2.602     4.018    clk_IBUF
    BUFGCTRL_X0Y0        BUFG (Prop_bufg_I_O)         0.081     4.099 r  clk_IBUF_BUFG_inst/O
                         net (fo=2166, routed)        1.375     5.474    vio/inst/DECODER_INST/out
    SLICE_X75Y184        FDRE                                         r  vio/inst/DECODER_INST/Hold_probe_in_reg/C
  -------------------------------------------------------------------    -------------------
    SLICE_X75Y184        FDRE (Prop_fdre_C_Q)         0.379     5.853 f  vio/inst/DECODER_INST/Hold_probe_in_reg/Q
                         net (fo=1, routed)           0.316     6.169    vio/inst/DECODER_INST/Hold_probe_in
    SLICE_X75Y184        LUT1 (Prop_lut1_I0_O)        0.105     6.274 r  vio/inst/DECODER_INST/probe_in_reg[83]_i_1/O
                         net (fo=84, routed)          4.265    10.539    vio/inst/PROBE_IN_INST/E[0]
    SLICE_X85Y155        FDRE                                         r  vio/inst/PROBE_IN_INST/probe_in_reg_reg[55]/CE
  -------------------------------------------------------------------    -------------------

                         (clock clk rise edge)        0.000     0.000 r  
    AC19                                              0.000     0.000 r  clk (IN)
                         net (fo=0)                   0.000     0.000    clk
    AC19                 IBUF (Prop_ibuf_I_O)         1.350     1.350 r  clk_IBUF_inst/O
                         net (fo=1, routed)           2.471     3.821    clk_IBUF
    BUFGCTRL_X0Y0        BUFG (Prop_bufg_I_O)         0.077     3.898 r  clk_IBUF_BUFG_inst/O
                         net (fo=2166, routed)        1.264     5.162    vio/inst/PROBE_IN_INST/clk
    SLICE_X85Y155        FDRE                                         r  vio/inst/PROBE_IN_INST/probe_in_reg_reg[55]/C





Min Delay Paths
--------------------------------------------------------------------------------------
Slack:                    inf
  Source:                 vio/inst/PROBE_IN_INST/probe_in_reg_reg[17]/C
                            (rising edge-triggered cell FDRE clocked by clk  {rise@0.000ns fall@5.000ns period=10.000ns})
  Destination:            vio/inst/PROBE_IN_INST/data_int_sync1_reg[17]/D
                            (rising edge-triggered cell FDRE clocked by clk  {rise@0.000ns fall@5.000ns period=10.000ns})
  Path Group:             (none)
  Path Type:              Hold (Min at Fast Process Corner)
  Data Path Delay:        0.214ns  (logic 0.164ns (76.476%)  route 0.050ns (23.524%))
  Logic Levels:           0  
  Clock Path Skew:        0.547ns (DCD - SCD - CPR)
    Destination Clock Delay (DCD):    2.471ns
    Source Clock Delay      (SCD):    1.924ns
    Clock Pessimism Removal (CPR):    -0.000ns
  Clock Uncertainty:      0.035ns  ((TSJ^2 + TIJ^2)^1/2 + DJ) / 2 + PE
    Total System Jitter     (TSJ):    0.071ns
    Total Input Jitter      (TIJ):    0.000ns
    Discrete Jitter          (DJ):    0.000ns
    Phase Error              (PE):    0.000ns
  Timing Exception:       False Path

    Location             Delay type                Incr(ns)  Path(ns)    Netlist Resource(s)
  -------------------------------------------------------------------    -------------------
                         (clock clk rise edge)        0.000     0.000 r  
    AC19                                              0.000     0.000 r  clk (IN)
                         net (fo=0)                   0.000     0.000    clk
    AC19                 IBUF (Prop_ibuf_I_O)         0.253     0.253 r  clk_IBUF_inst/O
                         net (fo=1, routed)           1.074     1.327    clk_IBUF
    BUFGCTRL_X0Y0        BUFG (Prop_bufg_I_O)         0.026     1.353 r  clk_IBUF_BUFG_inst/O
                         net (fo=2166, routed)        0.572     1.924    vio/inst/PROBE_IN_INST/clk
    SLICE_X66Y164        FDRE                                         r  vio/inst/PROBE_IN_INST/probe_in_reg_reg[17]/C
  -------------------------------------------------------------------    -------------------
    SLICE_X66Y164        FDRE (Prop_fdre_C_Q)         0.164     2.088 r  vio/inst/PROBE_IN_INST/probe_in_reg_reg[17]/Q
                         net (fo=1, routed)           0.050     2.139    vio/inst/PROBE_IN_INST/probe_in_reg[17]
    SLICE_X67Y164        FDRE                                         r  vio/inst/PROBE_IN_INST/data_int_sync1_reg[17]/D
  -------------------------------------------------------------------    -------------------

                         (clock clk rise edge)        0.000     0.000 r  
    AC19                                              0.000     0.000 r  clk (IN)
                         net (fo=0)                   0.000     0.000    clk
    AC19                 IBUF (Prop_ibuf_I_O)         0.441     0.441 r  clk_IBUF_inst/O
                         net (fo=1, routed)           1.160     1.601    clk_IBUF
    BUFGCTRL_X0Y0        BUFG (Prop_bufg_I_O)         0.029     1.630 r  clk_IBUF_BUFG_inst/O
                         net (fo=2166, routed)        0.841     2.471    vio/inst/PROBE_IN_INST/out
    SLICE_X67Y164        FDRE                                         r  vio/inst/PROBE_IN_INST/data_int_sync1_reg[17]/C





--------------------------------------------------------------------------------------
Path Group:  (none)
From Clock:  cpu_clk
  To Clock:  clk

Max Delay            64 Endpoints
Min Delay            64 Endpoints
--------------------------------------------------------------------------------------


Max Delay Paths
--------------------------------------------------------------------------------------
Slack:                    inf
  Source:                 u_cpu/inner_cpu/dcache/index_reg_reg[0]_rep__0/C
                            (rising edge-triggered cell FDRE clocked by cpu_clk  {rise@0.000ns fall@15.625ns period=31.250ns})
  Destination:            vio/inst/PROBE_IN_INST/probe_in_reg_reg[39]/D
                            (rising edge-triggered cell FDRE clocked by clk  {rise@0.000ns fall@5.000ns period=10.000ns})
  Path Group:             (none)
  Path Type:              Setup (Max at Slow Process Corner)
  Data Path Delay:        27.357ns  (logic 4.510ns (16.486%)  route 22.847ns (83.514%))
  Logic Levels:           36  (LUT2=2 LUT3=5 LUT4=4 LUT5=7 LUT6=18)
  Clock Path Skew:        -0.399ns (DCD - SCD + CPR)
    Destination Clock Delay (DCD):    5.162ns
    Source Clock Delay      (SCD):    5.561ns
    Clock Pessimism Removal (CPR):    0.000ns
  Clock Uncertainty:      0.143ns  ((TSJ^2 + DJ^2)^1/2) / 2 + PE
    Total System Jitter     (TSJ):    0.071ns
    Discrete Jitter          (DJ):    0.109ns
    Phase Error              (PE):    0.078ns
  Timing Exception:       Asynchronous Clock Groups

    Location             Delay type                Incr(ns)  Path(ns)    Netlist Resource(s)
  -------------------------------------------------------------------    -------------------
                         (clock cpu_clk rise edge)    0.000     0.000 r  
    AC19                                              0.000     0.000 r  clk (IN)
                         net (fo=0)                   0.000     0.000    clk
    AC19                 IBUF (Prop_ibuf_I_O)         1.416     1.416 r  clk_IBUF_inst/O
                         net (fo=1, routed)           2.602     4.018    clk_IBUF
    BUFGCTRL_X0Y0        BUFG (Prop_bufg_I_O)         0.081     4.099 r  clk_IBUF_BUFG_inst/O
                         net (fo=2166, routed)        1.536     5.635    fpga_pll.u_clk_pll/inst/clk_in1
    PLLE2_ADV_X0Y2       PLLE2_ADV (Prop_plle2_adv_CLKIN1_CLKOUT0)
                                                     -3.173     2.461 r  fpga_pll.u_clk_pll/inst/plle2_adv_inst/CLKOUT0
                         net (fo=1, routed)           1.557     4.018    fpga_pll.u_clk_pll/inst/cpu_clk_clk_pll
    BUFGCTRL_X0Y2        BUFG (Prop_bufg_I_O)         0.081     4.099 r  fpga_pll.u_clk_pll/inst/clkout1_buf/O
                         net (fo=25951, routed)       1.462     5.561    u_cpu/inner_cpu/dcache/aclk
    SLICE_X39Y165        FDRE                                         r  u_cpu/inner_cpu/dcache/index_reg_reg[0]_rep__0/C
  -------------------------------------------------------------------    -------------------
    SLICE_X39Y165        FDRE (Prop_fdre_C_Q)         0.379     5.940 r  u_cpu/inner_cpu/dcache/index_reg_reg[0]_rep__0/Q
                         net (fo=105, routed)         1.057     6.997    u_cpu/inner_cpu/dcache/dcache_way1_ram/DretireInst_2[15]_INST_0_i_46_1
    SLICE_X43Y174        LUT6 (Prop_lut6_I4_O)        0.105     7.102 r  u_cpu/inner_cpu/dcache/dcache_way1_ram/mem_reg_0_i_255__0/O
                         net (fo=1, routed)           0.773     7.875    u_cpu/inner_cpu/dcache/dcache_way1_ram/mem_reg_0_i_255__0_n_0
    SLICE_X41Y175        LUT6 (Prop_lut6_I5_O)        0.105     7.980 f  u_cpu/inner_cpu/dcache/dcache_way1_ram/mem_reg_0_i_238__0/O
                         net (fo=1, routed)           0.556     8.536    u_cpu/inner_cpu/dcache/dcache_way1_ram/mem_reg_0_i_238__0_n_0
    SLICE_X41Y165        LUT6 (Prop_lut6_I1_O)        0.105     8.641 f  u_cpu/inner_cpu/dcache/dcache_way1_ram/mem_reg_0_i_233__0/O
                         net (fo=3, routed)           0.646     9.287    u_cpu/inner_cpu/dcache/dcache_way1_ram/index_reg_reg[4]
    SLICE_X41Y162        LUT4 (Prop_lut4_I0_O)        0.105     9.392 f  u_cpu/inner_cpu/dcache/dcache_way1_ram/mem_reg_0_i_156__0/O
                         net (fo=91, routed)          0.796    10.187    u_cpu/inner_cpu/dcache/dcache_way1_ram/index_reg_reg[6]_1
    SLICE_X43Y161        LUT5 (Prop_lut5_I0_O)        0.126    10.313 f  u_cpu/inner_cpu/dcache/dcache_way1_ram/DretireInst_2[14]_INST_0_i_4/O
                         net (fo=86, routed)          0.495    10.808    u_cpu/inner_cpu/dcache/dcache_way1_ram/index_reg_reg[6]_0
    SLICE_X45Y158        LUT5 (Prop_lut5_I3_O)        0.267    11.075 f  u_cpu/inner_cpu/dcache/dcache_way1_ram/DretireInst_2[14]_INST_0_i_1/O
                         net (fo=7, routed)           0.414    11.490    u_cpu/inner_cpu/dcache/dcache_way1_ram_n_268
    SLICE_X47Y153        LUT6 (Prop_lut6_I1_O)        0.105    11.595 r  u_cpu/inner_cpu/dcache/DretireInst_2[14]_INST_0/O
                         net (fo=38, routed)          1.269    12.864    u_cpu/inner_cpu/core_0/u_mul_b/WB_b_result_reg[0]_0
    SLICE_X70Y136        LUT6 (Prop_lut6_I4_O)        0.105    12.969 r  u_cpu/inner_cpu/core_0/u_mul_b/DretireInst_2[12]_INST_0_i_4/O
                         net (fo=3, routed)           0.324    13.293    u_cpu/inner_cpu/core_0/u_mul_b/DretireInst_2[12]_INST_0_i_4_n_0
    SLICE_X73Y136        LUT4 (Prop_lut4_I0_O)        0.110    13.403 f  u_cpu/inner_cpu/core_0/u_mul_b/DretireInst_2[12]_INST_0_i_2/O
                         net (fo=2, routed)           0.593    13.997    u_cpu/inner_cpu/core_0/u_mul_a/EX2_stalling_reg_0
    SLICE_X73Y138        LUT4 (Prop_lut4_I3_O)        0.268    14.265 f  u_cpu/inner_cpu/core_0/u_mul_a/DretireInst_2[12]_INST_0/O
                         net (fo=20, routed)          0.529    14.794    u_cpu/inner_cpu/core_0/u_mul_a/WB_a_ok_reg
    SLICE_X75Y141        LUT5 (Prop_lut5_I0_O)        0.105    14.899 r  u_cpu/inner_cpu/core_0/u_mul_a/DretireInst_2[16]_INST_0_i_1/O
                         net (fo=16, routed)          0.627    15.525    u_cpu/inner_cpu/core_0/u_mul_a/DretireInst_2[16]_INST_0_i_1_0[0]
    SLICE_X77Y145        LUT3 (Prop_lut3_I0_O)        0.105    15.630 r  u_cpu/inner_cpu/core_0/u_mul_a/DretireInst_2[15]_INST_0_i_5/O
                         net (fo=2, routed)           0.332    15.962    u_cpu/inner_cpu/core_0/u_mmu/u_tlb/data_tlb/mmu_d_valid
    SLICE_X77Y147        LUT5 (Prop_lut5_I4_O)        0.105    16.067 r  u_cpu/inner_cpu/core_0/u_mmu/u_tlb/data_tlb/DretireInst_2[15]_INST_0_i_1/O
                         net (fo=8, routed)           0.356    16.423    u_cpu/inner_cpu/core_0/u_lsu/mmu_d_ok
    SLICE_X77Y145        LUT3 (Prop_lut3_I1_O)        0.105    16.528 r  u_cpu/inner_cpu/core_0/u_lsu/DretireInst_2[15]_INST_0/O
                         net (fo=4, routed)           0.687    17.216    u_cpu/inner_cpu/core_0/u_mul_a/store_addr_ready_reg[7]
    SLICE_X78Y141        LUT6 (Prop_lut6_I1_O)        0.105    17.321 r  u_cpu/inner_cpu/core_0/u_mul_a/DretireInst_2[13]_INST_0_i_2/O
                         net (fo=5, routed)           0.607    17.927    u_cpu/inner_cpu/core_0/u_mul_a/DretireInst_2[13]_INST_0_i_2_n_0
    SLICE_X78Y135        LUT2 (Prop_lut2_I0_O)        0.105    18.032 f  u_cpu/inner_cpu/core_0/u_mul_a/DretireInst_2[13]_INST_0_i_1/O
                         net (fo=168, routed)         1.221    19.254    u_cpu/inner_cpu/core_0/u_rename/wk_ex1a_v0
    SLICE_X84Y123        LUT3 (Prop_lut3_I1_O)        0.105    19.359 r  u_cpu/inner_cpu/core_0/u_rename/tail[0]_i_3/O
                         net (fo=146, routed)         0.776    20.135    u_cpu/inner_cpu/core_0/u_ibuf/rob_alloc_a_v
    SLICE_X84Y110        LUT6 (Prop_lut6_I0_O)        0.105    20.240 r  u_cpu/inner_cpu/core_0/u_ibuf/e_p_dst_reg_0_7_0_5_i_7__0/O
                         net (fo=51, routed)          0.396    20.636    u_cpu/inner_cpu/core_0/u_ibuf/p_1_in
    SLICE_X85Y107        LUT6 (Prop_lut6_I0_O)        0.105    20.741 r  u_cpu/inner_cpu/core_0/u_ibuf/DretireInst_2[7]_INST_0_i_14/O
                         net (fo=19, routed)          0.864    21.605    u_cpu/inner_cpu/core_0/u_rename/e_p_src1_reg[7][0]
    SLICE_X82Y101        LUT5 (Prop_lut5_I1_O)        0.105    21.710 r  u_cpu/inner_cpu/core_0/u_rename/DretireInst_2[7]_INST_0_i_7/O
                         net (fo=104, routed)         1.138    22.848    u_cpu/inner_cpu/core_0/u_rename/free_list_reg[23][4]_0
    SLICE_X73Y111        LUT6 (Prop_lut6_I4_O)        0.105    22.953 r  u_cpu/inner_cpu/core_0/u_rename/e_src1_val[0][31]_i_31__0/O
                         net (fo=1, routed)           0.520    23.472    u_cpu/inner_cpu/core_0/u_rename/e_src1_val[0][31]_i_31__0_n_0
    SLICE_X71Y111        LUT3 (Prop_lut3_I2_O)        0.105    23.577 f  u_cpu/inner_cpu/core_0/u_rename/e_src1_val[0][31]_i_18__0/O
                         net (fo=35, routed)          0.648    24.225    u_cpu/inner_cpu/core_0/u_rename/e_src1_val[0][31]_i_18__0_n_0
    SLICE_X69Y111        LUT4 (Prop_lut4_I3_O)        0.105    24.330 r  u_cpu/inner_cpu/core_0/u_rename/EX1_b_src1_from_wba_i_7/O
                         net (fo=34, routed)          0.365    24.695    u_cpu/inner_cpu/core_0/u_rename/EX1_b_src1_from_wba_i_7_n_0
    SLICE_X69Y112        LUT6 (Prop_lut6_I2_O)        0.105    24.800 r  u_cpu/inner_cpu/core_0/u_rename/e_src1_ready[3]_i_12/O
                         net (fo=1, routed)           0.467    25.267    u_cpu/inner_cpu/core_0/u_rename/e_src1_ready[3]_i_12_n_0
    SLICE_X69Y114        LUT5 (Prop_lut5_I4_O)        0.105    25.372 f  u_cpu/inner_cpu/core_0/u_rename/e_src1_ready[3]_i_11/O
                         net (fo=1, routed)           0.465    25.837    u_cpu/inner_cpu/core_0/u_rename/e_src1_ready[3]_i_11_n_0
    SLICE_X71Y117        LUT6 (Prop_lut6_I0_O)        0.105    25.942 f  u_cpu/inner_cpu/core_0/u_rename/e_src1_ready[3]_i_6/O
                         net (fo=1, routed)           0.317    26.259    u_cpu/inner_cpu/core_0/u_ibuf/e_src1_ready_reg[3]_1
    SLICE_X71Y117        LUT6 (Prop_lut6_I5_O)        0.105    26.364 f  u_cpu/inner_cpu/core_0/u_ibuf/e_src1_ready[3]_i_2/O
                         net (fo=9, routed)           0.391    26.756    u_cpu/inner_cpu/core_0/u_ibuf/ro_b_src1_ok
    SLICE_X71Y121        LUT3 (Prop_lut3_I0_O)        0.105    26.861 r  u_cpu/inner_cpu/core_0/u_ibuf/DretireInst_2[24]_INST_0_i_2/O
                         net (fo=1, routed)           0.350    27.211    u_cpu/inner_cpu/core_0/u_rs_alu1/DretireInst_2[24]_INST_0_0
    SLICE_X70Y123        LUT6 (Prop_lut6_I4_O)        0.105    27.316 r  u_cpu/inner_cpu/core_0/u_rs_alu1/DretireInst_2[24]_INST_0_i_1/O
                         net (fo=2, routed)           0.387    27.703    u_cpu/inner_cpu/core_0/u_rs_alu1/DretireInst_2[24]_INST_0_i_1_n_0
    SLICE_X70Y125        LUT2 (Prop_lut2_I0_O)        0.105    27.808 f  u_cpu/inner_cpu/core_0/u_rs_alu1/DretireInst_2[24]_INST_0/O
                         net (fo=10, routed)          0.403    28.211    u_cpu/inner_cpu/core_0/u_rs_alu1/e_valid_reg[7]_0
    SLICE_X70Y127        LUT5 (Prop_lut5_I4_O)        0.105    28.316 r  u_cpu/inner_cpu/core_0/u_rs_alu1/DretireInst_2[23]_INST_0_i_2/O
                         net (fo=3, routed)           0.472    28.787    u_cpu/inner_cpu/core_0/u_rs_alu1/DretireInst_2[23]_INST_0_i_2_n_0
    SLICE_X70Y131        LUT6 (Prop_lut6_I5_O)        0.105    28.892 f  u_cpu/inner_cpu/core_0/u_rs_alu1/DretireInst_2[23]_INST_0_i_44/O
                         net (fo=1, routed)           0.532    29.424    u_cpu/inner_cpu/core_0/u_mem_disambig/rs_alu1_iss_load
    SLICE_X70Y141        LUT6 (Prop_lut6_I0_O)        0.105    29.529 r  u_cpu/inner_cpu/core_0/u_mem_disambig/DretireInst_2[23]_INST_0_i_15/O
                         net (fo=1, routed)           0.234    29.764    u_cpu/inner_cpu/core_0/u_mem_disambig/DretireInst_2[23]_INST_0_i_15_n_0
    SLICE_X70Y140        LUT6 (Prop_lut6_I5_O)        0.105    29.869 f  u_cpu/inner_cpu/core_0/u_mem_disambig/DretireInst_2[23]_INST_0_i_4/O
                         net (fo=3, routed)           1.189    31.058    u_cpu/inner_cpu/core_0/u_rs_alu1/rs_alu1_load_blocked
    SLICE_X70Y131        LUT6 (Prop_lut6_I4_O)        0.105    31.163 r  u_cpu/inner_cpu/core_0/u_rs_alu1/DretireInst_2[23]_INST_0/O
                         net (fo=1, routed)           1.651    32.813    u_cpu/debug_status1[23]
    SLICE_X73Y171        LUT6 (Prop_lut6_I5_O)        0.105    32.918 r  u_cpu/vio_num_data_inferred_i_9/O
                         net (fo=1, routed)           0.000    32.918    vio/inst/PROBE_IN_INST/D[39]
    SLICE_X73Y171        FDRE                                         r  vio/inst/PROBE_IN_INST/probe_in_reg_reg[39]/D
  -------------------------------------------------------------------    -------------------

                         (clock clk rise edge)        0.000     0.000 r  
    AC19                                              0.000     0.000 r  clk (IN)
                         net (fo=0)                   0.000     0.000    clk
    AC19                 IBUF (Prop_ibuf_I_O)         1.350     1.350 r  clk_IBUF_inst/O
                         net (fo=1, routed)           2.471     3.821    clk_IBUF
    BUFGCTRL_X0Y0        BUFG (Prop_bufg_I_O)         0.077     3.898 r  clk_IBUF_BUFG_inst/O
                         net (fo=2166, routed)        1.264     5.162    vio/inst/PROBE_IN_INST/clk
    SLICE_X73Y171        FDRE                                         r  vio/inst/PROBE_IN_INST/probe_in_reg_reg[39]/C





Min Delay Paths
--------------------------------------------------------------------------------------
Slack:                    inf
  Source:                 u_cpu/inner_cpu/wb_a_pc_d_reg[20]/C
                            (rising edge-triggered cell FDRE clocked by cpu_clk  {rise@0.000ns fall@15.625ns period=31.250ns})
  Destination:            vio/inst/PROBE_IN_INST/probe_in_reg_reg[72]/D
                            (rising edge-triggered cell FDRE clocked by clk  {rise@0.000ns fall@5.000ns period=10.000ns})
  Path Group:             (none)
  Path Type:              Hold (Min at Fast Process Corner)
  Data Path Delay:        0.241ns  (logic 0.186ns (77.036%)  route 0.055ns (22.964%))
  Logic Levels:           1  (LUT6=1)
  Clock Path Skew:        0.547ns (DCD - SCD - CPR)
    Destination Clock Delay (DCD):    2.471ns
    Source Clock Delay      (SCD):    1.924ns
    Clock Pessimism Removal (CPR):    -0.000ns
  Clock Uncertainty:      0.143ns  ((TSJ^2 + DJ^2)^1/2) / 2 + PE
    Total System Jitter     (TSJ):    0.071ns
    Discrete Jitter          (DJ):    0.109ns
    Phase Error              (PE):    0.078ns
  Timing Exception:       Asynchronous Clock Groups

    Location             Delay type                Incr(ns)  Path(ns)    Netlist Resource(s)
  -------------------------------------------------------------------    -------------------
                         (clock cpu_clk rise edge)    0.000     0.000 r  
    AC19                                              0.000     0.000 r  clk (IN)
                         net (fo=0)                   0.000     0.000    clk
    AC19                 IBUF (Prop_ibuf_I_O)         0.253     0.253 r  clk_IBUF_inst/O
                         net (fo=1, routed)           1.074     1.327    clk_IBUF
    BUFGCTRL_X0Y0        BUFG (Prop_bufg_I_O)         0.026     1.353 r  clk_IBUF_BUFG_inst/O
                         net (fo=2166, routed)        0.615     1.967    fpga_pll.u_clk_pll/inst/clk_in1
    PLLE2_ADV_X0Y2       PLLE2_ADV (Prop_plle2_adv_CLKIN1_CLKOUT0)
                                                     -1.200     0.767 r  fpga_pll.u_clk_pll/inst/plle2_adv_inst/CLKOUT0
                         net (fo=1, routed)           0.560     1.327    fpga_pll.u_clk_pll/inst/cpu_clk_clk_pll
    BUFGCTRL_X0Y2        BUFG (Prop_bufg_I_O)         0.026     1.353 r  fpga_pll.u_clk_pll/inst/clkout1_buf/O
                         net (fo=25951, routed)       0.572     1.924    u_cpu/inner_cpu/aclk
    SLICE_X89Y155        FDRE                                         r  u_cpu/inner_cpu/wb_a_pc_d_reg[20]/C
  -------------------------------------------------------------------    -------------------
    SLICE_X89Y155        FDRE (Prop_fdre_C_Q)         0.141     2.065 r  u_cpu/inner_cpu/wb_a_pc_d_reg[20]/Q
                         net (fo=1, routed)           0.055     2.121    u_cpu/debug_wb_pc_commit[20]
    SLICE_X88Y155        LUT6 (Prop_lut6_I5_O)        0.045     2.166 r  u_cpu/debug_wb_pc_inferred_i_12/O
                         net (fo=1, routed)           0.000     2.166    vio/inst/PROBE_IN_INST/D[72]
    SLICE_X88Y155        FDRE                                         r  vio/inst/PROBE_IN_INST/probe_in_reg_reg[72]/D
  -------------------------------------------------------------------    -------------------

                         (clock clk rise edge)        0.000     0.000 r  
    AC19                                              0.000     0.000 r  clk (IN)
                         net (fo=0)                   0.000     0.000    clk
    AC19                 IBUF (Prop_ibuf_I_O)         0.441     0.441 r  clk_IBUF_inst/O
                         net (fo=1, routed)           1.160     1.601    clk_IBUF
    BUFGCTRL_X0Y0        BUFG (Prop_bufg_I_O)         0.029     1.630 r  clk_IBUF_BUFG_inst/O
                         net (fo=2166, routed)        0.841     2.471    vio/inst/PROBE_IN_INST/clk
    SLICE_X88Y155        FDRE                                         r  vio/inst/PROBE_IN_INST/probe_in_reg_reg[72]/C





--------------------------------------------------------------------------------------
Path Group:  (none)
From Clock:  dbg_hub/inst/BSCANID.u_xsdbm_id/SWITCH_N_EXT_BSCAN.bscan_inst/SERIES7_BSCAN.bscan_inst/TCK
  To Clock:  clk

Max Delay            79 Endpoints
Min Delay            87 Endpoints
--------------------------------------------------------------------------------------


Max Delay Paths
--------------------------------------------------------------------------------------
Slack:                    inf
  Source:                 dbg_hub/inst/BSCANID.u_xsdbm_id/CORE_XSDB.UUT_MASTER/U_ICON_INTERFACE/U_CMD6_WR/U_WR_FIFO/SUBCORE_FIFO.xsdbm_v3_0_0_wrfifo_inst/inst_fifo_gen/gconvfifo.rf/grf.rf/gntv_or_sync_fifo.mem/gdm.dm_gen.dm/RAM_reg_0_15_12_15/RAMB_D1/CLK
                            (rising edge-triggered cell RAMD32 clocked by dbg_hub/inst/BSCANID.u_xsdbm_id/SWITCH_N_EXT_BSCAN.bscan_inst/SERIES7_BSCAN.bscan_inst/TCK  {rise@0.000ns fall@16.500ns period=33.000ns})
  Destination:            dbg_hub/inst/BSCANID.u_xsdbm_id/CORE_XSDB.UUT_MASTER/U_ICON_INTERFACE/U_CMD6_WR/U_WR_FIFO/SUBCORE_FIFO.xsdbm_v3_0_0_wrfifo_inst/inst_fifo_gen/gconvfifo.rf/grf.rf/gntv_or_sync_fifo.mem/gdm.dm_gen.dm/gpr1.dout_i_reg[15]/D
                            (rising edge-triggered cell FDRE clocked by clk  {rise@0.000ns fall@5.000ns period=10.000ns})
  Path Group:             (none)
  Path Type:              Setup (Max at Slow Process Corner)
  Data Path Delay:        1.726ns  (logic 1.087ns (62.993%)  route 0.639ns (37.007%))
  Logic Levels:           0  
  Clock Path Skew:        1.016ns (DCD - SCD + CPR)
    Destination Clock Delay (DCD):    5.173ns
    Source Clock Delay      (SCD):    4.157ns
    Clock Pessimism Removal (CPR):    0.000ns
  Clock Uncertainty:      0.035ns  ((TSJ^2 + TIJ^2)^1/2 + DJ) / 2 + PE
    Total System Jitter     (TSJ):    0.071ns
    Total Input Jitter      (TIJ):    0.000ns
    Discrete Jitter          (DJ):    0.000ns
    Phase Error              (PE):    0.000ns
  Timing Exception:       False Path

    Location             Delay type                Incr(ns)  Path(ns)    Netlist Resource(s)
  -------------------------------------------------------------------    -------------------
                         (clock dbg_hub/inst/BSCANID.u_xsdbm_id/SWITCH_N_EXT_BSCAN.bscan_inst/SERIES7_BSCAN.bscan_inst/TCK rise edge)
                                                      0.000     0.000 r  
    BSCAN_X0Y0           BSCANE2                      0.000     0.000 r  dbg_hub/inst/BSCANID.u_xsdbm_id/SWITCH_N_EXT_BSCAN.bscan_inst/SERIES7_BSCAN.bscan_inst/TCK
                         net (fo=1, routed)           2.690     2.690    dbg_hub/inst/BSCANID.u_xsdbm_id/tck_bs
    BUFGCTRL_X0Y4        BUFG (Prop_bufg_I_O)         0.081     2.771 r  dbg_hub/inst/BSCANID.u_xsdbm_id/SWITCH_N_EXT_BSCAN.u_bufg_icon_tck/O
                         net (fo=486, routed)         1.386     4.157    dbg_hub/inst/BSCANID.u_xsdbm_id/CORE_XSDB.UUT_MASTER/U_ICON_INTERFACE/U_CMD6_WR/U_WR_FIFO/SUBCORE_FIFO.xsdbm_v3_0_0_wrfifo_inst/inst_fifo_gen/gconvfifo.rf/grf.rf/gntv_or_sync_fifo.mem/gdm.dm_gen.dm/RAM_reg_0_15_12_15/WCLK
    SLICE_X70Y193        RAMD32                                       r  dbg_hub/inst/BSCANID.u_xsdbm_id/CORE_XSDB.UUT_MASTER/U_ICON_INTERFACE/U_CMD6_WR/U_WR_FIFO/SUBCORE_FIFO.xsdbm_v3_0_0_wrfifo_inst/inst_fifo_gen/gconvfifo.rf/grf.rf/gntv_or_sync_fifo.mem/gdm.dm_gen.dm/RAM_reg_0_15_12_15/RAMB_D1/CLK
  -------------------------------------------------------------------    -------------------
    SLICE_X70Y193        RAMD32 (Prop_ramd32_CLK_O)
                                                      1.087     5.244 r  dbg_hub/inst/BSCANID.u_xsdbm_id/CORE_XSDB.UUT_MASTER/U_ICON_INTERFACE/U_CMD6_WR/U_WR_FIFO/SUBCORE_FIFO.xsdbm_v3_0_0_wrfifo_inst/inst_fifo_gen/gconvfifo.rf/grf.rf/gntv_or_sync_fifo.mem/gdm.dm_gen.dm/RAM_reg_0_15_12_15/RAMB_D1/O
                         net (fo=1, routed)           0.639     5.882    dbg_hub/inst/BSCANID.u_xsdbm_id/CORE_XSDB.UUT_MASTER/U_ICON_INTERFACE/U_CMD6_WR/U_WR_FIFO/SUBCORE_FIFO.xsdbm_v3_0_0_wrfifo_inst/inst_fifo_gen/gconvfifo.rf/grf.rf/gntv_or_sync_fifo.mem/gdm.dm_gen.dm/dout_i0[15]
    SLICE_X70Y191        FDRE                                         r  dbg_hub/inst/BSCANID.u_xsdbm_id/CORE_XSDB.UUT_MASTER/U_ICON_INTERFACE/U_CMD6_WR/U_WR_FIFO/SUBCORE_FIFO.xsdbm_v3_0_0_wrfifo_inst/inst_fifo_gen/gconvfifo.rf/grf.rf/gntv_or_sync_fifo.mem/gdm.dm_gen.dm/gpr1.dout_i_reg[15]/D
  -------------------------------------------------------------------    -------------------

                         (clock clk rise edge)        0.000     0.000 r  
    AC19                                              0.000     0.000 r  clk (IN)
                         net (fo=0)                   0.000     0.000    clk
    AC19                 IBUF (Prop_ibuf_I_O)         1.350     1.350 r  clk_IBUF_inst/O
                         net (fo=1, routed)           2.471     3.821    clk_IBUF
    BUFGCTRL_X0Y0        BUFG (Prop_bufg_I_O)         0.077     3.898 r  clk_IBUF_BUFG_inst/O
                         net (fo=2166, routed)        1.275     5.173    dbg_hub/inst/BSCANID.u_xsdbm_id/CORE_XSDB.UUT_MASTER/U_ICON_INTERFACE/U_CMD6_WR/U_WR_FIFO/SUBCORE_FIFO.xsdbm_v3_0_0_wrfifo_inst/inst_fifo_gen/gconvfifo.rf/grf.rf/gntv_or_sync_fifo.mem/gdm.dm_gen.dm/rd_clk
    SLICE_X70Y191        FDRE                                         r  dbg_hub/inst/BSCANID.u_xsdbm_id/CORE_XSDB.UUT_MASTER/U_ICON_INTERFACE/U_CMD6_WR/U_WR_FIFO/SUBCORE_FIFO.xsdbm_v3_0_0_wrfifo_inst/inst_fifo_gen/gconvfifo.rf/grf.rf/gntv_or_sync_fifo.mem/gdm.dm_gen.dm/gpr1.dout_i_reg[15]/C





Min Delay Paths
--------------------------------------------------------------------------------------
Slack:                    inf
  Source:                 dbg_hub/inst/BSCANID.u_xsdbm_id/CORE_XSDB.UUT_MASTER/U_ICON_INTERFACE/U_CMD4/shift_reg_in_reg[26]/C
                            (rising edge-triggered cell FDRE clocked by dbg_hub/inst/BSCANID.u_xsdbm_id/SWITCH_N_EXT_BSCAN.bscan_inst/SERIES7_BSCAN.bscan_inst/TCK  {rise@0.000ns fall@16.500ns period=33.000ns})
  Destination:            dbg_hub/inst/BSCANID.u_xsdbm_id/CORE_XSDB.UUT_MASTER/U_ICON_INTERFACE/U_CMD4/ctl_reg_reg[26]/D
                            (rising edge-triggered cell FDRE clocked by clk  {rise@0.000ns fall@5.000ns period=10.000ns})
  Path Group:             (none)
  Path Type:              Hold (Min at Fast Process Corner)
  Data Path Delay:        0.217ns  (logic 0.148ns (68.082%)  route 0.069ns (31.918%))
  Logic Levels:           0  
  Clock Path Skew:        0.436ns (DCD - SCD - CPR)
    Destination Clock Delay (DCD):    2.479ns
    Source Clock Delay      (SCD):    2.043ns
    Clock Pessimism Removal (CPR):    -0.000ns
  Clock Uncertainty:      0.035ns  ((TSJ^2 + TIJ^2)^1/2 + DJ) / 2 + PE
    Total System Jitter     (TSJ):    0.071ns
    Total Input Jitter      (TIJ):    0.000ns
    Discrete Jitter          (DJ):    0.000ns
    Phase Error              (PE):    0.000ns
  Timing Exception:       False Path

    Location             Delay type                Incr(ns)  Path(ns)    Netlist Resource(s)
  -------------------------------------------------------------------    -------------------
                         (clock dbg_hub/inst/BSCANID.u_xsdbm_id/SWITCH_N_EXT_BSCAN.bscan_inst/SERIES7_BSCAN.bscan_inst/TCK rise edge)
                                                      0.000     0.000 r  
    BSCAN_X0Y0           BSCANE2                      0.000     0.000 r  dbg_hub/inst/BSCANID.u_xsdbm_id/SWITCH_N_EXT_BSCAN.bscan_inst/SERIES7_BSCAN.bscan_inst/TCK
                         net (fo=1, routed)           1.439     1.439    dbg_hub/inst/BSCANID.u_xsdbm_id/tck_bs
    BUFGCTRL_X0Y4        BUFG (Prop_bufg_I_O)         0.026     1.465 r  dbg_hub/inst/BSCANID.u_xsdbm_id/SWITCH_N_EXT_BSCAN.u_bufg_icon_tck/O
                         net (fo=486, routed)         0.579     2.043    dbg_hub/inst/BSCANID.u_xsdbm_id/CORE_XSDB.UUT_MASTER/U_ICON_INTERFACE/U_CMD4/m_bscan_tck[0]
    SLICE_X62Y195        FDRE                                         r  dbg_hub/inst/BSCANID.u_xsdbm_id/CORE_XSDB.UUT_MASTER/U_ICON_INTERFACE/U_CMD4/shift_reg_in_reg[26]/C
  -------------------------------------------------------------------    -------------------
    SLICE_X62Y195        FDRE (Prop_fdre_C_Q)         0.148     2.191 r  dbg_hub/inst/BSCANID.u_xsdbm_id/CORE_XSDB.UUT_MASTER/U_ICON_INTERFACE/U_CMD4/shift_reg_in_reg[26]/Q
                         net (fo=2, routed)           0.069     2.261    dbg_hub/inst/BSCANID.u_xsdbm_id/CORE_XSDB.UUT_MASTER/U_ICON_INTERFACE/U_CMD4/shift_reg_in[26]
    SLICE_X63Y195        FDRE                                         r  dbg_hub/inst/BSCANID.u_xsdbm_id/CORE_XSDB.UUT_MASTER/U_ICON_INTERFACE/U_CMD4/ctl_reg_reg[26]/D
  -------------------------------------------------------------------    -------------------

                         (clock clk rise edge)        0.000     0.000 r  
    AC19                                              0.000     0.000 r  clk (IN)
                         net (fo=0)                   0.000     0.000    clk
    AC19                 IBUF (Prop_ibuf_I_O)         0.441     0.441 r  clk_IBUF_inst/O
                         net (fo=1, routed)           1.160     1.601    clk_IBUF
    BUFGCTRL_X0Y0        BUFG (Prop_bufg_I_O)         0.029     1.630 r  clk_IBUF_BUFG_inst/O
                         net (fo=2166, routed)        0.849     2.479    dbg_hub/inst/BSCANID.u_xsdbm_id/CORE_XSDB.UUT_MASTER/U_ICON_INTERFACE/U_CMD4/clk
    SLICE_X63Y195        FDRE                                         r  dbg_hub/inst/BSCANID.u_xsdbm_id/CORE_XSDB.UUT_MASTER/U_ICON_INTERFACE/U_CMD4/ctl_reg_reg[26]/C





--------------------------------------------------------------------------------------
Path Group:  (none)
From Clock:  sys_clk
  To Clock:  clk

Max Delay            93 Endpoints
Min Delay            93 Endpoints
--------------------------------------------------------------------------------------


Max Delay Paths
--------------------------------------------------------------------------------------
Slack:                    inf
  Source:                 u_jtag_axi_wrap/u_jtag_axi/inst/jtag_axi_engine_u/status_reg_datain_reg[1]/C
                            (rising edge-triggered cell FDRE clocked by sys_clk  {rise@0.000ns fall@5.000ns period=10.000ns})
  Destination:            u_jtag_axi_wrap/u_jtag_axi/inst/jtag_axi_engine_u/status_reg_datain_ff_reg[1]/D
                            (rising edge-triggered cell FDRE clocked by clk  {rise@0.000ns fall@5.000ns period=10.000ns})
  Path Group:             (none)
  Path Type:              Setup (Max at Slow Process Corner)
  Data Path Delay:        1.005ns  (logic 0.433ns (43.067%)  route 0.572ns (56.933%))
  Logic Levels:           0  
  Clock Path Skew:        -0.316ns (DCD - SCD + CPR)
    Destination Clock Delay (DCD):    5.152ns
    Source Clock Delay      (SCD):    5.468ns
    Clock Pessimism Removal (CPR):    0.000ns
  Clock Uncertainty:      0.135ns  ((TSJ^2 + DJ^2)^1/2) / 2 + PE
    Total System Jitter     (TSJ):    0.071ns
    Discrete Jitter          (DJ):    0.089ns
    Phase Error              (PE):    0.078ns
  Timing Exception:       Asynchronous Clock Groups

    Location             Delay type                Incr(ns)  Path(ns)    Netlist Resource(s)
  -------------------------------------------------------------------    -------------------
                         (clock sys_clk rise edge)    0.000     0.000 r  
    AC19                                              0.000     0.000 r  clk (IN)
                         net (fo=0)                   0.000     0.000    clk
    AC19                 IBUF (Prop_ibuf_I_O)         1.416     1.416 r  clk_IBUF_inst/O
                         net (fo=1, routed)           2.602     4.018    clk_IBUF
    BUFGCTRL_X0Y0        BUFG (Prop_bufg_I_O)         0.081     4.099 r  clk_IBUF_BUFG_inst/O
                         net (fo=2166, routed)        1.536     5.635    fpga_pll.u_clk_pll/inst/clk_in1
    PLLE2_ADV_X0Y2       PLLE2_ADV (Prop_plle2_adv_CLKIN1_CLKOUT1)
                                                     -3.173     2.461 r  fpga_pll.u_clk_pll/inst/plle2_adv_inst/CLKOUT1
                         net (fo=1, routed)           1.557     4.018    fpga_pll.u_clk_pll/inst/sys_clk_clk_pll
    BUFGCTRL_X0Y3        BUFG (Prop_bufg_I_O)         0.081     4.099 r  fpga_pll.u_clk_pll/inst/clkout2_buf/O
                         net (fo=3603, routed)        1.369     5.468    u_jtag_axi_wrap/u_jtag_axi/inst/jtag_axi_engine_u/DEVICE_7SERIES.NO_BMM_INFO.SDP.WIDE_PRIM36_NO_ECC.ram
    SLICE_X76Y180        FDRE                                         r  u_jtag_axi_wrap/u_jtag_axi/inst/jtag_axi_engine_u/status_reg_datain_reg[1]/C
  -------------------------------------------------------------------    -------------------
    SLICE_X76Y180        FDRE (Prop_fdre_C_Q)         0.433     5.901 r  u_jtag_axi_wrap/u_jtag_axi/inst/jtag_axi_engine_u/status_reg_datain_reg[1]/Q
                         net (fo=1, routed)           0.572     6.474    u_jtag_axi_wrap/u_jtag_axi/inst/jtag_axi_engine_u/status_reg_datain[1]
    SLICE_X78Y181        FDRE                                         r  u_jtag_axi_wrap/u_jtag_axi/inst/jtag_axi_engine_u/status_reg_datain_ff_reg[1]/D
  -------------------------------------------------------------------    -------------------

                         (clock clk rise edge)        0.000     0.000 r  
    AC19                                              0.000     0.000 r  clk (IN)
                         net (fo=0)                   0.000     0.000    clk
    AC19                 IBUF (Prop_ibuf_I_O)         1.350     1.350 r  clk_IBUF_inst/O
                         net (fo=1, routed)           2.471     3.821    clk_IBUF
    BUFGCTRL_X0Y0        BUFG (Prop_bufg_I_O)         0.077     3.898 r  clk_IBUF_BUFG_inst/O
                         net (fo=2166, routed)        1.254     5.152    u_jtag_axi_wrap/u_jtag_axi/inst/jtag_axi_engine_u/xsdb_clk
    SLICE_X78Y181        FDRE                                         r  u_jtag_axi_wrap/u_jtag_axi/inst/jtag_axi_engine_u/status_reg_datain_ff_reg[1]/C





Min Delay Paths
--------------------------------------------------------------------------------------
Slack:                    inf
  Source:                 u_jtag_axi_wrap/u_jtag_axi/inst/jtag_axi_engine_u/rd_cmd_fifo_i/inst_fifo_gen/gconvfifo.rf/grf.rf/gntv_or_sync_fifo.gcx.clkx/rd_pntr_cdc_inst/src_gray_ff_reg[0]/C
                            (rising edge-triggered cell FDRE clocked by sys_clk  {rise@0.000ns fall@5.000ns period=10.000ns})
  Destination:            u_jtag_axi_wrap/u_jtag_axi/inst/jtag_axi_engine_u/rd_cmd_fifo_i/inst_fifo_gen/gconvfifo.rf/grf.rf/gntv_or_sync_fifo.gcx.clkx/rd_pntr_cdc_inst/dest_graysync_ff_reg[0][0]/D
                            (rising edge-triggered cell FDRE clocked by clk  {rise@0.000ns fall@5.000ns period=10.000ns})
  Path Group:             (none)
  Path Type:              Hold (Min at Fast Process Corner)
  Data Path Delay:        0.242ns  (logic 0.141ns (58.369%)  route 0.101ns (41.631%))
  Logic Levels:           0  
  Clock Path Skew:        0.545ns (DCD - SCD - CPR)
    Destination Clock Delay (DCD):    2.451ns
    Source Clock Delay      (SCD):    1.906ns
    Clock Pessimism Removal (CPR):    -0.000ns
  Clock Uncertainty:      0.135ns  ((TSJ^2 + DJ^2)^1/2) / 2 + PE
    Total System Jitter     (TSJ):    0.071ns
    Discrete Jitter          (DJ):    0.089ns
    Phase Error              (PE):    0.078ns
  Timing Exception:       Asynchronous Clock Groups

    Location             Delay type                Incr(ns)  Path(ns)    Netlist Resource(s)
  -------------------------------------------------------------------    -------------------
                         (clock sys_clk rise edge)    0.000     0.000 r  
    AC19                                              0.000     0.000 r  clk (IN)
                         net (fo=0)                   0.000     0.000    clk
    AC19                 IBUF (Prop_ibuf_I_O)         0.253     0.253 r  clk_IBUF_inst/O
                         net (fo=1, routed)           1.074     1.327    clk_IBUF
    BUFGCTRL_X0Y0        BUFG (Prop_bufg_I_O)         0.026     1.353 r  clk_IBUF_BUFG_inst/O
                         net (fo=2166, routed)        0.615     1.967    fpga_pll.u_clk_pll/inst/clk_in1
    PLLE2_ADV_X0Y2       PLLE2_ADV (Prop_plle2_adv_CLKIN1_CLKOUT1)
                                                     -1.200     0.767 r  fpga_pll.u_clk_pll/inst/plle2_adv_inst/CLKOUT1
                         net (fo=1, routed)           0.560     1.327    fpga_pll.u_clk_pll/inst/sys_clk_clk_pll
    BUFGCTRL_X0Y3        BUFG (Prop_bufg_I_O)         0.026     1.353 r  fpga_pll.u_clk_pll/inst/clkout2_buf/O
                         net (fo=3603, routed)        0.554     1.906    u_jtag_axi_wrap/u_jtag_axi/inst/jtag_axi_engine_u/rd_cmd_fifo_i/inst_fifo_gen/gconvfifo.rf/grf.rf/gntv_or_sync_fifo.gcx.clkx/rd_pntr_cdc_inst/src_clk
    SLICE_X79Y177        FDRE                                         r  u_jtag_axi_wrap/u_jtag_axi/inst/jtag_axi_engine_u/rd_cmd_fifo_i/inst_fifo_gen/gconvfifo.rf/grf.rf/gntv_or_sync_fifo.gcx.clkx/rd_pntr_cdc_inst/src_gray_ff_reg[0]/C
  -------------------------------------------------------------------    -------------------
    SLICE_X79Y177        FDRE (Prop_fdre_C_Q)         0.141     2.047 r  u_jtag_axi_wrap/u_jtag_axi/inst/jtag_axi_engine_u/rd_cmd_fifo_i/inst_fifo_gen/gconvfifo.rf/grf.rf/gntv_or_sync_fifo.gcx.clkx/rd_pntr_cdc_inst/src_gray_ff_reg[0]/Q
                         net (fo=1, routed)           0.101     2.148    u_jtag_axi_wrap/u_jtag_axi/inst/jtag_axi_engine_u/rd_cmd_fifo_i/inst_fifo_gen/gconvfifo.rf/grf.rf/gntv_or_sync_fifo.gcx.clkx/rd_pntr_cdc_inst/async_path[0]
    SLICE_X80Y177        FDRE                                         r  u_jtag_axi_wrap/u_jtag_axi/inst/jtag_axi_engine_u/rd_cmd_fifo_i/inst_fifo_gen/gconvfifo.rf/grf.rf/gntv_or_sync_fifo.gcx.clkx/rd_pntr_cdc_inst/dest_graysync_ff_reg[0][0]/D
  -------------------------------------------------------------------    -------------------

                         (clock clk rise edge)        0.000     0.000 r  
    AC19                                              0.000     0.000 r  clk (IN)
                         net (fo=0)                   0.000     0.000    clk
    AC19                 IBUF (Prop_ibuf_I_O)         0.441     0.441 r  clk_IBUF_inst/O
                         net (fo=1, routed)           1.160     1.601    clk_IBUF
    BUFGCTRL_X0Y0        BUFG (Prop_bufg_I_O)         0.029     1.630 r  clk_IBUF_BUFG_inst/O
                         net (fo=2166, routed)        0.821     2.451    u_jtag_axi_wrap/u_jtag_axi/inst/jtag_axi_engine_u/rd_cmd_fifo_i/inst_fifo_gen/gconvfifo.rf/grf.rf/gntv_or_sync_fifo.gcx.clkx/rd_pntr_cdc_inst/dest_clk
    SLICE_X80Y177        FDRE                                         r  u_jtag_axi_wrap/u_jtag_axi/inst/jtag_axi_engine_u/rd_cmd_fifo_i/inst_fifo_gen/gconvfifo.rf/grf.rf/gntv_or_sync_fifo.gcx.clkx/rd_pntr_cdc_inst/dest_graysync_ff_reg[0][0]/C





--------------------------------------------------------------------------------------
Path Group:  (none)
From Clock:  
  To Clock:  clk_pll_i

Max Delay            33 Endpoints
Min Delay            33 Endpoints
--------------------------------------------------------------------------------------


Max Delay Paths
--------------------------------------------------------------------------------------
Slack:                    inf
  Source:                 resetn_fpga
                            (input port)
  Destination:            ddr3.u_axi_wrap_ddr/mig_axi/u_mig_axi_32_mig/u_ddr3_infrastructure/rstdiv0_sync_r1_reg_rep__18/PRE
                            (recovery check against rising-edge clock clk_pll_i  {rise@0.000ns fall@5.000ns period=10.000ns})
  Path Group:             (none)
  Path Type:              Recovery (Max at Slow Process Corner)
  Data Path Delay:        15.229ns  (logic 1.646ns (10.807%)  route 13.583ns (89.193%))
  Logic Levels:           3  (IBUF=1 LUT2=1 LUT4=1)
  Clock Path Skew:        7.681ns (DCD - SCD + CPR)
    Destination Clock Delay (DCD):    7.681ns
    Source Clock Delay      (SCD):    0.000ns
    Clock Pessimism Removal (CPR):    0.000ns
  Clock Uncertainty:      0.168ns  ((TSJ^2 + DJ^2)^1/2) / 2 + PE
    Total System Jitter     (TSJ):    0.050ns
    Discrete Jitter          (DJ):    0.096ns
    Phase Error              (PE):    0.114ns
  Timing Exception:       False Path

    Location             Delay type                Incr(ns)  Path(ns)    Netlist Resource(s)
  -------------------------------------------------------------------    -------------------
    Y3                                                0.000     0.000 r  resetn_fpga (IN)
                         net (fo=0)                   0.000     0.000    resetn_fpga
    Y3                   IBUF (Prop_ibuf_I_O)         1.436     1.436 r  resetn_fpga_IBUF_inst/O
                         net (fo=2, routed)           4.183     5.619    ddr3.u_axi_wrap_ddr/resetn_fpga_IBUF
    SLICE_X77Y179        LUT2 (Prop_lut2_I0_O)        0.105     5.724 r  ddr3.u_axi_wrap_ddr/mig_axi_i_3/O
                         net (fo=4, routed)           6.874    12.598    ddr3.u_axi_wrap_ddr/mig_axi/u_mig_axi_32_mig/u_iodelay_ctrl/sys_rst_i
    SLICE_X0Y228         LUT4 (Prop_lut4_I2_O)        0.105    12.703 f  ddr3.u_axi_wrap_ddr/mig_axi/u_mig_axi_32_mig/u_iodelay_ctrl/rstdiv2_sync_r[11]_i_1/O
                         net (fo=33, routed)          2.527    15.229    ddr3.u_axi_wrap_ddr/mig_axi/u_mig_axi_32_mig/u_ddr3_infrastructure/rst_tmp
    SLICE_X22Y236        FDPE                                         f  ddr3.u_axi_wrap_ddr/mig_axi/u_mig_axi_32_mig/u_ddr3_infrastructure/rstdiv0_sync_r1_reg_rep__18/PRE
  -------------------------------------------------------------------    -------------------

                         (clock clk_pll_i rise edge)
                                                      0.000     0.000 r  
    AC19                                              0.000     0.000 r  clk (IN)
                         net (fo=0)                   0.000     0.000    clk
    AC19                 IBUF (Prop_ibuf_I_O)         1.350     1.350 r  clk_IBUF_inst/O
                         net (fo=1, routed)           2.471     3.821    clk_IBUF
    BUFGCTRL_X0Y0        BUFG (Prop_bufg_I_O)         0.077     3.898 r  clk_IBUF_BUFG_inst/O
                         net (fo=2166, routed)        1.586     5.484    ddr3.u_axi_wrap_ddr/mig_axi/u_mig_axi_32_mig/u_ddr3_infrastructure/mmcm_clk
    PLLE2_ADV_X0Y4       PLLE2_ADV (Prop_plle2_adv_CLKIN1_CLKOUT3)
                                                      0.073     5.557 r  ddr3.u_axi_wrap_ddr/mig_axi/u_mig_axi_32_mig/u_ddr3_infrastructure/plle2_i/CLKOUT3
                         net (fo=1, routed)           1.281     6.838    ddr3.u_axi_wrap_ddr/mig_axi/u_mig_axi_32_mig/u_ddr3_infrastructure/pll_clk3_out
    BUFHCE_X0Y48         BUFH (Prop_bufh_I_O)         0.069     6.907 r  ddr3.u_axi_wrap_ddr/mig_axi/u_mig_axi_32_mig/u_ddr3_infrastructure/u_bufh_pll_clk3/O
                         net (fo=1, routed)           0.805     7.712    ddr3.u_axi_wrap_ddr/mig_axi/u_mig_axi_32_mig/u_ddr3_infrastructure/pll_clk3
    MMCME2_ADV_X0Y4      MMCME2_ADV (Prop_mmcme2_adv_CLKIN1_CLKFBOUT)
                                                     -3.606     4.105 r  ddr3.u_axi_wrap_ddr/mig_axi/u_mig_axi_32_mig/u_ddr3_infrastructure/gen_mmcm.mmcm_i/CLKFBOUT
                         net (fo=1, routed)           1.964     6.070    ddr3.u_axi_wrap_ddr/mig_axi/u_mig_axi_32_mig/u_ddr3_infrastructure/clk_pll_i
    BUFGCTRL_X0Y16       BUFG (Prop_bufg_I_O)         0.077     6.147 r  ddr3.u_axi_wrap_ddr/mig_axi/u_mig_axi_32_mig/u_ddr3_infrastructure/u_bufg_clkdiv0/O
                         net (fo=7005, routed)        1.534     7.681    ddr3.u_axi_wrap_ddr/mig_axi/u_mig_axi_32_mig/u_ddr3_infrastructure/CLK
    SLICE_X22Y236        FDPE                                         r  ddr3.u_axi_wrap_ddr/mig_axi/u_mig_axi_32_mig/u_ddr3_infrastructure/rstdiv0_sync_r1_reg_rep__18/C





Min Delay Paths
--------------------------------------------------------------------------------------
Slack:                    inf
  Source:                 resetn_fpga
                            (input port)
  Destination:            ddr3.u_axi_wrap_ddr/mig_axi/u_mig_axi_32_mig/u_ddr3_infrastructure/rstdiv0_sync_r1_reg_rep__2/PRE
                            (removal check against rising-edge clock clk_pll_i  {rise@0.000ns fall@5.000ns period=10.000ns})
  Path Group:             (none)
  Path Type:              Removal (Min at Fast Process Corner)
  Data Path Delay:        6.824ns  (logic 0.362ns (5.312%)  route 6.462ns (94.688%))
  Logic Levels:           3  (IBUF=1 LUT2=1 LUT4=1)
  Clock Path Skew:        3.844ns (DCD - SCD - CPR)
    Destination Clock Delay (DCD):    3.844ns
    Source Clock Delay      (SCD):    0.000ns
    Clock Pessimism Removal (CPR):    -0.000ns
  Timing Exception:       False Path

    Location             Delay type                Incr(ns)  Path(ns)    Netlist Resource(s)
  -------------------------------------------------------------------    -------------------
    Y3                                                0.000     0.000 r  resetn_fpga (IN)
                         net (fo=0)                   0.000     0.000    resetn_fpga
    Y3                   IBUF (Prop_ibuf_I_O)         0.272     0.272 r  resetn_fpga_IBUF_inst/O
                         net (fo=2, routed)           2.142     2.414    ddr3.u_axi_wrap_ddr/resetn_fpga_IBUF
    SLICE_X77Y179        LUT2 (Prop_lut2_I0_O)        0.045     2.459 r  ddr3.u_axi_wrap_ddr/mig_axi_i_3/O
                         net (fo=4, routed)           3.913     6.372    ddr3.u_axi_wrap_ddr/mig_axi/u_mig_axi_32_mig/u_iodelay_ctrl/sys_rst_i
    SLICE_X0Y228         LUT4 (Prop_lut4_I2_O)        0.045     6.417 f  ddr3.u_axi_wrap_ddr/mig_axi/u_mig_axi_32_mig/u_iodelay_ctrl/rstdiv2_sync_r[11]_i_1/O
                         net (fo=33, routed)          0.407     6.824    ddr3.u_axi_wrap_ddr/mig_axi/u_mig_axi_32_mig/u_ddr3_infrastructure/rst_tmp
    SLICE_X11Y234        FDPE                                         f  ddr3.u_axi_wrap_ddr/mig_axi/u_mig_axi_32_mig/u_ddr3_infrastructure/rstdiv0_sync_r1_reg_rep__2/PRE
  -------------------------------------------------------------------    -------------------

                         (clock clk_pll_i rise edge)
                                                      0.000     0.000 r  
    AC19                                              0.000     0.000 r  clk (IN)
                         net (fo=0)                   0.000     0.000    clk
    AC19                 IBUF (Prop_ibuf_I_O)         0.441     0.441 r  clk_IBUF_inst/O
                         net (fo=1, routed)           1.160     1.601    clk_IBUF
    BUFGCTRL_X0Y0        BUFG (Prop_bufg_I_O)         0.029     1.630 r  clk_IBUF_BUFG_inst/O
                         net (fo=2166, routed)        0.976     2.606    ddr3.u_axi_wrap_ddr/mig_axi/u_mig_axi_32_mig/u_ddr3_infrastructure/mmcm_clk
    PLLE2_ADV_X0Y4       PLLE2_ADV (Prop_plle2_adv_CLKIN1_CLKOUT3)
                                                      0.053     2.659 r  ddr3.u_axi_wrap_ddr/mig_axi/u_mig_axi_32_mig/u_ddr3_infrastructure/plle2_i/CLKOUT3
                         net (fo=1, routed)           0.577     3.236    ddr3.u_axi_wrap_ddr/mig_axi/u_mig_axi_32_mig/u_ddr3_infrastructure/pll_clk3_out
    BUFHCE_X0Y48         BUFH (Prop_bufh_I_O)         0.043     3.279 r  ddr3.u_axi_wrap_ddr/mig_axi/u_mig_axi_32_mig/u_ddr3_infrastructure/u_bufh_pll_clk3/O
                         net (fo=1, routed)           0.553     3.832    ddr3.u_axi_wrap_ddr/mig_axi/u_mig_axi_32_mig/u_ddr3_infrastructure/pll_clk3
    MMCME2_ADV_X0Y4      MMCME2_ADV (Prop_mmcme2_adv_CLKIN1_CLKFBOUT)
                                                     -1.858     1.974 r  ddr3.u_axi_wrap_ddr/mig_axi/u_mig_axi_32_mig/u_ddr3_infrastructure/gen_mmcm.mmcm_i/CLKFBOUT
                         net (fo=1, routed)           0.860     2.834    ddr3.u_axi_wrap_ddr/mig_axi/u_mig_axi_32_mig/u_ddr3_infrastructure/clk_pll_i
    BUFGCTRL_X0Y16       BUFG (Prop_bufg_I_O)         0.029     2.863 r  ddr3.u_axi_wrap_ddr/mig_axi/u_mig_axi_32_mig/u_ddr3_infrastructure/u_bufg_clkdiv0/O
                         net (fo=7005, routed)        0.981     3.844    ddr3.u_axi_wrap_ddr/mig_axi/u_mig_axi_32_mig/u_ddr3_infrastructure/CLK
    SLICE_X11Y234        FDPE                                         r  ddr3.u_axi_wrap_ddr/mig_axi/u_mig_axi_32_mig/u_ddr3_infrastructure/rstdiv0_sync_r1_reg_rep__2/C





--------------------------------------------------------------------------------------
Path Group:  (none)
From Clock:  clk
  To Clock:  clk_pll_i

Max Delay            33 Endpoints
Min Delay            33 Endpoints
--------------------------------------------------------------------------------------


Max Delay Paths
--------------------------------------------------------------------------------------
Slack:                    inf
  Source:                 vio/inst/PROBE_OUT_ALL_INST/G_PROBE_OUT[0].PROBE_OUT0_INST/Probe_out_reg[0]/C
                            (rising edge-triggered cell FDSE clocked by clk  {rise@0.000ns fall@5.000ns period=10.000ns})
  Destination:            ddr3.u_axi_wrap_ddr/mig_axi/u_mig_axi_32_mig/u_ddr3_infrastructure/rstdiv0_sync_r1_reg_rep__18/PRE
                            (recovery check against rising-edge clock clk_pll_i  {rise@0.000ns fall@5.000ns period=10.000ns})
  Path Group:             (none)
  Path Type:              Recovery (Max at Slow Process Corner)
  Data Path Delay:        10.778ns  (logic 0.589ns (5.465%)  route 10.189ns (94.535%))
  Logic Levels:           2  (LUT2=1 LUT4=1)
  Clock Path Skew:        2.209ns (DCD - SCD + CPR)
    Destination Clock Delay (DCD):    7.681ns
    Source Clock Delay      (SCD):    5.471ns
    Clock Pessimism Removal (CPR):    0.000ns
  Clock Uncertainty:      0.174ns  ((TSJ^2 + DJ^2)^1/2) / 2 + PE
    Total System Jitter     (TSJ):    0.071ns
    Discrete Jitter          (DJ):    0.096ns
    Phase Error              (PE):    0.114ns
  Timing Exception:       False Path

    Location             Delay type                Incr(ns)  Path(ns)    Netlist Resource(s)
  -------------------------------------------------------------------    -------------------
                         (clock clk rise edge)        0.000     0.000 r  
    AC19                                              0.000     0.000 r  clk (IN)
                         net (fo=0)                   0.000     0.000    clk
    AC19                 IBUF (Prop_ibuf_I_O)         1.416     1.416 r  clk_IBUF_inst/O
                         net (fo=1, routed)           2.602     4.018    clk_IBUF
    BUFGCTRL_X0Y0        BUFG (Prop_bufg_I_O)         0.081     4.099 r  clk_IBUF_BUFG_inst/O
                         net (fo=2166, routed)        1.372     5.471    vio/inst/PROBE_OUT_ALL_INST/G_PROBE_OUT[0].PROBE_OUT0_INST/clk
    SLICE_X75Y181        FDSE                                         r  vio/inst/PROBE_OUT_ALL_INST/G_PROBE_OUT[0].PROBE_OUT0_INST/Probe_out_reg[0]/C
  -------------------------------------------------------------------    -------------------
    SLICE_X75Y181        FDSE (Prop_fdse_C_Q)         0.379     5.850 r  vio/inst/PROBE_OUT_ALL_INST/G_PROBE_OUT[0].PROBE_OUT0_INST/Probe_out_reg[0]/Q
                         net (fo=2, routed)           0.789     6.639    ddr3.u_axi_wrap_ddr/out
    SLICE_X77Y179        LUT2 (Prop_lut2_I1_O)        0.105     6.744 r  ddr3.u_axi_wrap_ddr/mig_axi_i_3/O
                         net (fo=4, routed)           6.874    13.618    ddr3.u_axi_wrap_ddr/mig_axi/u_mig_axi_32_mig/u_iodelay_ctrl/sys_rst_i
    SLICE_X0Y228         LUT4 (Prop_lut4_I2_O)        0.105    13.723 f  ddr3.u_axi_wrap_ddr/mig_axi/u_mig_axi_32_mig/u_iodelay_ctrl/rstdiv2_sync_r[11]_i_1/O
                         net (fo=33, routed)          2.527    16.250    ddr3.u_axi_wrap_ddr/mig_axi/u_mig_axi_32_mig/u_ddr3_infrastructure/rst_tmp
    SLICE_X22Y236        FDPE                                         f  ddr3.u_axi_wrap_ddr/mig_axi/u_mig_axi_32_mig/u_ddr3_infrastructure/rstdiv0_sync_r1_reg_rep__18/PRE
  -------------------------------------------------------------------    -------------------

                         (clock clk_pll_i rise edge)
                                                      0.000     0.000 r  
    AC19                                              0.000     0.000 r  clk (IN)
                         net (fo=0)                   0.000     0.000    clk
    AC19                 IBUF (Prop_ibuf_I_O)         1.350     1.350 r  clk_IBUF_inst/O
                         net (fo=1, routed)           2.471     3.821    clk_IBUF
    BUFGCTRL_X0Y0        BUFG (Prop_bufg_I_O)         0.077     3.898 r  clk_IBUF_BUFG_inst/O
                         net (fo=2166, routed)        1.586     5.484    ddr3.u_axi_wrap_ddr/mig_axi/u_mig_axi_32_mig/u_ddr3_infrastructure/mmcm_clk
    PLLE2_ADV_X0Y4       PLLE2_ADV (Prop_plle2_adv_CLKIN1_CLKOUT3)
                                                      0.073     5.557 r  ddr3.u_axi_wrap_ddr/mig_axi/u_mig_axi_32_mig/u_ddr3_infrastructure/plle2_i/CLKOUT3
                         net (fo=1, routed)           1.281     6.838    ddr3.u_axi_wrap_ddr/mig_axi/u_mig_axi_32_mig/u_ddr3_infrastructure/pll_clk3_out
    BUFHCE_X0Y48         BUFH (Prop_bufh_I_O)         0.069     6.907 r  ddr3.u_axi_wrap_ddr/mig_axi/u_mig_axi_32_mig/u_ddr3_infrastructure/u_bufh_pll_clk3/O
                         net (fo=1, routed)           0.805     7.712    ddr3.u_axi_wrap_ddr/mig_axi/u_mig_axi_32_mig/u_ddr3_infrastructure/pll_clk3
    MMCME2_ADV_X0Y4      MMCME2_ADV (Prop_mmcme2_adv_CLKIN1_CLKFBOUT)
                                                     -3.606     4.105 r  ddr3.u_axi_wrap_ddr/mig_axi/u_mig_axi_32_mig/u_ddr3_infrastructure/gen_mmcm.mmcm_i/CLKFBOUT
                         net (fo=1, routed)           1.964     6.070    ddr3.u_axi_wrap_ddr/mig_axi/u_mig_axi_32_mig/u_ddr3_infrastructure/clk_pll_i
    BUFGCTRL_X0Y16       BUFG (Prop_bufg_I_O)         0.077     6.147 r  ddr3.u_axi_wrap_ddr/mig_axi/u_mig_axi_32_mig/u_ddr3_infrastructure/u_bufg_clkdiv0/O
                         net (fo=7005, routed)        1.534     7.681    ddr3.u_axi_wrap_ddr/mig_axi/u_mig_axi_32_mig/u_ddr3_infrastructure/CLK
    SLICE_X22Y236        FDPE                                         r  ddr3.u_axi_wrap_ddr/mig_axi/u_mig_axi_32_mig/u_ddr3_infrastructure/rstdiv0_sync_r1_reg_rep__18/C





Min Delay Paths
--------------------------------------------------------------------------------------
Slack:                    inf
  Source:                 vio/inst/PROBE_OUT_ALL_INST/G_PROBE_OUT[0].PROBE_OUT0_INST/Probe_out_reg[0]/C
                            (rising edge-triggered cell FDSE clocked by clk  {rise@0.000ns fall@5.000ns period=10.000ns})
  Destination:            ddr3.u_axi_wrap_ddr/mig_axi/u_mig_axi_32_mig/u_ddr3_infrastructure/rstdiv0_sync_r1_reg_rep__2/PRE
                            (removal check against rising-edge clock clk_pll_i  {rise@0.000ns fall@5.000ns period=10.000ns})
  Path Group:             (none)
  Path Type:              Removal (Min at Fast Process Corner)
  Data Path Delay:        4.890ns  (logic 0.231ns (4.724%)  route 4.659ns (95.276%))
  Logic Levels:           2  (LUT2=1 LUT4=1)
  Clock Path Skew:        1.926ns (DCD - SCD - CPR)
    Destination Clock Delay (DCD):    3.844ns
    Source Clock Delay      (SCD):    1.918ns
    Clock Pessimism Removal (CPR):    -0.000ns
  Clock Uncertainty:      0.174ns  ((TSJ^2 + DJ^2)^1/2) / 2 + PE
    Total System Jitter     (TSJ):    0.071ns
    Discrete Jitter          (DJ):    0.096ns
    Phase Error              (PE):    0.114ns
  Timing Exception:       False Path

    Location             Delay type                Incr(ns)  Path(ns)    Netlist Resource(s)
  -------------------------------------------------------------------    -------------------
                         (clock clk rise edge)        0.000     0.000 r  
    AC19                                              0.000     0.000 r  clk (IN)
                         net (fo=0)                   0.000     0.000    clk
    AC19                 IBUF (Prop_ibuf_I_O)         0.253     0.253 r  clk_IBUF_inst/O
                         net (fo=1, routed)           1.074     1.327    clk_IBUF
    BUFGCTRL_X0Y0        BUFG (Prop_bufg_I_O)         0.026     1.353 r  clk_IBUF_BUFG_inst/O
                         net (fo=2166, routed)        0.566     1.918    vio/inst/PROBE_OUT_ALL_INST/G_PROBE_OUT[0].PROBE_OUT0_INST/clk
    SLICE_X75Y181        FDSE                                         r  vio/inst/PROBE_OUT_ALL_INST/G_PROBE_OUT[0].PROBE_OUT0_INST/Probe_out_reg[0]/C
  -------------------------------------------------------------------    -------------------
    SLICE_X75Y181        FDSE (Prop_fdse_C_Q)         0.141     2.059 r  vio/inst/PROBE_OUT_ALL_INST/G_PROBE_OUT[0].PROBE_OUT0_INST/Probe_out_reg[0]/Q
                         net (fo=2, routed)           0.339     2.399    ddr3.u_axi_wrap_ddr/out
    SLICE_X77Y179        LUT2 (Prop_lut2_I1_O)        0.045     2.444 r  ddr3.u_axi_wrap_ddr/mig_axi_i_3/O
                         net (fo=4, routed)           3.913     6.356    ddr3.u_axi_wrap_ddr/mig_axi/u_mig_axi_32_mig/u_iodelay_ctrl/sys_rst_i
    SLICE_X0Y228         LUT4 (Prop_lut4_I2_O)        0.045     6.401 f  ddr3.u_axi_wrap_ddr/mig_axi/u_mig_axi_32_mig/u_iodelay_ctrl/rstdiv2_sync_r[11]_i_1/O
                         net (fo=33, routed)          0.407     6.808    ddr3.u_axi_wrap_ddr/mig_axi/u_mig_axi_32_mig/u_ddr3_infrastructure/rst_tmp
    SLICE_X11Y234        FDPE                                         f  ddr3.u_axi_wrap_ddr/mig_axi/u_mig_axi_32_mig/u_ddr3_infrastructure/rstdiv0_sync_r1_reg_rep__2/PRE
  -------------------------------------------------------------------    -------------------

                         (clock clk_pll_i rise edge)
                                                      0.000     0.000 r  
    AC19                                              0.000     0.000 r  clk (IN)
                         net (fo=0)                   0.000     0.000    clk
    AC19                 IBUF (Prop_ibuf_I_O)         0.441     0.441 r  clk_IBUF_inst/O
                         net (fo=1, routed)           1.160     1.601    clk_IBUF
    BUFGCTRL_X0Y0        BUFG (Prop_bufg_I_O)         0.029     1.630 r  clk_IBUF_BUFG_inst/O
                         net (fo=2166, routed)        0.976     2.606    ddr3.u_axi_wrap_ddr/mig_axi/u_mig_axi_32_mig/u_ddr3_infrastructure/mmcm_clk
    PLLE2_ADV_X0Y4       PLLE2_ADV (Prop_plle2_adv_CLKIN1_CLKOUT3)
                                                      0.053     2.659 r  ddr3.u_axi_wrap_ddr/mig_axi/u_mig_axi_32_mig/u_ddr3_infrastructure/plle2_i/CLKOUT3
                         net (fo=1, routed)           0.577     3.236    ddr3.u_axi_wrap_ddr/mig_axi/u_mig_axi_32_mig/u_ddr3_infrastructure/pll_clk3_out
    BUFHCE_X0Y48         BUFH (Prop_bufh_I_O)         0.043     3.279 r  ddr3.u_axi_wrap_ddr/mig_axi/u_mig_axi_32_mig/u_ddr3_infrastructure/u_bufh_pll_clk3/O
                         net (fo=1, routed)           0.553     3.832    ddr3.u_axi_wrap_ddr/mig_axi/u_mig_axi_32_mig/u_ddr3_infrastructure/pll_clk3
    MMCME2_ADV_X0Y4      MMCME2_ADV (Prop_mmcme2_adv_CLKIN1_CLKFBOUT)
                                                     -1.858     1.974 r  ddr3.u_axi_wrap_ddr/mig_axi/u_mig_axi_32_mig/u_ddr3_infrastructure/gen_mmcm.mmcm_i/CLKFBOUT
                         net (fo=1, routed)           0.860     2.834    ddr3.u_axi_wrap_ddr/mig_axi/u_mig_axi_32_mig/u_ddr3_infrastructure/clk_pll_i
    BUFGCTRL_X0Y16       BUFG (Prop_bufg_I_O)         0.029     2.863 r  ddr3.u_axi_wrap_ddr/mig_axi/u_mig_axi_32_mig/u_ddr3_infrastructure/u_bufg_clkdiv0/O
                         net (fo=7005, routed)        0.981     3.844    ddr3.u_axi_wrap_ddr/mig_axi/u_mig_axi_32_mig/u_ddr3_infrastructure/CLK
    SLICE_X11Y234        FDPE                                         r  ddr3.u_axi_wrap_ddr/mig_axi/u_mig_axi_32_mig/u_ddr3_infrastructure/rstdiv0_sync_r1_reg_rep__2/C





--------------------------------------------------------------------------------------
Path Group:  (none)
From Clock:  mem_refclk
  To Clock:  clk_pll_i

Max Delay             2 Endpoints
Min Delay             2 Endpoints
--------------------------------------------------------------------------------------


Max Delay Paths
--------------------------------------------------------------------------------------
Slack:                    inf
  Source:                 ddr3.u_axi_wrap_ddr/mig_axi/u_mig_axi_32_mig/u_memc_ui_top_axi/mem_intfc0/ddr_phy_top0/u_ddr_mc_phy_wrapper/u_ddr_mc_phy/ddr_phy_4lanes_0.u_ddr_phy_4lanes/ddr_byte_lane_A.ddr_byte_lane_A/phaser_in_gen.phaser_in/MEMREFCLK
                            (rising edge-triggered cell PHASER_IN_PHY clocked by mem_refclk  {rise@0.000ns fall@1.250ns period=2.500ns})
  Destination:            ddr3.u_axi_wrap_ddr/mig_axi/u_mig_axi_32_mig/u_memc_ui_top_axi/mem_intfc0/ddr_phy_top0/u_ddr_calib_top/dqsfind_calib_left.u_ddr_phy_dqs_found_cal_hr/pi_dqs_found_lanes_r1_reg[0]/D
                            (rising edge-triggered cell FDRE clocked by clk_pll_i  {rise@0.000ns fall@5.000ns period=10.000ns})
  Path Group:             (none)
  Path Type:              Setup (Max at Slow Process Corner)
  Data Path Delay:        1.703ns  (logic 0.365ns (21.439%)  route 1.338ns (78.561%))
  Logic Levels:           0  
  Clock Path Skew:        1.280ns (DCD - SCD + CPR)
    Destination Clock Delay (DCD):    7.681ns
    Source Clock Delay      (SCD):    6.401ns
    Clock Pessimism Removal (CPR):    0.000ns
  Clock Uncertainty:      0.226ns  ((TSJ^2 + DJ^2)^1/2) / 2 + PE
    Total System Jitter     (TSJ):    0.071ns
    Discrete Jitter          (DJ):    0.098ns
    Phase Error              (PE):    0.166ns
  Timing Exception:       False Path

    Location             Delay type                Incr(ns)  Path(ns)    Netlist Resource(s)
  -------------------------------------------------------------------    -------------------
                         (clock mem_refclk rise edge)
                                                      0.000     0.000 r  
    AC19                                              0.000     0.000 r  clk (IN)
                         net (fo=0)                   0.000     0.000    clk
    AC19                 IBUF (Prop_ibuf_I_O)         1.416     1.416 r  clk_IBUF_inst/O
                         net (fo=1, routed)           2.602     4.018    clk_IBUF
    BUFGCTRL_X0Y0        BUFG (Prop_bufg_I_O)         0.081     4.099 r  clk_IBUF_BUFG_inst/O
                         net (fo=2166, routed)        1.696     5.795    ddr3.u_axi_wrap_ddr/mig_axi/u_mig_axi_32_mig/u_ddr3_infrastructure/mmcm_clk
    PLLE2_ADV_X0Y4       PLLE2_ADV (Prop_plle2_adv_CLKIN1_CLKOUT1)
                                                      0.077     5.872 r  ddr3.u_axi_wrap_ddr/mig_axi/u_mig_axi_32_mig/u_ddr3_infrastructure/plle2_i/CLKOUT1
                         net (fo=7, routed)           0.529     6.401    ddr3.u_axi_wrap_ddr/mig_axi/u_mig_axi_32_mig/u_memc_ui_top_axi/mem_intfc0/ddr_phy_top0/u_ddr_mc_phy_wrapper/u_ddr_mc_phy/ddr_phy_4lanes_0.u_ddr_phy_4lanes/ddr_byte_lane_A.ddr_byte_lane_A/mem_refclk
    PHASER_IN_PHY_X0Y16  PHASER_IN_PHY                                r  ddr3.u_axi_wrap_ddr/mig_axi/u_mig_axi_32_mig/u_memc_ui_top_axi/mem_intfc0/ddr_phy_top0/u_ddr_mc_phy_wrapper/u_ddr_mc_phy/ddr_phy_4lanes_0.u_ddr_phy_4lanes/ddr_byte_lane_A.ddr_byte_lane_A/phaser_in_gen.phaser_in/MEMREFCLK
  -------------------------------------------------------------------    -------------------
    PHASER_IN_PHY_X0Y16  PHASER_IN_PHY (Prop_phaser_in_phy_MEMREFCLK_DQSFOUND)
                                                      0.365     6.766 r  ddr3.u_axi_wrap_ddr/mig_axi/u_mig_axi_32_mig/u_memc_ui_top_axi/mem_intfc0/ddr_phy_top0/u_ddr_mc_phy_wrapper/u_ddr_mc_phy/ddr_phy_4lanes_0.u_ddr_phy_4lanes/ddr_byte_lane_A.ddr_byte_lane_A/phaser_in_gen.phaser_in/DQSFOUND
                         net (fo=1, routed)           1.338     8.103    ddr3.u_axi_wrap_ddr/mig_axi/u_mig_axi_32_mig/u_memc_ui_top_axi/mem_intfc0/ddr_phy_top0/u_ddr_calib_top/dqsfind_calib_left.u_ddr_phy_dqs_found_cal_hr/pi_dqs_found_lanes[0]
    SLICE_X15Y232        FDRE                                         r  ddr3.u_axi_wrap_ddr/mig_axi/u_mig_axi_32_mig/u_memc_ui_top_axi/mem_intfc0/ddr_phy_top0/u_ddr_calib_top/dqsfind_calib_left.u_ddr_phy_dqs_found_cal_hr/pi_dqs_found_lanes_r1_reg[0]/D
  -------------------------------------------------------------------    -------------------

                         (clock clk_pll_i rise edge)
                                                      0.000     0.000 r  
    AC19                                              0.000     0.000 r  clk (IN)
                         net (fo=0)                   0.000     0.000    clk
    AC19                 IBUF (Prop_ibuf_I_O)         1.350     1.350 r  clk_IBUF_inst/O
                         net (fo=1, routed)           2.471     3.821    clk_IBUF
    BUFGCTRL_X0Y0        BUFG (Prop_bufg_I_O)         0.077     3.898 r  clk_IBUF_BUFG_inst/O
                         net (fo=2166, routed)        1.586     5.484    ddr3.u_axi_wrap_ddr/mig_axi/u_mig_axi_32_mig/u_ddr3_infrastructure/mmcm_clk
    PLLE2_ADV_X0Y4       PLLE2_ADV (Prop_plle2_adv_CLKIN1_CLKOUT3)
                                                      0.073     5.557 r  ddr3.u_axi_wrap_ddr/mig_axi/u_mig_axi_32_mig/u_ddr3_infrastructure/plle2_i/CLKOUT3
                         net (fo=1, routed)           1.281     6.838    ddr3.u_axi_wrap_ddr/mig_axi/u_mig_axi_32_mig/u_ddr3_infrastructure/pll_clk3_out
    BUFHCE_X0Y48         BUFH (Prop_bufh_I_O)         0.069     6.907 r  ddr3.u_axi_wrap_ddr/mig_axi/u_mig_axi_32_mig/u_ddr3_infrastructure/u_bufh_pll_clk3/O
                         net (fo=1, routed)           0.805     7.712    ddr3.u_axi_wrap_ddr/mig_axi/u_mig_axi_32_mig/u_ddr3_infrastructure/pll_clk3
    MMCME2_ADV_X0Y4      MMCME2_ADV (Prop_mmcme2_adv_CLKIN1_CLKFBOUT)
                                                     -3.606     4.105 r  ddr3.u_axi_wrap_ddr/mig_axi/u_mig_axi_32_mig/u_ddr3_infrastructure/gen_mmcm.mmcm_i/CLKFBOUT
                         net (fo=1, routed)           1.964     6.070    ddr3.u_axi_wrap_ddr/mig_axi/u_mig_axi_32_mig/u_ddr3_infrastructure/clk_pll_i
    BUFGCTRL_X0Y16       BUFG (Prop_bufg_I_O)         0.077     6.147 r  ddr3.u_axi_wrap_ddr/mig_axi/u_mig_axi_32_mig/u_ddr3_infrastructure/u_bufg_clkdiv0/O
                         net (fo=7005, routed)        1.534     7.681    ddr3.u_axi_wrap_ddr/mig_axi/u_mig_axi_32_mig/u_memc_ui_top_axi/mem_intfc0/ddr_phy_top0/u_ddr_calib_top/dqsfind_calib_left.u_ddr_phy_dqs_found_cal_hr/CLK
    SLICE_X15Y232        FDRE                                         r  ddr3.u_axi_wrap_ddr/mig_axi/u_mig_axi_32_mig/u_memc_ui_top_axi/mem_intfc0/ddr_phy_top0/u_ddr_calib_top/dqsfind_calib_left.u_ddr_phy_dqs_found_cal_hr/pi_dqs_found_lanes_r1_reg[0]/C





Min Delay Paths
--------------------------------------------------------------------------------------
Slack:                    inf
  Source:                 ddr3.u_axi_wrap_ddr/mig_axi/u_mig_axi_32_mig/u_memc_ui_top_axi/mem_intfc0/ddr_phy_top0/u_ddr_mc_phy_wrapper/u_ddr_mc_phy/ddr_phy_4lanes_0.u_ddr_phy_4lanes/ddr_byte_lane_B.ddr_byte_lane_B/phaser_in_gen.phaser_in/MEMREFCLK
                            (rising edge-triggered cell PHASER_IN_PHY clocked by mem_refclk  {rise@0.000ns fall@1.250ns period=2.500ns})
  Destination:            ddr3.u_axi_wrap_ddr/mig_axi/u_mig_axi_32_mig/u_memc_ui_top_axi/mem_intfc0/ddr_phy_top0/u_ddr_calib_top/dqsfind_calib_left.u_ddr_phy_dqs_found_cal_hr/pi_dqs_found_lanes_r1_reg[1]/D
                            (rising edge-triggered cell FDRE clocked by clk_pll_i  {rise@0.000ns fall@5.000ns period=10.000ns})
  Path Group:             (none)
  Path Type:              Hold (Min at Fast Process Corner)
  Data Path Delay:        0.842ns  (logic 0.204ns (24.223%)  route 0.638ns (75.777%))
  Logic Levels:           0  
  Clock Path Skew:        1.534ns (DCD - SCD - CPR)
    Destination Clock Delay (DCD):    3.842ns
    Source Clock Delay      (SCD):    2.308ns
    Clock Pessimism Removal (CPR):    -0.000ns
  Clock Uncertainty:      0.226ns  ((TSJ^2 + DJ^2)^1/2) / 2 + PE
    Total System Jitter     (TSJ):    0.071ns
    Discrete Jitter          (DJ):    0.098ns
    Phase Error              (PE):    0.166ns
  Timing Exception:       False Path

    Location             Delay type                Incr(ns)  Path(ns)    Netlist Resource(s)
  -------------------------------------------------------------------    -------------------
                         (clock mem_refclk rise edge)
                                                      0.000     0.000 r  
    AC19                                              0.000     0.000 r  clk (IN)
                         net (fo=0)                   0.000     0.000    clk
    AC19                 IBUF (Prop_ibuf_I_O)         0.253     0.253 r  clk_IBUF_inst/O
                         net (fo=1, routed)           1.074     1.327    clk_IBUF
    BUFGCTRL_X0Y0        BUFG (Prop_bufg_I_O)         0.026     1.353 r  clk_IBUF_BUFG_inst/O
                         net (fo=2166, routed)        0.701     2.054    ddr3.u_axi_wrap_ddr/mig_axi/u_mig_axi_32_mig/u_ddr3_infrastructure/mmcm_clk
    PLLE2_ADV_X0Y4       PLLE2_ADV (Prop_plle2_adv_CLKIN1_CLKOUT1)
                                                      0.050     2.104 r  ddr3.u_axi_wrap_ddr/mig_axi/u_mig_axi_32_mig/u_ddr3_infrastructure/plle2_i/CLKOUT1
                         net (fo=7, routed)           0.204     2.308    ddr3.u_axi_wrap_ddr/mig_axi/u_mig_axi_32_mig/u_memc_ui_top_axi/mem_intfc0/ddr_phy_top0/u_ddr_mc_phy_wrapper/u_ddr_mc_phy/ddr_phy_4lanes_0.u_ddr_phy_4lanes/ddr_byte_lane_B.ddr_byte_lane_B/mem_refclk
    PHASER_IN_PHY_X0Y17  PHASER_IN_PHY                                r  ddr3.u_axi_wrap_ddr/mig_axi/u_mig_axi_32_mig/u_memc_ui_top_axi/mem_intfc0/ddr_phy_top0/u_ddr_mc_phy_wrapper/u_ddr_mc_phy/ddr_phy_4lanes_0.u_ddr_phy_4lanes/ddr_byte_lane_B.ddr_byte_lane_B/phaser_in_gen.phaser_in/MEMREFCLK
  -------------------------------------------------------------------    -------------------
    PHASER_IN_PHY_X0Y17  PHASER_IN_PHY (Prop_phaser_in_phy_MEMREFCLK_DQSFOUND)
                                                      0.204     2.512 r  ddr3.u_axi_wrap_ddr/mig_axi/u_mig_axi_32_mig/u_memc_ui_top_axi/mem_intfc0/ddr_phy_top0/u_ddr_mc_phy_wrapper/u_ddr_mc_phy/ddr_phy_4lanes_0.u_ddr_phy_4lanes/ddr_byte_lane_B.ddr_byte_lane_B/phaser_in_gen.phaser_in/DQSFOUND
                         net (fo=1, routed)           0.638     3.150    ddr3.u_axi_wrap_ddr/mig_axi/u_mig_axi_32_mig/u_memc_ui_top_axi/mem_intfc0/ddr_phy_top0/u_ddr_calib_top/dqsfind_calib_left.u_ddr_phy_dqs_found_cal_hr/pi_dqs_found_lanes[1]
    SLICE_X15Y232        FDRE                                         r  ddr3.u_axi_wrap_ddr/mig_axi/u_mig_axi_32_mig/u_memc_ui_top_axi/mem_intfc0/ddr_phy_top0/u_ddr_calib_top/dqsfind_calib_left.u_ddr_phy_dqs_found_cal_hr/pi_dqs_found_lanes_r1_reg[1]/D
  -------------------------------------------------------------------    -------------------

                         (clock clk_pll_i rise edge)
                                                      0.000     0.000 r  
    AC19                                              0.000     0.000 r  clk (IN)
                         net (fo=0)                   0.000     0.000    clk
    AC19                 IBUF (Prop_ibuf_I_O)         0.441     0.441 r  clk_IBUF_inst/O
                         net (fo=1, routed)           1.160     1.601    clk_IBUF
    BUFGCTRL_X0Y0        BUFG (Prop_bufg_I_O)         0.029     1.630 r  clk_IBUF_BUFG_inst/O
                         net (fo=2166, routed)        0.976     2.606    ddr3.u_axi_wrap_ddr/mig_axi/u_mig_axi_32_mig/u_ddr3_infrastructure/mmcm_clk
    PLLE2_ADV_X0Y4       PLLE2_ADV (Prop_plle2_adv_CLKIN1_CLKOUT3)
                                                      0.053     2.659 r  ddr3.u_axi_wrap_ddr/mig_axi/u_mig_axi_32_mig/u_ddr3_infrastructure/plle2_i/CLKOUT3
                         net (fo=1, routed)           0.577     3.236    ddr3.u_axi_wrap_ddr/mig_axi/u_mig_axi_32_mig/u_ddr3_infrastructure/pll_clk3_out
    BUFHCE_X0Y48         BUFH (Prop_bufh_I_O)         0.043     3.279 r  ddr3.u_axi_wrap_ddr/mig_axi/u_mig_axi_32_mig/u_ddr3_infrastructure/u_bufh_pll_clk3/O
                         net (fo=1, routed)           0.553     3.832    ddr3.u_axi_wrap_ddr/mig_axi/u_mig_axi_32_mig/u_ddr3_infrastructure/pll_clk3
    MMCME2_ADV_X0Y4      MMCME2_ADV (Prop_mmcme2_adv_CLKIN1_CLKFBOUT)
                                                     -1.858     1.974 r  ddr3.u_axi_wrap_ddr/mig_axi/u_mig_axi_32_mig/u_ddr3_infrastructure/gen_mmcm.mmcm_i/CLKFBOUT
                         net (fo=1, routed)           0.860     2.834    ddr3.u_axi_wrap_ddr/mig_axi/u_mig_axi_32_mig/u_ddr3_infrastructure/clk_pll_i
    BUFGCTRL_X0Y16       BUFG (Prop_bufg_I_O)         0.029     2.863 r  ddr3.u_axi_wrap_ddr/mig_axi/u_mig_axi_32_mig/u_ddr3_infrastructure/u_bufg_clkdiv0/O
                         net (fo=7005, routed)        0.979     3.842    ddr3.u_axi_wrap_ddr/mig_axi/u_mig_axi_32_mig/u_memc_ui_top_axi/mem_intfc0/ddr_phy_top0/u_ddr_calib_top/dqsfind_calib_left.u_ddr_phy_dqs_found_cal_hr/CLK
    SLICE_X15Y232        FDRE                                         r  ddr3.u_axi_wrap_ddr/mig_axi/u_mig_axi_32_mig/u_memc_ui_top_axi/mem_intfc0/ddr_phy_top0/u_ddr_calib_top/dqsfind_calib_left.u_ddr_phy_dqs_found_cal_hr/pi_dqs_found_lanes_r1_reg[1]/C





--------------------------------------------------------------------------------------
Path Group:  (none)
From Clock:  sys_clk
  To Clock:  cpu_clk

Max Delay            56 Endpoints
Min Delay            56 Endpoints
--------------------------------------------------------------------------------------


Max Delay Paths
--------------------------------------------------------------------------------------
Slack:                    inf
  Source:                 fpga_pll.u_rst_sys/delay_reg[1]/C
                            (rising edge-triggered cell FDCE clocked by sys_clk  {rise@0.000ns fall@5.000ns period=10.000ns})
  Destination:            u_axi_clock_sync/bFifo/bufferCC_12/buffers_0_reg/CLR
                            (recovery check against rising-edge clock cpu_clk  {rise@0.000ns fall@15.625ns period=31.250ns})
  Path Group:             (none)
  Path Type:              Recovery (Max at Slow Process Corner)
  Data Path Delay:        4.488ns  (logic 0.538ns (11.988%)  route 3.950ns (88.012%))
  Logic Levels:           1  (LUT1=1)
  Clock Path Skew:        -0.321ns (DCD - SCD + CPR)
    Destination Clock Delay (DCD):    5.176ns
    Source Clock Delay      (SCD):    5.497ns
    Clock Pessimism Removal (CPR):    0.000ns
  Clock Uncertainty:      0.185ns  ((TSJ^2 + DJ^2)^1/2) / 2 + PE
    Total System Jitter     (TSJ):    0.071ns
    Discrete Jitter          (DJ):    0.109ns
    Phase Error              (PE):    0.120ns
  Timing Exception:       Asynchronous Clock Groups

    Location             Delay type                Incr(ns)  Path(ns)    Netlist Resource(s)
  -------------------------------------------------------------------    -------------------
                         (clock sys_clk rise edge)    0.000     0.000 r  
    AC19                                              0.000     0.000 r  clk (IN)
                         net (fo=0)                   0.000     0.000    clk
    AC19                 IBUF (Prop_ibuf_I_O)         1.416     1.416 r  clk_IBUF_inst/O
                         net (fo=1, routed)           2.602     4.018    clk_IBUF
    BUFGCTRL_X0Y0        BUFG (Prop_bufg_I_O)         0.081     4.099 r  clk_IBUF_BUFG_inst/O
                         net (fo=2166, routed)        1.536     5.635    fpga_pll.u_clk_pll/inst/clk_in1
    PLLE2_ADV_X0Y2       PLLE2_ADV (Prop_plle2_adv_CLKIN1_CLKOUT1)
                                                     -3.173     2.461 r  fpga_pll.u_clk_pll/inst/plle2_adv_inst/CLKOUT1
                         net (fo=1, routed)           1.557     4.018    fpga_pll.u_clk_pll/inst/sys_clk_clk_pll
    BUFGCTRL_X0Y3        BUFG (Prop_bufg_I_O)         0.081     4.099 r  fpga_pll.u_clk_pll/inst/clkout2_buf/O
                         net (fo=3603, routed)        1.398     5.497    fpga_pll.u_rst_sys/sys_clk
    SLICE_X42Y195        FDCE                                         r  fpga_pll.u_rst_sys/delay_reg[1]/C
  -------------------------------------------------------------------    -------------------
    SLICE_X42Y195        FDCE (Prop_fdce_C_Q)         0.433     5.930 r  fpga_pll.u_rst_sys/delay_reg[1]/Q
                         net (fo=36, routed)          1.683     7.614    fpga_pll.u_rst_sys/Q[0]
    SLICE_X50Y192        LUT1 (Prop_lut1_I0_O)        0.105     7.719 f  fpga_pll.u_rst_sys/pushCC_pushPtr[2]_i_3__1/O
                         net (fo=718, routed)         2.266     9.985    u_axi_clock_sync/bFifo/bufferCC_12/prst
    SLICE_X49Y179        FDCE                                         f  u_axi_clock_sync/bFifo/bufferCC_12/buffers_0_reg/CLR
  -------------------------------------------------------------------    -------------------

                         (clock cpu_clk rise edge)    0.000     0.000 r  
    AC19                                              0.000     0.000 r  clk (IN)
                         net (fo=0)                   0.000     0.000    clk
    AC19                 IBUF (Prop_ibuf_I_O)         1.350     1.350 r  clk_IBUF_inst/O
                         net (fo=1, routed)           2.471     3.821    clk_IBUF
    BUFGCTRL_X0Y0        BUFG (Prop_bufg_I_O)         0.077     3.898 r  clk_IBUF_BUFG_inst/O
                         net (fo=2166, routed)        1.434     5.331    fpga_pll.u_clk_pll/inst/clk_in1
    PLLE2_ADV_X0Y2       PLLE2_ADV (Prop_plle2_adv_CLKIN1_CLKOUT0)
                                                     -2.995     2.336 r  fpga_pll.u_clk_pll/inst/plle2_adv_inst/CLKOUT0
                         net (fo=1, routed)           1.484     3.821    fpga_pll.u_clk_pll/inst/cpu_clk_clk_pll
    BUFGCTRL_X0Y2        BUFG (Prop_bufg_I_O)         0.077     3.898 r  fpga_pll.u_clk_pll/inst/clkout1_buf/O
                         net (fo=25951, routed)       1.278     5.176    u_axi_clock_sync/bFifo/bufferCC_12/cpu_clk
    SLICE_X49Y179        FDCE                                         r  u_axi_clock_sync/bFifo/bufferCC_12/buffers_0_reg/C





Min Delay Paths
--------------------------------------------------------------------------------------
Slack:                    inf
  Source:                 u_axi_clock_sync/awFifo/popCC_ptrToPush_reg[2]/C
                            (rising edge-triggered cell FDCE clocked by sys_clk  {rise@0.000ns fall@5.000ns period=10.000ns})
  Destination:            u_axi_clock_sync/awFifo/popToPushGray_buffercc/buffers_0_reg[2]/D
                            (rising edge-triggered cell FDCE clocked by cpu_clk  {rise@0.000ns fall@15.625ns period=31.250ns})
  Path Group:             (none)
  Path Type:              Hold (Min at Fast Process Corner)
  Data Path Delay:        0.247ns  (logic 0.141ns (57.013%)  route 0.106ns (42.987%))
  Logic Levels:           0  
  Clock Path Skew:        0.544ns (DCD - SCD - CPR)
    Destination Clock Delay (DCD):    2.467ns
    Source Clock Delay      (SCD):    1.923ns
    Clock Pessimism Removal (CPR):    -0.000ns
  Clock Uncertainty:      0.185ns  ((TSJ^2 + DJ^2)^1/2) / 2 + PE
    Total System Jitter     (TSJ):    0.071ns
    Discrete Jitter          (DJ):    0.109ns
    Phase Error              (PE):    0.120ns
  Timing Exception:       Asynchronous Clock Groups

    Location             Delay type                Incr(ns)  Path(ns)    Netlist Resource(s)
  -------------------------------------------------------------------    -------------------
                         (clock sys_clk rise edge)    0.000     0.000 r  
    AC19                                              0.000     0.000 r  clk (IN)
                         net (fo=0)                   0.000     0.000    clk
    AC19                 IBUF (Prop_ibuf_I_O)         0.253     0.253 r  clk_IBUF_inst/O
                         net (fo=1, routed)           1.074     1.327    clk_IBUF
    BUFGCTRL_X0Y0        BUFG (Prop_bufg_I_O)         0.026     1.353 r  clk_IBUF_BUFG_inst/O
                         net (fo=2166, routed)        0.615     1.967    fpga_pll.u_clk_pll/inst/clk_in1
    PLLE2_ADV_X0Y2       PLLE2_ADV (Prop_plle2_adv_CLKIN1_CLKOUT1)
                                                     -1.200     0.767 r  fpga_pll.u_clk_pll/inst/plle2_adv_inst/CLKOUT1
                         net (fo=1, routed)           0.560     1.327    fpga_pll.u_clk_pll/inst/sys_clk_clk_pll
    BUFGCTRL_X0Y3        BUFG (Prop_bufg_I_O)         0.026     1.353 r  fpga_pll.u_clk_pll/inst/clkout2_buf/O
                         net (fo=3603, routed)        0.571     1.923    u_axi_clock_sync/awFifo/sys_clk
    SLICE_X55Y176        FDCE                                         r  u_axi_clock_sync/awFifo/popCC_ptrToPush_reg[2]/C
  -------------------------------------------------------------------    -------------------
    SLICE_X55Y176        FDCE (Prop_fdce_C_Q)         0.141     2.064 r  u_axi_clock_sync/awFifo/popCC_ptrToPush_reg[2]/Q
                         net (fo=2, routed)           0.106     2.171    u_axi_clock_sync/awFifo/popToPushGray_buffercc/D[2]
    SLICE_X56Y175        FDCE                                         r  u_axi_clock_sync/awFifo/popToPushGray_buffercc/buffers_0_reg[2]/D
  -------------------------------------------------------------------    -------------------

                         (clock cpu_clk rise edge)    0.000     0.000 r  
    AC19                                              0.000     0.000 r  clk (IN)
                         net (fo=0)                   0.000     0.000    clk
    AC19                 IBUF (Prop_ibuf_I_O)         0.441     0.441 r  clk_IBUF_inst/O
                         net (fo=1, routed)           1.160     1.601    clk_IBUF
    BUFGCTRL_X0Y0        BUFG (Prop_bufg_I_O)         0.029     1.630 r  clk_IBUF_BUFG_inst/O
                         net (fo=2166, routed)        0.884     2.513    fpga_pll.u_clk_pll/inst/clk_in1
    PLLE2_ADV_X0Y2       PLLE2_ADV (Prop_plle2_adv_CLKIN1_CLKOUT0)
                                                     -1.523     0.990 r  fpga_pll.u_clk_pll/inst/plle2_adv_inst/CLKOUT0
                         net (fo=1, routed)           0.611     1.601    fpga_pll.u_clk_pll/inst/cpu_clk_clk_pll
    BUFGCTRL_X0Y2        BUFG (Prop_bufg_I_O)         0.029     1.630 r  fpga_pll.u_clk_pll/inst/clkout1_buf/O
                         net (fo=25951, routed)       0.837     2.467    u_axi_clock_sync/awFifo/popToPushGray_buffercc/cpu_clk
    SLICE_X56Y175        FDCE                                         r  u_axi_clock_sync/awFifo/popToPushGray_buffercc/buffers_0_reg[2]/C





--------------------------------------------------------------------------------------
Path Group:  (none)
From Clock:  clk
  To Clock:  dbg_hub/inst/BSCANID.u_xsdbm_id/SWITCH_N_EXT_BSCAN.bscan_inst/SERIES7_BSCAN.bscan_inst/TCK

Max Delay            95 Endpoints
Min Delay           103 Endpoints
--------------------------------------------------------------------------------------


Max Delay Paths
--------------------------------------------------------------------------------------
Slack:                    inf
  Source:                 dbg_hub/inst/BSCANID.u_xsdbm_id/CORE_XSDB.UUT_MASTER/U_ICON_INTERFACE/U_CMD1/ctl_reg_reg[0]/C
                            (rising edge-triggered cell FDRE clocked by clk  {rise@0.000ns fall@5.000ns period=10.000ns})
  Destination:            dbg_hub/inst/BSCANID.u_xsdbm_id/CORE_XSDB.UUT_MASTER/U_ICON_INTERFACE/ma_rst_1_reg/D
                            (rising edge-triggered cell FDRE clocked by dbg_hub/inst/BSCANID.u_xsdbm_id/SWITCH_N_EXT_BSCAN.bscan_inst/SERIES7_BSCAN.bscan_inst/TCK  {rise@0.000ns fall@16.500ns period=33.000ns})
  Path Group:             (none)
  Path Type:              Setup (Max at Slow Process Corner)
  Data Path Delay:        2.846ns  (logic 0.433ns (15.216%)  route 2.413ns (84.784%))
  Logic Levels:           0  
  Clock Path Skew:        -1.808ns (DCD - SCD + CPR)
    Destination Clock Delay (DCD):    3.686ns
    Source Clock Delay      (SCD):    5.494ns
    Clock Pessimism Removal (CPR):    0.000ns
  Clock Uncertainty:      0.035ns  ((TSJ^2 + TIJ^2)^1/2 + DJ) / 2 + PE
    Total System Jitter     (TSJ):    0.071ns
    Total Input Jitter      (TIJ):    0.000ns
    Discrete Jitter          (DJ):    0.000ns
    Phase Error              (PE):    0.000ns
  Timing Exception:       False Path

    Location             Delay type                Incr(ns)  Path(ns)    Netlist Resource(s)
  -------------------------------------------------------------------    -------------------
                         (clock clk rise edge)        0.000     0.000 r  
    AC19                                              0.000     0.000 r  clk (IN)
                         net (fo=0)                   0.000     0.000    clk
    AC19                 IBUF (Prop_ibuf_I_O)         1.416     1.416 r  clk_IBUF_inst/O
                         net (fo=1, routed)           2.602     4.018    clk_IBUF
    BUFGCTRL_X0Y0        BUFG (Prop_bufg_I_O)         0.081     4.099 r  clk_IBUF_BUFG_inst/O
                         net (fo=2166, routed)        1.395     5.494    dbg_hub/inst/BSCANID.u_xsdbm_id/CORE_XSDB.UUT_MASTER/U_ICON_INTERFACE/U_CMD1/clk
    SLICE_X60Y193        FDRE                                         r  dbg_hub/inst/BSCANID.u_xsdbm_id/CORE_XSDB.UUT_MASTER/U_ICON_INTERFACE/U_CMD1/ctl_reg_reg[0]/C
  -------------------------------------------------------------------    -------------------
    SLICE_X60Y193        FDRE (Prop_fdre_C_Q)         0.433     5.927 r  dbg_hub/inst/BSCANID.u_xsdbm_id/CORE_XSDB.UUT_MASTER/U_ICON_INTERFACE/U_CMD1/ctl_reg_reg[0]/Q
                         net (fo=182, routed)         2.413     8.340    dbg_hub/inst/BSCANID.u_xsdbm_id/CORE_XSDB.UUT_MASTER/U_ICON_INTERFACE/ma_rst
    SLICE_X68Y196        FDRE                                         r  dbg_hub/inst/BSCANID.u_xsdbm_id/CORE_XSDB.UUT_MASTER/U_ICON_INTERFACE/ma_rst_1_reg/D
  -------------------------------------------------------------------    -------------------

                         (clock dbg_hub/inst/BSCANID.u_xsdbm_id/SWITCH_N_EXT_BSCAN.bscan_inst/SERIES7_BSCAN.bscan_inst/TCK rise edge)
                                                      0.000     0.000 r  
    BSCAN_X0Y0           BSCANE2                      0.000     0.000 r  dbg_hub/inst/BSCANID.u_xsdbm_id/SWITCH_N_EXT_BSCAN.bscan_inst/SERIES7_BSCAN.bscan_inst/TCK
                         net (fo=1, routed)           2.331     2.331    dbg_hub/inst/BSCANID.u_xsdbm_id/tck_bs
    BUFGCTRL_X0Y4        BUFG (Prop_bufg_I_O)         0.077     2.408 r  dbg_hub/inst/BSCANID.u_xsdbm_id/SWITCH_N_EXT_BSCAN.u_bufg_icon_tck/O
                         net (fo=486, routed)         1.278     3.686    dbg_hub/inst/BSCANID.u_xsdbm_id/CORE_XSDB.UUT_MASTER/U_ICON_INTERFACE/m_bscan_tck[0]
    SLICE_X68Y196        FDRE                                         r  dbg_hub/inst/BSCANID.u_xsdbm_id/CORE_XSDB.UUT_MASTER/U_ICON_INTERFACE/ma_rst_1_reg/C





Min Delay Paths
--------------------------------------------------------------------------------------
Slack:                    inf
  Source:                 dbg_hub/inst/BSCANID.u_xsdbm_id/CORE_XSDB.UUT_MASTER/U_ICON_INTERFACE/U_CMD6_RD/U_RD_FIFO/SUBCORE_FIFO.xsdbm_v3_0_0_rdfifo_inst/inst_fifo_gen/gconvfifo.rf/grf.rf/gntv_or_sync_fifo.gcx.clkx/gnxpm_cdc.wr_pntr_gc_reg[3]/C
                            (rising edge-triggered cell FDCE clocked by clk  {rise@0.000ns fall@5.000ns period=10.000ns})
  Destination:            dbg_hub/inst/BSCANID.u_xsdbm_id/CORE_XSDB.UUT_MASTER/U_ICON_INTERFACE/U_CMD6_RD/U_RD_FIFO/SUBCORE_FIFO.xsdbm_v3_0_0_rdfifo_inst/inst_fifo_gen/gconvfifo.rf/grf.rf/gntv_or_sync_fifo.gcx.clkx/gnxpm_cdc.gsync_stage[1].rd_stg_inst/Q_reg_reg[3]/D
                            (rising edge-triggered cell FDCE clocked by dbg_hub/inst/BSCANID.u_xsdbm_id/SWITCH_N_EXT_BSCAN.bscan_inst/SERIES7_BSCAN.bscan_inst/TCK  {rise@0.000ns fall@16.500ns period=33.000ns})
  Path Group:             (none)
  Path Type:              Hold (Min at Fast Process Corner)
  Data Path Delay:        0.241ns  (logic 0.128ns (53.018%)  route 0.113ns (46.982%))
  Logic Levels:           0  
  Clock Path Skew:        0.577ns (DCD - SCD - CPR)
    Destination Clock Delay (DCD):    2.503ns
    Source Clock Delay      (SCD):    1.926ns
    Clock Pessimism Removal (CPR):    -0.000ns
  Clock Uncertainty:      0.035ns  ((TSJ^2 + TIJ^2)^1/2 + DJ) / 2 + PE
    Total System Jitter     (TSJ):    0.071ns
    Total Input Jitter      (TIJ):    0.000ns
    Discrete Jitter          (DJ):    0.000ns
    Phase Error              (PE):    0.000ns
  Timing Exception:       False Path

    Location             Delay type                Incr(ns)  Path(ns)    Netlist Resource(s)
  -------------------------------------------------------------------    -------------------
                         (clock clk rise edge)        0.000     0.000 r  
    AC19                                              0.000     0.000 r  clk (IN)
                         net (fo=0)                   0.000     0.000    clk
    AC19                 IBUF (Prop_ibuf_I_O)         0.253     0.253 r  clk_IBUF_inst/O
                         net (fo=1, routed)           1.074     1.327    clk_IBUF
    BUFGCTRL_X0Y0        BUFG (Prop_bufg_I_O)         0.026     1.353 r  clk_IBUF_BUFG_inst/O
                         net (fo=2166, routed)        0.574     1.926    dbg_hub/inst/BSCANID.u_xsdbm_id/CORE_XSDB.UUT_MASTER/U_ICON_INTERFACE/U_CMD6_RD/U_RD_FIFO/SUBCORE_FIFO.xsdbm_v3_0_0_rdfifo_inst/inst_fifo_gen/gconvfifo.rf/grf.rf/gntv_or_sync_fifo.gcx.clkx/wr_clk
    SLICE_X75Y199        FDCE                                         r  dbg_hub/inst/BSCANID.u_xsdbm_id/CORE_XSDB.UUT_MASTER/U_ICON_INTERFACE/U_CMD6_RD/U_RD_FIFO/SUBCORE_FIFO.xsdbm_v3_0_0_rdfifo_inst/inst_fifo_gen/gconvfifo.rf/grf.rf/gntv_or_sync_fifo.gcx.clkx/gnxpm_cdc.wr_pntr_gc_reg[3]/C
  -------------------------------------------------------------------    -------------------
    SLICE_X75Y199        FDCE (Prop_fdce_C_Q)         0.128     2.054 r  dbg_hub/inst/BSCANID.u_xsdbm_id/CORE_XSDB.UUT_MASTER/U_ICON_INTERFACE/U_CMD6_RD/U_RD_FIFO/SUBCORE_FIFO.xsdbm_v3_0_0_rdfifo_inst/inst_fifo_gen/gconvfifo.rf/grf.rf/gntv_or_sync_fifo.gcx.clkx/gnxpm_cdc.wr_pntr_gc_reg[3]/Q
                         net (fo=1, routed)           0.113     2.168    dbg_hub/inst/BSCANID.u_xsdbm_id/CORE_XSDB.UUT_MASTER/U_ICON_INTERFACE/U_CMD6_RD/U_RD_FIFO/SUBCORE_FIFO.xsdbm_v3_0_0_rdfifo_inst/inst_fifo_gen/gconvfifo.rf/grf.rf/gntv_or_sync_fifo.gcx.clkx/gnxpm_cdc.gsync_stage[1].rd_stg_inst/Q[3]
    SLICE_X76Y199        FDCE                                         r  dbg_hub/inst/BSCANID.u_xsdbm_id/CORE_XSDB.UUT_MASTER/U_ICON_INTERFACE/U_CMD6_RD/U_RD_FIFO/SUBCORE_FIFO.xsdbm_v3_0_0_rdfifo_inst/inst_fifo_gen/gconvfifo.rf/grf.rf/gntv_or_sync_fifo.gcx.clkx/gnxpm_cdc.gsync_stage[1].rd_stg_inst/Q_reg_reg[3]/D
  -------------------------------------------------------------------    -------------------

                         (clock dbg_hub/inst/BSCANID.u_xsdbm_id/SWITCH_N_EXT_BSCAN.bscan_inst/SERIES7_BSCAN.bscan_inst/TCK rise edge)
                                                      0.000     0.000 r  
    BSCAN_X0Y0           BSCANE2                      0.000     0.000 r  dbg_hub/inst/BSCANID.u_xsdbm_id/SWITCH_N_EXT_BSCAN.bscan_inst/SERIES7_BSCAN.bscan_inst/TCK
                         net (fo=1, routed)           1.632     1.632    dbg_hub/inst/BSCANID.u_xsdbm_id/tck_bs
    BUFGCTRL_X0Y4        BUFG (Prop_bufg_I_O)         0.029     1.661 r  dbg_hub/inst/BSCANID.u_xsdbm_id/SWITCH_N_EXT_BSCAN.u_bufg_icon_tck/O
                         net (fo=486, routed)         0.843     2.503    dbg_hub/inst/BSCANID.u_xsdbm_id/CORE_XSDB.UUT_MASTER/U_ICON_INTERFACE/U_CMD6_RD/U_RD_FIFO/SUBCORE_FIFO.xsdbm_v3_0_0_rdfifo_inst/inst_fifo_gen/gconvfifo.rf/grf.rf/gntv_or_sync_fifo.gcx.clkx/gnxpm_cdc.gsync_stage[1].rd_stg_inst/rd_clk
    SLICE_X76Y199        FDCE                                         r  dbg_hub/inst/BSCANID.u_xsdbm_id/CORE_XSDB.UUT_MASTER/U_ICON_INTERFACE/U_CMD6_RD/U_RD_FIFO/SUBCORE_FIFO.xsdbm_v3_0_0_rdfifo_inst/inst_fifo_gen/gconvfifo.rf/grf.rf/gntv_or_sync_fifo.gcx.clkx/gnxpm_cdc.gsync_stage[1].rd_stg_inst/Q_reg_reg[3]/C





--------------------------------------------------------------------------------------
Path Group:  (none)
From Clock:  
  To Clock:  ddr_clk

Max Delay            15 Endpoints
Min Delay            15 Endpoints
--------------------------------------------------------------------------------------


Max Delay Paths
--------------------------------------------------------------------------------------
Slack:                    inf
  Source:                 resetn_fpga
                            (input port)
  Destination:            ddr3.u_axi_wrap_ddr/mig_axi/u_mig_axi_32_mig/u_iodelay_ctrl/rst_ref_sync_r_reg[0][10]/PRE
                            (recovery check against rising-edge clock ddr_clk  {rise@0.000ns fall@2.500ns period=5.000ns})
  Path Group:             (none)
  Path Type:              Recovery (Max at Slow Process Corner)
  Data Path Delay:        13.519ns  (logic 1.646ns (12.175%)  route 11.873ns (87.825%))
  Logic Levels:           3  (IBUF=1 LUT1=1 LUT2=1)
  Clock Path Skew:        5.512ns (DCD - SCD + CPR)
    Destination Clock Delay (DCD):    5.512ns
    Source Clock Delay      (SCD):    0.000ns
    Clock Pessimism Removal (CPR):    0.000ns
  Clock Uncertainty:      0.160ns  ((TSJ^2 + DJ^2)^1/2) / 2 + PE
    Total System Jitter     (TSJ):    0.050ns
    Discrete Jitter          (DJ):    0.113ns
    Phase Error              (PE):    0.099ns
  Timing Exception:       False Path

    Location             Delay type                Incr(ns)  Path(ns)    Netlist Resource(s)
  -------------------------------------------------------------------    -------------------
    Y3                                                0.000     0.000 r  resetn_fpga (IN)
                         net (fo=0)                   0.000     0.000    resetn_fpga
    Y3                   IBUF (Prop_ibuf_I_O)         1.436     1.436 r  resetn_fpga_IBUF_inst/O
                         net (fo=2, routed)           4.183     5.619    ddr3.u_axi_wrap_ddr/resetn_fpga_IBUF
    SLICE_X77Y179        LUT2 (Prop_lut2_I0_O)        0.105     5.724 r  ddr3.u_axi_wrap_ddr/mig_axi_i_3/O
                         net (fo=4, routed)           6.942    12.666    ddr3.u_axi_wrap_ddr/mig_axi/u_mig_axi_32_mig/u_iodelay_ctrl/sys_rst_i
    SLICE_X0Y247         LUT1 (Prop_lut1_I0_O)        0.105    12.771 f  ddr3.u_axi_wrap_ddr/mig_axi/u_mig_axi_32_mig/u_iodelay_ctrl/plle2_i_i_1/O
                         net (fo=16, routed)          0.748    13.519    ddr3.u_axi_wrap_ddr/mig_axi/u_mig_axi_32_mig/u_iodelay_ctrl/AS[0]
    SLICE_X0Y247         FDPE                                         f  ddr3.u_axi_wrap_ddr/mig_axi/u_mig_axi_32_mig/u_iodelay_ctrl/rst_ref_sync_r_reg[0][10]/PRE
  -------------------------------------------------------------------    -------------------

                         (clock ddr_clk rise edge)    0.000     0.000 r  
    AC19                                              0.000     0.000 r  clk (IN)
                         net (fo=0)                   0.000     0.000    clk
    AC19                 IBUF (Prop_ibuf_I_O)         1.350     1.350 r  clk_IBUF_inst/O
                         net (fo=1, routed)           2.471     3.821    clk_IBUF
    BUFGCTRL_X0Y0        BUFG (Prop_bufg_I_O)         0.077     3.898 r  clk_IBUF_BUFG_inst/O
                         net (fo=2166, routed)        1.706     5.604    fpga_pll.u_clk_pll_ddr/inst/clk_in1
    PLLE2_ADV_X1Y0       PLLE2_ADV (Prop_plle2_adv_CLKIN1_CLKOUT0)
                                                     -3.960     1.644 r  fpga_pll.u_clk_pll_ddr/inst/plle2_adv_inst/CLKOUT0
                         net (fo=1, routed)           2.177     3.821    fpga_pll.u_clk_pll_ddr/inst/ddr_clk_clk_pll_ddr
    BUFGCTRL_X0Y1        BUFG (Prop_bufg_I_O)         0.077     3.898 r  fpga_pll.u_clk_pll_ddr/inst/clkout1_buf/O
                         net (fo=62, routed)          1.614     5.512    ddr3.u_axi_wrap_ddr/mig_axi/u_mig_axi_32_mig/u_iodelay_ctrl/clk_ref_i
    SLICE_X0Y247         FDPE                                         r  ddr3.u_axi_wrap_ddr/mig_axi/u_mig_axi_32_mig/u_iodelay_ctrl/rst_ref_sync_r_reg[0][10]/C





Min Delay Paths
--------------------------------------------------------------------------------------
Slack:                    inf
  Source:                 resetn_fpga
                            (input port)
  Destination:            ddr3.u_axi_wrap_ddr/mig_axi/u_mig_axi_32_mig/u_iodelay_ctrl/rst_ref_sync_r_reg[0][5]/PRE
                            (removal check against rising-edge clock ddr_clk  {rise@0.000ns fall@2.500ns period=5.000ns})
  Path Group:             (none)
  Path Type:              Removal (Min at Fast Process Corner)
  Data Path Delay:        6.639ns  (logic 0.362ns (5.460%)  route 6.276ns (94.540%))
  Logic Levels:           3  (IBUF=1 LUT1=1 LUT2=1)
  Clock Path Skew:        2.651ns (DCD - SCD - CPR)
    Destination Clock Delay (DCD):    2.651ns
    Source Clock Delay      (SCD):    0.000ns
    Clock Pessimism Removal (CPR):    -0.000ns
  Timing Exception:       False Path

    Location             Delay type                Incr(ns)  Path(ns)    Netlist Resource(s)
  -------------------------------------------------------------------    -------------------
    Y3                                                0.000     0.000 r  resetn_fpga (IN)
                         net (fo=0)                   0.000     0.000    resetn_fpga
    Y3                   IBUF (Prop_ibuf_I_O)         0.272     0.272 r  resetn_fpga_IBUF_inst/O
                         net (fo=2, routed)           2.142     2.414    ddr3.u_axi_wrap_ddr/resetn_fpga_IBUF
    SLICE_X77Y179        LUT2 (Prop_lut2_I0_O)        0.045     2.459 r  ddr3.u_axi_wrap_ddr/mig_axi_i_3/O
                         net (fo=4, routed)           3.903     6.362    ddr3.u_axi_wrap_ddr/mig_axi/u_mig_axi_32_mig/u_iodelay_ctrl/sys_rst_i
    SLICE_X0Y247         LUT1 (Prop_lut1_I0_O)        0.045     6.407 f  ddr3.u_axi_wrap_ddr/mig_axi/u_mig_axi_32_mig/u_iodelay_ctrl/plle2_i_i_1/O
                         net (fo=16, routed)          0.231     6.639    ddr3.u_axi_wrap_ddr/mig_axi/u_mig_axi_32_mig/u_iodelay_ctrl/AS[0]
    SLICE_X2Y247         FDPE                                         f  ddr3.u_axi_wrap_ddr/mig_axi/u_mig_axi_32_mig/u_iodelay_ctrl/rst_ref_sync_r_reg[0][5]/PRE
  -------------------------------------------------------------------    -------------------

                         (clock ddr_clk rise edge)    0.000     0.000 r  
    AC19                                              0.000     0.000 r  clk (IN)
                         net (fo=0)                   0.000     0.000    clk
    AC19                 IBUF (Prop_ibuf_I_O)         0.441     0.441 r  clk_IBUF_inst/O
                         net (fo=1, routed)           1.160     1.601    clk_IBUF
    BUFGCTRL_X0Y0        BUFG (Prop_bufg_I_O)         0.029     1.630 r  clk_IBUF_BUFG_inst/O
                         net (fo=2166, routed)        1.027     2.656    fpga_pll.u_clk_pll_ddr/inst/clk_in1
    PLLE2_ADV_X1Y0       PLLE2_ADV (Prop_plle2_adv_CLKIN1_CLKOUT0)
                                                     -2.061     0.596 r  fpga_pll.u_clk_pll_ddr/inst/plle2_adv_inst/CLKOUT0
                         net (fo=1, routed)           1.005     1.601    fpga_pll.u_clk_pll_ddr/inst/ddr_clk_clk_pll_ddr
    BUFGCTRL_X0Y1        BUFG (Prop_bufg_I_O)         0.029     1.630 r  fpga_pll.u_clk_pll_ddr/inst/clkout1_buf/O
                         net (fo=62, routed)          1.021     2.651    ddr3.u_axi_wrap_ddr/mig_axi/u_mig_axi_32_mig/u_iodelay_ctrl/clk_ref_i
    SLICE_X2Y247         FDPE                                         r  ddr3.u_axi_wrap_ddr/mig_axi/u_mig_axi_32_mig/u_iodelay_ctrl/rst_ref_sync_r_reg[0][5]/C





--------------------------------------------------------------------------------------
Path Group:  (none)
From Clock:  clk
  To Clock:  ddr_clk

Max Delay            15 Endpoints
Min Delay            15 Endpoints
--------------------------------------------------------------------------------------


Max Delay Paths
--------------------------------------------------------------------------------------
Slack:                    inf
  Source:                 vio/inst/PROBE_OUT_ALL_INST/G_PROBE_OUT[0].PROBE_OUT0_INST/Probe_out_reg[0]/C
                            (rising edge-triggered cell FDSE clocked by clk  {rise@0.000ns fall@5.000ns period=10.000ns})
  Destination:            ddr3.u_axi_wrap_ddr/mig_axi/u_mig_axi_32_mig/u_iodelay_ctrl/rst_ref_sync_r_reg[0][10]/PRE
                            (recovery check against rising-edge clock ddr_clk  {rise@0.000ns fall@2.500ns period=5.000ns})
  Path Group:             (none)
  Path Type:              Recovery (Max at Slow Process Corner)
  Data Path Delay:        9.068ns  (logic 0.589ns (6.495%)  route 8.479ns (93.505%))
  Logic Levels:           2  (LUT1=1 LUT2=1)
  Clock Path Skew:        0.040ns (DCD - SCD + CPR)
    Destination Clock Delay (DCD):    5.512ns
    Source Clock Delay      (SCD):    5.471ns
    Clock Pessimism Removal (CPR):    0.000ns
  Clock Uncertainty:      0.165ns  ((TSJ^2 + DJ^2)^1/2) / 2 + PE
    Total System Jitter     (TSJ):    0.071ns
    Discrete Jitter          (DJ):    0.113ns
    Phase Error              (PE):    0.099ns
  Timing Exception:       Asynchronous Clock Groups

    Location             Delay type                Incr(ns)  Path(ns)    Netlist Resource(s)
  -------------------------------------------------------------------    -------------------
                         (clock clk rise edge)        0.000     0.000 r  
    AC19                                              0.000     0.000 r  clk (IN)
                         net (fo=0)                   0.000     0.000    clk
    AC19                 IBUF (Prop_ibuf_I_O)         1.416     1.416 r  clk_IBUF_inst/O
                         net (fo=1, routed)           2.602     4.018    clk_IBUF
    BUFGCTRL_X0Y0        BUFG (Prop_bufg_I_O)         0.081     4.099 r  clk_IBUF_BUFG_inst/O
                         net (fo=2166, routed)        1.372     5.471    vio/inst/PROBE_OUT_ALL_INST/G_PROBE_OUT[0].PROBE_OUT0_INST/clk
    SLICE_X75Y181        FDSE                                         r  vio/inst/PROBE_OUT_ALL_INST/G_PROBE_OUT[0].PROBE_OUT0_INST/Probe_out_reg[0]/C
  -------------------------------------------------------------------    -------------------
    SLICE_X75Y181        FDSE (Prop_fdse_C_Q)         0.379     5.850 r  vio/inst/PROBE_OUT_ALL_INST/G_PROBE_OUT[0].PROBE_OUT0_INST/Probe_out_reg[0]/Q
                         net (fo=2, routed)           0.789     6.639    ddr3.u_axi_wrap_ddr/out
    SLICE_X77Y179        LUT2 (Prop_lut2_I1_O)        0.105     6.744 r  ddr3.u_axi_wrap_ddr/mig_axi_i_3/O
                         net (fo=4, routed)           6.942    13.686    ddr3.u_axi_wrap_ddr/mig_axi/u_mig_axi_32_mig/u_iodelay_ctrl/sys_rst_i
    SLICE_X0Y247         LUT1 (Prop_lut1_I0_O)        0.105    13.791 f  ddr3.u_axi_wrap_ddr/mig_axi/u_mig_axi_32_mig/u_iodelay_ctrl/plle2_i_i_1/O
                         net (fo=16, routed)          0.748    14.539    ddr3.u_axi_wrap_ddr/mig_axi/u_mig_axi_32_mig/u_iodelay_ctrl/AS[0]
    SLICE_X0Y247         FDPE                                         f  ddr3.u_axi_wrap_ddr/mig_axi/u_mig_axi_32_mig/u_iodelay_ctrl/rst_ref_sync_r_reg[0][10]/PRE
  -------------------------------------------------------------------    -------------------

                         (clock ddr_clk rise edge)    0.000     0.000 r  
    AC19                                              0.000     0.000 r  clk (IN)
                         net (fo=0)                   0.000     0.000    clk
    AC19                 IBUF (Prop_ibuf_I_O)         1.350     1.350 r  clk_IBUF_inst/O
                         net (fo=1, routed)           2.471     3.821    clk_IBUF
    BUFGCTRL_X0Y0        BUFG (Prop_bufg_I_O)         0.077     3.898 r  clk_IBUF_BUFG_inst/O
                         net (fo=2166, routed)        1.706     5.604    fpga_pll.u_clk_pll_ddr/inst/clk_in1
    PLLE2_ADV_X1Y0       PLLE2_ADV (Prop_plle2_adv_CLKIN1_CLKOUT0)
                                                     -3.960     1.644 r  fpga_pll.u_clk_pll_ddr/inst/plle2_adv_inst/CLKOUT0
                         net (fo=1, routed)           2.177     3.821    fpga_pll.u_clk_pll_ddr/inst/ddr_clk_clk_pll_ddr
    BUFGCTRL_X0Y1        BUFG (Prop_bufg_I_O)         0.077     3.898 r  fpga_pll.u_clk_pll_ddr/inst/clkout1_buf/O
                         net (fo=62, routed)          1.614     5.512    ddr3.u_axi_wrap_ddr/mig_axi/u_mig_axi_32_mig/u_iodelay_ctrl/clk_ref_i
    SLICE_X0Y247         FDPE                                         r  ddr3.u_axi_wrap_ddr/mig_axi/u_mig_axi_32_mig/u_iodelay_ctrl/rst_ref_sync_r_reg[0][10]/C





Min Delay Paths
--------------------------------------------------------------------------------------
Slack:                    inf
  Source:                 vio/inst/PROBE_OUT_ALL_INST/G_PROBE_OUT[0].PROBE_OUT0_INST/Probe_out_reg[0]/C
                            (rising edge-triggered cell FDSE clocked by clk  {rise@0.000ns fall@5.000ns period=10.000ns})
  Destination:            ddr3.u_axi_wrap_ddr/mig_axi/u_mig_axi_32_mig/u_iodelay_ctrl/rst_ref_sync_r_reg[0][5]/PRE
                            (removal check against rising-edge clock ddr_clk  {rise@0.000ns fall@2.500ns period=5.000ns})
  Path Group:             (none)
  Path Type:              Removal (Min at Fast Process Corner)
  Data Path Delay:        4.704ns  (logic 0.231ns (4.910%)  route 4.473ns (95.090%))
  Logic Levels:           2  (LUT1=1 LUT2=1)
  Clock Path Skew:        0.733ns (DCD - SCD - CPR)
    Destination Clock Delay (DCD):    2.651ns
    Source Clock Delay      (SCD):    1.918ns
    Clock Pessimism Removal (CPR):    -0.000ns
  Clock Uncertainty:      0.165ns  ((TSJ^2 + DJ^2)^1/2) / 2 + PE
    Total System Jitter     (TSJ):    0.071ns
    Discrete Jitter          (DJ):    0.113ns
    Phase Error              (PE):    0.099ns
  Timing Exception:       Asynchronous Clock Groups

    Location             Delay type                Incr(ns)  Path(ns)    Netlist Resource(s)
  -------------------------------------------------------------------    -------------------
                         (clock clk rise edge)        0.000     0.000 r  
    AC19                                              0.000     0.000 r  clk (IN)
                         net (fo=0)                   0.000     0.000    clk
    AC19                 IBUF (Prop_ibuf_I_O)         0.253     0.253 r  clk_IBUF_inst/O
                         net (fo=1, routed)           1.074     1.327    clk_IBUF
    BUFGCTRL_X0Y0        BUFG (Prop_bufg_I_O)         0.026     1.353 r  clk_IBUF_BUFG_inst/O
                         net (fo=2166, routed)        0.566     1.918    vio/inst/PROBE_OUT_ALL_INST/G_PROBE_OUT[0].PROBE_OUT0_INST/clk
    SLICE_X75Y181        FDSE                                         r  vio/inst/PROBE_OUT_ALL_INST/G_PROBE_OUT[0].PROBE_OUT0_INST/Probe_out_reg[0]/C
  -------------------------------------------------------------------    -------------------
    SLICE_X75Y181        FDSE (Prop_fdse_C_Q)         0.141     2.059 r  vio/inst/PROBE_OUT_ALL_INST/G_PROBE_OUT[0].PROBE_OUT0_INST/Probe_out_reg[0]/Q
                         net (fo=2, routed)           0.339     2.399    ddr3.u_axi_wrap_ddr/out
    SLICE_X77Y179        LUT2 (Prop_lut2_I1_O)        0.045     2.444 r  ddr3.u_axi_wrap_ddr/mig_axi_i_3/O
                         net (fo=4, routed)           3.903     6.346    ddr3.u_axi_wrap_ddr/mig_axi/u_mig_axi_32_mig/u_iodelay_ctrl/sys_rst_i
    SLICE_X0Y247         LUT1 (Prop_lut1_I0_O)        0.045     6.391 f  ddr3.u_axi_wrap_ddr/mig_axi/u_mig_axi_32_mig/u_iodelay_ctrl/plle2_i_i_1/O
                         net (fo=16, routed)          0.231     6.623    ddr3.u_axi_wrap_ddr/mig_axi/u_mig_axi_32_mig/u_iodelay_ctrl/AS[0]
    SLICE_X2Y247         FDPE                                         f  ddr3.u_axi_wrap_ddr/mig_axi/u_mig_axi_32_mig/u_iodelay_ctrl/rst_ref_sync_r_reg[0][5]/PRE
  -------------------------------------------------------------------    -------------------

                         (clock ddr_clk rise edge)    0.000     0.000 r  
    AC19                                              0.000     0.000 r  clk (IN)
                         net (fo=0)                   0.000     0.000    clk
    AC19                 IBUF (Prop_ibuf_I_O)         0.441     0.441 r  clk_IBUF_inst/O
                         net (fo=1, routed)           1.160     1.601    clk_IBUF
    BUFGCTRL_X0Y0        BUFG (Prop_bufg_I_O)         0.029     1.630 r  clk_IBUF_BUFG_inst/O
                         net (fo=2166, routed)        1.027     2.656    fpga_pll.u_clk_pll_ddr/inst/clk_in1
    PLLE2_ADV_X1Y0       PLLE2_ADV (Prop_plle2_adv_CLKIN1_CLKOUT0)
                                                     -2.061     0.596 r  fpga_pll.u_clk_pll_ddr/inst/plle2_adv_inst/CLKOUT0
                         net (fo=1, routed)           1.005     1.601    fpga_pll.u_clk_pll_ddr/inst/ddr_clk_clk_pll_ddr
    BUFGCTRL_X0Y1        BUFG (Prop_bufg_I_O)         0.029     1.630 r  fpga_pll.u_clk_pll_ddr/inst/clkout1_buf/O
                         net (fo=62, routed)          1.021     2.651    ddr3.u_axi_wrap_ddr/mig_axi/u_mig_axi_32_mig/u_iodelay_ctrl/clk_ref_i
    SLICE_X2Y247         FDPE                                         r  ddr3.u_axi_wrap_ddr/mig_axi/u_mig_axi_32_mig/u_iodelay_ctrl/rst_ref_sync_r_reg[0][5]/C





--------------------------------------------------------------------------------------
Path Group:  (none)
From Clock:  clk_pll_i
  To Clock:  ddr_clk

Max Delay             0 Endpoints
Min Delay             1 Endpoint
--------------------------------------------------------------------------------------


Min Delay Paths
--------------------------------------------------------------------------------------
Slack:                    inf
  Source:                 ddr3.u_axi_wrap_ddr/mig_axi/u_mig_axi_32_mig/u_ddr3_infrastructure/rstdiv0_sync_r1_reg_rep/C
                            (rising edge-triggered cell FDPE clocked by clk_pll_i  {rise@0.000ns fall@5.000ns period=10.000ns})
  Destination:            ddr3.u_axi_wrap_ddr/mig_axi/u_mig_axi_32_mig/temp_mon_enabled.u_tempmon/xadc_supplied_temperature.rst_r1_reg/D
                            (rising edge-triggered cell FDRE clocked by ddr_clk  {rise@0.000ns fall@2.500ns period=5.000ns})
  Path Group:             (none)
  Path Type:              Hold (Min at Fast Process Corner)
  Data Path Delay:        1.231ns  (logic 0.164ns (13.327%)  route 1.067ns (86.673%))
  Logic Levels:           0  
  Clock Path Skew:        -0.462ns (DCD - SCD - CPR)
    Destination Clock Delay (DCD):    2.516ns
    Source Clock Delay      (SCD):    2.979ns
    Clock Pessimism Removal (CPR):    -0.000ns
  Clock Uncertainty:      0.261ns  ((TSJ^2 + DJ^2)^1/2) / 2 + PE
    Total System Jitter     (TSJ):    0.071ns
    Discrete Jitter          (DJ):    0.209ns
    Phase Error              (PE):    0.151ns
  Timing Exception:       False Path

    Location             Delay type                Incr(ns)  Path(ns)    Netlist Resource(s)
  -------------------------------------------------------------------    -------------------
                         (clock clk_pll_i rise edge)
                                                      0.000     0.000 r  
    AC19                                              0.000     0.000 r  clk (IN)
                         net (fo=0)                   0.000     0.000    clk
    AC19                 IBUF (Prop_ibuf_I_O)         0.253     0.253 r  clk_IBUF_inst/O
                         net (fo=1, routed)           1.074     1.327    clk_IBUF
    BUFGCTRL_X0Y0        BUFG (Prop_bufg_I_O)         0.026     1.353 r  clk_IBUF_BUFG_inst/O
                         net (fo=2166, routed)        0.701     2.054    ddr3.u_axi_wrap_ddr/mig_axi/u_mig_axi_32_mig/u_ddr3_infrastructure/mmcm_clk
    PLLE2_ADV_X0Y4       PLLE2_ADV (Prop_plle2_adv_CLKIN1_CLKOUT3)
                                                      0.050     2.104 r  ddr3.u_axi_wrap_ddr/mig_axi/u_mig_axi_32_mig/u_ddr3_infrastructure/plle2_i/CLKOUT3
                         net (fo=1, routed)           0.518     2.622    ddr3.u_axi_wrap_ddr/mig_axi/u_mig_axi_32_mig/u_ddr3_infrastructure/pll_clk3_out
    BUFHCE_X0Y48         BUFH (Prop_bufh_I_O)         0.020     2.642 r  ddr3.u_axi_wrap_ddr/mig_axi/u_mig_axi_32_mig/u_ddr3_infrastructure/u_bufh_pll_clk3/O
                         net (fo=1, routed)           0.326     2.968    ddr3.u_axi_wrap_ddr/mig_axi/u_mig_axi_32_mig/u_ddr3_infrastructure/pll_clk3
    MMCME2_ADV_X0Y4      MMCME2_ADV (Prop_mmcme2_adv_CLKIN1_CLKFBOUT)
                                                     -1.511     1.457 r  ddr3.u_axi_wrap_ddr/mig_axi/u_mig_axi_32_mig/u_ddr3_infrastructure/gen_mmcm.mmcm_i/CLKFBOUT
                         net (fo=1, routed)           0.790     2.248    ddr3.u_axi_wrap_ddr/mig_axi/u_mig_axi_32_mig/u_ddr3_infrastructure/clk_pll_i
    BUFGCTRL_X0Y16       BUFG (Prop_bufg_I_O)         0.026     2.274 r  ddr3.u_axi_wrap_ddr/mig_axi/u_mig_axi_32_mig/u_ddr3_infrastructure/u_bufg_clkdiv0/O
                         net (fo=7005, routed)        0.705     2.979    ddr3.u_axi_wrap_ddr/mig_axi/u_mig_axi_32_mig/u_ddr3_infrastructure/CLK
    SLICE_X22Y237        FDPE                                         r  ddr3.u_axi_wrap_ddr/mig_axi/u_mig_axi_32_mig/u_ddr3_infrastructure/rstdiv0_sync_r1_reg_rep/C
  -------------------------------------------------------------------    -------------------
    SLICE_X22Y237        FDPE (Prop_fdpe_C_Q)         0.164     3.143 r  ddr3.u_axi_wrap_ddr/mig_axi/u_mig_axi_32_mig/u_ddr3_infrastructure/rstdiv0_sync_r1_reg_rep/Q
                         net (fo=32, routed)          1.067     4.209    ddr3.u_axi_wrap_ddr/mig_axi/u_mig_axi_32_mig/temp_mon_enabled.u_tempmon/in0
    SLICE_X11Y180        FDRE                                         r  ddr3.u_axi_wrap_ddr/mig_axi/u_mig_axi_32_mig/temp_mon_enabled.u_tempmon/xadc_supplied_temperature.rst_r1_reg/D
  -------------------------------------------------------------------    -------------------

                         (clock ddr_clk rise edge)    0.000     0.000 r  
    AC19                                              0.000     0.000 r  clk (IN)
                         net (fo=0)                   0.000     0.000    clk
    AC19                 IBUF (Prop_ibuf_I_O)         0.441     0.441 r  clk_IBUF_inst/O
                         net (fo=1, routed)           1.160     1.601    clk_IBUF
    BUFGCTRL_X0Y0        BUFG (Prop_bufg_I_O)         0.029     1.630 r  clk_IBUF_BUFG_inst/O
                         net (fo=2166, routed)        1.027     2.656    fpga_pll.u_clk_pll_ddr/inst/clk_in1
    PLLE2_ADV_X1Y0       PLLE2_ADV (Prop_plle2_adv_CLKIN1_CLKOUT0)
                                                     -2.061     0.596 r  fpga_pll.u_clk_pll_ddr/inst/plle2_adv_inst/CLKOUT0
                         net (fo=1, routed)           1.005     1.601    fpga_pll.u_clk_pll_ddr/inst/ddr_clk_clk_pll_ddr
    BUFGCTRL_X0Y1        BUFG (Prop_bufg_I_O)         0.029     1.630 r  fpga_pll.u_clk_pll_ddr/inst/clkout1_buf/O
                         net (fo=62, routed)          0.887     2.516    ddr3.u_axi_wrap_ddr/mig_axi/u_mig_axi_32_mig/temp_mon_enabled.u_tempmon/clk_ref_i
    SLICE_X11Y180        FDRE                                         r  ddr3.u_axi_wrap_ddr/mig_axi/u_mig_axi_32_mig/temp_mon_enabled.u_tempmon/xadc_supplied_temperature.rst_r1_reg/C





--------------------------------------------------------------------------------------
Path Group:  (none)
From Clock:  clk
  To Clock:  sys_clk

Max Delay            93 Endpoints
Min Delay            93 Endpoints
--------------------------------------------------------------------------------------


Max Delay Paths
--------------------------------------------------------------------------------------
Slack:                    inf
  Source:                 u_jtag_axi_wrap/u_jtag_axi/inst/jtag_axi_engine_u/tx_fifo_i/inst_fifo_gen/gconvfifo.rf/grf.rf/gntv_or_sync_fifo.mem/gdm.dm_gen.dm/RAM_reg_64_127_24_26/RAMB/CLK
                            (rising edge-triggered cell RAMD64E clocked by clk  {rise@0.000ns fall@5.000ns period=10.000ns})
  Destination:            u_jtag_axi_wrap/u_jtag_axi/inst/jtag_axi_engine_u/tx_fifo_i/inst_fifo_gen/gconvfifo.rf/grf.rf/gntv_or_sync_fifo.mem/gdm.dm_gen.dm/gpr1.dout_i_reg[25]/D
                            (rising edge-triggered cell FDRE clocked by sys_clk  {rise@0.000ns fall@5.000ns period=10.000ns})
  Path Group:             (none)
  Path Type:              Setup (Max at Slow Process Corner)
  Data Path Delay:        2.315ns  (logic 1.192ns (51.498%)  route 1.123ns (48.502%))
  Logic Levels:           1  (LUT6=1)
  Clock Path Skew:        -0.304ns (DCD - SCD + CPR)
    Destination Clock Delay (DCD):    5.269ns
    Source Clock Delay      (SCD):    5.573ns
    Clock Pessimism Removal (CPR):    0.000ns
  Clock Uncertainty:      0.135ns  ((TSJ^2 + DJ^2)^1/2) / 2 + PE
    Total System Jitter     (TSJ):    0.071ns
    Discrete Jitter          (DJ):    0.089ns
    Phase Error              (PE):    0.078ns
  Timing Exception:       Asynchronous Clock Groups

    Location             Delay type                Incr(ns)  Path(ns)    Netlist Resource(s)
  -------------------------------------------------------------------    -------------------
                         (clock clk rise edge)        0.000     0.000 r  
    AC19                                              0.000     0.000 r  clk (IN)
                         net (fo=0)                   0.000     0.000    clk
    AC19                 IBUF (Prop_ibuf_I_O)         1.416     1.416 r  clk_IBUF_inst/O
                         net (fo=1, routed)           2.602     4.018    clk_IBUF
    BUFGCTRL_X0Y0        BUFG (Prop_bufg_I_O)         0.081     4.099 r  clk_IBUF_BUFG_inst/O
                         net (fo=2166, routed)        1.474     5.573    u_jtag_axi_wrap/u_jtag_axi/inst/jtag_axi_engine_u/tx_fifo_i/inst_fifo_gen/gconvfifo.rf/grf.rf/gntv_or_sync_fifo.mem/gdm.dm_gen.dm/RAM_reg_64_127_24_26/WCLK
    SLICE_X22Y183        RAMD64E                                      r  u_jtag_axi_wrap/u_jtag_axi/inst/jtag_axi_engine_u/tx_fifo_i/inst_fifo_gen/gconvfifo.rf/grf.rf/gntv_or_sync_fifo.mem/gdm.dm_gen.dm/RAM_reg_64_127_24_26/RAMB/CLK
  -------------------------------------------------------------------    -------------------
    SLICE_X22Y183        RAMD64E (Prop_ramd64e_CLK_O)
                                                      1.087     6.660 r  u_jtag_axi_wrap/u_jtag_axi/inst/jtag_axi_engine_u/tx_fifo_i/inst_fifo_gen/gconvfifo.rf/grf.rf/gntv_or_sync_fifo.mem/gdm.dm_gen.dm/RAM_reg_64_127_24_26/RAMB/O
                         net (fo=1, routed)           1.123     7.783    u_jtag_axi_wrap/u_jtag_axi/inst/jtag_axi_engine_u/tx_fifo_i/inst_fifo_gen/gconvfifo.rf/grf.rf/gntv_or_sync_fifo.mem/gdm.dm_gen.dm/RAM_reg_64_127_24_26_n_1
    SLICE_X22Y187        LUT6 (Prop_lut6_I3_O)        0.105     7.888 r  u_jtag_axi_wrap/u_jtag_axi/inst/jtag_axi_engine_u/tx_fifo_i/inst_fifo_gen/gconvfifo.rf/grf.rf/gntv_or_sync_fifo.mem/gdm.dm_gen.dm/gpr1.dout_i[25]_i_1/O
                         net (fo=1, routed)           0.000     7.888    u_jtag_axi_wrap/u_jtag_axi/inst/jtag_axi_engine_u/tx_fifo_i/inst_fifo_gen/gconvfifo.rf/grf.rf/gntv_or_sync_fifo.mem/gdm.dm_gen.dm/dout_i0[25]
    SLICE_X22Y187        FDRE                                         r  u_jtag_axi_wrap/u_jtag_axi/inst/jtag_axi_engine_u/tx_fifo_i/inst_fifo_gen/gconvfifo.rf/grf.rf/gntv_or_sync_fifo.mem/gdm.dm_gen.dm/gpr1.dout_i_reg[25]/D
  -------------------------------------------------------------------    -------------------

                         (clock sys_clk rise edge)    0.000     0.000 r  
    AC19                                              0.000     0.000 r  clk (IN)
                         net (fo=0)                   0.000     0.000    clk
    AC19                 IBUF (Prop_ibuf_I_O)         1.350     1.350 r  clk_IBUF_inst/O
                         net (fo=1, routed)           2.471     3.821    clk_IBUF
    BUFGCTRL_X0Y0        BUFG (Prop_bufg_I_O)         0.077     3.898 r  clk_IBUF_BUFG_inst/O
                         net (fo=2166, routed)        1.434     5.331    fpga_pll.u_clk_pll/inst/clk_in1
    PLLE2_ADV_X0Y2       PLLE2_ADV (Prop_plle2_adv_CLKIN1_CLKOUT1)
                                                     -2.995     2.336 r  fpga_pll.u_clk_pll/inst/plle2_adv_inst/CLKOUT1
                         net (fo=1, routed)           1.484     3.821    fpga_pll.u_clk_pll/inst/sys_clk_clk_pll
    BUFGCTRL_X0Y3        BUFG (Prop_bufg_I_O)         0.077     3.898 r  fpga_pll.u_clk_pll/inst/clkout2_buf/O
                         net (fo=3603, routed)        1.371     5.269    u_jtag_axi_wrap/u_jtag_axi/inst/jtag_axi_engine_u/tx_fifo_i/inst_fifo_gen/gconvfifo.rf/grf.rf/gntv_or_sync_fifo.mem/gdm.dm_gen.dm/gpr1.dout_i_reg[31]_0
    SLICE_X22Y187        FDRE                                         r  u_jtag_axi_wrap/u_jtag_axi/inst/jtag_axi_engine_u/tx_fifo_i/inst_fifo_gen/gconvfifo.rf/grf.rf/gntv_or_sync_fifo.mem/gdm.dm_gen.dm/gpr1.dout_i_reg[25]/C





Min Delay Paths
--------------------------------------------------------------------------------------
Slack:                    inf
  Source:                 u_jtag_axi_wrap/u_jtag_axi/inst/jtag_axi_engine_u/wr_cmd_fifowren_xsdb_reg/C
                            (rising edge-triggered cell FDRE clocked by clk  {rise@0.000ns fall@5.000ns period=10.000ns})
  Destination:            u_jtag_axi_wrap/u_jtag_axi/inst/jtag_axi_engine_u/wr_cmd_fifowren_axi_reg/D
                            (rising edge-triggered cell FDRE clocked by sys_clk  {rise@0.000ns fall@5.000ns period=10.000ns})
  Path Group:             (none)
  Path Type:              Hold (Min at Fast Process Corner)
  Data Path Delay:        0.185ns  (logic 0.128ns (69.202%)  route 0.057ns (30.798%))
  Logic Levels:           0  
  Clock Path Skew:        0.548ns (DCD - SCD - CPR)
    Destination Clock Delay (DCD):    2.474ns
    Source Clock Delay      (SCD):    1.926ns
    Clock Pessimism Removal (CPR):    -0.000ns
  Clock Uncertainty:      0.135ns  ((TSJ^2 + DJ^2)^1/2) / 2 + PE
    Total System Jitter     (TSJ):    0.071ns
    Discrete Jitter          (DJ):    0.089ns
    Phase Error              (PE):    0.078ns
  Timing Exception:       Asynchronous Clock Groups

    Location             Delay type                Incr(ns)  Path(ns)    Netlist Resource(s)
  -------------------------------------------------------------------    -------------------
                         (clock clk rise edge)        0.000     0.000 r  
    AC19                                              0.000     0.000 r  clk (IN)
                         net (fo=0)                   0.000     0.000    clk
    AC19                 IBUF (Prop_ibuf_I_O)         0.253     0.253 r  clk_IBUF_inst/O
                         net (fo=1, routed)           1.074     1.327    clk_IBUF
    BUFGCTRL_X0Y0        BUFG (Prop_bufg_I_O)         0.026     1.353 r  clk_IBUF_BUFG_inst/O
                         net (fo=2166, routed)        0.574     1.926    u_jtag_axi_wrap/u_jtag_axi/inst/jtag_axi_engine_u/xsdb_clk
    SLICE_X69Y188        FDRE                                         r  u_jtag_axi_wrap/u_jtag_axi/inst/jtag_axi_engine_u/wr_cmd_fifowren_xsdb_reg/C
  -------------------------------------------------------------------    -------------------
    SLICE_X69Y188        FDRE (Prop_fdre_C_Q)         0.128     2.054 r  u_jtag_axi_wrap/u_jtag_axi/inst/jtag_axi_engine_u/wr_cmd_fifowren_xsdb_reg/Q
                         net (fo=1, routed)           0.057     2.111    u_jtag_axi_wrap/u_jtag_axi/inst/jtag_axi_engine_u/wr_cmd_fifowren_xsdb
    SLICE_X68Y188        FDRE                                         r  u_jtag_axi_wrap/u_jtag_axi/inst/jtag_axi_engine_u/wr_cmd_fifowren_axi_reg/D
  -------------------------------------------------------------------    -------------------

                         (clock sys_clk rise edge)    0.000     0.000 r  
    AC19                                              0.000     0.000 r  clk (IN)
                         net (fo=0)                   0.000     0.000    clk
    AC19                 IBUF (Prop_ibuf_I_O)         0.441     0.441 r  clk_IBUF_inst/O
                         net (fo=1, routed)           1.160     1.601    clk_IBUF
    BUFGCTRL_X0Y0        BUFG (Prop_bufg_I_O)         0.029     1.630 r  clk_IBUF_BUFG_inst/O
                         net (fo=2166, routed)        0.884     2.513    fpga_pll.u_clk_pll/inst/clk_in1
    PLLE2_ADV_X0Y2       PLLE2_ADV (Prop_plle2_adv_CLKIN1_CLKOUT1)
                                                     -1.523     0.990 r  fpga_pll.u_clk_pll/inst/plle2_adv_inst/CLKOUT1
                         net (fo=1, routed)           0.611     1.601    fpga_pll.u_clk_pll/inst/sys_clk_clk_pll
    BUFGCTRL_X0Y3        BUFG (Prop_bufg_I_O)         0.029     1.630 r  fpga_pll.u_clk_pll/inst/clkout2_buf/O
                         net (fo=3603, routed)        0.845     2.474    u_jtag_axi_wrap/u_jtag_axi/inst/jtag_axi_engine_u/DEVICE_7SERIES.NO_BMM_INFO.SDP.WIDE_PRIM36_NO_ECC.ram
    SLICE_X68Y188        FDRE                                         r  u_jtag_axi_wrap/u_jtag_axi/inst/jtag_axi_engine_u/wr_cmd_fifowren_axi_reg/C





--------------------------------------------------------------------------------------
Path Group:  (none)
From Clock:  cpu_clk
  To Clock:  sys_clk

Max Delay           142 Endpoints
Min Delay           142 Endpoints
--------------------------------------------------------------------------------------


Max Delay Paths
--------------------------------------------------------------------------------------
Slack:                    inf
  Source:                 fpga_pll.u_rst_cpu/delay_reg[1]/C
                            (rising edge-triggered cell FDCE clocked by cpu_clk  {rise@0.000ns fall@15.625ns period=31.250ns})
  Destination:            u_axi_clock_sync/awFifo/bufferCC_12/buffers_0_reg/CLR
                            (recovery check against rising-edge clock sys_clk  {rise@0.000ns fall@5.000ns period=10.000ns})
  Path Group:             (none)
  Path Type:              Recovery (Max at Slow Process Corner)
  Data Path Delay:        7.268ns  (logic 0.484ns (6.659%)  route 6.784ns (93.341%))
  Logic Levels:           1  (LUT1=1)
  Clock Path Skew:        -0.040ns (DCD - SCD + CPR)
    Destination Clock Delay (DCD):    5.441ns
    Source Clock Delay      (SCD):    5.480ns
    Clock Pessimism Removal (CPR):    0.000ns
  Clock Uncertainty:      0.185ns  ((TSJ^2 + DJ^2)^1/2) / 2 + PE
    Total System Jitter     (TSJ):    0.071ns
    Discrete Jitter          (DJ):    0.109ns
    Phase Error              (PE):    0.120ns
  Timing Exception:       Asynchronous Clock Groups

    Location             Delay type                Incr(ns)  Path(ns)    Netlist Resource(s)
  -------------------------------------------------------------------    -------------------
                         (clock cpu_clk rise edge)    0.000     0.000 r  
    AC19                                              0.000     0.000 r  clk (IN)
                         net (fo=0)                   0.000     0.000    clk
    AC19                 IBUF (Prop_ibuf_I_O)         1.416     1.416 r  clk_IBUF_inst/O
                         net (fo=1, routed)           2.602     4.018    clk_IBUF
    BUFGCTRL_X0Y0        BUFG (Prop_bufg_I_O)         0.081     4.099 r  clk_IBUF_BUFG_inst/O
                         net (fo=2166, routed)        1.536     5.635    fpga_pll.u_clk_pll/inst/clk_in1
    PLLE2_ADV_X0Y2       PLLE2_ADV (Prop_plle2_adv_CLKIN1_CLKOUT0)
                                                     -3.173     2.461 r  fpga_pll.u_clk_pll/inst/plle2_adv_inst/CLKOUT0
                         net (fo=1, routed)           1.557     4.018    fpga_pll.u_clk_pll/inst/cpu_clk_clk_pll
    BUFGCTRL_X0Y2        BUFG (Prop_bufg_I_O)         0.081     4.099 r  fpga_pll.u_clk_pll/inst/clkout1_buf/O
                         net (fo=25951, routed)       1.381     5.480    fpga_pll.u_rst_cpu/cpu_clk
    SLICE_X55Y172        FDCE                                         r  fpga_pll.u_rst_cpu/delay_reg[1]/C
  -------------------------------------------------------------------    -------------------
    SLICE_X55Y172        FDCE (Prop_fdce_C_Q)         0.379     5.859 r  fpga_pll.u_rst_cpu/delay_reg[1]/Q
                         net (fo=316, routed)         5.538    11.397    fpga_pll.u_rst_cpu/Q[0]
    SLICE_X19Y179        LUT1 (Prop_lut1_I0_O)        0.105    11.502 f  fpga_pll.u_rst_cpu/FSM_onehot_genblk1[3].state[3][4]_i_2/O
                         net (fo=78, routed)          1.246    12.748    u_axi_clock_sync/awFifo/bufferCC_12/buffers_0_reg_0
    SLICE_X12Y205        FDCE                                         f  u_axi_clock_sync/awFifo/bufferCC_12/buffers_0_reg/CLR
  -------------------------------------------------------------------    -------------------

                         (clock sys_clk rise edge)    0.000     0.000 r  
    AC19                                              0.000     0.000 r  clk (IN)
                         net (fo=0)                   0.000     0.000    clk
    AC19                 IBUF (Prop_ibuf_I_O)         1.350     1.350 r  clk_IBUF_inst/O
                         net (fo=1, routed)           2.471     3.821    clk_IBUF
    BUFGCTRL_X0Y0        BUFG (Prop_bufg_I_O)         0.077     3.898 r  clk_IBUF_BUFG_inst/O
                         net (fo=2166, routed)        1.434     5.331    fpga_pll.u_clk_pll/inst/clk_in1
    PLLE2_ADV_X0Y2       PLLE2_ADV (Prop_plle2_adv_CLKIN1_CLKOUT1)
                                                     -2.995     2.336 r  fpga_pll.u_clk_pll/inst/plle2_adv_inst/CLKOUT1
                         net (fo=1, routed)           1.484     3.821    fpga_pll.u_clk_pll/inst/sys_clk_clk_pll
    BUFGCTRL_X0Y3        BUFG (Prop_bufg_I_O)         0.077     3.898 r  fpga_pll.u_clk_pll/inst/clkout2_buf/O
                         net (fo=3603, routed)        1.543     5.441    u_axi_clock_sync/awFifo/bufferCC_12/sys_clk
    SLICE_X12Y205        FDCE                                         r  u_axi_clock_sync/awFifo/bufferCC_12/buffers_0_reg/C





Min Delay Paths
--------------------------------------------------------------------------------------
Slack:                    inf
  Source:                 u_axi_clock_sync/awFifo/pushCC_pushPtrGray_reg[2]/C
                            (rising edge-triggered cell FDCE clocked by cpu_clk  {rise@0.000ns fall@15.625ns period=31.250ns})
  Destination:            u_axi_clock_sync/awFifo/pushToPopGray_buffercc/buffers_0_reg[2]/D
                            (rising edge-triggered cell FDCE clocked by sys_clk  {rise@0.000ns fall@5.000ns period=10.000ns})
  Path Group:             (none)
  Path Type:              Hold (Min at Fast Process Corner)
  Data Path Delay:        0.253ns  (logic 0.128ns (50.585%)  route 0.125ns (49.415%))
  Logic Levels:           0  
  Clock Path Skew:        0.546ns (DCD - SCD - CPR)
    Destination Clock Delay (DCD):    2.468ns
    Source Clock Delay      (SCD):    1.922ns
    Clock Pessimism Removal (CPR):    -0.000ns
  Clock Uncertainty:      0.185ns  ((TSJ^2 + DJ^2)^1/2) / 2 + PE
    Total System Jitter     (TSJ):    0.071ns
    Discrete Jitter          (DJ):    0.109ns
    Phase Error              (PE):    0.120ns
  Timing Exception:       Asynchronous Clock Groups

    Location             Delay type                Incr(ns)  Path(ns)    Netlist Resource(s)
  -------------------------------------------------------------------    -------------------
                         (clock cpu_clk rise edge)    0.000     0.000 r  
    AC19                                              0.000     0.000 r  clk (IN)
                         net (fo=0)                   0.000     0.000    clk
    AC19                 IBUF (Prop_ibuf_I_O)         0.253     0.253 r  clk_IBUF_inst/O
                         net (fo=1, routed)           1.074     1.327    clk_IBUF
    BUFGCTRL_X0Y0        BUFG (Prop_bufg_I_O)         0.026     1.353 r  clk_IBUF_BUFG_inst/O
                         net (fo=2166, routed)        0.615     1.967    fpga_pll.u_clk_pll/inst/clk_in1
    PLLE2_ADV_X0Y2       PLLE2_ADV (Prop_plle2_adv_CLKIN1_CLKOUT0)
                                                     -1.200     0.767 r  fpga_pll.u_clk_pll/inst/plle2_adv_inst/CLKOUT0
                         net (fo=1, routed)           0.560     1.327    fpga_pll.u_clk_pll/inst/cpu_clk_clk_pll
    BUFGCTRL_X0Y2        BUFG (Prop_bufg_I_O)         0.026     1.353 r  fpga_pll.u_clk_pll/inst/clkout1_buf/O
                         net (fo=25951, routed)       0.570     1.922    u_axi_clock_sync/awFifo/cpu_clk
    SLICE_X54Y175        FDCE                                         r  u_axi_clock_sync/awFifo/pushCC_pushPtrGray_reg[2]/C
  -------------------------------------------------------------------    -------------------
    SLICE_X54Y175        FDCE (Prop_fdce_C_Q)         0.128     2.050 r  u_axi_clock_sync/awFifo/pushCC_pushPtrGray_reg[2]/Q
                         net (fo=2, routed)           0.125     2.176    u_axi_clock_sync/awFifo/pushToPopGray_buffercc/Q[2]
    SLICE_X55Y176        FDCE                                         r  u_axi_clock_sync/awFifo/pushToPopGray_buffercc/buffers_0_reg[2]/D
  -------------------------------------------------------------------    -------------------

                         (clock sys_clk rise edge)    0.000     0.000 r  
    AC19                                              0.000     0.000 r  clk (IN)
                         net (fo=0)                   0.000     0.000    clk
    AC19                 IBUF (Prop_ibuf_I_O)         0.441     0.441 r  clk_IBUF_inst/O
                         net (fo=1, routed)           1.160     1.601    clk_IBUF
    BUFGCTRL_X0Y0        BUFG (Prop_bufg_I_O)         0.029     1.630 r  clk_IBUF_BUFG_inst/O
                         net (fo=2166, routed)        0.884     2.513    fpga_pll.u_clk_pll/inst/clk_in1
    PLLE2_ADV_X0Y2       PLLE2_ADV (Prop_plle2_adv_CLKIN1_CLKOUT1)
                                                     -1.523     0.990 r  fpga_pll.u_clk_pll/inst/plle2_adv_inst/CLKOUT1
                         net (fo=1, routed)           0.611     1.601    fpga_pll.u_clk_pll/inst/sys_clk_clk_pll
    BUFGCTRL_X0Y3        BUFG (Prop_bufg_I_O)         0.029     1.630 r  fpga_pll.u_clk_pll/inst/clkout2_buf/O
                         net (fo=3603, routed)        0.838     2.468    u_axi_clock_sync/awFifo/pushToPopGray_buffercc/sys_clk
    SLICE_X55Y176        FDCE                                         r  u_axi_clock_sync/awFifo/pushToPopGray_buffercc/buffers_0_reg[2]/C





--------------------------------------------------------------------------------------
Path Group:  (none)
From Clock:  clk_pll_i
  To Clock:  

Max Delay             2 Endpoints
Min Delay             2 Endpoints
--------------------------------------------------------------------------------------


Max Delay Paths
--------------------------------------------------------------------------------------
Slack:                    inf
  Source:                 ddr3.u_axi_wrap_ddr/mig_axi/u_mig_axi_32_mig/u_ddr3_infrastructure/gen_mmcm.mmcm_i/CLKFBOUT
                            (clock source 'clk_pll_i'  {rise@0.000ns fall@5.000ns period=10.000ns})
  Destination:            ddr3.u_axi_wrap_ddr/mig_axi/u_mig_axi_32_mig/u_ddr3_infrastructure/gen_mmcm.mmcm_i/CLKFBIN
  Path Group:             (none)
  Path Type:              Max at Slow Process Corner
  Data Path Delay:        3.816ns  (logic 0.081ns (2.123%)  route 3.735ns (97.877%))
  Logic Levels:           1  (BUFG=1)
  Clock Uncertainty:      0.168ns  ((TSJ^2 + DJ^2)^1/2) / 2 + PE
    Total System Jitter     (TSJ):    0.050ns
    Discrete Jitter          (DJ):    0.096ns
    Phase Error              (PE):    0.114ns

    Location             Delay type                Incr(ns)  Path(ns)    Netlist Resource(s)
  -------------------------------------------------------------------    -------------------
                         (clock clk_pll_i fall edge)
                                                      5.000     5.000 f  
    AC19                                              0.000     5.000 f  clk (IN)
                         net (fo=0)                   0.000     5.000    clk
    AC19                 IBUF (Prop_ibuf_I_O)         1.416     6.416 f  clk_IBUF_inst/O
                         net (fo=1, routed)           2.602     9.018    clk_IBUF
    BUFGCTRL_X0Y0        BUFG (Prop_bufg_I_O)         0.081     9.099 f  clk_IBUF_BUFG_inst/O
                         net (fo=2166, routed)        1.696    10.795    ddr3.u_axi_wrap_ddr/mig_axi/u_mig_axi_32_mig/u_ddr3_infrastructure/mmcm_clk
    PLLE2_ADV_X0Y4       PLLE2_ADV (Prop_plle2_adv_CLKIN1_CLKOUT3)
                                                      0.077    10.872 f  ddr3.u_axi_wrap_ddr/mig_axi/u_mig_axi_32_mig/u_ddr3_infrastructure/plle2_i/CLKOUT3
                         net (fo=1, routed)           1.429    12.301    ddr3.u_axi_wrap_ddr/mig_axi/u_mig_axi_32_mig/u_ddr3_infrastructure/pll_clk3_out
    BUFHCE_X0Y48         BUFH (Prop_bufh_I_O)         0.106    12.407 f  ddr3.u_axi_wrap_ddr/mig_axi/u_mig_axi_32_mig/u_ddr3_infrastructure/u_bufh_pll_clk3/O
                         net (fo=1, routed)           0.841    13.248    ddr3.u_axi_wrap_ddr/mig_axi/u_mig_axi_32_mig/u_ddr3_infrastructure/pll_clk3
  -------------------------------------------------------------------    -------------------
    MMCME2_ADV_X0Y4      MMCME2_ADV (Prop_mmcme2_adv_CLKIN1_CLKFBOUT)
                                                     -3.816     9.432 f  ddr3.u_axi_wrap_ddr/mig_axi/u_mig_axi_32_mig/u_ddr3_infrastructure/gen_mmcm.mmcm_i/CLKFBOUT
                         net (fo=1, routed)           2.061    11.493    ddr3.u_axi_wrap_ddr/mig_axi/u_mig_axi_32_mig/u_ddr3_infrastructure/clk_pll_i
    BUFGCTRL_X0Y16       BUFG (Prop_bufg_I_O)         0.081    11.574 f  ddr3.u_axi_wrap_ddr/mig_axi/u_mig_axi_32_mig/u_ddr3_infrastructure/u_bufg_clkdiv0/O
                         net (fo=7005, routed)        1.674    13.248    ddr3.u_axi_wrap_ddr/mig_axi/u_mig_axi_32_mig/u_ddr3_infrastructure/CLK
    MMCME2_ADV_X0Y4      MMCME2_ADV                                   f  ddr3.u_axi_wrap_ddr/mig_axi/u_mig_axi_32_mig/u_ddr3_infrastructure/gen_mmcm.mmcm_i/CLKFBIN
  -------------------------------------------------------------------    -------------------





Min Delay Paths
--------------------------------------------------------------------------------------
Slack:                    inf
  Source:                 ddr3.u_axi_wrap_ddr/mig_axi/u_mig_axi_32_mig/u_ddr3_infrastructure/gen_mmcm.mmcm_i/CLKFBOUT
                            (clock source 'clk_pll_i'  {rise@0.000ns fall@5.000ns period=10.000ns})
  Destination:            ddr3.u_axi_wrap_ddr/mig_axi/u_mig_axi_32_mig/u_ddr3_infrastructure/gen_mmcm.mmcm_i/CLKFBIN
  Path Group:             (none)
  Path Type:              Min at Fast Process Corner
  Data Path Delay:        1.511ns  (logic 0.026ns (1.721%)  route 1.485ns (98.279%))
  Logic Levels:           1  (BUFG=1)
  Clock Uncertainty:      0.168ns  ((TSJ^2 + DJ^2)^1/2) / 2 + PE
    Total System Jitter     (TSJ):    0.050ns
    Discrete Jitter          (DJ):    0.096ns
    Phase Error              (PE):    0.114ns

    Location             Delay type                Incr(ns)  Path(ns)    Netlist Resource(s)
  -------------------------------------------------------------------    -------------------
                         (clock clk_pll_i rise edge)
                                                      0.000     0.000 r  
    AC19                                              0.000     0.000 r  clk (IN)
                         net (fo=0)                   0.000     0.000    clk
    AC19                 IBUF (Prop_ibuf_I_O)         0.253     0.253 r  clk_IBUF_inst/O
                         net (fo=1, routed)           1.074     1.327    clk_IBUF
    BUFGCTRL_X0Y0        BUFG (Prop_bufg_I_O)         0.026     1.353 r  clk_IBUF_BUFG_inst/O
                         net (fo=2166, routed)        0.701     2.054    ddr3.u_axi_wrap_ddr/mig_axi/u_mig_axi_32_mig/u_ddr3_infrastructure/mmcm_clk
    PLLE2_ADV_X0Y4       PLLE2_ADV (Prop_plle2_adv_CLKIN1_CLKOUT3)
                                                      0.050     2.104 r  ddr3.u_axi_wrap_ddr/mig_axi/u_mig_axi_32_mig/u_ddr3_infrastructure/plle2_i/CLKOUT3
                         net (fo=1, routed)           0.518     2.622    ddr3.u_axi_wrap_ddr/mig_axi/u_mig_axi_32_mig/u_ddr3_infrastructure/pll_clk3_out
    BUFHCE_X0Y48         BUFH (Prop_bufh_I_O)         0.020     2.642 r  ddr3.u_axi_wrap_ddr/mig_axi/u_mig_axi_32_mig/u_ddr3_infrastructure/u_bufh_pll_clk3/O
                         net (fo=1, routed)           0.326     2.968    ddr3.u_axi_wrap_ddr/mig_axi/u_mig_axi_32_mig/u_ddr3_infrastructure/pll_clk3
  -------------------------------------------------------------------    -------------------
    MMCME2_ADV_X0Y4      MMCME2_ADV (Prop_mmcme2_adv_CLKIN1_CLKFBOUT)
                                                     -1.511     1.457 r  ddr3.u_axi_wrap_ddr/mig_axi/u_mig_axi_32_mig/u_ddr3_infrastructure/gen_mmcm.mmcm_i/CLKFBOUT
                         net (fo=1, routed)           0.790     2.248    ddr3.u_axi_wrap_ddr/mig_axi/u_mig_axi_32_mig/u_ddr3_infrastructure/clk_pll_i
    BUFGCTRL_X0Y16       BUFG (Prop_bufg_I_O)         0.026     2.274 r  ddr3.u_axi_wrap_ddr/mig_axi/u_mig_axi_32_mig/u_ddr3_infrastructure/u_bufg_clkdiv0/O
                         net (fo=7005, routed)        0.694     2.968    ddr3.u_axi_wrap_ddr/mig_axi/u_mig_axi_32_mig/u_ddr3_infrastructure/CLK
    MMCME2_ADV_X0Y4      MMCME2_ADV                                   r  ddr3.u_axi_wrap_ddr/mig_axi/u_mig_axi_32_mig/u_ddr3_infrastructure/gen_mmcm.mmcm_i/CLKFBIN
  -------------------------------------------------------------------    -------------------





--------------------------------------------------------------------------------------
Path Group:  (none)
From Clock:  clkfbout_clk_pll
  To Clock:  

Max Delay             1 Endpoint
Min Delay             1 Endpoint
--------------------------------------------------------------------------------------


Max Delay Paths
--------------------------------------------------------------------------------------
Slack:                    inf
  Source:                 fpga_pll.u_clk_pll/inst/plle2_adv_inst/CLKFBOUT
                            (clock source 'clkfbout_clk_pll'  {rise@0.000ns fall@5.000ns period=10.000ns})
  Destination:            fpga_pll.u_clk_pll/inst/plle2_adv_inst/CLKFBIN
  Path Group:             (none)
  Path Type:              Max at Slow Process Corner
  Data Path Delay:        3.173ns  (logic 0.081ns (2.552%)  route 3.092ns (97.448%))
  Logic Levels:           1  (BUFG=1)
  Clock Uncertainty:      0.115ns  ((TSJ^2 + DJ^2)^1/2) / 2 + PE
    Total System Jitter     (TSJ):    0.050ns
    Discrete Jitter          (DJ):    0.053ns
    Phase Error              (PE):    0.078ns

    Location             Delay type                Incr(ns)  Path(ns)    Netlist Resource(s)
  -------------------------------------------------------------------    -------------------
                         (clock clkfbout_clk_pll fall edge)
                                                      5.000     5.000 f  
    AC19                                              0.000     5.000 f  clk (IN)
                         net (fo=0)                   0.000     5.000    clk
    AC19                 IBUF (Prop_ibuf_I_O)         1.416     6.416 f  clk_IBUF_inst/O
                         net (fo=1, routed)           2.602     9.018    clk_IBUF
    BUFGCTRL_X0Y0        BUFG (Prop_bufg_I_O)         0.081     9.099 f  clk_IBUF_BUFG_inst/O
                         net (fo=2166, routed)        1.536    10.635    fpga_pll.u_clk_pll/inst/clk_in1
  -------------------------------------------------------------------    -------------------
    PLLE2_ADV_X0Y2       PLLE2_ADV (Prop_plle2_adv_CLKIN1_CLKFBOUT)
                                                     -3.173     7.461 f  fpga_pll.u_clk_pll/inst/plle2_adv_inst/CLKFBOUT
                         net (fo=1, routed)           1.557     9.018    fpga_pll.u_clk_pll/inst/clkfbout_clk_pll
    BUFGCTRL_X0Y5        BUFG (Prop_bufg_I_O)         0.081     9.099 f  fpga_pll.u_clk_pll/inst/clkf_buf/O
                         net (fo=1, routed)           1.536    10.635    fpga_pll.u_clk_pll/inst/clkfbout_buf_clk_pll
    PLLE2_ADV_X0Y2       PLLE2_ADV                                    f  fpga_pll.u_clk_pll/inst/plle2_adv_inst/CLKFBIN
  -------------------------------------------------------------------    -------------------





Min Delay Paths
--------------------------------------------------------------------------------------
Slack:                    inf
  Source:                 fpga_pll.u_clk_pll/inst/plle2_adv_inst/CLKFBOUT
                            (clock source 'clkfbout_clk_pll'  {rise@0.000ns fall@5.000ns period=10.000ns})
  Destination:            fpga_pll.u_clk_pll/inst/plle2_adv_inst/CLKFBIN
  Path Group:             (none)
  Path Type:              Min at Fast Process Corner
  Data Path Delay:        1.200ns  (logic 0.026ns (2.166%)  route 1.175ns (97.834%))
  Logic Levels:           1  (BUFG=1)
  Clock Uncertainty:      0.115ns  ((TSJ^2 + DJ^2)^1/2) / 2 + PE
    Total System Jitter     (TSJ):    0.050ns
    Discrete Jitter          (DJ):    0.053ns
    Phase Error              (PE):    0.078ns

    Location             Delay type                Incr(ns)  Path(ns)    Netlist Resource(s)
  -------------------------------------------------------------------    -------------------
                         (clock clkfbout_clk_pll rise edge)
                                                      0.000     0.000 r  
    AC19                                              0.000     0.000 r  clk (IN)
                         net (fo=0)                   0.000     0.000    clk
    AC19                 IBUF (Prop_ibuf_I_O)         0.253     0.253 r  clk_IBUF_inst/O
                         net (fo=1, routed)           1.074     1.327    clk_IBUF
    BUFGCTRL_X0Y0        BUFG (Prop_bufg_I_O)         0.026     1.353 r  clk_IBUF_BUFG_inst/O
                         net (fo=2166, routed)        0.615     1.967    fpga_pll.u_clk_pll/inst/clk_in1
  -------------------------------------------------------------------    -------------------
    PLLE2_ADV_X0Y2       PLLE2_ADV (Prop_plle2_adv_CLKIN1_CLKFBOUT)
                                                     -1.200     0.767 r  fpga_pll.u_clk_pll/inst/plle2_adv_inst/CLKFBOUT
                         net (fo=1, routed)           0.560     1.327    fpga_pll.u_clk_pll/inst/clkfbout_clk_pll
    BUFGCTRL_X0Y5        BUFG (Prop_bufg_I_O)         0.026     1.353 r  fpga_pll.u_clk_pll/inst/clkf_buf/O
                         net (fo=1, routed)           0.615     1.967    fpga_pll.u_clk_pll/inst/clkfbout_buf_clk_pll
    PLLE2_ADV_X0Y2       PLLE2_ADV                                    r  fpga_pll.u_clk_pll/inst/plle2_adv_inst/CLKFBIN
  -------------------------------------------------------------------    -------------------





--------------------------------------------------------------------------------------
Path Group:  (none)
From Clock:  clkfbout_clk_pll_ddr
  To Clock:  

Max Delay             1 Endpoint
Min Delay             1 Endpoint
--------------------------------------------------------------------------------------


Max Delay Paths
--------------------------------------------------------------------------------------
Slack:                    inf
  Source:                 fpga_pll.u_clk_pll_ddr/inst/plle2_adv_inst/CLKFBOUT
                            (clock source 'clkfbout_clk_pll_ddr'  {rise@0.000ns fall@5.000ns period=10.000ns})
  Destination:            fpga_pll.u_clk_pll_ddr/inst/plle2_adv_inst/CLKFBIN
  Path Group:             (none)
  Path Type:              Max at Slow Process Corner
  Data Path Delay:        4.192ns  (logic 0.081ns (1.932%)  route 4.111ns (98.068%))
  Logic Levels:           1  (BUFG=1)
  Clock Uncertainty:      0.147ns  ((TSJ^2 + DJ^2)^1/2) / 2 + PE
    Total System Jitter     (TSJ):    0.050ns
    Discrete Jitter          (DJ):    0.083ns
    Phase Error              (PE):    0.099ns

    Location             Delay type                Incr(ns)  Path(ns)    Netlist Resource(s)
  -------------------------------------------------------------------    -------------------
                         (clock clkfbout_clk_pll_ddr fall edge)
                                                      5.000     5.000 f  
    AC19                                              0.000     5.000 f  clk (IN)
                         net (fo=0)                   0.000     5.000    clk
    AC19                 IBUF (Prop_ibuf_I_O)         1.416     6.416 f  clk_IBUF_inst/O
                         net (fo=1, routed)           2.602     9.018    clk_IBUF
    BUFGCTRL_X0Y0        BUFG (Prop_bufg_I_O)         0.081     9.099 f  clk_IBUF_BUFG_inst/O
                         net (fo=2166, routed)        1.823    10.922    fpga_pll.u_clk_pll_ddr/inst/clk_in1
  -------------------------------------------------------------------    -------------------
    PLLE2_ADV_X1Y0       PLLE2_ADV (Prop_plle2_adv_CLKIN1_CLKFBOUT)
                                                     -4.192     6.730 f  fpga_pll.u_clk_pll_ddr/inst/plle2_adv_inst/CLKFBOUT
                         net (fo=1, routed)           2.288     9.018    fpga_pll.u_clk_pll_ddr/inst/clkfbout_clk_pll_ddr
    BUFGCTRL_X0Y6        BUFG (Prop_bufg_I_O)         0.081     9.099 f  fpga_pll.u_clk_pll_ddr/inst/clkf_buf/O
                         net (fo=1, routed)           1.823    10.922    fpga_pll.u_clk_pll_ddr/inst/clkfbout_buf_clk_pll_ddr
    PLLE2_ADV_X1Y0       PLLE2_ADV                                    f  fpga_pll.u_clk_pll_ddr/inst/plle2_adv_inst/CLKFBIN
  -------------------------------------------------------------------    -------------------





Min Delay Paths
--------------------------------------------------------------------------------------
Slack:                    inf
  Source:                 fpga_pll.u_clk_pll_ddr/inst/plle2_adv_inst/CLKFBOUT
                            (clock source 'clkfbout_clk_pll_ddr'  {rise@0.000ns fall@5.000ns period=10.000ns})
  Destination:            fpga_pll.u_clk_pll_ddr/inst/plle2_adv_inst/CLKFBIN
  Path Group:             (none)
  Path Type:              Min at Fast Process Corner
  Data Path Delay:        1.703ns  (logic 0.026ns (1.527%)  route 1.677ns (98.473%))
  Logic Levels:           1  (BUFG=1)
  Clock Uncertainty:      0.147ns  ((TSJ^2 + DJ^2)^1/2) / 2 + PE
    Total System Jitter     (TSJ):    0.050ns
    Discrete Jitter          (DJ):    0.083ns
    Phase Error              (PE):    0.099ns

    Location             Delay type                Incr(ns)  Path(ns)    Netlist Resource(s)
  -------------------------------------------------------------------    -------------------
                         (clock clkfbout_clk_pll_ddr rise edge)
                                                      0.000     0.000 r  
    AC19                                              0.000     0.000 r  clk (IN)
                         net (fo=0)                   0.000     0.000    clk
    AC19                 IBUF (Prop_ibuf_I_O)         0.253     0.253 r  clk_IBUF_inst/O
                         net (fo=1, routed)           1.074     1.327    clk_IBUF
    BUFGCTRL_X0Y0        BUFG (Prop_bufg_I_O)         0.026     1.353 r  clk_IBUF_BUFG_inst/O
                         net (fo=2166, routed)        0.750     2.103    fpga_pll.u_clk_pll_ddr/inst/clk_in1
  -------------------------------------------------------------------    -------------------
    PLLE2_ADV_X1Y0       PLLE2_ADV (Prop_plle2_adv_CLKIN1_CLKFBOUT)
                                                     -1.703     0.400 r  fpga_pll.u_clk_pll_ddr/inst/plle2_adv_inst/CLKFBOUT
                         net (fo=1, routed)           0.927     1.327    fpga_pll.u_clk_pll_ddr/inst/clkfbout_clk_pll_ddr
    BUFGCTRL_X0Y6        BUFG (Prop_bufg_I_O)         0.026     1.353 r  fpga_pll.u_clk_pll_ddr/inst/clkf_buf/O
                         net (fo=1, routed)           0.750     2.103    fpga_pll.u_clk_pll_ddr/inst/clkfbout_buf_clk_pll_ddr
    PLLE2_ADV_X1Y0       PLLE2_ADV                                    r  fpga_pll.u_clk_pll_ddr/inst/plle2_adv_inst/CLKFBIN
  -------------------------------------------------------------------    -------------------





--------------------------------------------------------------------------------------
Path Group:  (none)
From Clock:  ddr_clk
  To Clock:  

Max Delay             1 Endpoint
Min Delay             1 Endpoint
--------------------------------------------------------------------------------------


Max Delay Paths
--------------------------------------------------------------------------------------
Slack:                    inf
  Source:                 fpga_pll.u_clk_pll_ddr/inst/plle2_adv_inst/CLKOUT0
                            (clock source 'ddr_clk'  {rise@0.000ns fall@2.500ns period=5.000ns})
  Destination:            ddr3.u_axi_wrap_ddr/mig_axi/u_mig_axi_32_mig/u_iodelay_ctrl/u_idelayctrl_200/REFCLK
  Path Group:             (none)
  Path Type:              Max at Slow Process Corner
  Data Path Delay:        3.841ns  (logic 0.081ns (2.109%)  route 3.760ns (97.891%))
  Logic Levels:           1  (BUFG=1)
  Clock Uncertainty:      0.160ns  ((TSJ^2 + DJ^2)^1/2) / 2 + PE
    Total System Jitter     (TSJ):    0.050ns
    Discrete Jitter          (DJ):    0.113ns
    Phase Error              (PE):    0.099ns

    Location             Delay type                Incr(ns)  Path(ns)    Netlist Resource(s)
  -------------------------------------------------------------------    -------------------
                         (clock ddr_clk fall edge)    2.500     2.500 f  
    AC19                                              0.000     2.500 f  clk (IN)
                         net (fo=0)                   0.000     2.500    clk
    AC19                 IBUF (Prop_ibuf_I_O)         1.416     3.916 f  clk_IBUF_inst/O
                         net (fo=1, routed)           2.602     6.518    clk_IBUF
    BUFGCTRL_X0Y0        BUFG (Prop_bufg_I_O)         0.081     6.599 f  clk_IBUF_BUFG_inst/O
                         net (fo=2166, routed)        1.823     8.422    fpga_pll.u_clk_pll_ddr/inst/clk_in1
  -------------------------------------------------------------------    -------------------
    PLLE2_ADV_X1Y0       PLLE2_ADV (Prop_plle2_adv_CLKIN1_CLKOUT0)
                                                     -4.192     4.230 f  fpga_pll.u_clk_pll_ddr/inst/plle2_adv_inst/CLKOUT0
                         net (fo=1, routed)           2.288     6.518    fpga_pll.u_clk_pll_ddr/inst/ddr_clk_clk_pll_ddr
    BUFGCTRL_X0Y1        BUFG (Prop_bufg_I_O)         0.081     6.599 f  fpga_pll.u_clk_pll_ddr/inst/clkout1_buf/O
                         net (fo=62, routed)          1.472     8.071    ddr3.u_axi_wrap_ddr/mig_axi/u_mig_axi_32_mig/u_iodelay_ctrl/clk_ref_i
    IDELAYCTRL_X0Y4      IDELAYCTRL                                   f  ddr3.u_axi_wrap_ddr/mig_axi/u_mig_axi_32_mig/u_iodelay_ctrl/u_idelayctrl_200/REFCLK
  -------------------------------------------------------------------    -------------------





Min Delay Paths
--------------------------------------------------------------------------------------
Slack:                    inf
  Source:                 fpga_pll.u_clk_pll_ddr/inst/plle2_adv_inst/CLKOUT0
                            (clock source 'ddr_clk'  {rise@0.000ns fall@2.500ns period=5.000ns})
  Destination:            ddr3.u_axi_wrap_ddr/mig_axi/u_mig_axi_32_mig/u_iodelay_ctrl/u_idelayctrl_200/REFCLK
  Path Group:             (none)
  Path Type:              Min at Fast Process Corner
  Data Path Delay:        1.594ns  (logic 0.026ns (1.631%)  route 1.568ns (98.369%))
  Logic Levels:           1  (BUFG=1)
  Clock Uncertainty:      0.160ns  ((TSJ^2 + DJ^2)^1/2) / 2 + PE
    Total System Jitter     (TSJ):    0.050ns
    Discrete Jitter          (DJ):    0.113ns
    Phase Error              (PE):    0.099ns

    Location             Delay type                Incr(ns)  Path(ns)    Netlist Resource(s)
  -------------------------------------------------------------------    -------------------
                         (clock ddr_clk rise edge)    0.000     0.000 r  
    AC19                                              0.000     0.000 r  clk (IN)
                         net (fo=0)                   0.000     0.000    clk
    AC19                 IBUF (Prop_ibuf_I_O)         0.253     0.253 r  clk_IBUF_inst/O
                         net (fo=1, routed)           1.074     1.327    clk_IBUF
    BUFGCTRL_X0Y0        BUFG (Prop_bufg_I_O)         0.026     1.353 r  clk_IBUF_BUFG_inst/O
                         net (fo=2166, routed)        0.750     2.103    fpga_pll.u_clk_pll_ddr/inst/clk_in1
  -------------------------------------------------------------------    -------------------
    PLLE2_ADV_X1Y0       PLLE2_ADV (Prop_plle2_adv_CLKIN1_CLKOUT0)
                                                     -1.703     0.400 r  fpga_pll.u_clk_pll_ddr/inst/plle2_adv_inst/CLKOUT0
                         net (fo=1, routed)           0.927     1.327    fpga_pll.u_clk_pll_ddr/inst/ddr_clk_clk_pll_ddr
    BUFGCTRL_X0Y1        BUFG (Prop_bufg_I_O)         0.026     1.353 r  fpga_pll.u_clk_pll_ddr/inst/clkout1_buf/O
                         net (fo=62, routed)          0.641     1.994    ddr3.u_axi_wrap_ddr/mig_axi/u_mig_axi_32_mig/u_iodelay_ctrl/clk_ref_i
    IDELAYCTRL_X0Y4      IDELAYCTRL                                   r  ddr3.u_axi_wrap_ddr/mig_axi/u_mig_axi_32_mig/u_iodelay_ctrl/u_idelayctrl_200/REFCLK
  -------------------------------------------------------------------    -------------------





--------------------------------------------------------------------------------------
Path Group:  (none)
From Clock:  freq_refclk
  To Clock:  

Max Delay             5 Endpoints
Min Delay             5 Endpoints
--------------------------------------------------------------------------------------


Max Delay Paths
--------------------------------------------------------------------------------------
Slack:                    inf
  Source:                 ddr3.u_axi_wrap_ddr/mig_axi/u_mig_axi_32_mig/u_ddr3_infrastructure/plle2_i/CLKOUT0
                            (clock source 'freq_refclk'  {rise@0.000ns fall@0.625ns period=1.250ns})
  Destination:            ddr3.u_axi_wrap_ddr/mig_axi/u_mig_axi_32_mig/u_memc_ui_top_axi/mem_intfc0/ddr_phy_top0/u_ddr_mc_phy_wrapper/u_ddr_mc_phy/ddr_phy_4lanes_0.u_ddr_phy_4lanes/phaser_ref_i/CLKIN
  Path Group:             (none)
  Path Type:              Max at Slow Process Corner
  Data Path Delay:        0.550ns  (logic 0.000ns (0.000%)  route 0.550ns (100.000%))
  Logic Levels:           0  
  Clock Uncertainty:      0.168ns  ((TSJ^2 + DJ^2)^1/2) / 2 + PE
    Total System Jitter     (TSJ):    0.050ns
    Discrete Jitter          (DJ):    0.096ns
    Phase Error              (PE):    0.114ns

    Location             Delay type                Incr(ns)  Path(ns)    Netlist Resource(s)
  -------------------------------------------------------------------    -------------------
                         (clock freq_refclk fall edge)
                                                      0.625     0.625 f  
    AC19                                              0.000     0.625 f  clk (IN)
                         net (fo=0)                   0.000     0.625    clk
    AC19                 IBUF (Prop_ibuf_I_O)         1.416     2.041 f  clk_IBUF_inst/O
                         net (fo=1, routed)           2.602     4.643    clk_IBUF
    BUFGCTRL_X0Y0        BUFG (Prop_bufg_I_O)         0.081     4.724 f  clk_IBUF_BUFG_inst/O
                         net (fo=2166, routed)        1.696     6.420    ddr3.u_axi_wrap_ddr/mig_axi/u_mig_axi_32_mig/u_ddr3_infrastructure/mmcm_clk
  -------------------------------------------------------------------    -------------------
    PLLE2_ADV_X0Y4       PLLE2_ADV (Prop_plle2_adv_CLKIN1_CLKOUT0)
                                                      0.077     6.497 f  ddr3.u_axi_wrap_ddr/mig_axi/u_mig_axi_32_mig/u_ddr3_infrastructure/plle2_i/CLKOUT0
                         net (fo=7, routed)           0.550     7.047    ddr3.u_axi_wrap_ddr/mig_axi/u_mig_axi_32_mig/u_memc_ui_top_axi/mem_intfc0/ddr_phy_top0/u_ddr_mc_phy_wrapper/u_ddr_mc_phy/ddr_phy_4lanes_0.u_ddr_phy_4lanes/freq_refclk
    PHASER_REF_X0Y4      PHASER_REF                                   f  ddr3.u_axi_wrap_ddr/mig_axi/u_mig_axi_32_mig/u_memc_ui_top_axi/mem_intfc0/ddr_phy_top0/u_ddr_mc_phy_wrapper/u_ddr_mc_phy/ddr_phy_4lanes_0.u_ddr_phy_4lanes/phaser_ref_i/CLKIN
  -------------------------------------------------------------------    -------------------





Min Delay Paths
--------------------------------------------------------------------------------------
Slack:                    inf
  Source:                 ddr3.u_axi_wrap_ddr/mig_axi/u_mig_axi_32_mig/u_ddr3_infrastructure/plle2_i/CLKOUT0
                            (clock source 'freq_refclk'  {rise@0.000ns fall@0.625ns period=1.250ns})
  Destination:            ddr3.u_axi_wrap_ddr/mig_axi/u_mig_axi_32_mig/u_memc_ui_top_axi/mem_intfc0/ddr_phy_top0/u_ddr_mc_phy_wrapper/u_ddr_mc_phy/ddr_phy_4lanes_0.u_ddr_phy_4lanes/ddr_byte_lane_D.ddr_byte_lane_D/phaser_out/FREQREFCLK
  Path Group:             (none)
  Path Type:              Min at Fast Process Corner
  Data Path Delay:        0.190ns  (logic 0.000ns (0.000%)  route 0.190ns (100.000%))
  Logic Levels:           0  
  Clock Uncertainty:      0.168ns  ((TSJ^2 + DJ^2)^1/2) / 2 + PE
    Total System Jitter     (TSJ):    0.050ns
    Discrete Jitter          (DJ):    0.096ns
    Phase Error              (PE):    0.114ns

    Location             Delay type                Incr(ns)  Path(ns)    Netlist Resource(s)
  -------------------------------------------------------------------    -------------------
                         (clock freq_refclk rise edge)
                                                      0.000     0.000 r  
    AC19                                              0.000     0.000 r  clk (IN)
                         net (fo=0)                   0.000     0.000    clk
    AC19                 IBUF (Prop_ibuf_I_O)         0.253     0.253 r  clk_IBUF_inst/O
                         net (fo=1, routed)           1.074     1.327    clk_IBUF
    BUFGCTRL_X0Y0        BUFG (Prop_bufg_I_O)         0.026     1.353 r  clk_IBUF_BUFG_inst/O
                         net (fo=2166, routed)        0.701     2.054    ddr3.u_axi_wrap_ddr/mig_axi/u_mig_axi_32_mig/u_ddr3_infrastructure/mmcm_clk
  -------------------------------------------------------------------    -------------------
    PLLE2_ADV_X0Y4       PLLE2_ADV (Prop_plle2_adv_CLKIN1_CLKOUT0)
                                                      0.050     2.104 r  ddr3.u_axi_wrap_ddr/mig_axi/u_mig_axi_32_mig/u_ddr3_infrastructure/plle2_i/CLKOUT0
                         net (fo=7, routed)           0.190     2.294    ddr3.u_axi_wrap_ddr/mig_axi/u_mig_axi_32_mig/u_memc_ui_top_axi/mem_intfc0/ddr_phy_top0/u_ddr_mc_phy_wrapper/u_ddr_mc_phy/ddr_phy_4lanes_0.u_ddr_phy_4lanes/ddr_byte_lane_D.ddr_byte_lane_D/freq_refclk
    PHASER_OUT_PHY_X0Y19 PHASER_OUT_PHY                               r  ddr3.u_axi_wrap_ddr/mig_axi/u_mig_axi_32_mig/u_memc_ui_top_axi/mem_intfc0/ddr_phy_top0/u_ddr_mc_phy_wrapper/u_ddr_mc_phy/ddr_phy_4lanes_0.u_ddr_phy_4lanes/ddr_byte_lane_D.ddr_byte_lane_D/phaser_out/FREQREFCLK
  -------------------------------------------------------------------    -------------------





--------------------------------------------------------------------------------------
Path Group:  (none)
From Clock:  pll_clkfbout
  To Clock:  

Max Delay             1 Endpoint
Min Delay             1 Endpoint
--------------------------------------------------------------------------------------


Max Delay Paths
--------------------------------------------------------------------------------------
Slack:                    inf
  Source:                 ddr3.u_axi_wrap_ddr/mig_axi/u_mig_axi_32_mig/u_ddr3_infrastructure/plle2_i/CLKFBOUT
                            (clock source 'pll_clkfbout'  {rise@0.000ns fall@5.000ns period=10.000ns})
  Destination:            ddr3.u_axi_wrap_ddr/mig_axi/u_mig_axi_32_mig/u_ddr3_infrastructure/plle2_i/CLKFBIN
  Path Group:             (none)
  Path Type:              Max at Slow Process Corner
  Data Path Delay:        0.012ns  (logic 0.000ns (0.000%)  route 0.012ns (99.999%))
  Logic Levels:           0  
  Clock Uncertainty:      0.168ns  ((TSJ^2 + DJ^2)^1/2) / 2 + PE
    Total System Jitter     (TSJ):    0.050ns
    Discrete Jitter          (DJ):    0.096ns
    Phase Error              (PE):    0.114ns

    Location             Delay type                Incr(ns)  Path(ns)    Netlist Resource(s)
  -------------------------------------------------------------------    -------------------
                         (clock pll_clkfbout fall edge)
                                                      5.000     5.000 f  
    AC19                                              0.000     5.000 f  clk (IN)
                         net (fo=0)                   0.000     5.000    clk
    AC19                 IBUF (Prop_ibuf_I_O)         1.416     6.416 f  clk_IBUF_inst/O
                         net (fo=1, routed)           2.602     9.018    clk_IBUF
    BUFGCTRL_X0Y0        BUFG (Prop_bufg_I_O)         0.081     9.099 f  clk_IBUF_BUFG_inst/O
                         net (fo=2166, routed)        1.696    10.795    ddr3.u_axi_wrap_ddr/mig_axi/u_mig_axi_32_mig/u_ddr3_infrastructure/mmcm_clk
  -------------------------------------------------------------------    -------------------
    PLLE2_ADV_X0Y4       PLLE2_ADV (Prop_plle2_adv_CLKIN1_CLKFBOUT)
                                                      0.077    10.872 f  ddr3.u_axi_wrap_ddr/mig_axi/u_mig_axi_32_mig/u_ddr3_infrastructure/plle2_i/CLKFBOUT
                         net (fo=1, routed)           0.012    10.884    ddr3.u_axi_wrap_ddr/mig_axi/u_mig_axi_32_mig/u_ddr3_infrastructure/pll_clkfbout
    PLLE2_ADV_X0Y4       PLLE2_ADV                                    f  ddr3.u_axi_wrap_ddr/mig_axi/u_mig_axi_32_mig/u_ddr3_infrastructure/plle2_i/CLKFBIN
  -------------------------------------------------------------------    -------------------





Min Delay Paths
--------------------------------------------------------------------------------------
Slack:                    inf
  Source:                 ddr3.u_axi_wrap_ddr/mig_axi/u_mig_axi_32_mig/u_ddr3_infrastructure/plle2_i/CLKFBOUT
                            (clock source 'pll_clkfbout'  {rise@0.000ns fall@5.000ns period=10.000ns})
  Destination:            ddr3.u_axi_wrap_ddr/mig_axi/u_mig_axi_32_mig/u_ddr3_infrastructure/plle2_i/CLKFBIN
  Path Group:             (none)
  Path Type:              Min at Fast Process Corner
  Data Path Delay:        0.005ns  (logic 0.000ns (0.000%)  route 0.005ns (100.000%))
  Logic Levels:           0  
  Clock Uncertainty:      0.168ns  ((TSJ^2 + DJ^2)^1/2) / 2 + PE
    Total System Jitter     (TSJ):    0.050ns
    Discrete Jitter          (DJ):    0.096ns
    Phase Error              (PE):    0.114ns

    Location             Delay type                Incr(ns)  Path(ns)    Netlist Resource(s)
  -------------------------------------------------------------------    -------------------
                         (clock pll_clkfbout rise edge)
                                                      0.000     0.000 r  
    AC19                                              0.000     0.000 r  clk (IN)
                         net (fo=0)                   0.000     0.000    clk
    AC19                 IBUF (Prop_ibuf_I_O)         0.253     0.253 r  clk_IBUF_inst/O
                         net (fo=1, routed)           1.074     1.327    clk_IBUF
    BUFGCTRL_X0Y0        BUFG (Prop_bufg_I_O)         0.026     1.353 r  clk_IBUF_BUFG_inst/O
                         net (fo=2166, routed)        0.701     2.054    ddr3.u_axi_wrap_ddr/mig_axi/u_mig_axi_32_mig/u_ddr3_infrastructure/mmcm_clk
  -------------------------------------------------------------------    -------------------
    PLLE2_ADV_X0Y4       PLLE2_ADV (Prop_plle2_adv_CLKIN1_CLKFBOUT)
                                                      0.050     2.104 r  ddr3.u_axi_wrap_ddr/mig_axi/u_mig_axi_32_mig/u_ddr3_infrastructure/plle2_i/CLKFBOUT
                         net (fo=1, routed)           0.005     2.109    ddr3.u_axi_wrap_ddr/mig_axi/u_mig_axi_32_mig/u_ddr3_infrastructure/pll_clkfbout
    PLLE2_ADV_X0Y4       PLLE2_ADV                                    r  ddr3.u_axi_wrap_ddr/mig_axi/u_mig_axi_32_mig/u_ddr3_infrastructure/plle2_i/CLKFBIN
  -------------------------------------------------------------------    -------------------





--------------------------------------------------------------------------------------
Path Group:  (none)
From Clock:  sys_clk
  To Clock:  

Max Delay            41 Endpoints
Min Delay            41 Endpoints
--------------------------------------------------------------------------------------


Max Delay Paths
--------------------------------------------------------------------------------------
Slack:                    inf
  Source:                 u_confreg/FSM_onehot_state_reg[3]/C
                            (rising edge-triggered cell FDRE clocked by sys_clk  {rise@0.000ns fall@5.000ns period=10.000ns})
  Destination:            btn_key_col[0]
                            (output port)
  Path Group:             (none)
  Path Type:              Max at Slow Process Corner
  Data Path Delay:        11.935ns  (logic 3.801ns (31.850%)  route 8.134ns (68.150%))
  Logic Levels:           2  (LUT3=1 OBUF=1)
  Clock Uncertainty:      0.129ns  ((TSJ^2 + DJ^2)^1/2) / 2 + PE
    Total System Jitter     (TSJ):    0.050ns
    Discrete Jitter          (DJ):    0.089ns
    Phase Error              (PE):    0.078ns

    Location             Delay type                Incr(ns)  Path(ns)    Netlist Resource(s)
  -------------------------------------------------------------------    -------------------
                         (clock sys_clk rise edge)    0.000     0.000 r  
    AC19                                              0.000     0.000 r  clk (IN)
                         net (fo=0)                   0.000     0.000    clk
    AC19                 IBUF (Prop_ibuf_I_O)         1.416     1.416 r  clk_IBUF_inst/O
                         net (fo=1, routed)           2.602     4.018    clk_IBUF
    BUFGCTRL_X0Y0        BUFG (Prop_bufg_I_O)         0.081     4.099 r  clk_IBUF_BUFG_inst/O
                         net (fo=2166, routed)        1.536     5.635    fpga_pll.u_clk_pll/inst/clk_in1
    PLLE2_ADV_X0Y2       PLLE2_ADV (Prop_plle2_adv_CLKIN1_CLKOUT1)
                                                     -3.173     2.461 r  fpga_pll.u_clk_pll/inst/plle2_adv_inst/CLKOUT1
                         net (fo=1, routed)           1.557     4.018    fpga_pll.u_clk_pll/inst/sys_clk_clk_pll
    BUFGCTRL_X0Y3        BUFG (Prop_bufg_I_O)         0.081     4.099 r  fpga_pll.u_clk_pll/inst/clkout2_buf/O
                         net (fo=3603, routed)        1.380     5.479    u_confreg/aclk
    SLICE_X52Y173        FDRE                                         r  u_confreg/FSM_onehot_state_reg[3]/C
  -------------------------------------------------------------------    -------------------
    SLICE_X52Y173        FDRE (Prop_fdre_C_Q)         0.433     5.912 r  u_confreg/FSM_onehot_state_reg[3]/Q
                         net (fo=20, routed)          1.129     7.041    u_confreg/p_1_in10_in
    SLICE_X55Y170        LUT3 (Prop_lut3_I2_O)        0.105     7.146 r  u_confreg/btn_key_col[0]_INST_0/O
                         net (fo=1, routed)           7.005    14.151    btn_key_col_OBUF[0]
    V8                   OBUF (Prop_obuf_I_O)         3.263    17.414 r  btn_key_col_OBUF[0]_inst/O
                         net (fo=0)                   0.000    17.414    btn_key_col[0]
    V8                                                                r  btn_key_col[0] (OUT)
  -------------------------------------------------------------------    -------------------





Min Delay Paths
--------------------------------------------------------------------------------------
Slack:                    inf
  Source:                 APB_DEV/uart0/regs/mode_reg_reg[2]/C
                            (rising edge-triggered cell FDRE clocked by sys_clk  {rise@0.000ns fall@5.000ns period=10.000ns})
  Destination:            UART_TX
                            (output port)
  Path Group:             (none)
  Path Type:              Min at Fast Process Corner
  Data Path Delay:        1.952ns  (logic 1.010ns (51.755%)  route 0.942ns (48.245%))
  Logic Levels:           2  (LUT3=1 OBUFT=1)
  Clock Uncertainty:      0.129ns  ((TSJ^2 + DJ^2)^1/2) / 2 + PE
    Total System Jitter     (TSJ):    0.050ns
    Discrete Jitter          (DJ):    0.089ns
    Phase Error              (PE):    0.078ns

    Location             Delay type                Incr(ns)  Path(ns)    Netlist Resource(s)
  -------------------------------------------------------------------    -------------------
                         (clock sys_clk rise edge)    0.000     0.000 r  
    AC19                                              0.000     0.000 r  clk (IN)
                         net (fo=0)                   0.000     0.000    clk
    AC19                 IBUF (Prop_ibuf_I_O)         0.253     0.253 r  clk_IBUF_inst/O
                         net (fo=1, routed)           1.074     1.327    clk_IBUF
    BUFGCTRL_X0Y0        BUFG (Prop_bufg_I_O)         0.026     1.353 r  clk_IBUF_BUFG_inst/O
                         net (fo=2166, routed)        0.615     1.967    fpga_pll.u_clk_pll/inst/clk_in1
    PLLE2_ADV_X0Y2       PLLE2_ADV (Prop_plle2_adv_CLKIN1_CLKOUT1)
                                                     -1.200     0.767 r  fpga_pll.u_clk_pll/inst/plle2_adv_inst/CLKOUT1
                         net (fo=1, routed)           0.560     1.327    fpga_pll.u_clk_pll/inst/sys_clk_clk_pll
    BUFGCTRL_X0Y3        BUFG (Prop_bufg_I_O)         0.026     1.353 r  fpga_pll.u_clk_pll/inst/clkout2_buf/O
                         net (fo=3603, routed)        0.623     1.975    APB_DEV/uart0/regs/sys_clk
    SLICE_X11Y189        FDRE                                         r  APB_DEV/uart0/regs/mode_reg_reg[2]/C
  -------------------------------------------------------------------    -------------------
    SLICE_X11Y189        FDRE (Prop_fdre_C_Q)         0.141     2.116 r  APB_DEV/uart0/regs/mode_reg_reg[2]/Q
                         net (fo=13, routed)          0.141     2.257    APB_DEV/uart0/regs/transmitter/usart_rx_en
    SLICE_X11Y190        LUT3 (Prop_lut3_I2_O)        0.045     2.302 r  APB_DEV/uart0/regs/transmitter/UART_TX_IOBUF_inst_i_2/O
                         net (fo=1, routed)           0.801     3.103    UART_TX_IOBUF_inst/T
    H19                  OBUFT (TriStatD_obuft_T_O)
                                                      0.824     3.927 r  UART_TX_IOBUF_inst/OBUFT/O
                         net (fo=1, unset)            0.000     3.927    UART_TX
    H19                                                               r  UART_TX (INOUT)
  -------------------------------------------------------------------    -------------------





--------------------------------------------------------------------------------------
Path Group:  (none)
From Clock:  
  To Clock:  clk

Max Delay             1 Endpoint
Min Delay             1 Endpoint
--------------------------------------------------------------------------------------


Max Delay Paths
--------------------------------------------------------------------------------------
Slack:                    inf
  Source:                 resetn_fpga
                            (input port)
  Destination:            virtual_flag_reg/D
                            (rising edge-triggered cell FDRE clocked by clk  {rise@0.000ns fall@5.000ns period=10.000ns})
  Path Group:             (none)
  Path Type:              Setup (Max at Slow Process Corner)
  Data Path Delay:        5.929ns  (logic 1.541ns (25.990%)  route 4.388ns (74.010%))
  Logic Levels:           2  (IBUF=1 LUT3=1)
  Clock Path Skew:        5.158ns (DCD - SCD + CPR)
    Destination Clock Delay (DCD):    5.158ns
    Source Clock Delay      (SCD):    0.000ns
    Clock Pessimism Removal (CPR):    0.000ns
  Clock Uncertainty:      0.025ns  ((TSJ^2 + TIJ^2)^1/2 + DJ) / 2 + PE
    Total System Jitter     (TSJ):    0.050ns
    Total Input Jitter      (TIJ):    0.000ns
    Discrete Jitter          (DJ):    0.000ns
    Phase Error              (PE):    0.000ns

    Location             Delay type                Incr(ns)  Path(ns)    Netlist Resource(s)
  -------------------------------------------------------------------    -------------------
    Y3                                                0.000     0.000 r  resetn_fpga (IN)
                         net (fo=0)                   0.000     0.000    resetn_fpga
    Y3                   IBUF (Prop_ibuf_I_O)         1.436     1.436 r  resetn_fpga_IBUF_inst/O
                         net (fo=2, routed)           4.388     5.824    resetn_fpga_IBUF
    SLICE_X77Y179        LUT3 (Prop_lut3_I1_O)        0.105     5.929 r  virtual_flag_i_1/O
                         net (fo=1, routed)           0.000     5.929    virtual_flag_i_1_n_0
    SLICE_X77Y179        FDRE                                         r  virtual_flag_reg/D
  -------------------------------------------------------------------    -------------------

                         (clock clk rise edge)        0.000     0.000 r  
    AC19                                              0.000     0.000 r  clk (IN)
                         net (fo=0)                   0.000     0.000    clk
    AC19                 IBUF (Prop_ibuf_I_O)         1.350     1.350 r  clk_IBUF_inst/O
                         net (fo=1, routed)           2.471     3.821    clk_IBUF
    BUFGCTRL_X0Y0        BUFG (Prop_bufg_I_O)         0.077     3.898 r  clk_IBUF_BUFG_inst/O
                         net (fo=2166, routed)        1.260     5.158    clk_IBUF_BUFG
    SLICE_X77Y179        FDRE                                         r  virtual_flag_reg/C





Min Delay Paths
--------------------------------------------------------------------------------------
Slack:                    inf
  Source:                 resetn_fpga
                            (input port)
  Destination:            virtual_flag_reg/D
                            (rising edge-triggered cell FDRE clocked by clk  {rise@0.000ns fall@5.000ns period=10.000ns})
  Path Group:             (none)
  Path Type:              Hold (Min at Fast Process Corner)
  Data Path Delay:        2.546ns  (logic 0.317ns (12.467%)  route 2.229ns (87.533%))
  Logic Levels:           2  (IBUF=1 LUT3=1)
  Clock Path Skew:        2.460ns (DCD - SCD - CPR)
    Destination Clock Delay (DCD):    2.460ns
    Source Clock Delay      (SCD):    0.000ns
    Clock Pessimism Removal (CPR):    -0.000ns

    Location             Delay type                Incr(ns)  Path(ns)    Netlist Resource(s)
  -------------------------------------------------------------------    -------------------
    Y3                                                0.000     0.000 r  resetn_fpga (IN)
                         net (fo=0)                   0.000     0.000    resetn_fpga
    Y3                   IBUF (Prop_ibuf_I_O)         0.272     0.272 r  resetn_fpga_IBUF_inst/O
                         net (fo=2, routed)           2.229     2.501    resetn_fpga_IBUF
    SLICE_X77Y179        LUT3 (Prop_lut3_I1_O)        0.045     2.546 r  virtual_flag_i_1/O
                         net (fo=1, routed)           0.000     2.546    virtual_flag_i_1_n_0
    SLICE_X77Y179        FDRE                                         r  virtual_flag_reg/D
  -------------------------------------------------------------------    -------------------

                         (clock clk rise edge)        0.000     0.000 r  
    AC19                                              0.000     0.000 r  clk (IN)
                         net (fo=0)                   0.000     0.000    clk
    AC19                 IBUF (Prop_ibuf_I_O)         0.441     0.441 r  clk_IBUF_inst/O
                         net (fo=1, routed)           1.160     1.601    clk_IBUF
    BUFGCTRL_X0Y0        BUFG (Prop_bufg_I_O)         0.029     1.630 r  clk_IBUF_BUFG_inst/O
                         net (fo=2166, routed)        0.831     2.460    clk_IBUF_BUFG
    SLICE_X77Y179        FDRE                                         r  virtual_flag_reg/C





--------------------------------------------------------------------------------------
Path Group:  (none)
From Clock:  
  To Clock:  clk_pll_i

Max Delay            34 Endpoints
Min Delay            34 Endpoints
--------------------------------------------------------------------------------------


Max Delay Paths
--------------------------------------------------------------------------------------
Slack:                    inf
  Source:                 ddr3.u_axi_wrap_ddr/mig_axi/u_mig_axi_32_mig/u_ddr3_infrastructure/gen_mmcm.mmcm_i/LOCKED
                            (internal pin)
  Destination:            ddr3.u_axi_wrap_ddr/mig_axi/u_mig_axi_32_mig/u_ddr3_infrastructure/rstdiv0_sync_r1_reg_rep__18/PRE
                            (recovery check against rising-edge clock clk_pll_i  {rise@0.000ns fall@5.000ns period=10.000ns})
  Path Group:             (none)
  Path Type:              Recovery (Max at Slow Process Corner)
  Data Path Delay:        4.356ns  (logic 0.105ns (2.411%)  route 4.251ns (97.589%))
  Logic Levels:           1  (LUT4=1)
  Clock Uncertainty:      0.168ns  ((TSJ^2 + DJ^2)^1/2) / 2 + PE
    Total System Jitter     (TSJ):    0.050ns
    Discrete Jitter          (DJ):    0.096ns
    Phase Error              (PE):    0.114ns

    Location             Delay type                Incr(ns)  Path(ns)    Netlist Resource(s)
  -------------------------------------------------------------------    -------------------
    MMCME2_ADV_X0Y4      MMCME2_ADV                   0.000     0.000 r  ddr3.u_axi_wrap_ddr/mig_axi/u_mig_axi_32_mig/u_ddr3_infrastructure/gen_mmcm.mmcm_i/LOCKED
                         net (fo=3, routed)           1.724     1.724    ddr3.u_axi_wrap_ddr/mig_axi/u_mig_axi_32_mig/u_iodelay_ctrl/mmcm_locked
    SLICE_X0Y228         LUT4 (Prop_lut4_I0_O)        0.105     1.829 f  ddr3.u_axi_wrap_ddr/mig_axi/u_mig_axi_32_mig/u_iodelay_ctrl/rstdiv2_sync_r[11]_i_1/O
                         net (fo=33, routed)          2.527     4.356    ddr3.u_axi_wrap_ddr/mig_axi/u_mig_axi_32_mig/u_ddr3_infrastructure/rst_tmp
    SLICE_X22Y236        FDPE                                         f  ddr3.u_axi_wrap_ddr/mig_axi/u_mig_axi_32_mig/u_ddr3_infrastructure/rstdiv0_sync_r1_reg_rep__18/PRE
  -------------------------------------------------------------------    -------------------

                         (clock clk_pll_i rise edge)
                                                      0.000     0.000 r  
    AC19                                              0.000     0.000 r  clk (IN)
                         net (fo=0)                   0.000     0.000    clk
    AC19                 IBUF (Prop_ibuf_I_O)         1.350     1.350 r  clk_IBUF_inst/O
                         net (fo=1, routed)           2.471     3.821    clk_IBUF
    BUFGCTRL_X0Y0        BUFG (Prop_bufg_I_O)         0.077     3.898 r  clk_IBUF_BUFG_inst/O
                         net (fo=2166, routed)        1.586     5.484    ddr3.u_axi_wrap_ddr/mig_axi/u_mig_axi_32_mig/u_ddr3_infrastructure/mmcm_clk
    PLLE2_ADV_X0Y4       PLLE2_ADV (Prop_plle2_adv_CLKIN1_CLKOUT3)
                                                      0.073     5.557 r  ddr3.u_axi_wrap_ddr/mig_axi/u_mig_axi_32_mig/u_ddr3_infrastructure/plle2_i/CLKOUT3
                         net (fo=1, routed)           1.281     6.838    ddr3.u_axi_wrap_ddr/mig_axi/u_mig_axi_32_mig/u_ddr3_infrastructure/pll_clk3_out
    BUFHCE_X0Y48         BUFH (Prop_bufh_I_O)         0.069     6.907 r  ddr3.u_axi_wrap_ddr/mig_axi/u_mig_axi_32_mig/u_ddr3_infrastructure/u_bufh_pll_clk3/O
                         net (fo=1, routed)           0.805     7.712    ddr3.u_axi_wrap_ddr/mig_axi/u_mig_axi_32_mig/u_ddr3_infrastructure/pll_clk3
    MMCME2_ADV_X0Y4      MMCME2_ADV (Prop_mmcme2_adv_CLKIN1_CLKFBOUT)
                                                     -3.606     4.105 r  ddr3.u_axi_wrap_ddr/mig_axi/u_mig_axi_32_mig/u_ddr3_infrastructure/gen_mmcm.mmcm_i/CLKFBOUT
                         net (fo=1, routed)           1.964     6.070    ddr3.u_axi_wrap_ddr/mig_axi/u_mig_axi_32_mig/u_ddr3_infrastructure/clk_pll_i
    BUFGCTRL_X0Y16       BUFG (Prop_bufg_I_O)         0.077     6.147 r  ddr3.u_axi_wrap_ddr/mig_axi/u_mig_axi_32_mig/u_ddr3_infrastructure/u_bufg_clkdiv0/O
                         net (fo=7005, routed)        1.534     7.681    ddr3.u_axi_wrap_ddr/mig_axi/u_mig_axi_32_mig/u_ddr3_infrastructure/CLK
    SLICE_X22Y236        FDPE                                         r  ddr3.u_axi_wrap_ddr/mig_axi/u_mig_axi_32_mig/u_ddr3_infrastructure/rstdiv0_sync_r1_reg_rep__18/C





Min Delay Paths
--------------------------------------------------------------------------------------
Slack:                    inf
  Source:                 ddr3.u_axi_wrap_ddr/mig_axi/u_mig_axi_32_mig/u_memc_ui_top_axi/mem_intfc0/ddr_phy_top0/u_ddr_mc_phy_wrapper/u_ddr_mc_phy/ddr_phy_4lanes_0.u_ddr_phy_4lanes/ddr_byte_lane_B.ddr_byte_lane_B/phaser_in_gen.phaser_in/PHASELOCKED
                            (internal pin)
  Destination:            ddr3.u_axi_wrap_ddr/mig_axi/u_mig_axi_32_mig/u_memc_ui_top_axi/mem_intfc0/ddr_phy_top0/u_ddr_calib_top/u_ddr_phy_init/pi_phase_locked_all_r1_reg/D
                            (rising edge-triggered cell FDRE clocked by clk_pll_i  {rise@0.000ns fall@5.000ns period=10.000ns})
  Path Group:             (none)
  Path Type:              Hold (Min at Fast Process Corner)
  Data Path Delay:        0.737ns  (logic 0.045ns (6.106%)  route 0.692ns (93.894%))
  Logic Levels:           1  (LUT2=1)
  Clock Uncertainty:      0.168ns  ((TSJ^2 + DJ^2)^1/2) / 2 + PE
    Total System Jitter     (TSJ):    0.050ns
    Discrete Jitter          (DJ):    0.096ns
    Phase Error              (PE):    0.114ns

    Location             Delay type                Incr(ns)  Path(ns)    Netlist Resource(s)
  -------------------------------------------------------------------    -------------------
    PHASER_IN_PHY_X0Y17  PHASER_IN_PHY                0.000     0.000 r  ddr3.u_axi_wrap_ddr/mig_axi/u_mig_axi_32_mig/u_memc_ui_top_axi/mem_intfc0/ddr_phy_top0/u_ddr_mc_phy_wrapper/u_ddr_mc_phy/ddr_phy_4lanes_0.u_ddr_phy_4lanes/ddr_byte_lane_B.ddr_byte_lane_B/phaser_in_gen.phaser_in/PHASELOCKED
                         net (fo=1, routed)           0.230     0.230    ddr3.u_axi_wrap_ddr/mig_axi/u_mig_axi_32_mig/u_memc_ui_top_axi/mem_intfc0/ddr_phy_top0/u_ddr_mc_phy_wrapper/u_ddr_mc_phy/ddr_phy_4lanes_0.u_ddr_phy_4lanes/ddr_byte_lane_A.ddr_byte_lane_A/pi_phase_locked_all_r1_reg
    SLICE_X1Y222         LUT2 (Prop_lut2_I1_O)        0.045     0.275 r  ddr3.u_axi_wrap_ddr/mig_axi/u_mig_axi_32_mig/u_memc_ui_top_axi/mem_intfc0/ddr_phy_top0/u_ddr_mc_phy_wrapper/u_ddr_mc_phy/ddr_phy_4lanes_0.u_ddr_phy_4lanes/ddr_byte_lane_A.ddr_byte_lane_A/pi_phase_locked_all_inferred_i_1/O
                         net (fo=1, routed)           0.462     0.737    ddr3.u_axi_wrap_ddr/mig_axi/u_mig_axi_32_mig/u_memc_ui_top_axi/mem_intfc0/ddr_phy_top0/u_ddr_calib_top/u_ddr_phy_init/in0
    SLICE_X13Y226        FDRE                                         r  ddr3.u_axi_wrap_ddr/mig_axi/u_mig_axi_32_mig/u_memc_ui_top_axi/mem_intfc0/ddr_phy_top0/u_ddr_calib_top/u_ddr_phy_init/pi_phase_locked_all_r1_reg/D
  -------------------------------------------------------------------    -------------------

                         (clock clk_pll_i rise edge)
                                                      0.000     0.000 r  
    AC19                                              0.000     0.000 r  clk (IN)
                         net (fo=0)                   0.000     0.000    clk
    AC19                 IBUF (Prop_ibuf_I_O)         0.441     0.441 r  clk_IBUF_inst/O
                         net (fo=1, routed)           1.160     1.601    clk_IBUF
    BUFGCTRL_X0Y0        BUFG (Prop_bufg_I_O)         0.029     1.630 r  clk_IBUF_BUFG_inst/O
                         net (fo=2166, routed)        0.976     2.606    ddr3.u_axi_wrap_ddr/mig_axi/u_mig_axi_32_mig/u_ddr3_infrastructure/mmcm_clk
    PLLE2_ADV_X0Y4       PLLE2_ADV (Prop_plle2_adv_CLKIN1_CLKOUT3)
                                                      0.053     2.659 r  ddr3.u_axi_wrap_ddr/mig_axi/u_mig_axi_32_mig/u_ddr3_infrastructure/plle2_i/CLKOUT3
                         net (fo=1, routed)           0.577     3.236    ddr3.u_axi_wrap_ddr/mig_axi/u_mig_axi_32_mig/u_ddr3_infrastructure/pll_clk3_out
    BUFHCE_X0Y48         BUFH (Prop_bufh_I_O)         0.043     3.279 r  ddr3.u_axi_wrap_ddr/mig_axi/u_mig_axi_32_mig/u_ddr3_infrastructure/u_bufh_pll_clk3/O
                         net (fo=1, routed)           0.553     3.832    ddr3.u_axi_wrap_ddr/mig_axi/u_mig_axi_32_mig/u_ddr3_infrastructure/pll_clk3
    MMCME2_ADV_X0Y4      MMCME2_ADV (Prop_mmcme2_adv_CLKIN1_CLKFBOUT)
                                                     -1.858     1.974 r  ddr3.u_axi_wrap_ddr/mig_axi/u_mig_axi_32_mig/u_ddr3_infrastructure/gen_mmcm.mmcm_i/CLKFBOUT
                         net (fo=1, routed)           0.860     2.834    ddr3.u_axi_wrap_ddr/mig_axi/u_mig_axi_32_mig/u_ddr3_infrastructure/clk_pll_i
    BUFGCTRL_X0Y16       BUFG (Prop_bufg_I_O)         0.029     2.863 r  ddr3.u_axi_wrap_ddr/mig_axi/u_mig_axi_32_mig/u_ddr3_infrastructure/u_bufg_clkdiv0/O
                         net (fo=7005, routed)        0.972     3.835    ddr3.u_axi_wrap_ddr/mig_axi/u_mig_axi_32_mig/u_memc_ui_top_axi/mem_intfc0/ddr_phy_top0/u_ddr_calib_top/u_ddr_phy_init/CLK
    SLICE_X13Y226        FDRE                                         r  ddr3.u_axi_wrap_ddr/mig_axi/u_mig_axi_32_mig/u_memc_ui_top_axi/mem_intfc0/ddr_phy_top0/u_ddr_calib_top/u_ddr_phy_init/pi_phase_locked_all_r1_reg/C





--------------------------------------------------------------------------------------
Path Group:  (none)
From Clock:  
  To Clock:  dbg_hub/inst/BSCANID.u_xsdbm_id/SWITCH_N_EXT_BSCAN.bscan_inst/SERIES7_BSCAN.bscan_inst/TCK

Max Delay           257 Endpoints
Min Delay           257 Endpoints
--------------------------------------------------------------------------------------


Max Delay Paths
--------------------------------------------------------------------------------------
Slack:                    inf
  Source:                 dbg_hub/inst/BSCANID.u_xsdbm_id/SWITCH_N_EXT_BSCAN.bscan_inst/SERIES7_BSCAN.bscan_inst/SHIFT
                            (internal pin)
  Destination:            dbg_hub/inst/BSCANID.u_xsdbm_id/CORE_XSDB.U_ICON/U_STAT/iSTAT_CNT_reg[0]/R
                            (rising edge-triggered cell FDRE clocked by dbg_hub/inst/BSCANID.u_xsdbm_id/SWITCH_N_EXT_BSCAN.bscan_inst/SERIES7_BSCAN.bscan_inst/TCK  {rise@0.000ns fall@16.500ns period=33.000ns})
  Path Group:             (none)
  Path Type:              Setup (Max at Slow Process Corner)
  Data Path Delay:        5.560ns  (logic 0.315ns (5.665%)  route 5.245ns (94.335%))
  Logic Levels:           3  (LUT4=1 LUT5=2)
  Clock Uncertainty:      0.025ns  ((TSJ^2 + TIJ^2)^1/2 + DJ) / 2 + PE
    Total System Jitter     (TSJ):    0.050ns
    Total Input Jitter      (TIJ):    0.000ns
    Discrete Jitter          (DJ):    0.000ns
    Phase Error              (PE):    0.000ns

    Location             Delay type                Incr(ns)  Path(ns)    Netlist Resource(s)
  -------------------------------------------------------------------    -------------------
    BSCAN_X0Y0           BSCANE2                      0.000     0.000 f  dbg_hub/inst/BSCANID.u_xsdbm_id/SWITCH_N_EXT_BSCAN.bscan_inst/SERIES7_BSCAN.bscan_inst/SHIFT
                         net (fo=37, routed)          2.342     2.342    dbg_hub/inst/BSCANID.u_xsdbm_id/SWITCH_N_EXT_BSCAN.bscan_switch/s_bscan_shift
    SLICE_X15Y177        LUT5 (Prop_lut5_I4_O)        0.105     2.447 f  dbg_hub/inst/BSCANID.u_xsdbm_id/SWITCH_N_EXT_BSCAN.bscan_switch/m_bscan_shift[0]_INST_0/O
                         net (fo=4, routed)           1.867     4.314    dbg_hub/inst/BSCANID.u_xsdbm_id/CORE_XSDB.U_ICON/U_CMD/icn_cmd_en_reg[7]
    SLICE_X55Y196        LUT4 (Prop_lut4_I1_O)        0.105     4.419 f  dbg_hub/inst/BSCANID.u_xsdbm_id/CORE_XSDB.U_ICON/U_CMD/iSTAT_CNT[5]_i_4/O
                         net (fo=1, routed)           0.343     4.761    dbg_hub/inst/BSCANID.u_xsdbm_id/CORE_XSDB.U_ICON/U_CMD/iSTAT_CNT[5]_i_4_n_0
    SLICE_X55Y196        LUT5 (Prop_lut5_I4_O)        0.105     4.866 r  dbg_hub/inst/BSCANID.u_xsdbm_id/CORE_XSDB.U_ICON/U_CMD/iSTAT_CNT[5]_i_1/O
                         net (fo=6, routed)           0.694     5.560    dbg_hub/inst/BSCANID.u_xsdbm_id/CORE_XSDB.U_ICON/U_STAT/SR[0]
    SLICE_X63Y194        FDRE                                         r  dbg_hub/inst/BSCANID.u_xsdbm_id/CORE_XSDB.U_ICON/U_STAT/iSTAT_CNT_reg[0]/R
  -------------------------------------------------------------------    -------------------

                         (clock dbg_hub/inst/BSCANID.u_xsdbm_id/SWITCH_N_EXT_BSCAN.bscan_inst/SERIES7_BSCAN.bscan_inst/TCK rise edge)
                                                      0.000     0.000 r  
    BSCAN_X0Y0           BSCANE2                      0.000     0.000 r  dbg_hub/inst/BSCANID.u_xsdbm_id/SWITCH_N_EXT_BSCAN.bscan_inst/SERIES7_BSCAN.bscan_inst/TCK
                         net (fo=1, routed)           2.331     2.331    dbg_hub/inst/BSCANID.u_xsdbm_id/tck_bs
    BUFGCTRL_X0Y4        BUFG (Prop_bufg_I_O)         0.077     2.408 r  dbg_hub/inst/BSCANID.u_xsdbm_id/SWITCH_N_EXT_BSCAN.u_bufg_icon_tck/O
                         net (fo=486, routed)         1.282     3.690    dbg_hub/inst/BSCANID.u_xsdbm_id/CORE_XSDB.U_ICON/U_STAT/m_bscan_tck[0]
    SLICE_X63Y194        FDRE                                         r  dbg_hub/inst/BSCANID.u_xsdbm_id/CORE_XSDB.U_ICON/U_STAT/iSTAT_CNT_reg[0]/C





Min Delay Paths
--------------------------------------------------------------------------------------
Slack:                    inf
  Source:                 dbg_hub/inst/BSCANID.u_xsdbm_id/SWITCH_N_EXT_BSCAN.bscan_inst/SERIES7_BSCAN.bscan_inst/RESET
                            (internal pin)
  Destination:            dbg_hub/inst/BSCANID.u_xsdbm_id/SWITCH_N_EXT_BSCAN.bscan_switch/portno_temp_reg[1]/R
                            (rising edge-triggered cell FDRE clocked by dbg_hub/inst/BSCANID.u_xsdbm_id/SWITCH_N_EXT_BSCAN.bscan_inst/SERIES7_BSCAN.bscan_inst/TCK  {rise@0.000ns fall@16.500ns period=33.000ns})
  Path Group:             (none)
  Path Type:              Hold (Min at Fast Process Corner)
  Data Path Delay:        1.061ns  (logic 0.000ns (0.000%)  route 1.061ns (100.000%))
  Logic Levels:           0  
  Clock Uncertainty:      0.025ns  ((TSJ^2 + TIJ^2)^1/2 + DJ) / 2 + PE
    Total System Jitter     (TSJ):    0.050ns
    Total Input Jitter      (TIJ):    0.000ns
    Discrete Jitter          (DJ):    0.000ns
    Phase Error              (PE):    0.000ns

    Location             Delay type                Incr(ns)  Path(ns)    Netlist Resource(s)
  -------------------------------------------------------------------    -------------------
    BSCAN_X0Y0           BSCANE2                      0.000     0.000 r  dbg_hub/inst/BSCANID.u_xsdbm_id/SWITCH_N_EXT_BSCAN.bscan_inst/SERIES7_BSCAN.bscan_inst/RESET
                         net (fo=79, routed)          1.061     1.061    dbg_hub/inst/BSCANID.u_xsdbm_id/SWITCH_N_EXT_BSCAN.bscan_switch/s_bscan_reset
    SLICE_X10Y172        FDRE                                         r  dbg_hub/inst/BSCANID.u_xsdbm_id/SWITCH_N_EXT_BSCAN.bscan_switch/portno_temp_reg[1]/R
  -------------------------------------------------------------------    -------------------

                         (clock dbg_hub/inst/BSCANID.u_xsdbm_id/SWITCH_N_EXT_BSCAN.bscan_inst/SERIES7_BSCAN.bscan_inst/TCK rise edge)
                                                      0.000     0.000 r  
    BSCAN_X0Y0           BSCANE2                      0.000     0.000 r  dbg_hub/inst/BSCANID.u_xsdbm_id/SWITCH_N_EXT_BSCAN.bscan_inst/SERIES7_BSCAN.bscan_inst/TCK
                         net (fo=1, routed)           1.632     1.632    dbg_hub/inst/BSCANID.u_xsdbm_id/tck_bs
    BUFGCTRL_X0Y4        BUFG (Prop_bufg_I_O)         0.029     1.661 r  dbg_hub/inst/BSCANID.u_xsdbm_id/SWITCH_N_EXT_BSCAN.u_bufg_icon_tck/O
                         net (fo=486, routed)         0.883     2.544    dbg_hub/inst/BSCANID.u_xsdbm_id/SWITCH_N_EXT_BSCAN.bscan_switch/s_bscan_tck
    SLICE_X10Y172        FDRE                                         r  dbg_hub/inst/BSCANID.u_xsdbm_id/SWITCH_N_EXT_BSCAN.bscan_switch/portno_temp_reg[1]/C





--------------------------------------------------------------------------------------
Path Group:  (none)
From Clock:  
  To Clock:  sys_clk

Max Delay            62 Endpoints
Min Delay            62 Endpoints
--------------------------------------------------------------------------------------


Max Delay Paths
--------------------------------------------------------------------------------------
Slack:                    inf
  Source:                 btn_key_row[1]
                            (input port)
  Destination:            u_confreg/btn_key_r_reg[14]/D
                            (rising edge-triggered cell FDRE clocked by sys_clk  {rise@0.000ns fall@5.000ns period=10.000ns})
  Path Group:             (none)
  Path Type:              Setup (Max at Slow Process Corner)
  Data Path Delay:        10.740ns  (logic 2.096ns (19.517%)  route 8.643ns (80.483%))
  Logic Levels:           6  (IBUF=1 LUT4=2 LUT5=1 LUT6=2)
  Clock Path Skew:        5.174ns (DCD - SCD + CPR)
    Destination Clock Delay (DCD):    5.174ns
    Source Clock Delay      (SCD):    0.000ns
    Clock Pessimism Removal (CPR):    0.000ns
  Clock Uncertainty:      0.129ns  ((TSJ^2 + DJ^2)^1/2) / 2 + PE
    Total System Jitter     (TSJ):    0.050ns
    Discrete Jitter          (DJ):    0.089ns
    Phase Error              (PE):    0.078ns

    Location             Delay type                Incr(ns)  Path(ns)    Netlist Resource(s)
  -------------------------------------------------------------------    -------------------
    W8                                                0.000     0.000 f  btn_key_row[1] (IN)
                         net (fo=0)                   0.000     0.000    btn_key_row[1]
    W8                   IBUF (Prop_ibuf_I_O)         1.395     1.395 f  btn_key_row_IBUF[1]_inst/O
                         net (fo=31, routed)          6.052     7.447    u_confreg/btn_key_row[1]
    SLICE_X57Y174        LUT4 (Prop_lut4_I3_O)        0.118     7.565 f  u_confreg/FSM_onehot_state[1]_i_3/O
                         net (fo=10, routed)          0.693     8.258    u_confreg/key_start1
    SLICE_X55Y173        LUT6 (Prop_lut6_I4_O)        0.268     8.526 r  u_confreg/btn_key_r[14]_i_6/O
                         net (fo=2, routed)           0.677     9.203    u_confreg/btn_key_r[14]_i_6_n_0
    SLICE_X53Y173        LUT6 (Prop_lut6_I5_O)        0.105     9.308 r  u_confreg/btn_key_r[13]_i_2/O
                         net (fo=20, routed)          1.002    10.310    u_confreg/btn_key_r0
    SLICE_X48Y172        LUT4 (Prop_lut4_I2_O)        0.105    10.415 r  u_confreg/btn_key_r[14]_i_4/O
                         net (fo=1, routed)           0.220    10.635    u_confreg/btn_key_r[14]_i_4_n_0
    SLICE_X48Y172        LUT5 (Prop_lut5_I4_O)        0.105    10.740 r  u_confreg/btn_key_r[14]_i_1/O
                         net (fo=1, routed)           0.000    10.740    u_confreg/btn_key_r[14]_i_1_n_0
    SLICE_X48Y172        FDRE                                         r  u_confreg/btn_key_r_reg[14]/D
  -------------------------------------------------------------------    -------------------

                         (clock sys_clk rise edge)    0.000     0.000 r  
    AC19                                              0.000     0.000 r  clk (IN)
                         net (fo=0)                   0.000     0.000    clk
    AC19                 IBUF (Prop_ibuf_I_O)         1.350     1.350 r  clk_IBUF_inst/O
                         net (fo=1, routed)           2.471     3.821    clk_IBUF
    BUFGCTRL_X0Y0        BUFG (Prop_bufg_I_O)         0.077     3.898 r  clk_IBUF_BUFG_inst/O
                         net (fo=2166, routed)        1.434     5.331    fpga_pll.u_clk_pll/inst/clk_in1
    PLLE2_ADV_X0Y2       PLLE2_ADV (Prop_plle2_adv_CLKIN1_CLKOUT1)
                                                     -2.995     2.336 r  fpga_pll.u_clk_pll/inst/plle2_adv_inst/CLKOUT1
                         net (fo=1, routed)           1.484     3.821    fpga_pll.u_clk_pll/inst/sys_clk_clk_pll
    BUFGCTRL_X0Y3        BUFG (Prop_bufg_I_O)         0.077     3.898 r  fpga_pll.u_clk_pll/inst/clkout2_buf/O
                         net (fo=3603, routed)        1.276     5.174    u_confreg/aclk
    SLICE_X48Y172        FDRE                                         r  u_confreg/btn_key_r_reg[14]/C





Min Delay Paths
--------------------------------------------------------------------------------------
Slack:                    inf
  Source:                 UART_TX
                            (input port)
  Destination:            APB_DEV/uart0/regs/i_uart_sync_flops/flop_0_reg[0]/D
                            (rising edge-triggered cell FDSE clocked by sys_clk  {rise@0.000ns fall@5.000ns period=10.000ns})
  Path Group:             (none)
  Path Type:              Hold (Min at Fast Process Corner)
  Data Path Delay:        0.733ns  (logic 0.270ns (36.768%)  route 0.464ns (63.232%))
  Logic Levels:           2  (IBUF=1 LUT4=1)
  Clock Path Skew:        2.551ns (DCD - SCD - CPR)
    Destination Clock Delay (DCD):    2.551ns
    Source Clock Delay      (SCD):    0.000ns
    Clock Pessimism Removal (CPR):    -0.000ns

    Location             Delay type                Incr(ns)  Path(ns)    Netlist Resource(s)
  -------------------------------------------------------------------    -------------------
    H19                                               0.000     0.000 r  UART_TX (INOUT)
                         net (fo=1, unset)            0.000     0.000    UART_TX_IOBUF_inst/IO
    H19                  IBUF (Prop_ibuf_I_O)         0.225     0.225 r  UART_TX_IOBUF_inst/IBUF/O
                         net (fo=5, routed)           0.464     0.688    APB_DEV/uart0/regs/i_uart_sync_flops/UART_TX_IBUF
    SLICE_X0Y186         LUT4 (Prop_lut4_I2_O)        0.045     0.733 r  APB_DEV/uart0/regs/i_uart_sync_flops/flop_0[0]_i_1/O
                         net (fo=1, routed)           0.000     0.733    APB_DEV/uart0/regs/i_uart_sync_flops/rcv_pad_i
    SLICE_X0Y186         FDSE                                         r  APB_DEV/uart0/regs/i_uart_sync_flops/flop_0_reg[0]/D
  -------------------------------------------------------------------    -------------------

                         (clock sys_clk rise edge)    0.000     0.000 r  
    AC19                                              0.000     0.000 r  clk (IN)
                         net (fo=0)                   0.000     0.000    clk
    AC19                 IBUF (Prop_ibuf_I_O)         0.441     0.441 r  clk_IBUF_inst/O
                         net (fo=1, routed)           1.160     1.601    clk_IBUF
    BUFGCTRL_X0Y0        BUFG (Prop_bufg_I_O)         0.029     1.630 r  clk_IBUF_BUFG_inst/O
                         net (fo=2166, routed)        0.884     2.513    fpga_pll.u_clk_pll/inst/clk_in1
    PLLE2_ADV_X0Y2       PLLE2_ADV (Prop_plle2_adv_CLKIN1_CLKOUT1)
                                                     -1.523     0.990 r  fpga_pll.u_clk_pll/inst/plle2_adv_inst/CLKOUT1
                         net (fo=1, routed)           0.611     1.601    fpga_pll.u_clk_pll/inst/sys_clk_clk_pll
    BUFGCTRL_X0Y3        BUFG (Prop_bufg_I_O)         0.029     1.630 r  fpga_pll.u_clk_pll/inst/clkout2_buf/O
                         net (fo=3603, routed)        0.921     2.551    APB_DEV/uart0/regs/i_uart_sync_flops/sys_clk
    SLICE_X0Y186         FDSE                                         r  APB_DEV/uart0/regs/i_uart_sync_flops/flop_0_reg[0]/C





